Platform,Year_of_Release,Genre,Publisher,Global_Sales,Critic_Score,Critic_Count,User_Score,User_Count,Developer,Rating,Decade,Franchise,Critic_Count_Log,User_Count_Log
Wii,2006,Sports,Nintendo,82.53,76.0,51,8.0,322,Nintendo,E,2000s,Wii Sports,3.9512437185814275,5.777652323222656
Wii,2008,Racing,Nintendo,35.52,82.0,73,8.3,709,Nintendo,E,2000s,Mario,4.304065093204169,6.565264970035361
Wii,2009,Sports,Nintendo,32.77,80.0,73,8.0,192,Nintendo,E,2000s,Wii Sports,4.304065093204169,5.262690188904886
DS,2006,Platform,Nintendo,29.8,89.0,65,8.5,431,Nintendo,E,2000s,Mario,4.189654742026425,6.068425588244111
Wii,2006,Misc,Nintendo,28.92,58.0,41,6.6,129,Nintendo,E,2000s,Other,3.7376696182833684,4.867534450455582
Wii,2009,Platform,Nintendo,28.32,87.0,80,8.4,594,Nintendo,E,2000s,Mario,4.394449154672439,6.38856140554563
DS,2005,Racing,Nintendo,23.21,91.0,64,8.6,464,Nintendo,E,2000s,Mario,4.174387269895637,6.142037405587356
Wii,2007,Sports,Nintendo,22.7,80.0,63,7.7,146,Nintendo,E,2000s,Other,4.1588830833596715,4.990432586778736
X360,2010,Misc,Microsoft Game Studios,21.81,61.0,45,6.3,106,Good Science Studio,E,2010s,Other,3.828641396489095,4.672828834461906
Wii,2009,Sports,Nintendo,21.79,80.0,33,7.4,52,Nintendo,E,2000s,Other,3.5263605246161616,3.970291913552122
PS3,2013,Action,Take-Two Interactive,21.04,97.0,50,8.2,3994,Rockstar North,M,2010s,Grand Theft Auto,3.9318256327243257,8.292798858200374
PS2,2004,Action,Take-Two Interactive,20.81,95.0,80,9.0,1588,Rockstar North,M,2000s,Grand Theft Auto,4.394449154672439,7.370860166536716
DS,2005,Misc,Nintendo,20.15,77.0,58,7.9,50,Nintendo,E,2000s,Other,4.07753744390572,3.9318256327243257
X360,2013,Action,Take-Two Interactive,16.27,97.0,58,8.1,3711,Rockstar North,M,2010s,Grand Theft Auto,4.07753744390572,8.21932609390609
PS2,2002,Action,Take-Two Interactive,16.15,95.0,62,8.7,730,Rockstar North,M,2000s,Grand Theft Auto,4.143134726391533,6.594413459749778
DS,2005,Puzzle,Nintendo,15.29,77.0,37,7.1,19,Nintendo,E,2000s,Other,3.6375861597263857,2.995732273553991
PS2,2001,Racing,Sony Computer Entertainment,14.98,95.0,54,8.4,314,Polyphony Digital,E,2000s,Other,4.007333185232471,5.752572638825633
X360,2011,Shooter,Activision,14.73,88.0,81,3.4,8713,"Infinity Ward, Sledgehammer Games",M,2010s,Call of Duty,4.406719247264253,9.072686206677387
X360,2010,Shooter,Activision,14.61,87.0,89,6.3,1454,Treyarch,M,2010s,Call of Duty,4.499809670330265,7.282761179605593
PS3,2012,Shooter,Activision,13.79,83.0,21,5.3,922,Treyarch,M,2010s,Call of Duty,3.091042453358316,6.827629234502852
X360,2012,Shooter,Activision,13.67,83.0,73,4.8,2256,Treyarch,M,2010s,Call of Duty,4.304065093204169,7.721791776817535
X360,2009,Shooter,Activision,13.47,94.0,100,6.3,2698,Infinity Ward,M,2000s,Call of Duty,4.61512051684126,7.900636613018005
PS3,2011,Shooter,Activision,13.32,88.0,39,3.2,5234,"Infinity Ward, Sledgehammer Games",M,2010s,Call of Duty,3.6888794541139363,8.563122123304638
PS2,2001,Action,Take-Two Interactive,13.1,97.0,56,8.5,664,DMA Design,M,2000s,Grand Theft Auto,4.04305126783455,6.499787040655854
Wii,2008,Fighting,Nintendo,12.84,93.0,81,8.9,1662,Game Arts,T,2000s,Other,4.406719247264253,7.416378479192928
3DS,2011,Racing,Nintendo,12.66,85.0,73,8.2,632,"Retro Studios, Entertainment Analysis & Development Division",E,2010s,Mario,4.304065093204169,6.450470422144176
PS3,2010,Shooter,Activision,12.63,88.0,58,6.4,1094,Treyarch,M,2010s,Call of Duty,4.07753744390572,6.9985096422506015
PS4,2014,Action,Take-Two Interactive,12.61,97.0,66,8.3,2899,Rockstar North,M,2010s,Grand Theft Auto,4.204692619390966,7.9724660159745655
DS,2005,Simulation,Nintendo,12.13,86.0,57,8.7,242,Nintendo,E,2000s,Other,4.060443010546419,5.493061443340548
X360,2007,Shooter,Microsoft Game Studios,12.12,94.0,86,7.8,4100,"Bungie Software, Bungie",M,2000s,Other,4.465908118654584,8.31898612539206
PS2,2004,Racing,Sony Computer Entertainment,11.66,89.0,74,8.5,272,Polyphony Digital,E,2000s,Other,4.31748811353631,5.60947179518496
Wii,2007,Platform,Nintendo,11.35,97.0,73,8.9,2147,Nintendo,E,2000s,Mario,4.304065093204169,7.672292455628756
X360,2008,Action,Take-Two Interactive,11.01,98.0,86,7.9,2951,Rockstar North,M,2000s,Grand Theft Auto,4.465908118654584,7.990238185720363
PS,1997,Racing,Sony Computer Entertainment,10.95,96.0,16,8.7,138,Polyphony Digital,E,1990s,Other,2.833213344056216,4.9344739331306915
3DS,2011,Platform,Nintendo,10.81,90.0,82,8.4,921,Nintendo,E,2010s,Mario,4.418840607796598,6.826545223556594
PS3,2010,Racing,Sony Computer Entertainment,10.7,84.0,82,7.5,1112,Polyphony Digital,E,2010s,Other,4.418840607796598,7.014814351275545
PS3,2009,Shooter,Activision,10.6,94.0,67,6.3,2073,Infinity Ward,M,2000s,Call of Duty,4.219507705176107,7.637234388789473
PS3,2008,Action,Take-Two Interactive,10.5,98.0,64,7.5,2833,Rockstar North,M,2000s,Grand Theft Auto,4.174387269895637,7.949444420250626
X360,2013,Shooter,Activision,10.25,73.0,29,2.6,2117,Infinity Ward,M,2010s,Call of Duty,3.4011973816621555,7.658227526161352
Wii,2011,Misc,Ubisoft,10.12,74.0,15,7.8,16,Ubisoft,E10+,2010s,Other,2.772588722239781,2.833213344056216
3DS,2012,Platform,Nintendo,9.9,78.0,70,7.2,424,Nintendo,E,2010s,Mario,4.2626798770413155,6.052089168924417
X360,2010,Shooter,Microsoft Game Studios,9.86,91.0,99,7.9,2045,Bungie,M,2010s,Other,4.605170185988092,7.6236419465115715
PS,1997,Role-Playing,Sony Computer Entertainment,9.72,92.0,20,9.2,1282,SquareSoft,T,1990s,Final Fantasy,3.044522437723423,7.1569563646156364
X360,2012,Shooter,Microsoft Game Studios,9.71,87.0,87,7.0,3260,343 Industries,M,2010s,Other,4.477336814478207,8.089789175789319
PS,1999,Racing,Sony Computer Entertainment,9.49,93.0,23,9.0,135,Polyphony Digital,T,1990s,Other,3.1780538303479458,4.912654885736052
Wii,2010,Misc,Ubisoft,9.44,74.0,24,7.3,24,Ubisoft,E10+,2010s,Other,3.2188758248682006,3.2188758248682006
PS3,2013,Shooter,Activision,9.36,71.0,10,2.6,1047,Infinity Ward,M,2010s,Call of Duty,2.3978952727983707,6.954638864880987
X360,2007,Shooter,Activision,9.31,94.0,70,8.4,1320,Infinity Ward,M,2000s,Call of Duty,4.2626798770413155,7.186144304522325
3DS,2012,Simulation,Nintendo,9.16,88.0,70,8.7,626,Nintendo,E,2010s,Other,4.2626798770413155,6.440946540632921
DS,2007,Misc,Nintendo,8.91,72.0,27,7.8,85,Hudson Soft,E,2000s,Mario,3.332204510175204,4.454347296253507
X360,2011,Role-Playing,Bethesda Softworks,8.79,96.0,89,8.4,3589,Bethesda Game Studios,M,2010s,Other,4.499809670330265,8.185907481482324
PS4,2015,Sports,Electronic Arts,8.57,82.0,42,4.3,896,EA Sports,E,2010s,FIFA,3.7612001156935624,6.799055862058796
XB,2004,Shooter,Microsoft Game Studios,8.49,95.0,91,8.2,1218,Bungie Software,M,2000s,Other,4.5217885770490405,7.105786129481271
Wii,2010,Misc,Nintendo,8.38,68.0,42,7.4,54,Nd Cube,E,2010s,Other,3.7612001156935624,4.007333185232471
Wii,2007,Misc,Nintendo,8.27,62.0,41,6.3,190,Hudson,E,2000s,Mario,3.7376696182833684,5.25227342804663
PS3,2012,Action,Electronic Arts,8.16,88.0,37,6.6,348,Electronic Arts,E,2010s,FIFA,3.6375861597263857,5.855071922202427
PS2,2001,Role-Playing,Sony Computer Entertainment,8.05,92.0,53,8.7,1056,SquareSoft,T,2000s,Final Fantasy,3.9889840465642745,6.963189985870238
PC,2009,Simulation,Electronic Arts,8.01,86.0,75,7.6,886,The Sims Studio,T,2000s,Other,4.330733340286331,6.787844982309579
PS,1999,Role-Playing,SquareSoft,7.86,90.0,24,8.6,644,SquareSoft,T,1990s,Final Fantasy,3.2188758248682006,6.4692503167957724
DS,2008,Role-Playing,Nintendo,7.72,83.0,46,8.5,203,Game Freak,E,2000s,Pokémon,3.8501476017100584,5.318119993844216
PSP,2005,Action,Take-Two Interactive,7.69,88.0,65,7.6,451,Rockstar Leeds,M,2000s,Grand Theft Auto,4.189654742026425,6.113682179832232
PS4,2014,Shooter,Activision,7.66,83.0,39,5.7,1443,Sledgehammer Games,M,2010s,Call of Duty,3.6888794541139363,7.275172319452771
PS4,2016,Sports,Electronic Arts,7.59,85.0,41,5.0,398,"EA Sports, EA Vancouver",E,2010s,FIFA,3.7376696182833684,5.988961416889864
Wii,2010,Platform,Nintendo,7.51,97.0,87,9.1,1854,Nintendo EAD Tokyo,E,2010s,Mario,4.477336814478207,7.5256399750415355
X360,2008,Shooter,Activision,7.38,84.0,84,7.6,580,Treyarch,M,2000s,Call of Duty,4.442651256490317,6.364750756851911
X360,2011,Shooter,Electronic Arts,7.32,84.0,57,7.4,2142,EA DICE,M,2010s,Other,4.060443010546419,7.669961995473577
PS2,2003,Racing,Electronic Arts,7.2,85.0,33,8.6,171,EA Black Box,E,2000s,Other,3.5263605246161616,5.147494476813453
Wii,2009,Misc,Ubisoft,7.2,49.0,21,8.0,110,Ubisoft Paris,E10+,2000s,Other,3.091042453358316,4.709530201312334
PS3,2011,Shooter,Electronic Arts,7.17,85.0,38,7.5,1761,EA DICE,M,2010s,Other,3.6635616461296463,7.474204806496124
PS4,2015,Role-Playing,Bethesda Softworks,7.16,87.0,58,6.5,4228,Bethesda Game Studios,M,2010s,Other,4.07753744390572,8.34972083747249
PS,1998,Fighting,Sony Computer Entertainment,7.16,96.0,15,9.1,367,Namco,T,1990s,Other,2.772588722239781,5.908082938168931
Wii,2006,Action,Nintendo,7.15,95.0,73,9.0,1658,Nintendo,T,2000s,Zelda,4.304065093204169,7.413970290190444
PS,1998,Platform,Sony Computer Entertainment,7.13,91.0,12,8.9,432,Naughty Dog,E,1990s,Other,2.5649493574615367,6.07073772800249
WiiU,2014,Racing,Nintendo,7.09,88.0,82,9.1,1599,Nintendo,E,2010s,Mario,4.418840607796598,7.3777589082278725
GC,2001,Fighting,Nintendo,7.07,92.0,38,9.1,568,HAL Labs,T,2000s,Other,3.6635616461296463,6.343880434126331
PS2,2004,Racing,Electronic Arts,6.9,82.0,39,8.6,132,EA Canada,E,2000s,Other,3.6888794541139363,4.890349128221754
PS2,2002,Shooter,Electronic Arts,6.83,88.0,29,8.5,135,EA LA,T,2000s,Other,3.4011973816621555,4.912654885736052
Wii,2012,Misc,Ubisoft,6.76,74.0,10,7.3,28,Ubisoft,E10+,2010s,Other,2.3978952727983707,3.367295829986474
X360,2008,Shooter,Microsoft Game Studios,6.75,93.0,90,7.7,2739,Epic Games,M,2000s,Other,4.51085950651685,7.915713199382116
PS3,2011,Action,Sony Computer Entertainment,6.74,92.0,97,8.3,3712,Naughty Dog,T,2010s,Other,4.584967478670572,8.21959545417708
PS3,2007,Shooter,Activision,6.68,94.0,44,8.4,993,Infinity Ward,M,2000s,Call of Duty,3.8066624897703196,6.901737206656574
PS3,2009,Action,Sony Computer Entertainment,6.66,96.0,105,8.8,5187,Naughty Dog,T,2000s,Other,4.663439094112067,8.554103545436334
DS,2005,Misc,Nintendo,6.62,74.0,45,7.4,27,Nintendo,E,2000s,Other,3.828641396489095,3.332204510175204
PS3,2010,Action,Take-Two Interactive,6.49,95.0,73,8.8,2456,Rockstar San Diego,M,2010s,Other,4.304065093204169,7.806696372521179
PS3,2013,Sports,Electronic Arts,6.47,86.0,37,4.3,576,EA Canada,E,2010s,FIFA,3.6375861597263857,6.3578422665081
PS3,2012,Action,Ubisoft,6.45,85.0,41,6.9,1307,Ubisoft,M,2010s,Other,3.7376696182833684,7.176254532017144
Wii,2010,Platform,Nintendo,6.44,87.0,77,8.6,368,Retro Studios,E,2010s,Other,4.356708826689592,5.910796644040527
XB,2001,Shooter,Microsoft Game Studios,6.43,97.0,68,8.6,1283,Bungie Software,M,2000s,Other,4.23410650459726,7.157735484249907
PS3,2011,Role-Playing,Bethesda Softworks,6.41,92.0,16,6.4,2527,Bethesda Game Studios,M,2010s,Other,2.833213344056216,7.835183755266748
GBA,2004,Role-Playing,Nintendo,6.41,76.0,28,9.0,222,Game Freak,E,2000s,Pokémon,3.367295829986474,5.407171771460119
PS2,2002,Role-Playing,Sony Computer Entertainment,6.4,85.0,46,8.8,597,SquareSoft,E,2000s,Other,3.8501476017100584,6.393590753950631
X360,2009,Shooter,Microsoft Game Studios,6.34,83.0,94,7.1,1163,"Bungie Software, Bungie",M,2000s,Other,4.553876891600541,7.059617628291383
X360,2010,Action,Take-Two Interactive,6.32,95.0,96,9.0,2316,Rockstar San Diego,M,2010s,Other,4.574710978503383,7.748028524432376
GC,2002,Platform,Nintendo,6.31,92.0,61,8.6,439,Nintendo,E,2000s,Mario,4.127134385045092,6.0867747269123065
PC,2004,Role-Playing,Activision,6.29,93.0,57,7.3,2182,Blizzard Entertainment,T,2000s,Other,4.060443010546419,7.688455356549944
PS,1999,Action,GT Interactive,6.27,87.0,22,8.1,78,Reflections Interactive,T,1990s,Other,3.1354942159291497,4.3694478524670215
X360,2011,Shooter,Microsoft Game Studios,6.21,91.0,96,7.8,1504,Epic Games,M,2010s,Other,4.574710978503383,7.316548177182976
X360,2010,Sports,Microsoft Game Studios,6.19,73.0,51,7.4,95,Rare Ltd.,E10+,2010s,Other,3.9512437185814275,4.564348191467836
X360,2006,Shooter,Microsoft Game Studios,6.09,94.0,88,8.3,2295,Epic Games,M,2000s,Other,4.48863636973214,7.738923757439457
PS4,2014,Sports,Electronic Arts,6.08,82.0,47,5.7,988,EA Sports,E,2010s,FIFA,3.8712010109078907,6.8966943316227125
PS2,2001,Action,Konami Digital Entertainment,6.05,96.0,42,8.7,1026,KCEJ,M,2000s,Other,3.7612001156935624,6.934397209928558
PS,1998,Action,Konami Digital Entertainment,6.03,94.0,20,9.4,918,KCEJ,M,1990s,Other,3.044522437723423,6.823286122355687
PS3,2008,Action,Konami Digital Entertainment,5.99,94.0,82,8.7,3558,Kojima Productions,M,2000s,Other,4.418840607796598,8.177234885510194
PS2,2006,Role-Playing,Square Enix,5.95,92.0,64,7.6,972,Square Enix,T,2000s,Final Fantasy,4.174387269895637,6.880384082186005
PS3,2013,Action,Sony Computer Entertainment Europe,5.87,95.0,98,9.1,8003,Naughty Dog,M,2010s,Other,4.59511985013459,8.987696695703624
PS3,2008,Platform,Sony Computer Entertainment,5.82,95.0,85,6.8,5311,"SCE/WWS, Media Molecule",E,2000s,Other,4.454347296253507,8.577723691156269
PS,1998,Action,Virgin Interactive,5.82,89.0,13,9.2,364,Capcom,M,1990s,Other,2.639057329615259,5.8998973535824915
DS,2009,Role-Playing,Nintendo,5.78,87.0,65,8.8,197,Level 5,E10+,2000s,Other,4.189654742026425,5.288267030694535
PS,1996,Fighting,Sony Computer Entertainment,5.74,89.0,8,8.9,102,Namco,T,1990s,Other,2.1972245773362196,4.634728988229636
PS4,2014,Shooter,Activision,5.64,76.0,95,6.1,5380,"Bungie Software, Bungie",T,2010s,Other,4.564348191467836,8.59062950948942
Wii,2007,Action,LucasArts,5.64,80.0,17,8.9,62,Traveller's Tales,E10+,2000s,Other,2.8903717578961645,4.143134726391533
DS,2006,Simulation,505 Games,5.63,67.0,35,7.2,21,Taito Corporation,E,2000s,Other,3.58351893845611,3.091042453358316
PS3,2009,Action,Ubisoft,5.55,91.0,70,8.6,1202,Ubisoft Montreal,M,2000s,Other,4.2626798770413155,7.0925737159746784
X360,2007,Adventure,Ubisoft,5.54,81.0,77,7.7,1074,Ubisoft Montreal,M,2000s,Other,4.356708826689592,6.980075940561763
X360,2009,Racing,Microsoft Game Studios,5.49,92.0,90,8.0,516,Turn 10,E,2000s,Other,4.51085950651685,6.248042874508429
GBA,2001,Platform,Nintendo,5.49,84.0,19,7.8,41,Nintendo,E,2000s,Mario,2.995732273553991,3.7376696182833684
PSP,2008,Role-Playing,Capcom,5.48,81.0,48,8.7,124,Capcom,T,2000s,Other,3.8918202981106265,4.8283137373023015
PS3,2011,Action,Warner Bros. Interactive Entertainment,5.48,96.0,42,8.6,2162,Rocksteady Studios,T,2010s,Other,3.7612001156935624,7.679251425953058
XOne,2014,Action,Take-Two Interactive,5.48,97.0,14,7.9,764,Rockstar North,M,2010s,Grand Theft Auto,2.70805020110221,6.639875833826536
GBA,2001,Racing,Nintendo,5.47,93.0,24,8.3,108,Intelligent Systems,E,2000s,Mario,3.2188758248682006,4.6913478822291435
PS2,2001,Platform,Universal Interactive,5.42,66.0,22,7.1,156,Traveller's Tales,E,2000s,Other,3.1354942159291497,5.056245805348308
PS3,2008,Shooter,Activision,5.39,85.0,45,7.6,409,Treyarch,M,2000s,Call of Duty,3.828641396489095,6.016157159698354
PS4,2016,Shooter,Sony Computer Entertainment,5.38,93.0,113,7.9,7064,Naughty Dog,T,2010s,Other,4.736198448394496,8.862908295118627
PS3,2009,Role-Playing,Square Enix,5.33,83.0,83,7.3,2483,Square Enix,T,2000s,Final Fantasy,4.430816798843313,7.81762544305337
PS,2000,Role-Playing,SquareSoft,5.3,94.0,22,8.9,779,SquareSoft,T,2000s,Final Fantasy,3.1354942159291497,6.659293919683638
X360,2012,Action,Ubisoft,5.29,84.0,61,6.7,1196,Ubisoft,M,2010s,Other,4.127134385045092,7.087573705557973
PS2,2003,Role-Playing,Electronic Arts,5.29,85.0,45,6.6,400,SquareSoft,T,2000s,Final Fantasy,3.828641396489095,5.993961427306569
XOne,2014,Shooter,Activision,5.27,81.0,53,5.4,898,Sledgehammer Games,M,2010s,Call of Duty,3.9889840465642745,6.80128303447162
X360,2009,Action,Ubisoft,5.26,90.0,82,8.8,1305,Ubisoft Montreal,M,2000s,Other,4.418840607796598,7.174724309836376
PS,1997,Action,Eidos Interactive,5.24,85.0,13,7.5,27,Core Design Ltd.,T,1990s,Other,2.639057329615259,3.332204510175204
WiiU,2012,Platform,Nintendo,5.22,84.0,70,8.1,733,Nintendo,E,2010s,Mario,4.2626798770413155,6.598509028614515
PS2,2004,Role-Playing,Square Enix,5.21,89.0,63,8.8,245,Level 5,T,2000s,Other,4.1588830833596715,5.5053315359323625
DS,2007,Puzzle,Nintendo,5.19,85.0,72,8.6,147,Level 5,E,2000s,Other,4.290459441148391,4.997212273764115
X360,2012,Action,Electronic Arts,5.16,90.0,48,6.1,403,Electronic Arts,E,2010s,FIFA,3.8918202981106265,6.0014148779611505
PC,2012,Role-Playing,Activision,5.14,88.0,86,4.0,9629,Blizzard Entertainment,M,2010s,Other,4.465908118654584,9.172638504792172
PS2,2003,Shooter,Electronic Arts,5.13,68.0,30,7.6,100,EA LA,T,2000s,Other,3.4339872044851463,4.61512051684126
PS2,2006,Misc,RedOctane,5.12,92.0,69,8.5,112,Harmonix Music Systems,T,2000s,Other,4.248495242049359,4.727387818712341
X360,2010,Role-Playing,Microsoft Game Studios,5.1,80.0,88,6.5,604,Lionhead Studios,M,2010s,Other,4.48863636973214,6.405228458030842
PS3,2009,Action,Capcom,5.09,84.0,76,7.5,667,Capcom,M,2000s,Other,4.343805421853684,6.504288173536645
DS,2007,Action,Nintendo,5.08,90.0,57,8.0,416,Nintendo,E,2000s,Zelda,4.060443010546419,6.0330862217988015
PS3,2010,Sports,Electronic Arts,5.07,89.0,51,8.0,233,EA Sports,E,2010s,FIFA,3.9512437185814275,5.455321115357702
PS,1996,Action,Virgin Interactive,5.05,91.0,8,9.0,266,Capcom,M,1990s,Other,2.1972245773362196,5.58724865840025
PSP,2006,Action,Take-Two Interactive,5.03,86.0,50,8.0,150,Rockstar Leeds,M,2000s,Grand Theft Auto,3.9318256327243257,5.017279836814924
PS,1999,Sports,Activision,5.02,92.0,18,9.2,69,Neversoft Entertainment,T,1990s,Other,2.9444389791664403,4.248495242049359
PS2,2007,Misc,Activision,4.98,82.0,24,8.2,46,"Neversoft Entertainment, BudCat",T,2000s,Other,3.2188758248682006,3.8501476017100584
Wii,2007,Shooter,Nintendo,4.98,68.0,34,7.1,47,Nintendo,T,2000s,Other,3.5553480614894135,3.8712010109078907
X360,2008,Role-Playing,Bethesda Softworks,4.93,93.0,84,8.5,1655,Bethesda Game Studios,M,2000s,Other,4.442651256490317,7.412160334945205
PS3,2007,Action,Sony Computer Entertainment,4.92,88.0,66,8.1,2306,"Naughty Dog, SCE/WWS",T,2000s,Other,4.204692619390966,7.7437032581737535
PS2,2005,Sports,Electronic Arts,4.91,88.0,29,8.0,121,EA Sports,E,2000s,Madden,3.4011973816621555,4.804021044733257
PC,2010,Strategy,Activision,4.84,93.0,82,8.2,3052,Blizzard Entertainment,T,2010s,Other,4.418840607796598,8.023879992734878
PS3,2007,Adventure,Ubisoft,4.82,81.0,40,7.3,769,Ubisoft Montreal,M,2000s,Other,3.713572066704308,6.646390514847729
PS3,2010,Action,Sony Computer Entertainment,4.8,92.0,101,8.7,2633,SCE Santa Monica,M,2010s,Other,4.624972813284271,7.876258882303226
PS,1999,Racing,Sony Computer Entertainment,4.79,88.0,20,9.0,233,Naughty Dog,E,1990s,Other,3.044522437723423,5.455321115357702
DS,2007,Action,LucasArts,4.76,80.0,9,5.4,46,TT Fusion,E,2000s,Other,2.302585092994046,3.8501476017100584
PS,2000,Action,Atari,4.73,62.0,14,7.7,92,Reflections Interactive,T,2000s,Other,2.70805020110221,4.532599493153256
X360,2011,Action,Warner Bros. Interactive Entertainment,4.73,94.0,87,8.7,1472,Rocksteady Studios,T,2010s,Other,4.477336814478207,7.29505641646263
PS,2000,Sports,Activision,4.68,98.0,19,7.7,299,Neversoft Entertainment,T,2000s,Other,2.995732273553991,5.703782474656201
PS2,2002,Action,Electronic Arts,4.67,82.0,32,8.2,78,Stormfront Studios,T,2000s,Other,3.4965075614664802,4.3694478524670215
PS,1996,Action,Eidos Interactive,4.63,91.0,13,8.6,147,Core Design Ltd.,T,1990s,Other,2.639057329615259,4.997212273764115
Wii,2008,Simulation,Nintendo,4.62,73.0,50,7.6,119,Nintendo,E,2000s,Other,3.9318256327243257,4.787491742782046
PS4,2015,Action,Sony Computer Entertainment,4.62,86.0,78,8.1,1264,Bluepoint Games,T,2010s,Other,4.3694478524670215,7.142827401161621
GC,2002,Action,Nintendo,4.6,96.0,80,8.9,968,Nintendo,E,2000s,Zelda,4.394449154672439,6.876264611890766
Wii,2007,Misc,Activision,4.6,86.0,36,8.4,87,Vicarious Visions,T,2000s,Other,3.6109179126442243,4.477336814478207
3DS,2013,Action,Nintendo,4.59,86.0,74,8.4,458,Next Level Games,E,2010s,Other,4.31748811353631,6.129050210060545
X360,2011,Racing,Microsoft Game Studios,4.57,91.0,83,8.2,617,Turn 10,E,2010s,Other,4.430816798843313,6.42648845745769
PS2,2004,Sports,Electronic Arts,4.53,91.0,30,7.9,78,EA Tiburon,E,2000s,Madden,3.4339872044851463,4.3694478524670215
X360,2007,Misc,Activision,4.53,85.0,69,7.9,165,Neversoft Entertainment,T,2000s,Other,4.248495242049359,5.111987788356544
PS2,2006,Sports,Electronic Arts,4.49,84.0,29,8.2,39,EA Sports,E,2000s,Madden,3.4011973816621555,3.6888794541139363
XOne,2015,Shooter,Microsoft Game Studios,4.48,84.0,101,6.4,2438,343 Industries,T,2010s,Other,4.624972813284271,7.79934339821592
PS2,2002,Action,Activision,4.48,76.0,25,7.9,41,Treyarch,E,2000s,Other,3.258096538021482,3.7376696182833684
PS4,2016,Shooter,Activision,4.46,77.0,82,3.4,1129,Infinity Ward,M,2010s,Call of Duty,4.418840607796598,7.029972911706386
PS2,2005,Action,Sony Computer Entertainment,4.45,94.0,75,8.9,997,SCE Santa Monica,M,2000s,Other,4.330733340286331,6.905753276311464
WiiU,2015,Shooter,Nintendo,4.43,81.0,88,8.5,1184,Nintendo,E10+,2010s,Other,4.48863636973214,7.077498053569231
WiiU,2012,Misc,Nintendo,4.42,77.0,61,7.9,471,Nintendo,E10+,2010s,Other,4.127134385045092,6.156978985585555
PS2,2001,Sports,Activision,4.41,97.0,34,7.5,298,Neversoft Entertainment,T,2000s,Other,3.5553480614894135,5.700443573390686
PS2,2006,Sports,Konami Digital Entertainment,4.39,86.0,19,8.9,33,Konami,E,2000s,Other,2.995732273553991,3.5263605246161616
X360,2006,Role-Playing,Take-Two Interactive,4.38,94.0,90,8.7,1109,Bethesda Softworks,M,2000s,Other,4.51085950651685,7.01211529430638
PS2,2005,Racing,Electronic Arts,4.37,82.0,36,9.1,137,EA Canada,T,2000s,Other,3.6109179126442243,4.927253685157205
Wii,2010,Misc,Ubisoft,4.36,56.0,37,8.3,31,"Ubisoft Paris, Ubisoft Montpellier",E10+,2010s,Other,3.6375861597263857,3.4657359027997265
PS3,2006,Shooter,Sony Computer Entertainment,4.34,86.0,70,8.1,715,Insomniac Games,M,2000s,Other,4.2626798770413155,6.573680166960646
PS2,2005,Role-Playing,Square Enix,4.33,87.0,64,9.0,766,Square Enix,E10+,2000s,Other,4.174387269895637,6.642486801367256
WiiU,2013,Platform,Nintendo,4.32,93.0,83,9.0,1607,Nintendo,E,2010s,Mario,4.430816798843313,7.382746449738912
X360,2008,Role-Playing,Microsoft Game Studios,4.27,89.0,95,6.5,2423,Lionhead Studios,M,2000s,Other,4.564348191467836,7.793174347189205
GBA,2001,Misc,Namco Bandai Games,4.24,79.0,10,7.3,6,Mass Media,E,2000s,Other,2.3978952727983707,1.9459101490553132
PS3,2009,Action,Eidos Interactive,4.23,91.0,70,8.9,1122,Rocksteady Studios,T,2000s,Other,4.2626798770413155,7.023758954738443
PS2,2004,Action,Konami Digital Entertainment,4.23,91.0,68,9.3,955,KCEJ,M,2000s,Other,4.23410650459726,6.862757913051401
PS3,2011,Action,Ubisoft,4.22,80.0,39,7.5,613,Ubisoft Montreal,M,2010s,Other,3.6888794541139363,6.419994928147142
XOne,2015,Role-Playing,Bethesda Softworks,4.22,88.0,39,6.2,1749,Bethesda Game Studios,M,2010s,Other,3.6888794541139363,7.4673710669175595
X360,2013,Sports,Electronic Arts,4.22,84.0,41,4.2,435,EA Canada,E,2010s,FIFA,3.7376696182833684,6.077642243349034
PSP,2006,Platform,Sony Computer Entertainment,4.21,85.0,59,8.7,109,Ready at Dawn,E10+,2000s,Other,4.0943445622221,4.700480365792417
PS2,2005,Sports,Electronic Arts,4.21,80.0,32,7.8,47,EA Canada,E,2000s,FIFA,3.4965075614664802,3.8712010109078907
PS2,2003,Misc,Sony Computer Entertainment,4.2,80.0,32,7.5,22,"SCEE, Zoe Mode",E,2000s,Other,3.4965075614664802,3.1354942159291497
PS3,2007,Racing,Sony Computer Entertainment,4.19,80.0,67,7.1,120,Polyphony Digital,E,2000s,Other,4.219507705176107,4.795790545596741
X360,2011,Action,Ubisoft,4.19,80.0,77,7.2,564,Ubisoft Montreal,M,2010s,Other,4.356708826689592,6.336825731146441
PS3,2009,Fighting,Capcom,4.16,94.0,61,7.3,330,Capcom,T,2000s,Other,4.127134385045092,5.802118375377063
PS2,2002,Sports,Electronic Arts,4.14,95.0,25,7.7,65,EA Sports,E,2000s,Madden,3.258096538021482,4.189654742026425
PC,1997,Shooter,Vivendi Games,4.12,96.0,24,9.1,3161,Valve Software,M,1990s,Other,3.2188758248682006,8.058960017769417
PC,2007,Role-Playing,Activision,4.09,91.0,46,7.9,785,Blizzard Entertainment,T,2000s,Other,3.8501476017100584,6.666956792429207
PS4,2016,Shooter,Electronic Arts,4.08,88.0,31,8.4,809,EA DICE,M,2010s,Other,3.4657359027997265,6.697034247666484
PS2,2007,Action,Sony Computer Entertainment,4.07,93.0,70,8.9,709,SCE Santa Monica,M,2000s,Other,4.2626798770413155,6.565264970035361
X360,2010,Role-Playing,Bethesda Softworks,4.05,84.0,81,8.1,769,Obsidian Entertainment,M,2010s,Other,4.406719247264253,6.646390514847729
X360,2007,Racing,Microsoft Game Studios,4.05,90.0,66,8.3,381,Turn 10,E,2000s,Other,4.204692619390966,5.945420608606575
Wii,2007,Misc,Take-Two Interactive,4.05,56.0,27,6.0,44,Cat Daddy Games,E,2000s,Other,3.332204510175204,3.8066624897703196
PS4,2014,Action,Ubisoft,4.05,80.0,80,6.3,2996,Ubisoft Montreal,M,2010s,Other,4.394449154672439,8.005367067316664
PS2,2000,Fighting,Namco Bandai Games,4.05,85.0,25,8.5,117,Namco,T,2000s,Other,3.258096538021482,4.770684624465665
PS4,2014,Shooter,Ubisoft,4.04,85.0,83,7.7,1653,Ubisoft Montreal,M,2010s,Other,4.430816798843313,7.4109518755836366
PS2,2005,Misc,Namco Bandai Games,3.98,61.0,21,7.5,27,Digital Eclipse,E10+,2000s,Other,3.091042453358316,3.332204510175204
X360,2009,Shooter,Electronic Arts,3.97,89.0,76,8.6,681,Valve Software,M,2000s,Other,4.343805421853684,6.525029657843462
PS4,2015,Role-Playing,Namco Bandai Games,3.97,92.0,79,9.2,10179,CD Projekt Red Studio,M,2010s,Other,4.382026634673881,9.228180290104513
PS4,2014,Action,Ubisoft,3.96,70.0,40,4.9,2050,"Ubisoft, Ubisoft Montreal",M,2010s,Other,3.713572066704308,7.62608275807238
PS4,2015,Action,Warner Bros. Interactive Entertainment,3.95,87.0,89,7.6,2679,Rocksteady Studios,M,2010s,Other,4.499809670330265,7.893572073504902
Wii,2011,Action,Nintendo,3.95,93.0,81,8.0,1958,Nintendo,E10+,2010s,Zelda,4.406719247264253,7.580189417944541
PS3,2008,Role-Playing,Bethesda Softworks,3.94,90.0,57,8.0,910,Bethesda Game Studios,M,2000s,Other,4.060443010546419,6.814542897259958
DS,2007,Puzzle,Nintendo,3.94,84.0,65,8.8,72,Level 5,E10+,2000s,Other,4.189654742026425,4.290459441148391
Wii,2009,Sports,Electronic Arts,3.9,81.0,27,8.7,39,EA Canada,E,2000s,Other,3.332204510175204,3.6888794541139363
PS2,2003,Sports,Activision,3.9,90.0,38,8.7,121,Neversoft Entertainment,T,2000s,Other,3.6635616461296463,4.804021044733257
3DS,2014,Role-Playing,Nintendo,3.89,86.0,80,8.7,348,Capcom,T,2010s,Other,4.394449154672439,5.855071922202427
PC,2011,Role-Playing,Bethesda Softworks,3.88,94.0,32,8.1,9073,Bethesda Game Studios,M,2010s,Other,3.4965075614664802,9.113168460223909
PS4,2015,Sports,Take-Two Interactive,3.88,87.0,51,6.7,364,Visual Concepts,E10+,2010s,Other,3.9512437185814275,5.8998973535824915
PS2,2005,Fighting,Namco Bandai Games,3.87,88.0,62,8.6,229,Namco,T,2000s,Other,4.143134726391533,5.438079308923196
PS3,2006,Racing,Sony Computer Entertainment,3.87,84.0,9,7.4,220,Evolution Studios,T,2000s,Other,2.302585092994046,5.3981627015177525
PS2,2004,Sports,Konami Digital Entertainment,3.85,91.0,26,9.1,38,KCET,E,2000s,Other,3.295836866004329,3.6635616461296463
PS3,2010,Sports,Sony Computer Entertainment,3.84,76.0,64,7.9,104,"SCEA, Zindagi Games",E10+,2010s,Other,4.174387269895637,4.653960350157523
PS4,2013,Shooter,Activision,3.83,78.0,49,3.7,1564,Infinity Ward,M,2010s,Call of Duty,3.912023005428146,7.355641102974253
DS,2007,Misc,Nintendo,3.83,59.0,22,4.0,4,"Nintendo, Namco Bandai Games",E,2000s,Other,3.1354942159291497,1.6094379124341003
PS4,2016,Shooter,Ubisoft,3.8,80.0,64,7.0,2219,Massive Entertainment,M,2010s,Other,4.174387269895637,7.705262474866325
Wii,2007,Misc,Nintendo,3.79,68.0,33,6.9,39,Nintendo,E,2000s,Other,3.5263605246161616,3.6888794541139363
X360,2008,Action,Activision,3.76,77.0,60,7.5,66,Traveller's Tales,E10+,2000s,Other,4.110873864173311,4.204692619390966
PC,2002,Simulation,Electronic Arts,3.76,79.0,21,8.0,29,Maxis,T,2000s,Other,3.091042453358316,3.4011973816621555
PS,2001,Action,Electronic Arts,3.73,64.0,11,7.5,41,Argonaut Games,E,2000s,Other,2.4849066497880004,3.7376696182833684
Wii,2007,Platform,Nintendo,3.71,85.0,56,7.9,417,Intelligent Systems,E,2000s,Mario,4.04305126783455,6.035481432524756
PS,2000,Platform,Sony Computer Entertainment,3.71,91.0,15,8.8,207,Insomniac Games,E,2000s,Other,2.772588722239781,5.337538079701318
PS3,2013,Action,Ubisoft,3.71,88.0,36,8.1,840,Ubisoft,M,2010s,Other,3.6109179126442243,6.734591659972948
PS2,2004,Sports,Electronic Arts,3.7,81.0,27,7.6,56,EA Canada,E,2000s,FIFA,3.332204510175204,4.04305126783455
PS2,2002,Sports,Activision,3.67,94.0,27,8.5,128,Neversoft Entertainment,T,2000s,Other,3.332204510175204,4.859812404361672
DS,2007,Simulation,Electronic Arts,3.66,67.0,15,7.3,13,TOSE,E,2000s,Other,2.772588722239781,2.639057329615259
PSP,2005,Racing,Take-Two Interactive,3.65,74.0,34,8.4,31,Rockstar Leeds,E10+,2000s,Other,3.5553480614894135,3.4657359027997265
PS2,2002,Shooter,Sony Computer Entertainment,3.65,82.0,42,7.9,82,Zipper Interactive,M,2000s,Other,3.7612001156935624,4.418840607796598
PS2,2001,Platform,Sony Computer Entertainment,3.64,90.0,35,8.7,312,Naughty Dog,E,2000s,Other,3.58351893845611,5.746203190540153
PS2,2007,Sports,Konami Digital Entertainment,3.63,82.0,10,7.9,38,Konami,E,2000s,Other,2.3978952727983707,3.6635616461296463
PS2,2005,Action,Capcom,3.62,96.0,38,8.9,1013,Capcom,M,2000s,Other,3.6635616461296463,6.921658184151129
Wii,2008,Misc,Activision,3.62,86.0,18,7.6,71,Vicarious Visions,T,2000s,Other,2.9444389791664403,4.276666119016055
PS3,2009,Sports,Electronic Arts,3.62,91.0,56,7.6,203,EA Sports,E,2000s,FIFA,4.04305126783455,5.318119993844216
PS2,2004,Shooter,LucasArts,3.61,82.0,36,8.7,142,Pandemic Studios,T,2000s,Other,3.6109179126442243,4.962844630259907
PS2,2001,Racing,Electronic Arts,3.61,64.0,23,7.7,32,Fox Interactive,T,2000s,Other,3.1780538303479458,3.4965075614664802
GC,2001,Action,Nintendo,3.6,78.0,34,8.5,161,Nintendo,E,2000s,Other,3.5553480614894135,5.087596335232384
PS4,2013,Shooter,Electronic Arts,3.59,85.0,18,6.9,1580,EA DICE,M,2010s,Other,2.9444389791664403,7.3658128372094716
PS2,2005,Shooter,LucasArts,3.59,84.0,30,9.0,268,Pandemic Studios,T,2000s,Other,3.4339872044851463,5.594711379601839
DS,2007,Simulation,505 Games,3.58,70.0,39,8.0,9,Office Create,E,2000s,Other,3.6888794541139363,2.302585092994046
PS2,2006,Action,Take-Two Interactive,3.54,78.0,49,7.8,112,Rockstar Leeds,M,2000s,Grand Theft Auto,3.912023005428146,4.727387818712341
PS2,2002,Action,Sony Computer Entertainment,3.54,72.0,49,6.8,88,Team Soho,M,2000s,Other,3.912023005428146,4.48863636973214
PS2,2001,Shooter,Electronic Arts,3.53,72.0,27,7.9,48,EA Redwood Shores,T,2000s,Other,3.332204510175204,3.8918202981106265
X360,2010,Sports,Electronic Arts,3.52,88.0,66,7.5,155,EA Sports,E,2010s,FIFA,4.204692619390966,5.049856007249537
X360,2008,Shooter,Electronic Arts,3.51,89.0,67,7.9,1309,Certain Affinity,M,2000s,Other,4.219507705176107,7.177782416195197
XOne,2014,Action,Ubisoft,3.5,72.0,59,4.1,1005,"Ubisoft, Ubisoft Montreal",M,2010s,Other,4.0943445622221,6.913737350659685
X360,2009,Action,Capcom,3.5,83.0,91,7.5,523,Capcom,M,2000s,Other,4.5217885770490405,6.261491684321042
X360,2010,Action,Ubisoft,3.49,89.0,81,8.3,693,Ubisoft Montreal,M,2010s,Other,4.406719247264253,6.542471960506805
PS3,2013,Shooter,Electronic Arts,3.49,80.0,14,5.8,579,EA DICE,M,2010s,Other,2.70805020110221,6.363028103540465
X360,2009,Action,Eidos Interactive,3.48,92.0,78,8.7,1080,Rocksteady Studios,T,2000s,Other,4.3694478524670215,6.985641817639208
X360,2013,Shooter,Electronic Arts,3.48,79.0,21,5.6,542,EA DICE,M,2010s,Other,3.091042453358316,6.297109319933935
X360,2010,Shooter,Electronic Arts,3.47,88.0,75,8.6,869,EA DICE,M,2010s,Other,4.330733340286331,6.76849321164863
DS,2008,Misc,Activision,3.46,71.0,70,8.8,29,Vicarious Visions,E10+,2000s,Other,4.2626798770413155,3.4011973816621555
DS,2006,Misc,Nintendo,3.45,83.0,30,8.4,28,Agenda,E,2000s,Other,3.4339872044851463,3.367295829986474
X360,2009,Shooter,Take-Two Interactive,3.44,84.0,83,8.2,715,Gearbox Software,M,2000s,Other,4.430816798843313,6.573680166960646
PS2,2002,Fighting,Namco Bandai Games,3.44,79.0,23,8.3,126,Namco,T,2000s,Other,3.1780538303479458,4.844187086458591
PS,1998,Action,Take-Two Interactive,3.42,70.0,15,8.0,67,DMA Design,T,1990s,Grand Theft Auto,2.772588722239781,4.219507705176107
PS4,2015,Action,Konami Digital Entertainment,3.41,93.0,86,8.2,3943,"Kojima Productions, Moby Dick Studio",M,2010s,Other,4.465908118654584,8.279950715722526
PS2,2004,Action,Activision,3.41,80.0,50,8.9,106,Treyarch,T,2000s,Other,3.9318256327243257,4.672828834461906
PS2,2002,Sports,Electronic Arts,3.4,88.0,15,6.7,35,EA Canada,E,2000s,FIFA,2.772588722239781,3.58351893845611
PS3,2011,Platform,Sony Computer Entertainment,3.39,91.0,86,8.4,657,Media Molecule,E,2010s,Other,4.465908118654584,6.489204931325317
PS,2000,Misc,Sony Computer Entertainment,3.39,68.0,12,8.2,99,Eurocom Entertainment Software,E,2000s,Other,2.5649493574615367,4.605170185988092
PS4,2015,Action,Ubisoft,3.39,76.0,86,6.8,1319,Ubisoft Quebec,M,2010s,Other,4.465908118654584,7.1853870155804165
X360,2008,Action,Warner Bros. Interactive Entertainment,3.38,76.0,49,7.9,75,Traveller's Tales,E10+,2000s,Other,3.912023005428146,4.330733340286331
XOne,2014,Shooter,Activision,3.37,75.0,11,5.5,1735,"Bungie Software, Bungie",T,2010s,Other,2.4849066497880004,7.459338895220295
PS3,2012,Shooter,Ubisoft,3.35,90.0,32,8.5,1041,Ubisoft Montreal,M,2010s,Other,3.4965075614664802,6.948897222313312
PS2,2002,Shooter,Electronic Arts,3.33,77.0,20,8.5,66,Eurocom Entertainment Software,T,2000s,Other,3.044522437723423,4.204692619390966
PS2,2005,Action,LucasArts,3.32,60.0,34,7.2,82,Double Helix Games,T,2000s,Other,3.5553480614894135,4.418840607796598
DS,2009,Action,Nintendo,3.31,87.0,75,7.8,228,Nintendo,E10+,2000s,Zelda,4.330733340286331,5.43372200355424
PS2,2001,Shooter,Take-Two Interactive,3.31,80.0,21,8.5,86,Rockstar Toronto,M,2000s,Other,3.091042453358316,4.465908118654584
X360,2013,Action,Ubisoft,3.3,86.0,35,7.9,701,Ubisoft,M,2010s,Other,3.58351893845611,6.553933404025811
PS2,2003,Action,Electronic Arts,3.28,85.0,31,8.7,105,EA Games,T,2000s,Other,3.4657359027997265,4.663439094112067
XOne,2015,Shooter,Microsoft Game Studios,3.28,82.0,74,7.5,563,"Splash Damage, The Coalition",M,2010s,Other,4.31748811353631,6.335054251498059
PS2,2003,Action,Activision,3.27,77.0,39,8.0,94,"Luxoflux, Inc.",M,2000s,Other,3.6888794541139363,4.553876891600541
DS,2008,Puzzle,Nintendo,3.26,86.0,62,9.2,111,Level 5,E10+,2000s,Other,4.143134726391533,4.718498871295094
XOne,2015,Sports,Electronic Arts,3.25,84.0,45,4.4,459,EA Sports,E,2010s,FIFA,3.828641396489095,6.131226489483141
Wii,2008,Misc,Nintendo,3.25,63.0,43,4.6,116,Nintendo,E,2000s,Other,3.784189633918261,4.762173934797756
PS4,2015,Sports,Electronic Arts,3.24,83.0,37,5.9,180,EA Sports,E,2010s,Madden,3.6375861597263857,5.198497031265826
PS3,2013,Racing,Sony Computer Entertainment,3.23,81.0,81,7.7,758,Polyphony Digital,E,2010s,Other,4.406719247264253,6.6320017773956295
XOne,2014,Shooter,Microsoft Game Studios,3.23,85.0,69,7.2,1267,343 Industries,M,2010s,Other,4.248495242049359,7.145196134997171
WiiU,2015,Platform,Nintendo,3.21,88.0,85,8.7,691,Nintendo,E,2010s,Mario,4.454347296253507,6.539585955617669
PSP,2008,Action,Sony Computer Entertainment,3.18,91.0,79,8.6,565,Ready at Dawn,M,2000s,Other,4.382026634673881,6.338594078203183
PS2,2003,Action,Atari,3.18,62.0,30,8.1,137,Shiny Entertainment,T,2000s,Other,3.4339872044851463,4.927253685157205
PSP,2007,Role-Playing,Square Enix,3.18,83.0,67,8.0,463,Square Enix,T,2000s,Final Fantasy,4.219507705176107,6.139884552226255
X360,2010,Misc,MTV Games,3.17,82.0,63,7.6,85,Harmonix Music Systems,T,2010s,Other,4.1588830833596715,4.454347296253507
PS3,2011,Adventure,Take-Two Interactive,3.17,89.0,78,7.7,1010,Team Bondi,M,2010s,Other,4.3694478524670215,6.918695219020472
PS2,2001,Simulation,Sony Computer Entertainment Europe,3.17,89.0,22,9.1,95,Namco,E,2000s,Other,3.1354942159291497,4.564348191467836
GC,2001,Simulation,Nintendo,3.15,87.0,42,8.9,137,Nintendo,E,2000s,Other,3.7612001156935624,4.927253685157205
PS2,2007,Sports,Electronic Arts,3.14,83.0,12,6.5,36,EA Canada,E,2000s,FIFA,2.5649493574615367,3.6109179126442243
PS,2000,Action,Activision,3.13,87.0,19,9.0,107,Neversoft Entertainment,E,2000s,Other,2.995732273553991,4.68213122712422
Wii,2012,Misc,Nintendo,3.13,73.0,45,6.8,155,Nd Cube,E,2010s,Mario,3.828641396489095,5.049856007249537
PS,1998,Racing,Electronic Arts,3.12,88.0,13,7.5,27,EA Canada,E,1990s,Other,2.639057329615259,3.332204510175204
DS,2005,Platform,Sega,3.12,82.0,43,8.5,101,"Dimps Corporation, Sonic Team",E,2000s,Other,3.784189633918261,4.624972813284271
DS,2008,Misc,Nintendo,3.11,83.0,48,9.0,63,Nintendo,E,2000s,Other,3.8918202981106265,4.1588830833596715
PS3,2010,Role-Playing,Bethesda Softworks,3.11,82.0,57,7.8,492,Obsidian Entertainment,M,2010s,Other,4.060443010546419,6.20050917404269
DS,2006,Misc,Nintendo,3.11,81.0,12,7.8,10,Indies Zero,E,2000s,Other,2.5649493574615367,2.3978952727983707
PS3,2007,Role-Playing,Ubisoft,3.1,93.0,45,8.0,604,4J Studios,M,2000s,Other,3.828641396489095,6.405228458030842
3DS,2013,Action,Nintendo,3.1,91.0,81,8.9,1057,Nintendo,E,2010s,Zelda,4.406719247264253,6.964135612418245
PS3,2012,Shooter,Capcom,3.1,74.0,34,5.4,1304,Capcom,M,2010s,Other,3.5553480614894135,7.173958319756794
X360,2010,Role-Playing,Electronic Arts,3.1,96.0,98,8.9,3143,BioWare,M,2010s,Other,4.59511985013459,8.053251153549096
PS2,2002,Fighting,Atari,3.09,67.0,28,7.9,71,Dimps Corporation,T,2000s,Other,3.367295829986474,4.276666119016055
PS2,2001,Sports,Electronic Arts,3.08,94.0,23,7.9,46,EA Sports,E,2000s,Madden,3.1780538303479458,3.8501476017100584
PC,2002,Simulation,Electronic Arts,3.07,75.0,18,7.8,22,Maxis,T,2000s,Other,2.9444389791664403,3.1354942159291497
3DS,2015,Simulation,Nintendo,3.05,66.0,60,6.9,106,Nintendo,E,2010s,Other,4.110873864173311,4.672828834461906
PC,2014,Simulation,Electronic Arts,3.05,70.0,74,3.9,2057,Maxis,T,2010s,Other,4.31748811353631,7.629489916393995
X360,2012,Shooter,Take-Two Interactive,3.05,89.0,59,8.2,892,Gearbox Software,M,2010s,Other,4.0943445622221,6.794586580876499
DS,2008,Action,Warner Bros. Interactive Entertainment,3.05,72.0,16,8.0,16,TT Fusion,E10+,2000s,Other,2.833213344056216,2.833213344056216
X360,2008,Action,Activision,3.04,75.0,42,7.4,32,"Luxoflux, Inc.",E10+,2000s,Other,3.7612001156935624,3.4965075614664802
X360,2012,Role-Playing,Electronic Arts,3.04,93.0,74,5.8,3725,BioWare,M,2010s,Other,4.31748811353631,8.223090551161533
PS3,2010,Adventure,Sony Computer Entertainment,3.03,87.0,107,7.7,2759,Quantic Dream,M,2010s,Other,4.68213122712422,7.9229859587111955
X360,2008,Action,THQ,3.03,81.0,75,8.1,307,Volition Inc.,M,2000s,Other,4.330733340286331,5.730099782973575
XB,2002,Action,Ubisoft,3.02,93.0,46,8.5,121,Ubisoft Montreal,T,2000s,Other,3.8501476017100584,4.804021044733257
PS4,2013,Sports,Electronic Arts,3.01,87.0,26,6.3,616,EA Canada,E,2010s,FIFA,3.295836866004329,6.424869023905388
PS3,2009,Shooter,Sony Computer Entertainment,3.01,91.0,94,8.1,1505,Guerrilla,M,2000s,Other,4.553876891600541,7.317212408359839
X360,2012,Shooter,Ubisoft,3.0,91.0,39,8.6,1247,Ubisoft Montreal,M,2010s,Other,3.6888794541139363,7.129297548929373
Wii,2010,Platform,Disney Interactive Studios,3.0,73.0,78,7.0,131,Junction Point,E,2010s,Other,4.3694478524670215,4.882801922586371
X360,2012,Sports,Take-Two Interactive,3.0,88.0,41,7.2,131,Visual Concepts,E,2010s,Other,3.7376696182833684,4.882801922586371
PS2,2007,Fighting,Atari,3.0,73.0,24,9.2,173,"Spike, Namco Bandai Games",T,2000s,Other,3.2188758248682006,5.159055299214529
PC,2000,Misc,Electronic Arts,2.99,82.0,23,6.6,20,Maxis,T,2000s,Other,3.1780538303479458,3.044522437723423
PS2,2002,Sports,Konami Digital Entertainment,2.99,93.0,24,9.1,65,KCET,E,2000s,Other,3.2188758248682006,4.189654742026425
PS2,2001,Action,Capcom,2.99,94.0,37,8.5,466,Capcom,M,2000s,Other,3.6375861597263857,6.1463292576688975
PC,2011,Role-Playing,Electronic Arts,2.96,85.0,73,5.9,2748,"LucasArts, BioWare",T,2010s,Other,4.304065093204169,7.918992488165245
PS4,2014,Action,Warner Bros. Interactive Entertainment,2.96,84.0,85,8.1,1886,Monolith Productions,M,2010s,Other,4.454347296253507,7.54274354536855
PS2,2003,Platform,Sega,2.96,64.0,29,7.8,94,Sonic Team,E,2000s,Other,3.4011973816621555,4.553876891600541
PS2,2002,Action,Eidos Interactive,2.96,85.0,19,7.8,78,Io Interactive,M,2000s,Other,2.995732273553991,4.3694478524670215
XOne,2014,Shooter,Electronic Arts,2.95,86.0,68,6.4,2658,Respawn Entertainment,M,2010s,Other,4.23410650459726,7.88570539124302
PS3,2010,Shooter,Electronic Arts,2.95,88.0,59,8.5,572,EA DICE,M,2010s,Other,4.0943445622221,6.35088571671474
PS2,2003,Shooter,Sony Computer Entertainment,2.94,87.0,42,9.0,93,Zipper Interactive,M,2000s,Other,3.7612001156935624,4.543294782270004
GBA,2001,Puzzle,Atari,2.94,79.0,13,7.8,4,Mass Media,E,2000s,Other,2.639057329615259,1.6094379124341003
X360,2009,Fighting,Capcom,2.94,93.0,77,7.3,292,Capcom,T,2000s,Other,4.356708826689592,5.680172609017068
PS3,2009,Action,Sony Computer Entertainment,2.93,85.0,98,8.3,1172,Sucker Punch,T,2000s,Other,4.59511985013459,7.067319848653476
DS,2008,Platform,Nintendo,2.92,76.0,40,8.8,76,HAL Labs,E,2000s,Other,3.713572066704308,4.343805421853684
XOne,2013,Shooter,Activision,2.92,78.0,7,4.3,700,Infinity Ward,M,2010s,Call of Duty,2.0794415416798357,6.55250788703459
X360,2007,Role-Playing,Microsoft Game Studios,2.91,91.0,74,8.7,1692,BioWare,M,2000s,Other,4.31748811353631,7.4342573821331355
PS2,2004,Misc,Sega,2.9,73.0,21,8.6,30,Sonic Team,E,2000s,Other,3.091042453358316,3.4339872044851463
PS2,2003,Sports,Konami Digital Entertainment,2.9,93.0,28,9.0,45,KCET,E,2000s,Other,3.367295829986474,3.828641396489095
X360,2008,Sports,Sega,2.89,67.0,45,6.8,18,Sumo Digital,E10+,2000s,Other,3.828641396489095,2.9444389791664403
PS2,2001,Sports,Sony Computer Entertainment,2.89,85.0,30,8.9,16,Clap Hanz,E,2000s,Other,3.4339872044851463,2.833213344056216
Wii,2007,Simulation,505 Games,2.89,61.0,37,5.3,23,OfficeCreate,E,2000s,Other,3.6375861597263857,3.1780538303479458
PS2,2004,Shooter,Activision,2.89,76.0,49,7.7,69,Spark Unlimited,T,2000s,Call of Duty,3.912023005428146,4.248495242049359
Wii,2006,Puzzle,Nintendo,2.89,83.0,61,7.4,179,Intelligent Systems,E10+,2000s,Other,4.127134385045092,5.19295685089021
X360,2012,Sports,Electronic Arts,2.86,81.0,36,5.8,179,EA Tiburon,E,2010s,Madden,3.6109179126442243,5.19295685089021
XB,2002,Role-Playing,Ubisoft,2.86,87.0,34,8.7,111,Bethesda Softworks,T,2000s,Other,3.5553480614894135,4.718498871295094
PS4,2013,Action,Ubisoft,2.85,83.0,29,7.8,1530,Ubisoft,M,2010s,Other,3.4011973816621555,7.333676395657684
PS3,2011,Fighting,Warner Bros. Interactive Entertainment,2.84,84.0,60,8.4,494,NetherRealm Studios,M,2010s,Other,4.110873864173311,6.20455776256869
X360,2009,Sports,Electronic Arts,2.83,85.0,58,6.1,90,EA Tiburon,E,2000s,Madden,4.07753744390572,4.51085950651685
X360,2007,Shooter,Take-Two Interactive,2.83,96.0,88,8.9,2249,"Irrational Games, 2K Marin",M,2000s,Other,4.48863636973214,7.718685495198466
GC,2002,Shooter,Nintendo,2.82,97.0,70,9.3,747,Retro Studios,T,2000s,Other,4.2626798770413155,6.617402977974478
PS3,2010,Action,Ubisoft,2.82,90.0,59,8.2,791,Ubisoft Montreal,M,2010s,Other,4.0943445622221,6.674561391814426
PS3,2010,Shooter,Electronic Arts,2.81,75.0,56,7.5,286,"EA DICE, Danger Close",M,2010s,Other,4.04305126783455,5.659482215759621
PS4,2014,Action,Sony Computer Entertainment,2.79,80.0,90,7.9,2944,Sucker Punch,T,2010s,Other,4.51085950651685,7.987864096085687
PS2,2001,Sports,Electronic Arts,2.79,89.0,22,8.6,39,NuFX,E,2000s,Other,3.1354942159291497,3.6888794541139363
PS2,2003,Platform,Sony Computer Entertainment,2.78,87.0,47,8.2,241,Naughty Dog,T,2000s,Other,3.8712010109078907,5.488937726156687
PS3,2010,Racing,Electronic Arts,2.78,89.0,59,7.2,301,Criterion Games,E10+,2010s,Other,4.0943445622221,5.71042701737487
Wii,2011,Action,Activision,2.78,81.0,11,5.6,31,Toys for Bob,E10+,2010s,Other,2.4849066497880004,3.4657359027997265
PC,2011,Shooter,Electronic Arts,2.78,89.0,61,7.5,4926,EA DICE,M,2010s,Other,4.127134385045092,8.502485562543963
PS4,2015,Fighting,Warner Bros. Interactive Entertainment,2.78,83.0,81,7.7,836,"Warner Bros. Interactive Entertainment, NetherRealm Studios",M,2010s,Other,4.406719247264253,6.729824070489475
PS2,2003,Simulation,Electronic Arts,2.77,83.0,33,7.7,46,Edge of Reality,T,2000s,Other,3.5263605246161616,3.8501476017100584
PS3,2011,Shooter,Sony Computer Entertainment,2.77,84.0,85,7.9,942,Guerrilla,M,2010s,Other,4.454347296253507,6.849066282633458
X360,2008,Action,LucasArts,2.77,73.0,74,6.7,389,LucasArts,T,2000s,Other,4.31748811353631,5.966146739123692
DS,2006,Platform,Nintendo,2.76,81.0,42,7.4,67,Artoon,E,2000s,Other,3.7612001156935624,4.219507705176107
X360,2011,Action,THQ,2.76,84.0,70,7.6,490,Volition Inc.,M,2010s,Other,4.2626798770413155,6.19644412779452
PS3,2009,Fighting,Namco Bandai Games,2.75,79.0,63,7.4,211,Namco Bandai Games,T,2000s,Other,4.1588830833596715,5.356586274672012
Wii,2007,Platform,Sega,2.73,69.0,44,6.6,174,Sonic Team,E,2000s,Other,3.8066624897703196,5.1647859739235145
GBA,2002,Action,Nintendo,2.7,95.0,30,9.1,314,Capcom,E,2000s,Zelda,3.4339872044851463,5.752572638825633
PS2,2001,Action,Virgin Interactive,2.7,86.0,23,8.2,56,Capcom,M,2000s,Other,3.1780538303479458,4.04305126783455
X360,2011,Adventure,Take-Two Interactive,2.7,89.0,83,7.8,893,Team Bondi,M,2010s,Other,4.430816798843313,6.795705775173515
X360,2006,Shooter,Activision,2.7,82.0,71,6.5,233,Treyarch,T,2000s,Call of Duty,4.276666119016055,5.455321115357702
X360,2011,Sports,Electronic Arts,2.69,78.0,55,5.9,94,EA Tiburon,E,2010s,Madden,4.02535169073515,4.553876891600541
PS2,2006,Action,LucasArts,2.69,84.0,32,9.0,41,Traveller's Tales,E10+,2000s,Other,3.4965075614664802,3.7376696182833684
PS4,2013,Shooter,Sony Computer Entertainment,2.69,73.0,88,6.8,2102,Guerrilla,M,2010s,Other,4.48863636973214,7.6511201757027
X360,2010,Sports,Electronic Arts,2.69,84.0,47,5.7,120,EA Tiburon,E,2010s,Madden,3.8712010109078907,4.795790545596741
PS2,2004,Racing,Electronic Arts,2.68,93.0,52,9.1,271,Criterion Games,T,2000s,Other,3.970291913552122,5.605802066295998
DS,2010,Puzzle,Nintendo,2.67,79.0,51,7.7,18,Nintendo,E,2010s,Mario,3.9512437185814275,2.9444389791664403
DS,2009,Puzzle,Nintendo,2.67,83.0,58,8.7,52,Level 5,E10+,2000s,Other,4.07753744390572,3.970291913552122
PS2,2005,Shooter,Activision,2.67,77.0,39,8.2,69,Treyarch,T,2000s,Call of Duty,3.6888794541139363,4.248495242049359
PS,1998,Shooter,Electronic Arts,2.67,92.0,17,8.6,80,Dreamworks Interactive,T,1990s,Other,2.8903717578961645,4.394449154672439
XB,2004,Role-Playing,Microsoft Game Studios,2.66,85.0,87,8.5,268,Big Blue Box,M,2000s,Other,4.477336814478207,5.594711379601839
X360,2008,Misc,Activision,2.66,85.0,67,6.3,171,Neversoft Entertainment,T,2000s,Other,4.219507705176107,5.147494476813453
XOne,2016,Sports,Electronic Arts,2.65,84.0,50,5.5,201,"EA Sports, EA Vancouver",E,2010s,FIFA,3.9318256327243257,5.308267697401205
PS2,2003,Action,Ubisoft,2.65,89.0,24,7.7,102,Ubisoft Shanghai,T,2000s,Other,3.2188758248682006,4.634728988229636
PS3,2009,Racing,Electronic Arts,2.65,84.0,55,6.9,113,Slightly Mad Studios,E,2000s,Other,4.02535169073515,4.736198448394496
PSP,2006,Shooter,Electronic Arts,2.65,71.0,24,7.9,47,Team Fusion,T,2000s,Other,3.2188758248682006,3.8712010109078907
PS3,2011,Role-Playing,Square Enix,2.63,79.0,53,6.6,707,Square Enix,T,2010s,Final Fantasy,3.9889840465642745,6.56244409369372
PS2,2000,Racing,Take-Two Interactive,2.63,78.0,18,7.8,21,Angel Studios,T,2000s,Other,2.9444389791664403,3.091042453358316
X360,2010,Sports,Electronic Arts,2.63,80.0,65,8.0,127,EA Black Box,T,2010s,Other,4.189654742026425,4.852030263919617
PS2,2004,Sports,Sega,2.62,90.0,37,8.2,84,Visual Concepts,E,2000s,Other,3.6375861597263857,4.442651256490317
X360,2009,Strategy,Microsoft Game Studios,2.62,82.0,92,7.2,454,Ensemble Studios,T,2000s,Other,4.532599493153256,6.12029741895095
X360,2011,Sports,Take-Two Interactive,2.62,90.0,42,7.7,134,Visual Concepts,E,2010s,Other,3.7612001156935624,4.90527477843843
X360,2009,Sports,Electronic Arts,2.62,90.0,63,7.5,133,EA Sports,E,2000s,FIFA,4.1588830833596715,4.897839799950911
X360,2010,Shooter,Electronic Arts,2.61,74.0,71,6.7,288,"Dice, Danger Close",M,2010s,Other,4.276666119016055,5.666426688112432
PS2,2002,Action,Electronic Arts,2.61,71.0,16,7.6,49,Electronic Arts,E,2000s,Other,2.833213344056216,3.912023005428146
PS3,2009,Action,Sony Computer Entertainment,2.6,91.0,50,8.7,529,Bluepoint Games,M,2000s,Other,3.9318256327243257,6.272877006546167
PS2,2004,Sports,Electronic Arts,2.59,84.0,21,8.1,44,EA Canada,E,2000s,Other,3.091042453358316,3.8066624897703196
Wii,2007,Sports,Nintendo,2.58,79.0,47,8.0,124,Next Level Games,E10+,2000s,Mario,3.8712010109078907,4.8283137373023015
PS3,2008,Sports,Electronic Arts,2.58,87.0,42,7.5,108,EA Canada,E,2000s,FIFA,3.7612001156935624,4.6913478822291435
DS,2008,Simulation,Nintendo,2.58,73.0,4,7.7,7,syn Sophia,E,2000s,Other,1.6094379124341003,2.0794415416798357
PS2,2006,Fighting,THQ,2.58,80.0,27,8.6,57,Yuke's,T,2000s,Other,3.332204510175204,4.060443010546419
X360,2007,Action,LucasArts,2.57,80.0,24,7.4,114,Traveller's Tales,E10+,2000s,Other,3.2188758248682006,4.74493212836325
PS2,2007,Sports,Electronic Arts,2.57,78.0,11,7.8,17,EA Tiburon,E,2000s,Madden,2.4849066497880004,2.8903717578961645
PSP,2007,Role-Playing,Capcom,2.57,72.0,38,8.7,83,Capcom,T,2000s,Other,3.6635616461296463,4.430816798843313
GC,2001,Platform,Sega,2.56,73.0,28,8.3,179,Sonic Team,E,2000s,Other,3.367295829986474,5.19295685089021
PS3,2012,Sports,Electronic Arts,2.56,83.0,22,5.5,101,EA Tiburon,E,2010s,Madden,3.1354942159291497,4.624972813284271
X360,2009,Role-Playing,Electronic Arts,2.56,86.0,68,7.9,725,BioWare,M,2000s,Other,4.23410650459726,6.587550014824796
GC,2003,Role-Playing,Nintendo,2.54,73.0,37,8.0,89,Genius Sonority Inc.,E,2000s,Pokémon,3.6375861597263857,4.499809670330265
PSP,2009,Platform,Sony Computer Entertainment,2.54,87.0,68,7.8,98,"SCE/WWS, Media Molecule",E10+,2000s,Other,4.23410650459726,4.59511985013459
X360,2008,Sports,Electronic Arts,2.53,83.0,50,7.0,125,EA Tiburon,E,2000s,Madden,3.9318256327243257,4.836281906951478
PS2,2001,Racing,Acclaim Entertainment,2.52,80.0,15,7.9,46,Acclaim Studios Cheltenham,T,2000s,Other,2.772588722239781,3.8501476017100584
DS,2010,Misc,Nintendo,2.52,75.0,15,8.0,5,Headstrong Games,E,2010s,Other,2.772588722239781,1.791759469228055
X360,2013,Sports,Take-Two Interactive,2.52,87.0,23,4.9,150,Visual Concepts,E,2010s,Other,3.1780538303479458,5.017279836814924
Wii,2012,Action,Activision,2.52,78.0,8,7.0,20,Toys for Bob,E10+,2010s,Other,2.1972245773362196,3.044522437723423
Wii,2008,Sports,Konami Digital Entertainment,2.5,50.0,23,5.4,16,CAProduction,E,2000s,Other,3.1780538303479458,2.833213344056216
X360,2006,Role-Playing,Activision,2.5,82.0,68,7.5,120,Raven Software,T,2000s,Other,4.23410650459726,4.795790545596741
PS2,2002,Fighting,Midway Games,2.49,79.0,31,8.8,96,Midway,M,2000s,Other,3.4657359027997265,4.574710978503383
Wii,2007,Misc,Midway Games,2.48,25.0,8,4.3,26,Midway,E,2000s,Other,2.1972245773362196,3.295836866004329
PS4,2015,Action,Sony Computer Entertainment,2.48,92.0,100,8.6,6383,From Software,M,2010s,Other,4.61512051684126,8.761550139129644
GC,2002,Misc,Nintendo,2.47,70.0,26,7.4,74,Hudson,E,2000s,Mario,3.295836866004329,4.31748811353631
X360,2008,Racing,Disney Interactive Studios,2.47,85.0,55,7.7,83,Black Rock Studio,E,2000s,Other,4.02535169073515,4.430816798843313
PS3,2012,Sports,Take-Two Interactive,2.47,90.0,26,8.0,99,Visual Concepts,E,2010s,Other,3.295836866004329,4.605170185988092
PS3,2011,Action,THQ,2.47,82.0,50,7.7,384,Volition Inc.,M,2010s,Other,3.9318256327243257,5.953243334287785
PS3,2008,Shooter,Sony Computer Entertainment,2.46,87.0,79,6.1,1889,Insomniac Games,M,2000s,Other,4.382026634673881,7.5443321080536885
PS4,2014,Sports,Take-Two Interactive,2.45,83.0,50,7.0,291,Visual Concepts,E,2010s,Other,3.9318256327243257,5.676753802268282
PS,1997,Role-Playing,SquareSoft,2.45,83.0,12,8.2,190,SquareSoft,T,1990s,Final Fantasy,2.5649493574615367,5.25227342804663
PS3,2008,Racing,Take-Two Interactive,2.45,82.0,50,8.2,100,Rockstar San Diego,T,2000s,Other,3.9318256327243257,4.61512051684126
PS2,2003,Simulation,Electronic Arts,2.43,81.0,26,8.4,42,Maxis,T,2000s,Other,3.295836866004329,3.7612001156935624
PC,1997,Adventure,Red Orb,2.43,83.0,12,7.5,27,Cyan Worlds,E,1990s,Other,2.5649493574615367,3.332204510175204
Wii,2010,Action,Warner Bros. Interactive Entertainment,2.43,79.0,13,8.0,34,Traveller's Tales,E10+,2010s,Other,2.639057329615259,3.5553480614894135
XOne,2016,Shooter,Activision,2.42,78.0,17,3.1,290,Infinity Ward,M,2010s,Call of Duty,2.8903717578961645,5.673323267171493
XOne,2015,Sports,Electronic Arts,2.42,84.0,23,6.1,124,EA Sports,E,2010s,Madden,3.1780538303479458,4.8283137373023015
X360,2008,Shooter,Ubisoft,2.42,82.0,66,7.8,176,Ubisoft Montreal,M,2000s,Other,4.204692619390966,5.176149732573829
Wii,2010,Misc,THQ,2.42,71.0,9,7.5,27,THQ,E,2010s,Other,2.302585092994046,3.332204510175204
PSP,2006,Racing,Electronic Arts,2.42,73.0,14,7.9,39,EA Canada,E10+,2000s,Other,2.70805020110221,3.6888794541139363
PS2,2003,Fighting,Atari,2.41,66.0,28,8.2,92,Dimps Corporation,T,2000s,Other,3.367295829986474,4.532599493153256
PS3,2010,Sports,Konami Digital Entertainment,2.41,77.0,40,6.8,85,Konami,E,2010s,Other,3.713572066704308,4.454347296253507
PS2,2001,Racing,Sony Computer Entertainment,2.41,82.0,16,8.4,53,Rainbow Studios,E,2000s,Other,2.833213344056216,3.9889840465642745
PS2,2007,Racing,Electronic Arts,2.41,62.0,11,6.2,34,Black Box,E10+,2000s,Other,2.4849066497880004,3.5553480614894135
X360,2011,Shooter,Microsoft Game Studios,2.4,82.0,73,8.1,487,343 Industries,M,2010s,Other,4.304065093204169,6.1903154058531475
PS2,2005,Misc,RedOctane,2.38,91.0,65,8.7,173,Harmonix Music Systems,T,2000s,Other,4.189654742026425,5.159055299214529
PS3,2010,Sports,Electronic Arts,2.38,83.0,36,6.1,68,EA Tiburon,E,2010s,Madden,3.6109179126442243,4.23410650459726
X360,2011,Action,Deep Silver,2.37,71.0,75,6.9,627,Techland,M,2010s,Other,4.330733340286331,6.4425401664681985
PC,2004,Shooter,Vivendi Games,2.37,96.0,81,9.1,8665,Valve Software,M,2000s,Other,4.406719247264253,9.067162602299854
PS2,2004,Action,THQ,2.37,62.0,36,7.6,22,Heavy Iron Studios,T,2000s,Other,3.6109179126442243,3.1354942159291497
X360,2007,Sports,Electronic Arts,2.37,85.0,46,6.4,108,EA Tiburon,E,2000s,Madden,3.8501476017100584,4.6913478822291435
PS2,2004,Sports,Activision,2.37,83.0,59,8.8,55,Neversoft Entertainment,T,2000s,Other,4.0943445622221,4.02535169073515
X360,2010,Sports,505 Games,2.37,42.0,10,5.5,16,"Pipeworks Software, Inc.",E,2010s,Other,2.3978952727983707,2.833213344056216
PS3,2009,Sports,Electronic Arts,2.37,85.0,41,6.8,58,EA Tiburon,E,2000s,Madden,3.7376696182833684,4.07753744390572
X360,2008,Racing,Take-Two Interactive,2.35,81.0,66,8.5,142,Rockstar San Diego,T,2000s,Other,4.204692619390966,4.962844630259907
X360,2011,Misc,Microsoft Game Studios,2.35,73.0,33,2.9,67,Frontier Developments,E10+,2010s,Other,3.5263605246161616,4.219507705176107
PS2,2007,Fighting,THQ,2.34,71.0,11,7.2,31,Yuke's,T,2000s,Other,2.4849066497880004,3.4657359027997265
3DS,2015,Action,Nintendo,2.34,89.0,82,9.0,478,GREZZO,E10+,2010s,Zelda,4.418840607796598,6.171700597410915
PS2,2001,Action,Capcom,2.34,84.0,21,8.4,189,Capcom,M,2000s,Other,3.091042453358316,5.247024072160486
XOne,2015,Sports,Take-Two Interactive,2.34,86.0,14,6.2,115,Visual Concepts,E10+,2010s,Other,2.70805020110221,4.7535901911063645
X360,2011,Sports,Microsoft Game Studios,2.34,66.0,46,6.5,39,"Rare Ltd., BigPark",E,2010s,Other,3.8501476017100584,3.6888794541139363
PS2,2004,Shooter,Electronic Arts,2.31,84.0,42,9.1,51,EA Redwood Shores,T,2000s,Other,3.7612001156935624,3.9512437185814275
PS,1999,Racing,Electronic Arts,2.31,86.0,14,8.5,28,EA Canada,E,1990s,Other,2.70805020110221,3.367295829986474
PC,2012,Action,NCSoft,2.31,90.0,69,7.9,2954,ArenaNet,T,2010s,Other,4.248495242049359,7.991253929840198
3DS,2012,Role-Playing,Nintendo,2.3,75.0,69,5.6,382,Intelligent Systems,E,2010s,Mario,4.248495242049359,5.948034989180646
PS3,2013,Action,Warner Bros. Interactive Entertainment,2.29,76.0,46,7.7,668,WB Games Montreal,T,2010s,Other,3.8501476017100584,6.505784060128229
PS3,2007,Action,LucasArts,2.29,80.0,18,6.7,87,Traveller's Tales,E10+,2000s,Other,2.9444389791664403,4.477336814478207
XB,2004,Racing,Electronic Arts,2.28,77.0,35,8.7,27,EA Canada,E,2000s,Other,3.58351893845611,3.332204510175204
PS3,2009,Sports,Konami Digital Entertainment,2.28,78.0,42,6.7,76,Konami,E,2000s,Other,3.7612001156935624,4.343805421853684
PS2,2008,Sports,Electronic Arts,2.28,82.0,8,6.9,20,EA Canada,E,2000s,FIFA,2.1972245773362196,3.044522437723423
DS,2010,Action,Warner Bros. Interactive Entertainment,2.28,72.0,7,7.2,6,TT Fusion,E10+,2010s,Other,2.0794415416798357,1.9459101490553132
X360,2010,Simulation,Electronic Arts,2.28,76.0,42,7.1,71,The Sims Studio,T,2010s,Other,3.7612001156935624,4.276666119016055
DS,2008,Role-Playing,Nintendo,2.28,68.0,24,8.2,27,"HAL Labs, Creatures Inc.",E,2000s,Pokemon,3.2188758248682006,3.332204510175204
PS3,2011,Action,Deep Silver,2.27,71.0,41,6.6,405,Techland,M,2010s,Other,3.7376696182833684,6.0063531596017325
GBA,2002,Platform,Nintendo,2.27,81.0,24,8.9,54,HAL Labs,E,2000s,Other,3.2188758248682006,4.007333185232471
GBA,2001,Platform,Nintendo,2.26,88.0,17,8.9,42,Nintendo,E,2000s,Other,2.8903717578961645,3.7612001156935624
PS3,2009,Misc,Sega,2.26,80.0,35,8.6,43,Backbone Entertainment,E10+,2000s,Other,3.58351893845611,3.784189633918261
PS4,2016,Action,Ubisoft,2.26,76.0,91,6.3,635,Ubisoft Montreal,M,2010s,Other,4.5217885770490405,6.455198563340122
XOne,2016,Shooter,Electronic Arts,2.25,87.0,37,8.2,440,EA DICE,M,2010s,Other,3.6375861597263857,6.089044875446846
PS2,2002,Adventure,Capcom,2.25,84.0,31,9.0,52,Capcom,M,2000s,Other,3.4657359027997265,3.970291913552122
GC,2004,Role-Playing,Nintendo,2.25,87.0,55,9.4,306,Intelligent Systems,E,2000s,Mario,4.02535169073515,5.726847747587197
PS3,2011,Sports,Electronic Arts,2.25,79.0,31,5.5,56,EA Tiburon,E,2010s,Madden,3.4657359027997265,4.04305126783455
PS3,2013,Action,Sony Computer Entertainment,2.25,80.0,89,7.5,914,SCE Santa Monica,M,2010s,Other,4.499809670330265,6.818924065275521
PS3,2007,Misc,Activision,2.24,83.0,45,7.8,52,Neversoft Entertainment,T,2000s,Other,3.828641396489095,3.970291913552122
GBA,2001,Platform,Sega,2.24,87.0,22,8.1,48,Sonic Team,E,2000s,Other,3.1354942159291497,3.8918202981106265
Wii,2006,Misc,Sega,2.24,74.0,53,5.7,72,Sega,E,2000s,Other,3.9889840465642745,4.290459441148391
WiiU,2013,Platform,Nintendo,2.24,77.0,59,7.9,288,Nintendo,E,2010s,Other,4.0943445622221,5.666426688112432
GBA,2001,Platform,Vivendi Games,2.23,74.0,16,8.0,13,Digital Eclipse,E,2000s,Other,2.833213344056216,2.639057329615259
PSP,2008,Fighting,Square Enix,2.23,79.0,61,8.0,139,Square Enix,T,2000s,Final Fantasy,4.127134385045092,4.941642422609304
X360,2013,Sports,Electronic Arts,2.23,80.0,32,5.6,136,EA Sports,E,2010s,Madden,3.4965075614664802,4.919980925828125
PS3,2012,Shooter,Take-Two Interactive,2.23,91.0,25,8.2,858,Gearbox Software,M,2010s,Other,3.258096538021482,6.755768921984256
PS2,2003,Action,Ubisoft,2.22,92.0,44,8.8,204,Ubisoft,T,2000s,Other,3.8066624897703196,5.3230099791384085
Wii,2009,Role-Playing,Nintendo,2.22,84.0,70,8.6,219,Capcom,T,2000s,Other,4.2626798770413155,5.393627546352361
X360,2013,Action,Warner Bros. Interactive Entertainment,2.22,80.0,37,7.6,127,TT Games,E10+,2010s,Other,3.6375861597263857,4.852030263919617
PS4,2015,Shooter,Ubisoft,2.21,73.0,40,7.3,480,Ubisoft Montreal,M,2010s,Other,3.713572066704308,6.175867270105761
PS3,2008,Action,LucasArts,2.21,71.0,47,6.6,233,LucasArts,T,2000s,Other,3.8712010109078907,5.455321115357702
X360,2007,Misc,Activision,2.2,92.0,55,8.1,220,Harmonix Music Systems,T,2000s,Other,4.02535169073515,5.3981627015177525
XOne,2013,Racing,Microsoft Game Studios,2.2,79.0,76,5.9,1095,Turn 10,E,2010s,Other,4.343805421853684,6.999422467507961
X360,2008,Misc,Electronic Arts,2.2,92.0,69,8.3,156,Harmonix Music Systems,T,2000s,Other,4.248495242049359,5.056245805348308
X360,2010,Racing,Electronic Arts,2.2,88.0,73,7.0,206,Criterion Games,E10+,2010s,Other,4.304065093204169,5.332718793265369
DS,2008,Action,Activision,2.2,80.0,15,7.9,16,TT Fusion,E,2000s,Other,2.772588722239781,2.833213344056216
X360,2010,Shooter,Take-Two Interactive,2.2,88.0,93,8.2,573,2K Marin,M,2010s,Other,4.543294782270004,6.352629396319567
XB,2003,Role-Playing,Activision,2.19,94.0,72,9.2,317,BioWare,T,2000s,Other,4.290459441148391,5.762051382780177
PS4,2014,Sports,Electronic Arts,2.19,81.0,37,6.1,208,EA Sports,E,2010s,Madden,3.6375861597263857,5.342334251964811
PS3,2011,Action,Konami Digital Entertainment,2.19,80.0,41,6.6,132,Konami,E,2010s,Other,3.7376696182833684,4.890349128221754
X360,2006,Action,THQ,2.18,81.0,74,7.5,211,Volition Inc.,M,2000s,Other,4.31748811353631,5.356586274672012
PS2,2002,Racing,THQ,2.18,82.0,26,8.9,28,Rainbow Studios,E,2000s,Other,3.295836866004329,3.367295829986474
XOne,2014,Sports,Electronic Arts,2.18,82.0,33,5.4,347,EA Sports,E,2010s,FIFA,3.5263605246161616,5.8522024797744745
XOne,2016,Shooter,Ubisoft,2.16,80.0,33,6.9,614,Massive Entertainment,M,2010s,Other,3.5263605246161616,6.421622267806518
X360,2010,Role-Playing,Square Enix,2.16,82.0,54,6.3,539,Square Enix,T,2010s,Final Fantasy,4.007333185232471,6.29156913955832
PC,2001,Simulation,Electronic Arts,2.16,74.0,17,7.9,30,Maxis,T,2000s,Other,2.8903717578961645,3.4339872044851463
DS,2009,Puzzle,Warner Bros. Interactive Entertainment,2.16,79.0,72,7.6,110,5TH Cell,E10+,2000s,Other,4.290459441148391,4.709530201312334
Wii,2008,Platform,Sega,2.16,66.0,30,7.3,136,Sonic Team,E10+,2000s,Other,3.4339872044851463,4.919980925828125
DS,2006,Role-Playing,Nintendo,2.15,69.0,21,7.6,50,HAL Labs,E,2000s,Pokemon,3.091042453358316,3.9318256327243257
PS4,2016,Shooter,Activision,2.14,90.0,31,6.1,1358,Blizzard Entertainment,T,2010s,Other,3.4657359027997265,7.214504414151143
PS3,2012,Action,Square Enix,2.14,83.0,30,7.5,511,Io Interactive,M,2010s,Other,3.4339872044851463,6.238324625039508
PSP,2007,Shooter,Activision,2.13,64.0,45,7.5,30,Amaze Entertainment,T,2000s,Call of Duty,3.828641396489095,3.4339872044851463
PS2,2004,Simulation,Konami Digital Entertainment,2.13,77.0,26,9.0,20,KCET,E,2000s,Other,3.295836866004329,3.044522437723423
GBA,2003,Role-Playing,SquareSoft,2.13,87.0,44,7.8,212,Square Enix,E,2000s,Final Fantasy,3.8066624897703196,5.3612921657094255
Wii,2009,Sports,Ubisoft,2.12,62.0,5,5.2,54,Ubisoft,E,2000s,Other,1.791759469228055,4.007333185232471
XB,2001,Racing,Microsoft Game Studios,2.12,85.0,35,8.2,28,Bizarre Creations,E,2000s,Other,3.58351893845611,3.367295829986474
PS3,2011,Sports,Take-Two Interactive,2.11,90.0,38,6.7,127,Visual Concepts,E,2010s,Other,3.6635616461296463,4.852030263919617
PS2,2002,Racing,Electronic Arts,2.11,89.0,31,8.5,92,Black Box,E,2000s,Other,3.4657359027997265,4.532599493153256
PS2,2003,Action,Tecmo Koei,2.11,78.0,24,9.3,201,Omega Force,T,2000s,Other,3.2188758248682006,5.308267697401205
PS3,2013,Sports,Take-Two Interactive,2.11,84.0,26,4.9,142,Visual Concepts,E,2010s,Other,3.295836866004329,4.962844630259907
PS,1998,Role-Playing,SquareSoft,2.1,81.0,17,8.9,89,SquareSoft,M,1990s,Other,2.8903717578961645,4.499809670330265
DS,2006,Puzzle,Nintendo,2.1,84.0,56,8.7,44,Nintendo,E,2000s,Other,4.04305126783455,3.8066624897703196
PS4,2015,Shooter,Electronic Arts,2.1,73.0,46,5.0,845,Visceral Games,M,2010s,Other,3.8501476017100584,6.740519359606223
X360,2011,Fighting,Warner Bros. Interactive Entertainment,2.1,86.0,66,8.3,382,NetherRealm Studios,M,2010s,Other,4.204692619390966,5.948034989180646
PS3,2009,Shooter,Take-Two Interactive,2.09,83.0,58,7.9,427,Gearbox Software,M,2000s,Other,4.07753744390572,6.059123195581797
PS2,2005,Action,Capcom,2.09,84.0,60,9.0,212,Capcom,M,2000s,Other,4.110873864173311,5.3612921657094255
X360,2010,Action,Take-Two Interactive,2.09,89.0,50,8.1,100,Visual Concepts,E,2010s,Other,3.9318256327243257,4.61512051684126
PS4,2015,Action,Warner Bros. Interactive Entertainment,2.09,74.0,58,7.9,1287,Techland,M,2010s,Other,4.07753744390572,7.160845906664299
X360,2006,Action,Capcom,2.08,85.0,82,7.6,520,Capcom,M,2000s,Other,4.418840607796598,6.255750041753367
PC,2010,Role-Playing,Activision,2.08,90.0,53,5.6,953,Blizzard Entertainment,T,2010s,Other,3.9889840465642745,6.860663671448287
PS2,2002,Puzzle,THQ,2.08,44.0,7,6.2,11,Blue Planet Software,E,2000s,Other,2.0794415416798357,2.4849066497880004
DS,2006,Role-Playing,Square Enix,2.08,77.0,45,7.1,136,Matrix Software,E10+,2000s,Final Fantasy,3.828641396489095,4.919980925828125
GC,2003,Misc,Nintendo,2.08,69.0,33,8.2,57,Hudson,E,2000s,Mario,3.5263605246161616,4.060443010546419
X360,2011,Shooter,Valve Software,2.08,95.0,66,8.5,997,Valve Software,E10+,2010s,Other,4.204692619390966,6.905753276311464
Wii,2010,Sports,Nintendo,2.08,64.0,54,7.1,34,Square Enix,E,2010s,Mario,4.007333185232471,3.5553480614894135
PSP,2005,Racing,Electronic Arts,2.07,72.0,21,7.8,54,EA Canada,E10+,2000s,Other,3.091042453358316,4.007333185232471
DS,2006,Simulation,Electronic Arts,2.07,49.0,5,5.2,24,Full Fat,E,2000s,Other,1.791759469228055,3.2188758248682006
Wii,2007,Simulation,Konami Digital Entertainment,2.07,73.0,16,7.1,27,Konami,E10+,2000s,Other,2.833213344056216,3.332204510175204
PS4,2014,Racing,Sony Computer Entertainment,2.07,71.0,85,6.1,1571,Evolution Studios,E,2010s,Other,4.454347296253507,7.360103972989152
X360,2009,Fighting,THQ,2.06,83.0,68,7.9,51,Yuke's,T,2000s,Other,4.23410650459726,3.9512437185814275
PSP,2010,Action,Konami Digital Entertainment,2.06,89.0,66,8.9,443,Kojima Productions,T,2010s,Other,4.204692619390966,6.095824562432225
GBA,2004,Action,THQ,2.06,55.0,13,7.5,27,Helixe,E,2000s,Other,2.639057329615259,3.332204510175204
PS,1998,Racing,Namco Bandai Games,2.06,88.0,18,9.2,21,Namco,Unknown,1990s,Other,2.9444389791664403,3.091042453358316
PSP,2010,Role-Playing,Square Enix,2.06,82.0,62,8.6,208,Square Enix,E10+,2010s,Other,4.143134726391533,5.342334251964811
PS2,2003,Fighting,Namco Bandai Games,2.06,92.0,41,8.8,120,Namco,T,2000s,Other,3.7376696182833684,4.795790545596741
X360,2007,Racing,Electronic Arts,2.05,72.0,42,7.1,78,EA Black Box,E10+,2000s,Other,3.7612001156935624,4.3694478524670215
GC,2002,Misc,Infogrames,2.05,75.0,26,8.8,41,Sonic Team,E,2000s,Other,3.295836866004329,3.7376696182833684
PS3,2008,Racing,Electronic Arts,2.05,59.0,40,5.9,71,EA Vancouver,T,2000s,Other,3.713572066704308,4.276666119016055
PS2,2006,Shooter,Sony Computer Entertainment,2.04,72.0,38,9.0,34,Zipper Interactive,T,2000s,Other,3.6635616461296463,3.5553480614894135
PS2,2005,Action,Ubisoft,2.04,82.0,41,8.2,68,Ubisoft Montpellier,T,2000s,Other,3.7376696182833684,4.23410650459726
PS3,2007,Racing,Electronic Arts,2.04,73.0,26,6.0,43,EA Black Box,E10+,2000s,Other,3.295836866004329,3.784189633918261
GBA,2003,Platform,Nintendo,2.04,78.0,26,8.9,53,Rare Ltd.,E,2000s,Other,3.295836866004329,3.9889840465642745
X360,2011,Misc,Microsoft Game Studios,2.04,86.0,56,8.2,63,Harmonix Music Systems,T,2010s,Other,4.04305126783455,4.1588830833596715
DS,2008,Misc,Take-Two Interactive,2.03,48.0,11,3.3,4,Cat Daddy Games,E,2000s,Other,2.4849066497880004,1.6094379124341003
PS2,2003,Sports,Electronic Arts,2.03,86.0,19,7.7,41,EA Sports,E,2000s,Other,2.995732273553991,3.7376696182833684
X360,2005,Shooter,Activision,2.03,89.0,65,8.1,307,Infinity Ward,T,2000s,Call of Duty,4.189654742026425,5.730099782973575
Wii,2008,Misc,Ubisoft,2.03,73.0,24,7.7,29,"Ubisoft Paris, Ubisoft Montpellier",E10+,2000s,Other,3.2188758248682006,3.4011973816621555
DS,2005,Role-Playing,Nintendo,2.02,62.0,34,8.1,97,ChunSoft,E,2000s,Pokémon,3.5553480614894135,4.584967478670572
PS3,2011,Role-Playing,Namco Bandai Games,2.02,89.0,54,8.7,1397,From Software,M,2010s,Other,4.007333185232471,7.242797922793756
X360,2011,Misc,Ubisoft,2.02,70.0,34,7.7,17,Ubisoft,E10+,2010s,Other,3.5553480614894135,2.8903717578961645
XOne,2013,Shooter,Electronic Arts,2.02,81.0,5,6.6,480,EA DICE,M,2010s,Other,1.791759469228055,6.175867270105761
3DS,2012,Role-Playing,Nintendo,2.01,92.0,72,9.1,1130,Intelligent Systems,T,2010s,Other,4.290459441148391,7.030857476116121
PS3,2011,Action,Electronic Arts,2.01,64.0,48,6.4,182,Black Box,T,2010s,Other,3.8918202981106265,5.209486152841421
PS4,2014,Role-Playing,Electronic Arts,2.01,89.0,43,7.4,1984,BioWare,M,2010s,Other,3.784189633918261,7.59337419312129
PS3,2008,Action,Electronic Arts,2.0,88.0,67,8.8,545,EA Redwood Shores,M,2000s,Other,4.219507705176107,6.302618975744905
PS3,2008,Fighting,Midway Games,2.0,76.0,44,7.1,107,Midway,T,2000s,Other,3.8066624897703196,4.68213122712422
DS,2007,Puzzle,Midway Games,2.0,71.0,19,5.7,9,Midway Studios - San Diego,E10+,2000s,Other,2.995732273553991,2.302585092994046
PS,1997,Action,Activision,1.99,87.0,14,8.8,45,Acquire,M,1990s,Other,2.70805020110221,3.828641396489095
GBA,2002,Action,Electronic Arts,1.99,76.0,11,7.9,14,Eurocom Entertainment Software,E,2000s,Other,2.4849066497880004,2.70805020110221
DS,2009,Role-Playing,Square Enix,1.98,75.0,53,7.8,162,h.a.n.d. Inc.,E10+,2000s,Other,3.9889840465642745,5.093750200806762
PS3,2010,Sports,Electronic Arts,1.98,80.0,46,7.6,82,EA Black Box,T,2010s,Other,3.8501476017100584,4.418840607796598
PS4,2013,Racing,Electronic Arts,1.98,80.0,53,6.2,667,Ghost Games,E10+,2010s,Other,3.9889840465642745,6.504288173536645
PS2,2002,Platform,Universal Interactive,1.97,56.0,20,4.1,95,Check Six Games,E,2000s,Other,3.044522437723423,4.564348191467836
PS2,2003,Action,Capcom,1.97,68.0,40,6.6,167,Capcom,M,2000s,Other,3.713572066704308,5.123963979403259
PSP,2004,Sports,Sony Computer Entertainment,1.96,81.0,57,8.7,34,Clap Hanz,E10+,2000s,Other,4.060443010546419,3.5553480614894135
X360,2012,Racing,Microsoft Game Studios,1.96,85.0,83,8.4,431,"PLAYGROUND, Playground Games",T,2010s,Other,4.430816798843313,6.068425588244111
X360,2006,Shooter,Ubisoft,1.95,88.0,69,8.3,225,Ubisoft Montreal,M,2000s,Other,4.248495242049359,5.420534999272286
PS2,2003,Racing,Vivendi Games,1.95,69.0,24,7.7,59,Vicarious Visions,E,2000s,Other,3.2188758248682006,4.0943445622221
X360,2012,Shooter,Capcom,1.95,67.0,71,5.0,1407,Capcom,M,2010s,Other,4.276666119016055,7.249925536717988
XB,2005,Action,Take-Two Interactive,1.95,93.0,58,8.6,118,Rockstar North,AO,2000s,Grand Theft Auto,4.07753744390572,4.77912349311153
PS2,2003,Sports,Electronic Arts,1.95,90.0,31,8.8,70,Electronic Arts,E,2000s,Other,3.4657359027997265,4.2626798770413155
PS2,2003,Fighting,Electronic Arts,1.94,80.0,33,8.9,41,Aki Corp.,T,2000s,Other,3.5263605246161616,3.7376696182833684
DS,2006,Platform,Nintendo,1.94,71.0,29,8.1,41,"Flagship, HAL Labs",E,2000s,Other,3.4011973816621555,3.7376696182833684
PS3,2008,Racing,Electronic Arts,1.94,87.0,55,7.7,455,Criterion Games,E10+,2000s,Other,4.02535169073515,6.1224928095143865
PS3,2010,Simulation,Electronic Arts,1.94,78.0,39,6.4,55,The Sims Studio,T,2010s,Other,3.6888794541139363,4.02535169073515
X360,2008,Sports,Electronic Arts,1.94,87.0,51,8.0,106,EA Canada,E,2000s,FIFA,3.9512437185814275,4.672828834461906
PS2,2004,Fighting,Atari,1.94,77.0,32,8.9,137,Dimps Corporation,T,2000s,Other,3.4965075614664802,4.927253685157205
Wii,2008,Shooter,Activision,1.94,83.0,19,7.6,78,Exakt,M,2000s,Call of Duty,2.995732273553991,4.3694478524670215
PS2,2002,Shooter,Ubisoft,1.94,63.0,18,8.3,22,Ubisoft,M,2000s,Other,2.9444389791664403,3.1354942159291497
X360,2013,Shooter,Take-Two Interactive,1.93,93.0,33,8.5,1647,Irrational Games,M,2010s,Other,3.5263605246161616,7.4073177104694174
PS2,2004,Role-Playing,Activision,1.93,79.0,48,8.5,69,Raven Software,T,2000s,Other,3.8918202981106265,4.248495242049359
X360,2008,Fighting,Midway Games,1.93,72.0,61,7.5,87,Midway,T,2000s,Other,4.127134385045092,4.477336814478207
PS4,2015,Shooter,Activision,1.93,86.0,81,6.0,1079,Bungie,T,2010s,Other,4.406719247264253,6.984716320118265
PS2,2001,Shooter,THQ,1.92,88.0,25,8.0,69,Volition Inc.,M,2000s,Other,3.258096538021482,4.248495242049359
PC,2003,Simulation,Electronic Arts,1.92,80.0,22,8.6,31,Maxis,T,2000s,Other,3.1354942159291497,3.4657359027997265
3DS,2013,Misc,Nintendo,1.92,57.0,47,6.3,117,"Nintendo, Nd Cube",E,2010s,Mario,3.8712010109078907,4.770684624465665
PS2,2004,Racing,THQ,1.92,80.0,18,9.2,46,Rainbow Studios,E,2000s,Other,2.9444389791664403,3.8501476017100584
PS,1996,Misc,Sony Computer Entertainment,1.92,92.0,15,7.4,48,NanaOn-Sha,K-A,1990s,Other,2.772588722239781,3.8918202981106265
PS3,2008,Misc,Activision,1.92,84.0,43,7.5,80,Neversoft Entertainment,T,2000s,Other,3.784189633918261,4.394449154672439
X360,2009,Racing,Electronic Arts,1.91,83.0,75,6.5,134,Slightly Mad Studios,E,2000s,Other,4.330733340286331,4.90527477843843
PS3,2013,Role-Playing,Activision,1.91,86.0,43,6.4,557,Blizzard Entertainment,M,2010s,Other,3.784189633918261,6.324358962381311
PS4,2014,Platform,Sony Computer Entertainment,1.91,79.0,78,7.1,506,Sumo Digital,E,2010s,Other,4.3694478524670215,6.2285110035911835
GC,2001,Simulation,LucasArts,1.9,90.0,45,8.6,80,Factor 5,T,2000s,Other,3.828641396489095,4.394449154672439
Wii,2008,Sports,Nintendo,1.89,69.0,31,7.8,58,Namco Bandai Games,E,2000s,Mario,3.4657359027997265,4.07753744390572
Wii,2008,Misc,Electronic Arts,1.89,70.0,11,7.8,17,Electronic Arts,E,2000s,Other,2.4849066497880004,2.8903717578961645
PS3,2008,Sports,Electronic Arts,1.88,85.0,38,4.4,132,EA Tiburon,E,2000s,Madden,3.6635616461296463,4.890349128221754
X360,2013,Action,Warner Bros. Interactive Entertainment,1.88,74.0,46,7.5,685,WB Games Montreal,T,2010s,Other,3.8501476017100584,6.530877627725885
Wii,2008,Misc,Midway Games,1.88,29.0,7,4.6,7,Midway,E,2000s,Other,2.0794415416798357,2.0794415416798357
PS2,2004,Fighting,Midway Games,1.88,81.0,43,8.5,90,Midway,M,2000s,Other,3.784189633918261,4.51085950651685
PS4,2016,Sports,Take-Two Interactive,1.88,88.0,47,6.7,162,Visual Concepts,E,2010s,Other,3.8712010109078907,5.093750200806762
Wii,2009,Misc,Disney Interactive Studios,1.88,49.0,15,6.6,13,Papaya Studios,E,2000s,Other,2.772588722239781,2.639057329615259
GC,2002,Adventure,Nintendo,1.87,82.0,39,7.7,145,Rare Ltd.,T,2000s,Other,3.6888794541139363,4.983606621708336
PS3,2013,Sports,Electronic Arts,1.87,76.0,19,4.1,91,EA Sports,E,2010s,Madden,2.995732273553991,4.5217885770490405
PS2,2001,Action,THQ,1.87,78.0,17,9.1,90,Omega Force,T,2000s,Other,2.8903717578961645,4.51085950651685
XB,2005,Sports,Electronic Arts,1.86,86.0,39,6.7,41,EA Sports,E,2000s,Madden,3.6888794541139363,3.7376696182833684
PS2,2004,Platform,Activision,1.86,71.0,32,8.5,24,"Luxoflux, Inc.",E,2000s,Other,3.4965075614664802,3.2188758248682006
PS,1999,Role-Playing,Sony Computer Entertainment,1.86,74.0,12,8.4,248,SCEI,T,1990s,Other,2.5649493574615367,5.517452896464707
Wii,2008,Action,LucasArts,1.86,71.0,18,7.9,75,Krome Studios,T,2000s,Other,2.9444389791664403,4.330733340286331
PS2,2001,Sports,Electronic Arts,1.86,70.0,16,7.4,8,Electronic Arts,E,2000s,Other,2.833213344056216,2.1972245773362196
PS4,2015,Action,Square Enix,1.86,73.0,42,6.5,403,Avalanche Studios,M,2010s,Other,3.7612001156935624,6.0014148779611505
PS,1999,Role-Playing,SquareSoft,1.86,94.0,16,8.1,297,SquareSoft,T,1990s,Other,2.833213344056216,5.697093486505405
PS2,2004,Platform,Sony Computer Entertainment,1.85,84.0,55,8.6,246,Naughty Dog,T,2000s,Other,4.02535169073515,5.5093883366279774
GBA,2004,Role-Playing,Square Enix,1.85,76.0,37,7.9,84,Jupiter Corporation,E,2000s,Other,3.6375861597263857,4.442651256490317
PS3,2012,Shooter,Take-Two Interactive,1.85,87.0,31,7.8,790,Rockstar Studios,M,2010s,Other,3.4657359027997265,6.673297967767654
PS3,2013,Action,Warner Bros. Interactive Entertainment,1.84,82.0,22,7.9,76,TT Games,E10+,2010s,Other,3.1354942159291497,4.343805421853684
DS,2009,Action,Disney Interactive Studios,1.84,80.0,4,4.5,8,Altron,E,2000s,Other,1.6094379124341003,2.1972245773362196
PS2,2005,Sports,Electronic Arts,1.84,87.0,25,8.5,36,EA Sports,E,2000s,Other,3.258096538021482,3.6109179126442243
Wii,2007,Misc,Ubisoft,1.83,67.0,25,8.3,66,Ubisoft Montpellier,E10+,2000s,Other,3.258096538021482,4.204692619390966
3DS,2014,Platform,Nintendo,1.83,80.0,68,8.8,206,HAL Labs,E,2010s,Other,4.23410650459726,5.332718793265369
DS,2010,Platform,Sega,1.83,70.0,24,7.5,28,Creative Assembly,E,2010s,Other,3.2188758248682006,3.367295829986474
PS3,2011,Action,Sony Computer Entertainment,1.82,83.0,90,8.4,932,Sucker Punch,T,2010s,Other,4.51085950651685,6.838405200847344
PC,2012,Role-Playing,Activision,1.82,82.0,42,4.8,1265,Blizzard Entertainment,T,2010s,Other,3.7612001156935624,7.143617602704121
PS2,2001,Misc,Namco Bandai Games,1.82,72.0,9,6.0,5,Mass Media,E,2000s,Other,2.302585092994046,1.791759469228055
PC,2001,Simulation,Electronic Arts,1.82,85.0,17,7.9,70,Maxis,T,2000s,Other,2.8903717578961645,4.2626798770413155
PS3,2009,Role-Playing,Namco Bandai Games,1.82,89.0,81,8.9,1441,From Software,M,2000s,Other,4.406719247264253,7.273786317844895
X360,2007,Shooter,Electronic Arts,1.82,96.0,54,8.9,797,Valve Software,M,2000s,Other,4.007333185232471,6.682108597449809
PS2,2003,Simulation,Konami Digital Entertainment,1.81,82.0,27,8.2,11,Konami,E,2000s,Other,3.332204510175204,2.4849066497880004
PS2,2002,Fighting,Sega,1.81,94.0,36,8.0,84,Sega AM2,T,2000s,Other,3.6109179126442243,4.442651256490317
PS4,2016,Action,Take-Two Interactive,1.81,68.0,66,5.1,1147,Hangar 13,M,2010s,Other,4.204692619390966,7.045776576879511
PS2,2004,Platform,Sony Computer Entertainment,1.81,88.0,64,9.0,178,Sucker Punch,E,2000s,Other,4.174387269895637,5.187385805840755
GBA,2002,Platform,Sega,1.8,83.0,23,8.3,46,Dimps Corporation,E,2000s,Other,3.1780538303479458,3.8501476017100584
X360,2006,Sports,Electronic Arts,1.8,80.0,54,6.0,148,EA Tiburon,E,2000s,Madden,4.007333185232471,5.003946305945459
PS3,2010,Action,Take-Two Interactive,1.8,89.0,46,7.6,105,Visual Concepts,E,2010s,Other,3.8501476017100584,4.663439094112067
XOne,2015,Racing,Microsoft Game Studios,1.8,87.0,85,7.9,863,Turn 10,E,2010s,Other,4.454347296253507,6.761572768804055
PS4,2014,Action,Bethesda Softworks,1.79,75.0,65,7.3,1223,Tango Gameworks,M,2010s,Other,4.189654742026425,7.1098794630722715
Wii,2007,Shooter,Nintendo,1.79,90.0,62,8.9,491,Retro Studios,T,2000s,Other,4.143134726391533,6.198478716492308
PS2,2003,Racing,Take-Two Interactive,1.78,85.0,41,8.5,47,Rockstar San Diego,T,2000s,Other,3.7376696182833684,3.8712010109078907
PS2,2004,Action,Sony Computer Entertainment,1.78,57.0,53,7.6,47,SCEE London Studio,M,2000s,Other,3.9889840465642745,3.8712010109078907
PS2,2005,Action,Vivendi Games,1.77,47.0,21,6.6,129,Genuine Games,M,2000s,Other,3.091042453358316,4.867534450455582
XB,2001,Fighting,Microsoft Game Studios,1.77,87.0,35,8.6,44,Team Ninja,T,2000s,Other,3.58351893845611,3.8066624897703196
DS,2006,Role-Playing,Square Enix,1.76,75.0,30,7.4,27,TOSE,E10+,2000s,Other,3.4339872044851463,3.332204510175204
Wii,2011,Action,LucasArts,1.76,76.0,7,7.7,10,Traveller's Tales,E10+,2010s,Other,2.0794415416798357,2.3978952727983707
PS3,2009,Fighting,THQ,1.76,84.0,58,8.1,47,THQ,T,2000s,Other,4.07753744390572,3.8712010109078907
PS2,2004,Platform,THQ,1.76,75.0,5,9.0,54,Heavy Iron Studios,E,2000s,Other,1.791759469228055,4.007333185232471
GBA,2001,Role-Playing,Nintendo,1.76,91.0,29,9.3,198,Camelot Software Planning,E,2000s,Other,3.4011973816621555,5.293304824724492
PS2,2004,Fighting,Electronic Arts,1.76,83.0,46,8.9,73,Aki Corp.,M,2000s,Other,3.8501476017100584,4.304065093204169
XB,2002,Shooter,Ubisoft,1.76,84.0,29,6.1,27,Red Storm Entertainment,M,2000s,Other,3.4011973816621555,3.332204510175204
PS2,2002,Action,Take-Two Interactive,1.76,71.0,34,5.7,33,VIS Entertainment,M,2000s,Other,3.5553480614894135,3.5263605246161616
PS2,2004,Simulation,Electronic Arts,1.76,70.0,25,8.2,24,Maxis,T,2000s,Other,3.258096538021482,3.2188758248682006
PS2,2001,Simulation,Activision,1.76,84.0,25,8.0,21,LucasArts,T,2000s,Other,3.258096538021482,3.091042453358316
XB,2004,Shooter,Activision,1.75,80.0,55,9.1,57,Pandemic Studios,T,2000s,Other,4.02535169073515,4.060443010546419
PS4,2016,Sports,Electronic Arts,1.75,82.0,35,4.9,83,EA Sports,E,2010s,Madden,3.58351893845611,4.430816798843313
PS3,2010,Action,Square Enix,1.75,83.0,66,8.0,291,Avalanche Studios,M,2010s,Other,4.204692619390966,5.676753802268282
PS3,2007,Sports,Electronic Arts,1.75,81.0,28,7.1,47,EA Canada,E,2000s,FIFA,3.367295829986474,3.8712010109078907
X360,2007,Shooter,Microsoft Game Studios,1.75,83.0,75,8.0,340,Realtime Worlds,M,2000s,Other,4.330733340286331,5.831882477283517
WiiU,2013,Misc,Nintendo,1.75,65.0,38,6.8,135,Nd Cube,E,2010s,Other,3.6635616461296463,4.912654885736052
PS2,2008,Simulation,Konami Digital Entertainment,1.75,55.0,6,6.2,6,Konami,E10+,2000s,Other,1.9459101490553132,1.9459101490553132
PS2,2002,Role-Playing,Namco Bandai Games,1.74,83.0,35,8.7,99,Monolith Soft,T,2000s,Other,3.58351893845611,4.605170185988092
X360,2012,Action,Microsoft Game Studios,1.74,55.0,61,3.5,145,Terminal Reality,T,2010s,Other,4.127134385045092,4.983606621708336
PS3,2012,Role-Playing,Capcom,1.74,78.0,38,8.3,444,Capcom,M,2010s,Other,3.6635616461296463,6.09807428216624
PS4,2015,Shooter,Sony Computer Entertainment,1.74,63.0,94,6.6,3172,"Ready at Dawn, SCE Santa Monica",M,2010s,Other,4.553876891600541,8.062432791583195
PS2,2001,Sports,Electronic Arts,1.73,92.0,33,8.9,71,EA Canada,E,2000s,Other,3.5263605246161616,4.276666119016055
PS4,2013,Platform,Sony Computer Entertainment Europe,1.73,54.0,83,6.5,1074,SCE Japan Studio,E10+,2010s,Other,4.430816798843313,6.980075940561763
DS,2010,Role-Playing,Nintendo,1.73,78.0,41,8.1,31,ArtePiazza,T,2010s,Other,3.7376696182833684,3.4657359027997265
GBA,2002,Platform,Universal Interactive,1.73,78.0,18,7.9,27,Vicarious Visions,E,2000s,Other,2.9444389791664403,3.332204510175204
X360,2012,Action,Square Enix,1.73,79.0,51,7.1,453,Io Interactive,M,2010s,Other,3.9512437185814275,6.118097198041348
PS4,2014,Racing,Ubisoft,1.72,61.0,60,5.4,575,"Ubisoft Reflections, Ivory Tower",T,2010s,Other,4.110873864173311,6.3561076606958915
XOne,2014,Sports,Take-Two Interactive,1.72,82.0,9,6.3,101,Visual Concepts,E,2010s,Other,2.302585092994046,4.624972813284271
XB,2004,Sports,Electronic Arts,1.72,91.0,39,7.6,26,EA Tiburon,E,2000s,Madden,3.6888794541139363,3.295836866004329
PS2,2003,Role-Playing,Ubisoft,1.72,80.0,55,7.7,134,Tri-Ace,T,2000s,Other,4.02535169073515,4.90527477843843
PC,2011,Shooter,Activision,1.72,78.0,26,2.5,5664,"Infinity Ward, Sledgehammer Games",M,2010s,Call of Duty,3.295836866004329,8.642062173462106
X360,2012,Action,Bethesda Softworks,1.71,88.0,56,7.9,815,Arkane Studios,M,2010s,Other,4.04305126783455,6.704414354964107
Wii,2009,Misc,MTV Games,1.71,89.0,25,8.9,43,Harmonix Music Systems,T,2000s,Other,3.258096538021482,3.784189633918261
PS2,2004,Simulation,Sony Computer Entertainment Europe,1.71,84.0,57,9.1,81,Namco,T,2000s,Other,4.060443010546419,4.406719247264253
XB,2003,Racing,Electronic Arts,1.71,83.0,25,8.7,35,Electronic Arts,E,2000s,Other,3.258096538021482,3.58351893845611
GBA,2001,Puzzle,THQ,1.71,65.0,10,7.5,27,3d6 Games,E,2000s,Other,2.3978952727983707,3.332204510175204
DS,2007,Misc,Mindscape,1.7,20.0,13,1.9,41,Artefacts Studio,E,2000s,Other,2.639057329615259,3.7376696182833684
PS3,2011,Shooter,Valve,1.7,95.0,54,8.4,937,Valve Software,E10+,2010s,Other,4.007333185232471,6.843749949006225
PS2,2006,Sports,Electronic Arts,1.7,87.0,18,8.6,23,EA Sports,E,2000s,Other,2.9444389791664403,3.1780538303479458
PC,2010,Simulation,Electronic Arts,1.7,74.0,17,5.3,77,The Sims Studio,T,2010s,Other,2.8903717578961645,4.356708826689592
PS4,2016,Action,Hello Games,1.7,71.0,94,4.5,5096,Hello Games,T,2010s,Other,4.553876891600541,8.536407410340042
PS2,2005,Shooter,Sony Computer Entertainment,1.69,82.0,59,8.8,64,Zipper Interactive,M,2000s,Other,4.0943445622221,4.174387269895637
PS3,2013,Shooter,Take-Two Interactive,1.69,94.0,27,8.5,1863,Irrational Games,M,2010s,Other,3.332204510175204,7.530479995245536
GBA,2001,Action,Electronic Arts,1.69,64.0,8,7.1,7,Griptonite Games,E,2000s,Other,2.1972245773362196,2.0794415416798357
GBA,2002,Role-Playing,Infogrames,1.69,53.0,15,6.9,28,Webfoot Technologies,E,2000s,Other,2.772588722239781,3.367295829986474
GC,2005,Action,Capcom,1.69,96.0,82,9.4,767,Capcom,M,2000s,Other,4.418840607796598,6.643789733147672
DS,2007,Puzzle,Nintendo,1.69,63.0,11,7.5,27,Jupiter Corporation,E,2000s,Other,2.4849066497880004,3.332204510175204
Wii,2009,Puzzle,Warner Bros. Interactive Entertainment,1.68,37.0,4,7.5,27,Farsight Studios,E,2000s,Other,1.6094379124341003,3.332204510175204
X360,2008,Racing,Electronic Arts,1.68,64.0,62,5.9,104,EA Vancouver,T,2000s,Other,4.143134726391533,4.653960350157523
Wii,2010,Platform,Sega,1.68,78.0,58,8.5,301,Sonic Team,E,2010s,Other,4.07753744390572,5.71042701737487
PS3,2008,Action,THQ,1.68,82.0,50,7.9,135,Volition Inc.,M,2000s,Other,3.9318256327243257,4.912654885736052
PC,2010,Strategy,Take-Two Interactive,1.68,90.0,70,7.9,2280,Firaxis Games,E10+,2010s,Other,4.2626798770413155,7.732369222284388
PC,2003,Simulation,Electronic Arts,1.68,79.0,20,8.2,25,Maxis,T,2000s,Other,3.044522437723423,3.258096538021482
GBA,2002,Action,Nintendo,1.68,92.0,44,9.1,200,Nintendo,E,2000s,Other,3.8066624897703196,5.303304908059076
Wii,2008,Sports,Namco Bandai Games,1.67,67.0,32,8.5,12,Bandai Namco Games,E,2000s,Other,3.4965075614664802,2.5649493574615367
PSP,2007,Shooter,LucasArts,1.67,73.0,35,7.9,46,Rebellion,T,2000s,Other,3.58351893845611,3.8501476017100584
PS2,2003,Sports,Electronic Arts,1.67,93.0,41,9.1,125,EA Canada,E,2000s,Other,3.7376696182833684,4.836281906951478
PS,2000,Sports,Electronic Arts,1.67,90.0,14,6.8,4,EA Sports,E,2000s,Madden,2.70805020110221,1.6094379124341003
XB,2005,Shooter,Activision,1.67,83.0,40,8.9,106,Pandemic Studios,T,2000s,Other,3.713572066704308,4.672828834461906
PS,2001,Sports,Activision,1.67,87.0,10,8.3,36,Shaba Games,E,2000s,Other,2.3978952727983707,3.6109179126442243
PS3,2009,Role-Playing,Electronic Arts,1.67,87.0,41,7.9,597,BioWare,M,2000s,Other,3.7376696182833684,6.393590753950631
PS2,2001,Racing,Midway Games,1.67,84.0,28,7.8,13,Paradigm Entertainment,T,2000s,Other,3.367295829986474,2.639057329615259
PS2,2003,Sports,Electronic Arts,1.67,94.0,15,8.8,81,EA Sports,E,2000s,Other,2.772588722239781,4.406719247264253
PS3,2006,Fighting,Electronic Arts,1.67,83.0,37,7.9,24,EA Chicago,T,2000s,Other,3.6375861597263857,3.2188758248682006
PC,2013,Strategy,Activision,1.67,86.0,68,7.9,1346,Blizzard Entertainment,T,2010s,Other,4.23410650459726,7.205635176410364
PS2,2003,Platform,THQ,1.67,71.0,9,9.0,85,Heavy Iron Studios,E,2000s,Other,2.302585092994046,4.454347296253507
PS4,2015,Adventure,Sony Computer Entertainment Europe,1.66,79.0,103,8.2,2161,SuperMassive Games,M,2010s,Other,4.6443908991413725,7.6787889981991535
Wii,2008,Sports,THQ,1.66,44.0,17,8.0,41,HB Studios Multimedia,E,2000s,Other,2.8903717578961645,3.7376696182833684
PS2,2000,Sports,Electronic Arts,1.66,93.0,35,8.3,33,EA Sports Big,E,2000s,Other,3.58351893845611,3.5263605246161616
Wii,2008,Sports,Ubisoft,1.66,78.0,28,8.7,22,Ubisoft,E10+,2000s,Other,3.367295829986474,3.1354942159291497
PS2,2004,Sports,Midway Games,1.66,83.0,44,9.2,19,Midway,E,2000s,Other,3.8066624897703196,2.995732273553991
X360,2013,Action,Deep Silver,1.66,81.0,42,6.5,325,Volition Inc.,M,2010s,Other,3.7612001156935624,5.786897381366708
PS2,2002,Sports,Electronic Arts,1.66,83.0,22,8.3,28,EA Canada,E,2000s,Other,3.1354942159291497,3.367295829986474
X360,2012,Action,Warner Bros. Interactive Entertainment,1.66,79.0,59,7.2,114,TT Games,E10+,2010s,Other,4.0943445622221,4.74493212836325
PS2,2005,Fighting,Atari,1.66,72.0,29,8.4,71,Spike,T,2000s,Other,3.4011973816621555,4.276666119016055
PS4,2016,Role-Playing,Namco Bandai Games,1.65,89.0,69,8.8,1940,From Software,M,2010s,Other,4.248495242049359,7.57095858316901
Wii,2011,Platform,Nintendo,1.65,77.0,49,8.5,156,HAL Labs,E10+,2010s,Other,3.912023005428146,5.056245805348308
GC,2004,Misc,Nintendo,1.65,71.0,33,7.9,51,Hudson Soft,E,2000s,Mario,3.5263605246161616,3.9512437185814275
Wii,2008,Action,LucasArts,1.65,56.0,24,6.7,18,Krome Studios,T,2000s,Other,3.2188758248682006,2.9444389791664403
X360,2006,Racing,Electronic Arts,1.65,77.0,52,6.3,82,EA Canada,E10+,2000s,Other,3.970291913552122,4.418840607796598
PS3,2007,Action,Sony Computer Entertainment,1.65,79.0,64,8.3,544,Ninja Theory,T,2000s,Other,4.174387269895637,6.300785794663244
Wii,2007,Simulation,Electronic Arts,1.65,68.0,38,7.2,56,EA Redwood Shores,E,2000s,Other,3.6635616461296463,4.04305126783455
X360,2008,Shooter,Electronic Arts,1.64,72.0,76,7.6,233,EA Montreal,M,2000s,Other,4.343805421853684,5.455321115357702
PS2,2002,Sports,Electronic Arts,1.64,88.0,18,8.9,18,EA Sports,E,2000s,Other,2.9444389791664403,2.9444389791664403
PS2,2004,Action,Ubisoft,1.64,83.0,51,8.5,120,Ubisoft Montreal,M,2000s,Other,3.9512437185814275,4.795790545596741
XOne,2014,Shooter,Ubisoft,1.63,82.0,15,7.5,383,Ubisoft Montreal,M,2010s,Other,2.772588722239781,5.950642552587727
XB,2004,Sports,Sega,1.63,92.0,42,9.1,93,Visual Concepts,E,2000s,Other,3.7612001156935624,4.543294782270004
PS3,2013,Adventure,Sony Computer Entertainment,1.63,70.0,98,8.1,2652,Quantic Dream,M,2010s,Other,4.59511985013459,7.88344635413774
GC,2001,Strategy,Nintendo,1.63,89.0,39,8.7,121,Nintendo,E,2000s,Other,3.6888794541139363,4.804021044733257
PS2,2003,Sports,Electronic Arts,1.63,89.0,23,8.8,40,EA Sports,E,2000s,Other,3.1780538303479458,3.713572066704308
PS,1999,Platform,Sony Computer Entertainment,1.63,90.0,19,8.8,53,SCEI,E,1990s,Other,2.995732273553991,3.9889840465642745
PS2,2004,Sports,Electronic Arts,1.62,88.0,29,8.8,35,EA Tiburon,E,2000s,Other,3.4011973816621555,3.58351893845611
X360,2012,Shooter,Take-Two Interactive,1.62,86.0,80,7.8,869,Rockstar Studios,M,2010s,Other,4.394449154672439,6.76849321164863
X360,2006,Simulation,Microsoft Game Studios,1.62,84.0,65,8.0,131,Rare Ltd.,E,2000s,Other,4.189654742026425,4.882801922586371
X360,2010,Simulation,Microsoft Game Studios,1.62,74.0,50,3.1,69,Frontier Developments,E,2010s,Other,3.9318256327243257,4.248495242049359
GC,2003,Racing,Nintendo,1.62,61.0,28,7.9,69,HAL Labs,E,2000s,Other,3.367295829986474,4.248495242049359
PS4,2013,Action,Warner Bros. Interactive Entertainment,1.62,83.0,22,7.7,262,TT Games,E10+,2010s,Other,3.1354942159291497,5.572154032177765
DS,2007,Role-Playing,Square Enix,1.62,80.0,44,7.9,50,ArtePiazza,E10+,2000s,Other,3.8066624897703196,3.9318256327243257
PS2,2004,Sports,Electronic Arts,1.61,77.0,33,8.7,20,EA Tiburon,E,2000s,Other,3.5263605246161616,3.044522437723423
GC,2005,Sports,Nintendo,1.61,76.0,39,8.7,55,Next Level Games,E,2000s,Mario,3.6888794541139363,4.02535169073515
X360,2011,Shooter,Bethesda Softworks,1.6,81.0,77,6.7,559,id Software,M,2010s,Other,4.356708826689592,6.327936783729195
DS,2006,Sports,Nintendo,1.6,69.0,40,8.0,37,Square Enix,E,2000s,Mario,3.713572066704308,3.6375861597263857
DS,2007,Action,THQ,1.6,64.0,5,7.5,27,THQ,E,2000s,Other,1.791759469228055,3.332204510175204
X360,2010,Action,Square Enix,1.6,81.0,74,8.0,267,Avalanche Studios,M,2010s,Other,4.31748811353631,5.5909869805108565
PS,1999,Action,Konami Digital Entertainment,1.6,86.0,17,9.2,326,KCET,M,1990s,Other,2.8903717578961645,5.7899601708972535
GC,2003,Platform,Sega,1.6,72.0,49,7.8,125,Sonic Team,E,2000s,Other,3.912023005428146,4.836281906951478
PS2,2004,Sports,Global Star,1.59,83.0,24,7.5,36,Visual Concepts,E,2000s,Other,3.2188758248682006,3.6109179126442243
PC,1996,Role-Playing,Activision,1.59,94.0,12,8.7,850,Blizzard Entertainment,M,1990s,Other,2.5649493574615367,6.7464121285733745
X360,2008,Action,Ubisoft,1.59,85.0,75,6.7,288,Ubisoft Montreal,M,2000s,Other,4.330733340286331,5.666426688112432
GC,2006,Action,Nintendo,1.59,96.0,16,9.2,568,Nintendo,T,2000s,Zelda,2.833213344056216,6.343880434126331
PS3,2007,Sports,Konami Digital Entertainment,1.59,74.0,19,6.1,47,Konami,E,2000s,Other,2.995732273553991,3.8712010109078907
Wii,2006,Role-Playing,Nintendo,1.58,53.0,34,6.7,106,Genius Sonority Inc.,E,2000s,Pokemon,3.5553480614894135,4.672828834461906
3DS,2012,Action,Square Enix,1.58,75.0,54,8.2,267,Square Enix,E10+,2010s,Other,4.007333185232471,5.5909869805108565
Wii,2008,Simulation,Konami Digital Entertainment,1.58,69.0,8,6.8,6,Konami,E10+,2000s,Other,2.1972245773362196,1.9459101490553132
X360,2008,Fighting,Ubisoft,1.58,85.0,62,7.9,157,Namco,T,2000s,Other,4.143134726391533,5.062595033026967
PS3,2011,Platform,Sega,1.58,76.0,38,8.2,253,Sega,E,2010s,Other,3.6635616461296463,5.537334267018537
GBA,2002,Platform,Vivendi Games,1.58,76.0,18,7.6,13,Digital Eclipse,E,2000s,Other,2.9444389791664403,2.639057329615259
WiiU,2015,Misc,Nintendo,1.58,66.0,66,6.5,279,"Nintendo, Nd Cube",E,2010s,Mario,4.204692619390966,5.634789603169249
PS3,2008,Action,Capcom,1.57,84.0,63,8.2,311,Capcom,M,2000s,Other,4.1588830833596715,5.7430031878094825
XOne,2013,Action,Microsoft Game Studios,1.57,78.0,69,6.8,908,Capcom Vancouver,M,2010s,Other,4.248495242049359,6.812345094177479
PS2,2001,Sports,Electronic Arts,1.57,90.0,18,8.7,24,EA Sports,E,2000s,Other,2.9444389791664403,3.2188758248682006
X360,2013,Shooter,Microsoft Game Studios,1.57,79.0,81,5.4,779,Epic Games,M,2010s,Other,4.406719247264253,6.659293919683638
XOne,2014,Action,Ubisoft,1.57,78.0,15,5.8,712,Ubisoft Montreal,M,2010s,Other,2.772588722239781,6.569481420414296
DS,2008,Misc,Activision,1.57,72.0,40,8.0,5,Vicarious Visions,E10+,2000s,Other,3.713572066704308,1.791759469228055
XOne,2014,Sports,Electronic Arts,1.57,80.0,19,6.4,138,EA Sports,E,2010s,Madden,2.995732273553991,4.9344739331306915
PS2,2002,Shooter,Gotham Games,1.57,55.0,10,8.6,45,Pivotal Games,T,2000s,Other,2.3978952727983707,3.828641396489095
GC,2005,Misc,Nintendo,1.57,64.0,25,7.9,53,Hudson,E,2000s,Mario,3.258096538021482,3.9889840465642745
DS,2008,Role-Playing,Square Enix,1.57,84.0,46,8.5,57,ArtePiazza,E10+,2000s,Other,3.8501476017100584,4.060443010546419
PS2,2000,Racing,Take-Two Interactive,1.56,79.0,21,6.8,18,Rockstar San Diego,T,2000s,Other,3.091042453358316,2.9444389791664403
PS2,2006,Fighting,Electronic Arts,1.56,84.0,32,8.1,41,EA Chicago,T,2000s,Other,3.4965075614664802,3.7376696182833684
X360,2012,Racing,Electronic Arts,1.56,83.0,54,8.5,134,EA Canada,T,2010s,Other,4.007333185232471,4.90527477843843
Wii,2008,Sports,Take-Two Interactive,1.56,38.0,10,5.7,7,Cat Daddy Games,E,2000s,Other,2.3978952727983707,2.0794415416798357
DS,2009,Role-Playing,Nintendo,1.56,54.0,26,9.0,133,ChunSoft,E,2000s,Pokemon,3.295836866004329,4.897839799950911
DS,2008,Simulation,Electronic Arts,1.55,58.0,9,7.5,27,TOSE,E,2000s,Other,2.302585092994046,3.332204510175204
Wii,2011,Action,Disney Interactive Studios,1.55,73.0,14,7.0,13,Traveller's Tales,E10+,2010s,Other,2.70805020110221,2.639057329615259
PS2,2002,Racing,Atari,1.55,71.0,37,5.7,36,Reflections Interactive,T,2000s,Other,3.6375861597263857,3.6109179126442243
XB,2003,Shooter,Ubisoft,1.55,86.0,39,8.5,31,Ubisoft,M,2000s,Other,3.6888794541139363,3.4657359027997265
X360,2010,Action,Warner Bros. Interactive Entertainment,1.55,79.0,58,8.0,62,Traveller's Tales,E10+,2010s,Other,4.07753744390572,4.143134726391533
PS,2001,Action,Activision,1.55,74.0,15,8.7,35,Vicarious Visions,E,2000s,Other,2.772588722239781,3.58351893845611
Wii,2009,Misc,Activision,1.55,89.0,25,6.9,49,Vicarious Visions,T,2000s,Other,3.258096538021482,3.912023005428146
PS4,2014,Shooter,Bethesda Softworks,1.55,79.0,73,8.1,1116,MachineGames,M,2010s,Other,4.304065093204169,7.018401799069201
X360,2010,Action,Take-Two Interactive,1.55,74.0,79,7.8,458,2K Czech,M,2010s,Other,4.382026634673881,6.129050210060545
PS3,2010,Shooter,Take-Two Interactive,1.54,88.0,62,8.2,492,2K Marin,M,2010s,Other,4.143134726391533,6.20050917404269
PS2,2000,Role-Playing,Sony Computer Entertainment,1.54,80.0,27,8.2,99,Level 5,T,2000s,Other,3.332204510175204,4.605170185988092
PC,2003,Strategy,Activision,1.54,88.0,23,9.0,713,Blizzard Entertainment,T,2000s,Other,3.1780538303479458,6.570882962339584
Wii,2008,Sports,Atari,1.54,69.0,6,8.1,14,h.a.n.d. Inc.,E,2000s,Other,1.9459101490553132,2.70805020110221
X360,2006,Shooter,Ubisoft,1.54,90.0,78,8.0,215,Ubisoft Paris,T,2000s,Other,4.3694478524670215,5.375278407684165
PS2,2005,Sports,Electronic Arts,1.54,87.0,25,8.6,47,EA Sports,E,2000s,Other,3.258096538021482,3.8712010109078907
PSV,2011,Shooter,Sony Computer Entertainment,1.53,80.0,80,7.4,770,"Naughty Dog, Sony Bend",T,2010s,Other,4.394449154672439,6.647688373563329
Wii,2011,Misc,Namco Bandai Games,1.53,64.0,28,7.8,13,Namco Bandai Games,E10+,2010s,Other,3.367295829986474,2.639057329615259
PS3,2012,Sports,Konami Digital Entertainment,1.53,82.0,37,6.7,146,Konami,E,2010s,Other,3.6375861597263857,4.990432586778736
PS3,2012,Action,Bethesda Softworks,1.53,89.0,35,7.9,781,Arkane Studios,M,2010s,Other,3.58351893845611,6.661854740545311
GC,2003,Sports,Nintendo,1.53,81.0,49,8.0,56,Camelot Software Planning,E,2000s,Mario,3.912023005428146,4.04305126783455
PC,2012,Shooter,Activision,1.53,74.0,11,4.2,1635,Treyarch,M,2010s,Call of Duty,2.4849066497880004,7.400009517162692
Wii,2007,Action,Capcom,1.52,75.0,47,7.6,122,Cavia Inc.,M,2000s,Other,3.8712010109078907,4.812184355372417
PS2,2002,Sports,Electronic Arts,1.52,38.0,21,5.0,26,The Code Monkeys,T,2000s,Other,3.091042453358316,3.295836866004329
WiiU,2014,Platform,Nintendo,1.52,83.0,77,8.9,712,Retro Studios,E,2010s,Other,4.356708826689592,6.569481420414296
PS3,2009,Fighting,Electronic Arts,1.52,88.0,46,7.6,95,EA Canada,T,2000s,Other,3.8501476017100584,4.564348191467836
GC,2002,Puzzle,Atari,1.52,87.0,34,8.5,51,Amusement Vision,E,2000s,Other,3.5553480614894135,3.9512437185814275
PS2,2002,Action,Namco Bandai Games,1.51,73.0,19,7.8,26,Namco,E,2000s,Other,2.995732273553991,3.295836866004329
Wii,2008,Simulation,Electronic Arts,1.51,76.0,19,8.1,24,EA Redwood Shores,E,2000s,Other,2.995732273553991,3.2188758248682006
X360,2011,Shooter,Electronic Arts,1.51,90.0,83,8.6,679,Visceral Games,M,2010s,Other,4.430816798843313,6.522092798170152
PS2,2007,Action,Electronic Arts,1.51,68.0,10,8.2,27,Electronic Arts,T,2000s,Other,2.3978952727983707,3.332204510175204
DS,2007,Action,Electronic Arts,1.51,69.0,17,7.3,18,Griptonite Games,T,2000s,Other,2.8903717578961645,2.9444389791664403
PC,2011,Sports,Sega,1.51,84.0,45,8.0,172,Sports Interactive,E,2010s,Other,3.828641396489095,5.153291594497779
PS3,2011,Role-Playing,Namco Bandai Games,1.51,85.0,89,8.6,984,Level 5,E10+,2010s,Other,4.499809670330265,6.892641641172089
GC,2003,Fighting,Namco Bandai Games,1.5,93.0,45,9.1,135,Namco,T,2000s,Other,3.828641396489095,4.912654885736052
PS3,2006,Shooter,Activision,1.5,80.0,43,6.9,92,Treyarch,T,2000s,Call of Duty,3.784189633918261,4.532599493153256
PS2,2000,Racing,Crave Entertainment,1.5,76.0,15,8.9,64,Genki,E,2000s,Other,2.772588722239781,4.174387269895637
PS2,2002,Shooter,THQ,1.5,84.0,30,8.3,35,Volition Inc.,M,2000s,Other,3.4339872044851463,3.58351893845611
PS2,2000,Sports,Electronic Arts,1.5,91.0,25,7.7,7,EA Sports,E,2000s,Madden,3.258096538021482,2.0794415416798357
PS3,2010,Action,LucasArts,1.5,63.0,41,6.8,121,LucasArts,T,2010s,Other,3.7376696182833684,4.804021044733257
PS3,2008,Misc,MTV Games,1.49,91.0,24,7.9,88,Harmonix Music Systems,T,2000s,Other,3.2188758248682006,4.48863636973214
GC,2003,Role-Playing,Nintendo,1.49,80.0,55,8.1,94,Square Enix,T,2000s,Final Fantasy,4.02535169073515,4.553876891600541
XB,2002,Shooter,Electronic Arts,1.49,81.0,18,6.9,23,EA LA,T,2000s,Other,2.9444389791664403,3.1780538303479458
PS2,2008,Sports,Electronic Arts,1.49,67.0,4,7.0,24,EA Tiburon,E,2000s,Madden,1.6094379124341003,3.2188758248682006
X360,2010,Action,Capcom,1.49,79.0,76,6.9,216,Blue Castle Games,M,2010s,Other,4.343805421853684,5.37989735354046
PS3,2010,Action,Take-Two Interactive,1.49,75.0,61,7.7,297,2K Czech,M,2010s,Other,4.127134385045092,5.697093486505405
XOne,2015,Action,Warner Bros. Interactive Entertainment,1.49,85.0,16,6.6,694,Rocksteady Studios,M,2010s,Other,2.833213344056216,6.543911845564792
PS2,2006,Shooter,Square Enix,1.48,57.0,51,6.9,103,Square Enix,T,2000s,Final Fantasy,3.9512437185814275,4.6443908991413725
PSP,2007,Racing,Sega,1.48,60.0,24,7.8,35,Backbone Entertainment,E,2000s,Other,3.2188758248682006,3.58351893845611
PS3,2011,Shooter,Sony Computer Entertainment,1.48,83.0,91,7.8,543,Insomniac Games,M,2010s,Other,4.5217885770490405,6.298949246855942
DS,2008,Adventure,THQ,1.48,68.0,12,5.5,4,Altron,E,2000s,Other,2.5649493574615367,1.6094379124341003
X360,2008,Action,Activision,1.48,65.0,69,7.1,71,Treyarch,T,2000s,Other,4.248495242049359,4.276666119016055
PS2,2005,Sports,Take-Two Interactive,1.48,82.0,19,7.4,20,Kush Games,E,2000s,Other,2.995732273553991,3.044522437723423
PS2,2004,Fighting,Electronic Arts,1.48,85.0,43,9.0,25,EA Sports,T,2000s,Other,3.784189633918261,3.258096538021482
X360,2011,Action,LucasArts,1.48,75.0,43,7.8,42,Traveller's Tales,E10+,2010s,Other,3.784189633918261,3.7612001156935624
XB,2004,Action,Ubisoft,1.48,93.0,74,8.6,68,Ubisoft Shanghai,T,2000s,Other,4.31748811353631,4.23410650459726
PSV,2012,Action,Activision,1.47,33.0,58,4.8,479,Nihilistic,M,2010s,Call of Duty,4.07753744390572,6.173786103901937
X360,2012,Shooter,Ubisoft,1.47,79.0,75,7.2,334,Ubisoft Paris,M,2010s,Other,4.330733340286331,5.814130531825066
X360,2006,Fighting,Electronic Arts,1.47,86.0,67,8.8,264,EA Chicago,T,2000s,Other,4.219507705176107,5.579729825986222
PS,1998,Role-Playing,SquareSoft,1.46,84.0,15,8.4,204,SquareSoft,T,1990s,Other,2.772588722239781,5.3230099791384085
DS,2010,Puzzle,Warner Bros. Interactive Entertainment,1.46,81.0,53,8.2,46,5TH Cell,E10+,2010s,Other,3.9889840465642745,3.8501476017100584
PS2,2003,Misc,Midway Games,1.46,76.0,22,7.5,27,Midway,T,2000s,Other,3.1354942159291497,3.332204510175204
GC,2001,Puzzle,Atari,1.46,87.0,28,7.9,46,Amusement Vision,E,2000s,Other,3.367295829986474,3.8501476017100584
PS3,2008,Fighting,Ubisoft,1.46,85.0,65,7.9,129,Namco,T,2000s,Other,4.189654742026425,4.867534450455582
GC,2005,Sports,Nintendo,1.46,76.0,38,8.6,41,Namco,E,2000s,Mario,3.6635616461296463,3.7376696182833684
DS,2008,Platform,THQ,1.46,54.0,15,7.5,27,Helixe,E,2000s,Other,2.772588722239781,3.332204510175204
X360,2008,Shooter,Electronic Arts,1.46,83.0,70,7.7,263,EA DICE,T,2000s,Other,4.2626798770413155,5.575949103146316
X360,2011,Shooter,THQ,1.45,70.0,85,6.0,399,Kaos Studios,M,2010s,Other,4.454347296253507,5.991464547107982
PS2,2004,Action,Capcom,1.45,85.0,53,8.6,73,Capcom,M,2000s,Other,3.9889840465642745,4.304065093204169
PS2,2004,Shooter,Take-Two Interactive,1.45,73.0,42,7.8,70,Rockstar San Diego,M,2000s,Other,3.7612001156935624,4.2626798770413155
PS2,2003,Action,Capcom,1.45,71.0,40,8.3,94,Capcom,M,2000s,Other,3.713572066704308,4.553876891600541
PS3,2011,Role-Playing,Electronic Arts,1.45,94.0,62,8.5,1081,BioWare,M,2010s,Other,4.143134726391533,6.9865664594064265
DS,2011,Strategy,Warner Bros. Interactive Entertainment,1.45,59.0,14,6.9,11,Hellbent Games,E,2010s,Other,2.70805020110221,2.4849066497880004
PS4,2013,Sports,Take-Two Interactive,1.45,85.0,20,6.5,368,Visual Concepts,E,2010s,Other,3.044522437723423,5.910796644040527
PS2,2007,Misc,Sony Computer Entertainment,1.44,73.0,13,7.5,8,SCEE London Studio,E10+,2000s,Other,2.639057329615259,2.1972245773362196
X360,2013,Action,Disney Interactive Studios,1.44,74.0,38,6.5,79,Avalanche Software,E10+,2010s,Other,3.6635616461296463,4.382026634673881
DS,2007,Misc,Ubisoft,1.44,71.0,7,6.8,5,Ubisoft,E,2000s,Other,2.0794415416798357,1.791759469228055
PS2,2004,Sports,Electronic Arts,1.44,88.0,30,8.2,20,EA Sports,E,2000s,Other,3.4339872044851463,3.044522437723423
PS2,2002,Sports,Electronic Arts,1.44,91.0,19,8.6,27,EA Sports,E,2000s,Other,2.995732273553991,3.332204510175204
X360,2010,Action,LucasArts,1.43,61.0,59,5.7,180,LucasArts,T,2010s,Other,4.0943445622221,5.198497031265826
PS,1999,Action,Hasbro Interactive,1.43,77.0,4,7.9,8,Blitz Games,E,1990s,Other,1.6094379124341003,2.1972245773362196
X360,2007,Fighting,THQ,1.43,71.0,41,6.8,48,Yuke's,T,2000s,Other,3.7376696182833684,3.8918202981106265
X360,2010,Racing,Microsoft Game Studios,1.43,52.0,46,5.0,20,BigPark,E,2010s,Other,3.8501476017100584,3.044522437723423
Wii,2007,Misc,Electronic Arts,1.43,65.0,26,7.6,10,Planet Moon Studios,E,2000s,Other,3.295836866004329,2.3978952727983707
GBA,2004,Platform,Nintendo,1.43,84.0,14,8.6,44,Nintendo,E,2000s,Mario,2.70805020110221,3.8066624897703196
PC,2011,Strategy,Ubisoft,1.43,83.0,33,7.0,493,"Blue Byte, Related Designs",T,2010s,Other,3.5263605246161616,6.202535517187923
Wii,2008,Puzzle,Electronic Arts,1.43,63.0,12,7.5,11,EA Bright Light,E,2000s,Other,2.5649493574615367,2.4849066497880004
PSP,2006,Racing,Sega,1.42,64.0,25,7.8,38,Backbone Entertainment,E,2000s,Other,3.258096538021482,3.6635616461296463
PS3,2008,Shooter,Take-Two Interactive,1.42,94.0,51,8.7,881,"Digital Extremes, 2K Marin",M,2000s,Other,3.9512437185814275,6.782192056006791
PS3,2012,Role-Playing,Electronic Arts,1.42,93.0,30,5.5,1849,BioWare,M,2010s,Other,3.4339872044851463,7.52294091807237
PS2,2002,Sports,Activision,1.42,59.0,7,7.8,12,Sand Grain Studios,T,2000s,Other,2.0794415416798357,2.5649493574615367
PC,2013,Simulation,Electronic Arts,1.42,64.0,75,2.2,4572,Maxis,E10+,2010s,Other,4.330733340286331,8.427924723658055
GBA,2004,Action,Nintendo,1.42,89.0,56,9.0,203,Flagship,E,2000s,Zelda,4.04305126783455,5.318119993844216
PS2,2004,Sports,Electronic Arts,1.42,80.0,36,8.9,45,EA Tiburon,E,2000s,Other,3.6109179126442243,3.828641396489095
PS3,2011,Shooter,Electronic Arts,1.42,89.0,78,8.4,535,Visceral Games,M,2010s,Other,4.3694478524670215,6.284134161070802
Wii,2008,Sports,Electronic Arts,1.42,81.0,18,8.7,34,EA Tiburon,E,2000s,Other,2.9444389791664403,3.5553480614894135
PS3,2013,Action,Konami Digital Entertainment,1.42,80.0,61,7.9,746,PlatinumGames,M,2010s,Other,4.127134385045092,6.616065185132817
Wii,2006,Misc,Ubisoft,1.42,76.0,54,7.9,116,Ubisoft Montpellier,E,2000s,Other,4.007333185232471,4.762173934797756
DS,2010,Role-Playing,Square Enix,1.41,77.0,33,7.3,15,TOSE,E,2010s,Other,3.5263605246161616,2.772588722239781
PS3,2010,Fighting,THQ,1.41,85.0,54,7.2,48,Yuke's,T,2010s,Other,4.007333185232471,3.8918202981106265
PS3,2012,Action,Electronic Arts,1.41,55.0,22,6.0,250,Danger Close,M,2010s,Other,3.1354942159291497,5.5254529391317835
X360,2009,Misc,Sega,1.41,79.0,45,8.5,40,Backbone Entertainment,E10+,2000s,Other,3.828641396489095,3.713572066704308
X360,2013,Role-Playing,Activision,1.41,87.0,42,6.6,384,Blizzard Entertainment,M,2010s,Other,3.7612001156935624,5.953243334287785
PS2,2001,Racing,Sony Computer Entertainment,1.41,91.0,15,8.4,98,Incognito Inc.,M,2000s,Other,2.772588722239781,4.59511985013459
PS2,2004,Racing,Electronic Arts,1.41,87.0,19,8.4,15,EA Tiburon,E,2000s,Other,2.995732273553991,2.772588722239781
X360,2009,Fighting,Electronic Arts,1.4,87.0,76,8.1,86,EA Canada,T,2000s,Other,4.343805421853684,4.465908118654584
XB,2002,Action,Activision,1.4,79.0,29,7.5,11,Treyarch,E,2000s,Other,3.4011973816621555,2.4849066497880004
PSP,2006,Action,LucasArts,1.4,83.0,11,8.6,26,Traveller's Tales,E10+,2000s,Other,2.4849066497880004,3.295836866004329
X360,2008,Action,Electronic Arts,1.4,89.0,79,8.7,768,EA Redwood Shores,M,2000s,Other,4.382026634673881,6.645090969505644
Wii,2009,Action,Activision,1.4,72.0,13,6.1,14,Traveller's Tales,E10+,2000s,Other,2.639057329615259,2.70805020110221
PSP,2004,Racing,Sony Computer Entertainment,1.4,88.0,58,8.2,65,Namco,E,2000s,Other,4.07753744390572,4.189654742026425
GBA,2004,Platform,THQ,1.4,79.0,30,8.4,34,Dimps Corporation,E,2000s,Other,3.4339872044851463,3.5553480614894135
PS2,2002,Racing,Codemasters,1.4,86.0,25,7.7,24,Codemasters,E,2000s,Other,3.258096538021482,3.2188758248682006
XOne,2014,Racing,Microsoft Game Studios,1.4,86.0,85,8.2,977,Playground Games,E10+,2010s,Other,4.454347296253507,6.885509670034818
PS,2001,Sports,Electronic Arts,1.39,88.0,9,8.0,7,EA Sports,E,2000s,Madden,2.302585092994046,2.0794415416798357
PS2,2005,Action,Tecmo Koei,1.39,69.0,29,8.8,68,Omega Force,T,2000s,Other,3.4011973816621555,4.23410650459726
X360,2013,Fighting,Warner Bros. Interactive Entertainment,1.38,81.0,63,7.9,362,NetherRealm Studios,T,2010s,Other,4.1588830833596715,5.8944028342648505
PS3,2008,Action,Ubisoft,1.38,85.0,49,6.4,241,Ubisoft Montreal,M,2000s,Other,3.912023005428146,5.488937726156687
3DS,2014,Platform,Nintendo,1.38,64.0,71,6.1,155,Arzest,E,2010s,Other,4.276666119016055,5.049856007249537
XB,2003,Action,Activision,1.38,77.0,39,7.8,28,"Luxoflux, Inc.",M,2000s,Other,3.6888794541139363,3.367295829986474
XOne,2013,Action,Microsoft Game Studios,1.38,60.0,77,6.1,1409,Crytek,M,2010s,Other,4.356708826689592,7.251344983372214
XOne,2015,Fighting,Warner Bros. Interactive Entertainment,1.38,86.0,21,7.3,279,"Warner Bros. Interactive Entertainment, NetherRealm Studios",M,2010s,Other,3.091042453358316,5.634789603169249
XOne,2015,Adventure,Square Enix,1.38,86.0,102,8.0,1288,Crystal Dynamics,M,2010s,Other,4.634728988229636,7.161622002939187
X360,2011,Platform,Sega,1.38,77.0,49,8.3,340,"Sega, Sonic Team",E,2010s,Other,3.912023005428146,5.831882477283517
PS2,2001,Sports,Acclaim Entertainment,1.38,81.0,21,8.1,18,"Z-Axis, Ltd.",T,2000s,Other,3.091042453358316,2.9444389791664403
DS,2009,Action,Activision,1.38,60.0,6,6.7,7,Now Production,E,2000s,Other,1.9459101490553132,2.0794415416798357
PS2,2008,Action,LucasArts,1.37,77.0,12,8.4,16,Traveller's Tales,E10+,2000s,Other,2.5649493574615367,2.833213344056216
X360,2011,Shooter,Square Enix,1.37,89.0,70,8.3,684,Eidos Montreal,M,2010s,Other,4.2626798770413155,6.529418838262226
DS,2007,Role-Playing,Square Enix,1.37,81.0,44,6.1,60,"Square Enix, Think and Feel",E10+,2000s,Final Fantasy,3.8066624897703196,4.110873864173311
Wii,2010,Shooter,Activision,1.37,80.0,25,5.8,87,Treyarch,M,2010s,Call of Duty,3.258096538021482,4.477336814478207
PS3,2011,Shooter,Square Enix,1.37,89.0,50,8.2,682,Eidos Montreal,M,2010s,Other,3.9318256327243257,6.52649485957079
XB,2004,Role-Playing,Activision,1.37,86.0,67,8.6,140,Obsidian Entertainment,T,2000s,Other,4.219507705176107,4.948759890378168
PSP,2005,Simulation,Electronic Arts,1.37,65.0,17,6.9,32,Maxis,T,2000s,Other,2.8903717578961645,3.4965075614664802
PS3,2010,Action,Capcom,1.36,80.0,54,6.7,178,Blue Castle Games,M,2010s,Other,4.007333185232471,5.187385805840755
PS3,2006,Racing,Namco Bandai Games,1.36,78.0,45,7.1,52,Namco Bandai Games,E,2000s,Other,3.828641396489095,3.970291913552122
XB,2004,Shooter,Ubisoft,1.36,80.0,53,8.9,58,Red Storm Entertainment,T,2000s,Other,3.9889840465642745,4.07753744390572
X360,2011,Action,Electronic Arts,1.36,68.0,65,6.0,160,Black Box,T,2010s,Other,4.189654742026425,5.081404364984463
GBA,2003,Platform,Vivendi Games,1.36,75.0,21,7.8,30,Vicarious Visions,E,2000s,Other,3.091042453358316,3.4339872044851463
X360,2014,Shooter,Electronic Arts,1.36,83.0,21,5.9,371,Bluepoint Games,M,2010s,Other,3.091042453358316,5.918893854273146
PS2,2008,Misc,Sony Computer Entertainment,1.36,64.0,11,7.5,27,SCEE London Studio,T,2000s,Other,2.4849066497880004,3.332204510175204
PS2,2002,Shooter,Electronic Arts,1.36,73.0,20,8.9,36,Namco,M,2000s,Other,3.044522437723423,3.6109179126442243
PS3,2012,Action,THQ,1.35,76.0,24,8.1,99,THQ,T,2010s,Other,3.2188758248682006,4.605170185988092
Wii,2009,Misc,Electronic Arts,1.35,63.0,16,6.3,6,Electronic Arts,E,2000s,Other,2.833213344056216,1.9459101490553132
DS,2009,Puzzle,505 Games,1.35,60.0,17,9.3,4,Taito Corporation,E,2000s,Other,2.8903717578961645,1.6094379124341003
X360,2008,Racing,Electronic Arts,1.35,88.0,68,6.9,279,Criterion Games,E10+,2000s,Other,4.23410650459726,5.634789603169249
XOne,2014,Action,Warner Bros. Interactive Entertainment,1.35,87.0,12,8.0,585,Monolith Productions,M,2010s,Other,2.5649493574615367,6.373319789577012
PS3,2008,Racing,Sony Computer Entertainment,1.35,82.0,63,8.0,318,Evolution Studios,T,2000s,Other,4.1588830833596715,5.765191102784844
PS2,2004,Action,Electronic Arts,1.35,73.0,37,8.7,23,Omega Force,T,2000s,Other,3.6375861597263857,3.1780538303479458
PC,2013,Shooter,Electronic Arts,1.35,81.0,52,6.0,3517,EA DICE,M,2010s,Other,3.970291913552122,8.165647925297504
XOne,2016,Shooter,Microsoft Game Studios,1.35,84.0,96,6.2,815,The Coalition,M,2010s,Other,4.574710978503383,6.704414354964107
PSP,2007,Sports,Electronic Arts,1.35,79.0,7,7.4,15,EA Canada,E,2000s,FIFA,2.0794415416798357,2.772588722239781
PSP,2008,Sports,Electronic Arts,1.35,84.0,8,8.9,21,EA Canada,E,2000s,FIFA,2.1972245773362196,3.091042453358316
X360,2007,Sports,Electronic Arts,1.35,82.0,43,7.9,57,EA Canada,E,2000s,FIFA,3.784189633918261,4.060443010546419
PS2,2002,Racing,Atari,1.34,73.0,19,7.4,23,Pitbull Syndicate,T,2000s,Other,2.995732273553991,3.1780538303479458
X360,2008,Action,Capcom,1.34,84.0,61,8.0,248,Capcom,M,2000s,Other,4.127134385045092,5.517452896464707
PS3,2008,Shooter,Ubisoft,1.34,81.0,32,7.9,93,Ubisoft Montreal,M,2000s,Other,3.4965075614664802,4.543294782270004
Wii,2010,Action,Nintendo,1.34,79.0,71,6.5,482,Team Ninja,T,2010s,Other,4.276666119016055,6.180016653652572
X360,2011,Action,Electronic Arts,1.34,84.0,72,7.5,533,Crytek,M,2010s,Other,4.290459441148391,6.280395838960195
DS,2008,Role-Playing,Square Enix,1.34,92.0,57,8.9,440,TOSE,E10+,2000s,Other,4.060443010546419,6.089044875446846
PS3,2011,Fighting,Capcom,1.34,84.0,56,7.3,147,Capcom,T,2010s,Other,4.04305126783455,4.997212273764115
XB,2005,Shooter,Activision,1.34,88.0,71,7.4,116,Vicarious Visions,M,2000s,Other,4.276666119016055,4.762173934797756
XOne,2015,Shooter,Ubisoft,1.34,74.0,24,6.9,252,Ubisoft Montreal,M,2010s,Other,3.2188758248682006,5.53338948872752
PS3,2010,Racing,Codemasters,1.34,84.0,46,7.8,83,Codemasters Birmingham,E,2010s,Other,3.8501476017100584,4.430816798843313
PSP,2005,Role-Playing,Capcom,1.34,71.0,34,8.6,78,Capcom,T,2000s,Other,3.5553480614894135,4.3694478524670215
GC,2004,Platform,Nintendo,1.34,80.0,49,8.3,30,Nintendo,E10+,2000s,Other,3.912023005428146,3.4339872044851463
PS2,2006,Racing,Electronic Arts,1.34,74.0,26,8.4,60,EA Canada,E10+,2000s,Other,3.295836866004329,4.110873864173311
X360,2006,Shooter,Capcom,1.34,79.0,76,7.1,187,Capcom,T,2000s,Other,4.343805421853684,5.236441962829949
PS2,2003,Shooter,Take-Two Interactive,1.34,73.0,27,8.2,63,Rockstar Vienna,M,2000s,Other,3.332204510175204,4.1588830833596715
PS3,2008,Shooter,Electronic Arts,1.34,84.0,50,8.1,203,EA DICE,T,2000s,Other,3.9318256327243257,5.318119993844216
PS2,2004,Sports,Electronic Arts,1.34,90.0,28,8.6,51,EA Sports,E,2000s,Other,3.367295829986474,3.9512437185814275
X360,2010,Action,Microsoft Game Studios,1.33,83.0,100,8.1,1156,Remedy Entertainment,T,2010s,Other,4.61512051684126,7.053585727193677
GC,2004,Shooter,Nintendo,1.33,92.0,60,8.8,279,Retro Studios,T,2000s,Other,4.110873864173311,5.634789603169249
PS2,2004,Racing,TDK Mediactive,1.33,57.0,15,6.5,21,Steel Monkeys,E,2000s,Other,2.772588722239781,3.091042453358316
PS3,2007,Fighting,THQ,1.33,74.0,27,7.3,41,Yuke's,T,2000s,Other,3.332204510175204,3.7376696182833684
X360,2013,Platform,Activision,1.32,83.0,37,5.7,45,Vicarious Visions,E10+,2010s,Other,3.6375861597263857,3.828641396489095
DS,2009,Action,Take-Two Interactive,1.32,93.0,85,8.3,280,Rockstar Leeds,M,2000s,Grand Theft Auto,4.454347296253507,5.638354669333745
X360,2010,Fighting,THQ,1.32,84.0,70,6.7,80,Yuke's,T,2010s,Other,4.2626798770413155,4.394449154672439
PC,2008,Role-Playing,Activision,1.32,91.0,47,7.5,930,Blizzard Entertainment,T,2000s,Other,3.8712010109078907,6.836259277277067
PS2,2002,Sports,Atari,1.32,93.0,20,7.4,25,Visual Concepts,E,2000s,Other,3.044522437723423,3.258096538021482
PSV,2012,Action,Ubisoft,1.32,70.0,71,7.2,318,Ubisoft,M,2010s,Other,4.276666119016055,5.765191102784844
X360,2010,Sports,Ubisoft,1.32,73.0,32,7.5,25,Ubisoft Montreal,E,2010s,Other,3.4965075614664802,3.258096538021482
PSP,2005,Racing,Electronic Arts,1.32,74.0,36,8.5,38,Team Fusion,E,2000s,Other,3.6109179126442243,3.6635616461296463
PS3,2011,Shooter,Bethesda Softworks,1.31,81.0,37,6.2,353,id Software,M,2010s,Other,3.6375861597263857,5.869296913133774
PS3,2010,Action,Warner Bros. Interactive Entertainment,1.31,79.0,42,8.0,52,Traveller's Tales,E10+,2010s,Other,3.7612001156935624,3.970291913552122
PS2,2005,Platform,Activision,1.31,69.0,25,7.4,25,Toys for Bob,E10+,2000s,Other,3.258096538021482,3.258096538021482
XOne,2015,Role-Playing,Namco Bandai Games,1.31,91.0,13,9.2,3963,CD Projekt Red Studio,M,2010s,Other,2.639057329615259,8.285008895449879
PS2,2002,Shooter,Acclaim Entertainment,1.31,61.0,20,7.3,27,Acclaim,M,2000s,Other,3.044522437723423,3.332204510175204
X360,2009,Action,Activision,1.31,78.0,83,7.8,356,Radical Entertainment,M,2000s,Other,4.430816798843313,5.877735781779639
XB,2004,Racing,Electronic Arts,1.31,94.0,76,7.2,139,Criterion Games,T,2000s,Other,4.343805421853684,4.941642422609304
X360,2009,Misc,MTV Games,1.3,89.0,76,8.6,127,Harmonix Music Systems,T,2000s,Other,4.343805421853684,4.852030263919617
PS2,2006,Sports,Electronic Arts,1.3,63.0,12,6.0,39,EA Sports,E,2000s,Other,2.5649493574615367,3.6888794541139363
WiiU,2015,Platform,Nintendo,1.3,78.0,83,8.5,376,Good-Feel,E,2010s,Other,4.430816798843313,5.932245187448011
X360,2012,Action,Activision,1.3,80.0,35,6.6,38,Toys for Bob,E10+,2010s,Other,3.58351893845611,3.6635616461296463
PS2,2005,Misc,Sony Computer Entertainment,1.3,78.0,22,8.3,6,SCEA,T,2000s,Other,3.1354942159291497,1.9459101490553132
X360,2009,Fighting,Namco Bandai Games,1.3,80.0,59,7.0,132,"Namco Bandai Games America, Namco Bandai Games",T,2000s,Other,4.0943445622221,4.890349128221754
XOne,2015,Action,Ubisoft,1.3,78.0,22,6.1,402,Ubisoft Quebec,M,2010s,Other,3.1354942159291497,5.998936561946683
DS,2010,Role-Playing,Nintendo,1.29,68.0,25,8.2,25,Creatures Inc.,E,2010s,Pokemon,3.258096538021482,3.258096538021482
PS3,2008,Action,Warner Bros. Interactive Entertainment,1.29,75.0,24,7.7,33,Traveller's Tales,E10+,2000s,Other,3.2188758248682006,3.5263605246161616
PS3,2011,Action,Electronic Arts,1.29,85.0,54,7.2,406,Crytek,M,2010s,Other,4.007333185232471,6.008813185442595
GBA,2003,Platform,TDK Mediactive,1.29,49.0,10,6.2,5,Pocket Studios,E,2000s,Other,2.3978952727983707,1.791759469228055
DS,2007,Misc,Atari,1.29,67.0,19,5.9,8,M2,E,2000s,Other,2.995732273553991,2.1972245773362196
Wii,2009,Misc,Zoo Games,1.29,56.0,4,5.0,5,Artefacts Studio,E,2000s,Other,1.6094379124341003,1.791759469228055
PS2,2004,Shooter,Atari,1.29,75.0,51,8.6,27,Melbourne House,T,2000s,Other,3.9512437185814275,3.332204510175204
XOne,2015,Action,Warner Bros. Interactive Entertainment,1.29,74.0,26,7.8,387,Techland,M,2010s,Other,3.295836866004329,5.961005339623274
PC,2015,Role-Playing,Bethesda Softworks,1.29,84.0,38,5.4,7512,Bethesda Game Studios,M,2010s,Other,3.6635616461296463,8.92439013236916
DS,2010,Platform,Sega,1.29,79.0,26,7.9,66,Dimps Corporation,E,2010s,Other,3.295836866004329,4.204692619390966
PS3,2014,Action,Ubisoft,1.29,72.0,53,7.5,292,Ubisoft Sofia,M,2010s,Other,3.9889840465642745,5.680172609017068
Wii,2007,Sports,Electronic Arts,1.29,66.0,32,7.6,30,EA Canada,E,2000s,Other,3.4965075614664802,3.4339872044851463
XOne,2015,Role-Playing,Bethesda Softworks,1.28,77.0,11,8.4,613,ZeniMax Media,M,2010s,Other,2.4849066497880004,6.419994928147142
PS2,2004,Role-Playing,Sony Online Entertainment,1.28,85.0,51,8.4,57,Snowblind Studios,T,2000s,Other,3.9512437185814275,4.060443010546419
PS2,2003,Action,Take-Two Interactive,1.28,76.0,47,8.3,136,Rockstar North,M,2000s,Other,3.8712010109078907,4.919980925828125
Wii,2006,Racing,Electronic Arts,1.28,67.0,21,7.3,26,EA Canada,E10+,2000s,Other,3.091042453358316,3.295836866004329
PS2,2001,Action,Konami Digital Entertainment,1.28,89.0,34,8.9,557,KCET,M,2000s,Other,3.5553480614894135,6.324358962381311
PS,1997,Platform,Konami Digital Entertainment,1.27,93.0,12,9.4,358,Konami,T,1990s,Other,2.5649493574615367,5.883322388488279
Wii,2008,Misc,Activision,1.27,73.0,16,7.2,19,Vicarious Visions,T,2000s,Other,2.833213344056216,2.995732273553991
X360,2014,Action,Warner Bros. Interactive Entertainment,1.27,69.0,8,7.2,26,TT Games,E10+,2010s,Other,2.1972245773362196,3.295836866004329
PC,2005,Simulation,Electronic Arts,1.27,76.0,31,6.6,71,Maxis,T,2000s,Other,3.4657359027997265,4.276666119016055
PS3,2014,Role-Playing,Namco Bandai Games,1.27,91.0,69,8.1,1107,From Software,T,2010s,Other,4.248495242049359,7.010311867307229
3DS,2012,Action,Nintendo,1.27,83.0,75,8.7,487,"Opus, Project Sora",E10+,2010s,Other,4.330733340286331,6.1903154058531475
3DS,2012,Role-Playing,Nintendo,1.27,59.0,46,6.3,134,"Nintendo, Spike Chunsoft",E,2010s,Pokemon,3.8501476017100584,4.90527477843843
PS2,2008,Action,Warner Bros. Interactive Entertainment,1.27,77.0,8,8.9,17,Traveller's Tales,E10+,2000s,Other,2.1972245773362196,2.8903717578961645
X360,2008,Sports,Take-Two Interactive,1.27,84.0,32,7.2,44,Visual Concepts,E,2000s,Other,3.4965075614664802,3.8066624897703196
XB,2003,Sports,Activision,1.27,85.0,33,9.1,26,Neversoft Entertainment,T,2000s,Other,3.5263605246161616,3.295836866004329
PS4,2014,Action,Konami Digital Entertainment,1.27,75.0,70,6.2,1311,Kojima Productions,M,2010s,Other,4.2626798770413155,7.179307969504034
DS,2008,Adventure,Nintendo,1.27,65.0,28,7.5,27,Griptonite Games,E,2000s,Other,3.367295829986474,3.332204510175204
PS2,2002,Role-Playing,Atari,1.27,75.0,35,8.5,60,CyberConnect2,T,2000s,Other,3.58351893845611,4.110873864173311
Wii,2008,Sports,Deep Silver,1.27,30.0,4,2.0,23,3G Studios,E,2000s,Other,1.6094379124341003,3.1780538303479458
PS3,2008,Role-Playing,Sega,1.27,86.0,60,8.6,433,Sega,T,2000s,Other,4.110873864173311,6.073044534100405
X360,2011,Fighting,THQ,1.27,71.0,52,6.3,89,Yuke's,T,2010s,Other,3.970291913552122,4.499809670330265
GC,2003,Platform,Sega,1.27,57.0,27,7.9,139,Sonic Team,E,2000s,Other,3.332204510175204,4.941642422609304
PS,1994,Fighting,Sony Computer Entertainment,1.27,69.0,4,6.3,4,Tamsoft,T,1990s,Other,1.6094379124341003,1.6094379124341003
X360,2012,Action,THQ,1.27,78.0,46,8.0,110,"THQ, Yuke's",T,2010s,Other,3.8501476017100584,4.709530201312334
PS3,2013,Role-Playing,Square Enix,1.27,85.0,50,8.5,332,Virtuos,T,2010s,Final Fantasy,3.9318256327243257,5.808142489980444
PS3,2013,Racing,Electronic Arts,1.27,80.0,6,4.9,123,Ghost Games,E10+,2010s,Other,1.9459101490553132,4.820281565605037
Wii,2010,Sports,Electronic Arts,1.26,79.0,8,8.1,22,EA Canada,E,2010s,Other,2.1972245773362196,3.1354942159291497
Wii,2007,Sports,Take-Two Interactive,1.26,68.0,36,5.8,21,Rockstar San Diego,E,2000s,Other,3.6109179126442243,3.091042453358316
PC,2010,Sports,Sega,1.26,85.0,23,8.4,77,Sports Interactive,E,2010s,Other,3.1780538303479458,4.356708826689592
DS,2005,Simulation,Atari,1.26,59.0,20,7.7,6,NanaOn-Sha,E,2000s,Other,3.044522437723423,1.9459101490553132
PS3,2008,Action,Eidos Interactive,1.26,75.0,42,7.2,166,Nixxes Software,T,2000s,Other,3.7612001156935624,5.117993812416755
DS,2009,Strategy,Warner Bros. Interactive Entertainment,1.25,65.0,29,8.9,51,Hellbent Games,E,2000s,Other,3.4011973816621555,3.9512437185814275
PS,2000,Sports,Electronic Arts,1.25,86.0,10,8.0,6,EA Sports,E,2000s,Other,2.3978952727983707,1.9459101490553132
PS3,2013,Action,Deep Silver,1.25,76.0,26,6.3,278,Volition Inc.,M,2010s,Other,3.295836866004329,5.631211781821365
PS2,2008,Action,LucasArts,1.25,68.0,7,7.4,33,Krome Studios,T,2000s,Other,2.0794415416798357,3.5263605246161616
PS3,2008,Shooter,Sony Computer Entertainment,1.25,63.0,64,6.9,223,Slant Six,M,2000s,Other,4.174387269895637,5.4116460518550396
X360,2005,Racing,Electronic Arts,1.25,83.0,54,8.5,134,EA Canada,T,2000s,Other,4.007333185232471,4.90527477843843
GC,2005,Role-Playing,Nintendo,1.25,64.0,27,8.3,74,Genius Sonority Inc.,E,2000s,Pokemon,3.332204510175204,4.31748811353631
PS2,2006,Shooter,Electronic Arts,1.25,79.0,62,8.4,194,Criterion Games,M,2000s,Other,4.143134726391533,5.272999558563747
PS3,2007,Shooter,Ubisoft,1.25,86.0,32,7.6,81,Ubisoft Montreal,M,2000s,Other,3.4965075614664802,4.406719247264253
PSV,2012,Platform,Sony Computer Entertainment,1.25,88.0,71,8.6,348,"Tarsier Studios, Double Eleven",E,2010s,Other,4.276666119016055,5.855071922202427
3DS,2015,Role-Playing,Nintendo,1.25,69.0,44,8.8,190,"Spike Chunsoft Co. Ltd., Spike Chunsoft",E,2010s,Pokemon,3.8066624897703196,5.25227342804663
PC,2002,Strategy,Atari,1.25,74.0,22,8.5,135,Chris Sawyer,E,2000s,Other,3.1354942159291497,4.912654885736052
PS2,2003,Action,Eidos Interactive,1.25,52.0,37,6.2,106,Core Design Ltd.,T,2000s,Other,3.6375861597263857,4.672828834461906
PS2,2004,Action,Ubisoft,1.25,87.0,45,8.6,34,Ubisoft Shanghai,T,2000s,Other,3.828641396489095,3.5553480614894135
PS2,2005,Shooter,Sony Computer Entertainment,1.24,81.0,51,8.9,155,Insomniac Games,T,2000s,Other,3.9512437185814275,5.049856007249537
Wii,2007,Sports,RTL,1.24,52.0,15,6.8,4,49Games,E,2000s,Other,2.772588722239781,1.6094379124341003
PS2,2001,Role-Playing,Virgin Interactive,1.24,87.0,29,8.3,90,Snowblind Studios,T,2000s,Other,3.4011973816621555,4.51085950651685
PS,1997,Platform,GT Interactive,1.24,85.0,10,9.0,96,Oddworld Inhabitants,T,1990s,Other,2.3978952727983707,4.574710978503383
PS2,2000,Action,Namco Bandai Games,1.24,78.0,20,7.7,6,Namco,E,2000s,Other,3.044522437723423,1.9459101490553132
PS2,2008,Fighting,THQ,1.24,78.0,9,6.9,34,Yuke's,T,2000s,Other,2.302585092994046,3.5553480614894135
XB,2005,Action,Activision,1.24,61.0,44,8.1,54,Double Helix Games,T,2000s,Other,3.8066624897703196,4.007333185232471
PS3,2009,Action,Activision,1.24,79.0,53,7.7,308,Radical Entertainment,M,2000s,Other,3.9889840465642745,5.733341276897746
PS3,2012,Sports,Electronic Arts,1.23,76.0,36,6.4,66,EA Sports,E,2010s,FIFA,3.6109179126442243,4.204692619390966
PS2,2001,Platform,Konami Digital Entertainment,1.23,32.0,6,4.6,29,Konami,E,2000s,Other,1.9459101490553132,3.4011973816621555
XOne,2016,Sports,Electronic Arts,1.23,83.0,30,5.9,39,EA Sports,E,2010s,Madden,3.4339872044851463,3.6888794541139363
XB,2004,Action,Microsoft Game Studios,1.23,91.0,89,8.8,152,Team Ninja,M,2000s,Other,4.499809670330265,5.030437921392435
XB,2002,Platform,Universal Interactive,1.23,70.0,16,8.1,19,Traveller's Tales,E,2000s,Other,2.833213344056216,2.995732273553991
PS2,2004,Racing,Atari,1.23,57.0,51,5.5,102,Reflections Interactive,M,2000s,Other,3.9512437185814275,4.634728988229636
PSP,2009,Action,Ubisoft,1.23,63.0,38,7.2,69,Griptonite Games,M,2000s,Other,3.6635616461296463,4.248495242049359
X360,2012,Action,Warner Bros. Interactive Entertainment,1.23,80.0,49,8.5,73,TT Games,E10+,2010s,Other,3.912023005428146,4.304065093204169
WiiU,2014,Action,Nintendo,1.23,76.0,81,8.3,662,Omega Force,T,2010s,Other,4.406719247264253,6.4967749901858625
GBA,2004,Platform,Nintendo,1.23,80.0,22,9.1,37,Rare Ltd.,E,2000s,Other,3.1354942159291497,3.6375861597263857
X360,2008,Misc,Activision,1.23,70.0,59,6.7,48,Neversoft Entertainment,T,2000s,Other,4.0943445622221,3.8918202981106265
PS3,2006,Racing,Electronic Arts,1.23,75.0,31,7.3,42,EA Canada,E10+,2000s,Other,3.4657359027997265,3.7612001156935624
Wii,2007,Action,D3Publisher,1.23,63.0,6,7.7,9,High Voltage Software,E10+,2000s,Other,1.9459101490553132,2.302585092994046
PS3,2010,Sports,Electronic Arts,1.23,82.0,56,7.8,57,EA Canada,E,2010s,FIFA,4.04305126783455,4.060443010546419
PS3,2011,Role-Playing,Namco Bandai Games,1.22,78.0,65,8.2,468,Bandai Namco Games,T,2010s,Other,4.189654742026425,6.150602768446279
DS,2007,Racing,Nintendo,1.22,63.0,39,7.5,27,Rare Ltd.,E,2000s,Other,3.6888794541139363,3.332204510175204
GC,2004,Sports,Nintendo,1.22,80.0,43,8.5,48,Camelot Software Planning,E,2000s,Mario,3.784189633918261,3.8918202981106265
GBA,2002,Role-Playing,Nintendo,1.22,86.0,29,9.5,150,Camelot Software Planning,E,2000s,Other,3.4011973816621555,5.017279836814924
XB,2001,Shooter,Take-Two Interactive,1.22,89.0,24,8.3,61,neo Software,M,2000s,Other,3.2188758248682006,4.127134385045092
PS2,2002,Sports,Sega,1.22,89.0,19,7.8,16,Visual Concepts,E,2000s,Other,2.995732273553991,2.833213344056216
PS2,2006,Racing,THQ,1.21,71.0,30,8.4,12,Rainbow Studios,E,2000s,Other,3.4339872044851463,2.5649493574615367
XB,2001,Misc,Microsoft Game Studios,1.21,70.0,28,6.9,16,Blitz Games,E,2000s,Other,3.367295829986474,2.833213344056216
XB,2004,Shooter,Activision,1.21,73.0,55,7.8,22,Spark Unlimited,T,2000s,Call of Duty,4.02535169073515,3.1354942159291497
DS,2007,Simulation,Square Enix,1.21,85.0,52,7.7,164,Matrix Software,E10+,2000s,Final Fantasy,3.970291913552122,5.10594547390058
PSP,2005,Shooter,LucasArts,1.21,69.0,22,8.5,111,Savage Entertainment,T,2000s,Other,3.1354942159291497,4.718498871295094
3DS,2011,Fighting,Capcom,1.21,85.0,69,8.1,206,Capcom,T,2010s,Other,4.248495242049359,5.332718793265369
PS2,2002,Platform,Sony Computer Entertainment,1.21,86.0,41,8.6,184,Sucker Punch,E,2000s,Other,3.7376696182833684,5.220355825078325
PS4,2015,Sports,Take-Two Interactive,1.21,73.0,47,7.4,237,Yuke's,T,2010s,Other,3.8712010109078907,5.472270673671475
PS,2000,Action,Virgin Interactive,1.21,86.0,13,9.0,91,Capcom,M,2000s,Other,2.639057329615259,4.5217885770490405
GC,2003,Racing,Electronic Arts,1.21,83.0,24,9.0,45,Electronic Arts,E,2000s,Other,3.2188758248682006,3.828641396489095
PS3,2010,Fighting,Namco Bandai Games,1.21,76.0,34,8.3,130,CyberConnect2,T,2010s,Other,3.5553480614894135,4.875197323201151
PS3,2007,Shooter,Electronic Arts,1.21,75.0,16,7.6,39,Electronic Arts,T,2000s,Other,2.833213344056216,3.6888794541139363
XOne,2015,Shooter,Electronic Arts,1.21,71.0,27,5.1,299,Visceral Games,M,2010s,Other,3.332204510175204,5.703782474656201
PS3,2009,Action,Sega,1.21,87.0,54,7.7,355,Nex Entertainment,M,2000s,Other,4.007333185232471,5.87493073085203
Wii,2008,Puzzle,Electronic Arts,1.21,85.0,61,8.6,105,EA LA,E,2000s,Other,4.127134385045092,4.663439094112067
PS2,2002,Action,Black Label Games,1.2,59.0,19,5.1,20,Surreal Software,T,2000s,Other,2.995732273553991,3.044522437723423
Wii,2007,Simulation,Electronic Arts,1.2,73.0,19,8.2,10,Maxis,T,2000s,Other,2.995732273553991,2.3978952727983707
PS2,2004,Racing,SouthPeak Games,1.2,78.0,37,8.4,16,Climax Group,E,2000s,Other,3.6375861597263857,2.833213344056216
PS3,2011,Racing,Codemasters,1.2,82.0,36,7.1,55,Codemasters,E,2010s,Other,3.6109179126442243,4.02535169073515
GC,2004,Strategy,Nintendo,1.2,90.0,54,9.1,137,Nintendo,E,2000s,Other,4.007333185232471,4.927253685157205
XB,2003,Action,Atari,1.2,65.0,33,7.1,75,Shiny Entertainment,T,2000s,Other,3.5263605246161616,4.330733340286331
PSP,2006,Racing,THQ,1.2,70.0,17,7.0,4,Locomotive Games,E,2000s,Other,2.8903717578961645,1.6094379124341003
PS2,2001,Sports,Electronic Arts,1.2,92.0,22,8.5,26,EA Sports,E,2000s,Other,3.1354942159291497,3.295836866004329
PSP,2010,Sports,Electronic Arts,1.2,68.0,6,5.4,9,EA Sports,E,2010s,FIFA,1.9459101490553132,2.302585092994046
GBA,2003,Racing,THQ,1.19,55.0,14,6.8,9,Altron,E,2000s,Other,2.70805020110221,2.302585092994046
PS3,2012,Action,Warner Bros. Interactive Entertainment,1.19,81.0,28,7.5,81,Traveller's Tales,E10+,2010s,Other,3.367295829986474,4.406719247264253
WiiU,2014,Puzzle,Nintendo,1.19,81.0,78,8.6,377,Nintendo EAD Tokyo,E,2010s,Other,4.3694478524670215,5.934894195619588
GBA,2002,Platform,THQ,1.19,71.0,4,7.7,7,Vicarious Visions,E,2000s,Other,1.6094379124341003,2.0794415416798357
Wii,2008,Sports,Konami Digital Entertainment,1.19,83.0,19,8.4,43,Konami,E,2000s,Other,2.995732273553991,3.784189633918261
XOne,2015,Shooter,Activision,1.19,89.0,11,5.2,393,"Bungie Software, Bungie",T,2010s,Other,2.4849066497880004,5.976350909297934
PS2,2006,Action,Vivendi Games,1.19,75.0,46,8.6,113,Radical Entertainment,M,2000s,Other,3.8501476017100584,4.736198448394496
PSP,2007,Fighting,THQ,1.19,68.0,11,7.8,15,Yuke's,T,2000s,Other,2.4849066497880004,2.772588722239781
GC,2002,Action,Activision,1.19,76.0,14,7.3,11,Treyarch,E,2000s,Other,2.70805020110221,2.4849066497880004
DS,2006,Puzzle,Nintendo,1.19,76.0,32,7.9,17,"Nintendo, Nintendo Software Technology",E,2000s,Mario,3.4965075614664802,2.8903717578961645
PSP,2006,Action,Konami Digital Entertainment,1.18,87.0,54,8.2,147,Kojima Productions,M,2000s,Other,4.007333185232471,4.997212273764115
DS,2009,Action,Activision,1.18,59.0,4,7.5,27,TT Fusion,E,2000s,Other,1.6094379124341003,3.332204510175204
PS3,2013,Fighting,Warner Bros. Interactive Entertainment,1.18,78.0,37,7.9,282,NetherRealm Studios,T,2010s,Other,3.6375861597263857,5.645446897643238
DC,1999,Adventure,Sega,1.18,88.0,9,9.4,201,Sega AM2,T,1990s,Other,2.302585092994046,5.308267697401205
X360,2012,Misc,Ubisoft,1.18,77.0,23,7.7,36,Ubisoft,E10+,2010s,Other,3.1780538303479458,3.6109179126442243
GBA,2001,Sports,Activision,1.18,95.0,16,7.5,22,Vicarious Visions,E,2000s,Other,2.833213344056216,3.1354942159291497
PS3,2012,Action,Namco Bandai Games,1.18,64.0,33,6.5,55,"Omega Force, Tecmo Koei Games",T,2010s,Other,3.5263605246161616,4.02535169073515
PS2,2005,Shooter,Activision,1.17,77.0,43,8.7,70,Neversoft Entertainment,M,2000s,Other,3.784189633918261,4.2626798770413155
PS2,2002,Platform,Electronic Arts,1.17,70.0,14,8.8,60,Krome Studios,E,2000s,Other,2.70805020110221,4.110873864173311
PS3,2012,Action,Capcom,1.17,52.0,36,4.9,222,Slant Six,M,2010s,Other,3.6109179126442243,5.407171771460119
PSP,2008,Action,LucasArts,1.17,76.0,8,7.6,11,Traveller's Tales,E10+,2000s,Other,2.1972245773362196,2.4849066497880004
Wii,2009,Adventure,Nintendo,1.17,62.0,22,7.2,36,Creatures Inc.,E,2000s,Other,3.1354942159291497,3.6109179126442243
PS3,2011,Fighting,THQ,1.17,72.0,28,6.9,80,Yuke's,T,2010s,Other,3.367295829986474,4.394449154672439
PS2,2003,Sports,Zoo Digital Publishing,1.17,57.0,4,8.4,37,Sand Grain Studios,T,2000s,Other,1.6094379124341003,3.6375861597263857
PC,2015,Action,Take-Two Interactive,1.17,96.0,57,7.9,3756,Rockstar North,M,2010s,Grand Theft Auto,4.060443010546419,8.231376045573969
PC,2010,Role-Playing,Bethesda Softworks,1.17,84.0,39,8.6,2754,Obsidian Entertainment,M,2010s,Other,3.6888794541139363,7.9211727215870145
PS3,2009,Fighting,THQ,1.17,81.0,38,8.1,55,Yuke's,T,2000s,Other,3.6635616461296463,4.02535169073515
XB,2003,Shooter,Electronic Arts,1.17,65.0,23,5.8,28,EA LA,T,2000s,Other,3.1780538303479458,3.367295829986474
PS3,2008,Shooter,Electronic Arts,1.17,74.0,43,7.3,118,EA Montreal,M,2000s,Other,3.784189633918261,4.77912349311153
PC,2008,Strategy,Electronic Arts,1.17,84.0,75,5.3,1711,Maxis,E10+,2000s,Other,4.330733340286331,7.445417556701687
GBA,2004,Puzzle,Nintendo,1.17,81.0,43,8.0,31,Nintendo,E,2000s,Mario,3.784189633918261,3.4657359027997265
PS3,2011,Action,LucasArts,1.16,76.0,36,7.3,34,Traveller's Tales,E10+,2010s,Other,3.6109179126442243,3.5553480614894135
PS2,2006,Racing,Take-Two Interactive,1.16,85.0,19,8.9,53,Rockstar San Diego,E10+,2000s,Other,2.995732273553991,3.9889840465642745
PS2,2004,Shooter,Ubisoft,1.16,70.0,31,6.3,24,Red Storm Entertainment,T,2000s,Other,3.4657359027997265,3.2188758248682006
PS,1997,Fighting,Sony Computer Entertainment,1.16,83.0,13,7.9,16,Light Weight,T,1990s,Other,2.639057329615259,2.833213344056216
X360,2008,Platform,Electronic Arts,1.16,79.0,82,7.6,328,EA DICE,T,2000s,Other,4.418840607796598,5.796057750765372
PS3,2006,Platform,Sega,1.16,43.0,17,4.1,176,Sonic Team,E10+,2000s,Other,2.8903717578961645,5.176149732573829
PS2,2001,Racing,Electronic Arts,1.16,85.0,17,8.5,22,EA Sports,E,2000s,Other,2.8903717578961645,3.1354942159291497
X360,2011,Sports,Ubisoft,1.16,77.0,13,7.6,21,Ubisoft,E,2010s,Other,2.639057329615259,3.091042453358316
XOne,2013,Sports,Electronic Arts,1.16,88.0,22,5.8,328,EA Canada,E,2010s,FIFA,3.1354942159291497,5.796057750765372
PSP,2007,Role-Playing,Square Enix,1.16,88.0,41,8.0,238,TOSE,T,2000s,Final Fantasy,3.7376696182833684,5.476463551931511
X360,2010,Shooter,City Interactive,1.16,45.0,39,5.8,89,City Interactive,M,2010s,Other,3.6888794541139363,4.499809670330265
DS,2007,Platform,Sega,1.15,78.0,32,8.2,66,Dimps Corporation,E,2000s,Other,3.4965075614664802,4.204692619390966
PC,2008,Simulation,Sega,1.15,83.0,29,8.1,30,Sports Interactive,E,2000s,Other,3.4011973816621555,3.4339872044851463
PS2,2001,Action,Midway Games,1.15,73.0,15,8.3,30,Midway,T,2000s,Other,2.772588722239781,3.4339872044851463
PSP,2007,Shooter,Electronic Arts,1.15,69.0,20,7.3,30,EA LA,T,2000s,Other,3.044522437723423,3.4339872044851463
PS2,2004,Shooter,Empire Interactive,1.15,43.0,5,3.4,13,Blitz Games,M,2000s,Other,1.791759469228055,2.639057329615259
PC,2012,Sports,Sega,1.15,86.0,37,6.7,228,Sports Interactive,Unknown,2010s,Other,3.6375861597263857,5.43372200355424
X360,2012,Action,Electronic Arts,1.15,53.0,43,5.4,437,Danger Close,M,2010s,Other,3.784189633918261,6.082218910376446
PSP,2009,Sports,Electronic Arts,1.15,83.0,9,7.9,14,EA Sports,E,2000s,FIFA,2.302585092994046,2.70805020110221
GC,2003,Misc,Nintendo,1.15,76.0,55,8.3,21,Namco,E,2000s,Other,4.02535169073515,3.091042453358316
PC,2007,Shooter,Activision,1.15,92.0,40,8.5,2360,Infinity Ward,M,2000s,Call of Duty,3.713572066704308,7.766840537085513
PS2,2003,Platform,THQ,1.15,68.0,28,9.0,28,Avalanche Software,E,2000s,Other,3.367295829986474,3.367295829986474
PS4,2014,Sports,Take-Two Interactive,1.15,62.0,44,5.1,164,Yuke's,T,2010s,Other,3.8066624897703196,5.10594547390058
PS,2000,Action,Take-Two Interactive,1.14,51.0,8,7.5,27,Vingt-et-un Systems,E,2000s,Other,2.1972245773362196,3.332204510175204
PS2,2003,Action,Activision,1.14,79.0,33,8.4,38,K2 LLC,M,2000s,Other,3.5263605246161616,3.6635616461296463
PS2,2005,Action,Sony Computer Entertainment,1.14,91.0,77,9.1,933,SCE Japan Studio,T,2000s,Other,4.356708826689592,6.839476438228843
PS,1998,Role-Playing,SquareSoft,1.14,81.0,12,8.5,17,SquareSoft,E,1990s,Other,2.5649493574615367,2.8903717578961645
PS3,2007,Action,Eidos Interactive,1.14,88.0,46,7.5,155,Team Ninja,M,2000s,Other,3.8501476017100584,5.049856007249537
PS3,2013,Sports,Take-Two Interactive,1.14,74.0,22,7.5,121,Yuke's,T,2010s,Other,3.1354942159291497,4.804021044733257
3DS,2011,Action,Nintendo,1.14,56.0,36,7.1,50,Ambrella,E10+,2010s,Pokemon,3.6109179126442243,3.9318256327243257
PS3,2008,Action,Activision,1.14,65.0,42,6.6,47,Treyarch,T,2000s,Other,3.7612001156935624,3.8712010109078907
PS2,2005,Simulation,Konami Digital Entertainment,1.14,76.0,27,9.0,21,Konami Computer Entertainment Hawaii,E10+,2000s,Other,3.332204510175204,3.091042453358316
XB,2003,Action,Electronic Arts,1.14,84.0,31,9.1,31,EA Games,T,2000s,Other,3.4657359027997265,3.4657359027997265
PS3,2007,Sports,Sony Computer Entertainment,1.14,81.0,66,8.8,32,Clap Hanz,E,2000s,Other,4.204692619390966,3.4965075614664802
XOne,2014,Shooter,Microsoft Game Studios,1.14,81.0,89,7.7,1137,Insomniac Games,M,2010s,Other,4.499809670330265,7.037027614686276
PS2,2001,Simulation,Atari,1.14,73.0,15,8.8,32,Capcom,T,2000s,Other,2.772588722239781,3.4965075614664802
PS4,2016,Fighting,Namco Bandai Games,1.14,79.0,60,8.2,201,CyberConnect2,T,2010s,Other,4.110873864173311,5.308267697401205
XB,2002,Simulation,Microsoft Game Studios,1.13,87.0,32,8.0,47,Day 1 Studios,T,2000s,Other,3.4965075614664802,3.8712010109078907
Wii,2009,Sports,Electronic Arts,1.13,80.0,15,7.5,27,Electronic Arts,E,2000s,Other,2.772588722239781,3.332204510175204
GBA,2006,Racing,THQ,1.13,50.0,8,4.7,6,Helixe,E,2000s,Other,2.1972245773362196,1.9459101490553132
PS4,2016,Action,Ubisoft,1.13,83.0,88,7.8,621,Ubisoft Montreal,M,2010s,Other,4.48863636973214,6.432940092739179
3DS,2011,Action,LucasArts,1.13,67.0,25,6.1,31,Traveller's Tales,E10+,2010s,Other,3.258096538021482,3.4657359027997265
XB,2004,Shooter,Ubisoft,1.13,84.0,55,8.6,14,Ubisoft Montreal,M,2000s,Other,4.02535169073515,2.70805020110221
PS3,2008,Platform,Electronic Arts,1.13,79.0,66,7.8,362,EA DICE,T,2000s,Other,4.204692619390966,5.8944028342648505
X360,2009,Misc,Activision,1.13,85.0,69,6.8,108,Neversoft Entertainment,T,2000s,Other,4.248495242049359,4.6913478822291435
PS4,2014,Shooter,Sega,1.13,79.0,50,8.1,795,Creative Assembly,M,2010s,Other,3.9318256327243257,6.679599185844383
3DS,2012,Role-Playing,Nintendo,1.13,73.0,51,8.6,209,"Level 5, Brownie Brown",E10+,2010s,Other,3.9512437185814275,5.3471075307174685
PS3,2007,Misc,Sony Computer Entertainment,1.13,82.0,48,5.9,15,SCEE London Studio,T,2000s,Other,3.8918202981106265,2.772588722239781
3DS,2015,Action,Nintendo,1.12,73.0,73,7.6,179,Nintendo,E,2010s,Zelda,4.304065093204169,5.19295685089021
PS2,2001,Racing,Activision,1.12,57.0,15,7.6,9,Exakt,E,2000s,Other,2.772588722239781,2.302585092994046
Wii,2009,Platform,Ubisoft,1.12,78.0,50,8.3,32,Ubisoft Montpellier,E10+,2000s,Other,3.9318256327243257,3.4965075614664802
PS3,2010,Racing,Sony Computer Entertainment,1.12,82.0,85,8.4,201,United Front Games,E,2010s,Other,4.454347296253507,5.308267697401205
PSP,2005,Shooter,Sony Computer Entertainment,1.12,82.0,44,8.6,63,Zipper Interactive,M,2000s,Other,3.8066624897703196,4.1588830833596715
PS3,2011,Misc,Ubisoft,1.12,80.0,27,8.3,52,Ubisoft,T,2010s,Other,3.332204510175204,3.970291913552122
XB,2005,Shooter,Activision,1.12,78.0,46,5.1,27,Treyarch,T,2000s,Call of Duty,3.8501476017100584,3.332204510175204
X360,2011,Misc,Ubisoft,1.12,77.0,30,8.2,62,Ubisoft,T,2010s,Other,3.4339872044851463,4.143134726391533
PS2,2009,Misc,Activision,1.12,71.0,4,2.6,10,BudCat,T,2000s,Other,1.6094379124341003,2.3978952727983707
PC,2007,Sports,Russel,1.12,86.0,15,8.0,19,Sports Interactive,E,2000s,Other,2.772588722239781,2.995732273553991
PS3,2009,Action,Sega,1.12,79.0,77,8.1,165,Ryu ga Gotoku Studios,M,2000s,Other,4.356708826689592,5.111987788356544
PSV,2012,Role-Playing,Atlus,1.12,93.0,61,9.2,1228,Atlus,M,2010s,Other,4.127134385045092,7.113956109566034
XB,2004,Action,Activision,1.12,83.0,60,8.3,40,Treyarch,T,2000s,Other,4.110873864173311,3.713572066704308
X360,2010,Shooter,Microsoft Game Studios,1.12,70.0,91,6.0,202,Ruffian Games,M,2010s,Other,4.5217885770490405,5.313205979041787
PS3,2009,Misc,MTV Games,1.12,88.0,60,8.7,59,Harmonix Music Systems,T,2000s,Other,4.110873864173311,4.0943445622221
X360,2011,Action,Electronic Arts,1.11,79.0,75,4.5,2380,BioWare,M,2010s,Other,4.330733340286331,7.7752758464868625
XB,2003,Shooter,Microsoft Game Studios,1.11,74.0,38,7.6,51,Valve Software,M,2000s,Other,3.6635616461296463,3.9512437185814275
PS2,2007,Misc,RedOctane,1.11,69.0,50,6.3,31,Harmonix Music Systems,T,2000s,Other,3.9318256327243257,3.4657359027997265
PS3,2011,Fighting,Electronic Arts,1.11,84.0,52,7.3,95,EA Canada,M,2010s,Other,3.970291913552122,4.564348191467836
XB,2005,Action,Ubisoft,1.11,94.0,70,9.0,160,Ubisoft Montreal,M,2000s,Other,4.2626798770413155,5.081404364984463
WiiU,2013,Strategy,Nintendo,1.11,87.0,79,8.7,664,Nintendo,E10+,2010s,Other,4.382026634673881,6.499787040655854
X360,2013,Sports,Take-Two Interactive,1.11,75.0,43,7.7,100,Yuke's,T,2010s,Other,3.784189633918261,4.61512051684126
PS4,2015,Fighting,Namco Bandai Games,1.11,69.0,50,7.7,598,Dimps Corporation,T,2010s,Other,3.9318256327243257,6.395261598115449
PS3,2010,Action,Konami Digital Entertainment,1.1,85.0,62,8.0,468,Mercury Steam,M,2010s,Other,4.143134726391533,6.150602768446279
DS,2011,Strategy,Mastertronic,1.1,81.0,23,7.4,29,TOSE,E10+,2010s,Other,3.1780538303479458,3.4011973816621555
PS2,2001,Sports,Electronic Arts,1.1,74.0,18,7.5,27,EA Sports,E,2000s,Other,2.9444389791664403,3.332204510175204
PS2,2006,Misc,Sony Computer Entertainment,1.1,76.0,25,7.5,27,SCEE London Studio,T,2000s,Other,3.258096538021482,3.332204510175204
GC,2003,Role-Playing,Nintendo,1.1,86.0,60,8.5,176,Namco,T,2000s,Other,4.110873864173311,5.176149732573829
WiiU,2013,Platform,Nintendo,1.1,80.0,66,8.2,283,TT Games,E10+,2010s,Other,4.204692619390966,5.648974238161206
Wii,2007,Racing,Electronic Arts,1.1,61.0,16,6.9,14,EA Games,E10+,2000s,Other,2.833213344056216,2.70805020110221
PS3,2008,Racing,Codemasters,1.1,87.0,39,8.1,109,Codemasters,E,2000s,Other,3.6888794541139363,4.700480365792417
X360,2007,Shooter,Electronic Arts,1.1,73.0,54,6.7,77,Electronic Arts,T,2000s,Other,4.007333185232471,4.356708826689592
PS,1998,Role-Playing,Sony Computer Entertainment,1.1,80.0,13,8.5,44,Tri-Ace,E,1990s,Other,2.639057329615259,3.8066624897703196
X360,2013,Sports,Electronic Arts,1.09,77.0,18,5.8,74,EA Tiburon,E,2010s,Other,2.9444389791664403,4.31748811353631
PS2,2006,Adventure,Sega,1.09,77.0,34,8.1,52,Amusement Vision,M,2000s,Other,3.5553480614894135,3.970291913552122
PS3,2009,Misc,Activision,1.09,86.0,54,5.7,87,Neversoft Entertainment,T,2000s,Other,4.007333185232471,4.477336814478207
GBA,2003,Role-Playing,Atari,1.09,75.0,21,8.9,39,Webfoot Technologies,E,2000s,Other,3.091042453358316,3.6888794541139363
Wii,2008,Shooter,Electronic Arts,1.09,66.0,13,4.4,7,"EA Redwood Shores, EA Salt Lake",E10+,2000s,Other,2.639057329615259,2.0794415416798357
DC,2000,Sports,Sega,1.09,97.0,22,6.0,47,Visual Concepts,E,2000s,Other,3.1354942159291497,3.8712010109078907
PSP,2005,Role-Playing,Activision,1.09,68.0,51,7.6,58,Sony Online Entertainment,T,2000s,Other,3.9512437185814275,4.07753744390572
PS4,2015,Racing,Slightly Mad Studios,1.09,83.0,37,6.6,363,Slightly Mad Studios,E,2010s,Other,3.6375861597263857,5.8971538676367405
XB,2003,Sports,Electronic Arts,1.09,92.0,27,8.3,48,EA Tiburon,E,2000s,Madden,3.332204510175204,3.8918202981106265
Wii,2009,Platform,Sega,1.09,54.0,51,6.9,198,Sonic Team,E10+,2000s,Other,3.9512437185814275,5.293304824724492
PS2,2006,Action,Electronic Arts,1.09,75.0,56,8.3,99,Electronic Arts,M,2000s,Other,4.04305126783455,4.605170185988092
X360,2010,Racing,Sega,1.09,47.0,52,2.1,98,Sega,E,2010s,Other,3.970291913552122,4.59511985013459
PS2,2002,Shooter,LucasArts,1.09,65.0,32,8.3,33,LucasArts,T,2000s,Other,3.4965075614664802,3.5263605246161616
PS3,2010,Fighting,THQ,1.09,74.0,42,6.9,41,Yuke's,T,2010s,Other,3.7612001156935624,3.7376696182833684
DS,2011,Action,LucasArts,1.09,66.0,8,7.5,27,Traveller's Tales,E,2010s,Other,2.1972245773362196,3.332204510175204
X360,2012,Action,Electronic Arts,1.09,76.0,20,5.5,65,EA Tiburon,E,2010s,Other,3.044522437723423,4.189654742026425
X360,2009,Sports,Electronic Arts,1.09,84.0,70,8.0,72,EA Black Box,T,2000s,Other,4.2626798770413155,4.290459441148391
PS2,2003,Racing,Electronic Arts,1.08,88.0,15,8.9,77,EA Tiburon,E,2000s,Other,2.772588722239781,4.356708826689592
PSP,2005,Misc,Sony Computer Entertainment,1.08,73.0,28,7.2,9,TOSE,E10+,2000s,Other,3.367295829986474,2.302585092994046
PC,2009,Strategy,Sega,1.08,90.0,62,6.9,2981,Creative Assembly,T,2000s,Other,4.143134726391533,8.000349495324684
PS3,2007,Fighting,Sega,1.08,85.0,47,7.4,67,Sega AM2,T,2000s,Other,3.8712010109078907,4.219507705176107
PS3,2010,Action,Electronic Arts,1.08,75.0,69,7.5,265,Visceral Games,M,2010s,Other,4.248495242049359,5.583496308781699
PS2,2004,Shooter,Ubisoft,1.08,58.0,21,6.0,19,Ubisoft Shanghai/Paris,T,2000s,Other,3.091042453358316,2.995732273553991
XOne,2016,Racing,Microsoft Game Studios,1.08,91.0,90,7.4,594,Playground Games,E,2010s,Other,4.51085950651685,6.38856140554563
PSP,2008,Action,LucasArts,1.08,70.0,10,8.1,49,Krome Studios,T,2000s,Other,2.3978952727983707,3.912023005428146
GBA,2003,Fighting,Atari,1.08,40.0,23,6.1,22,Webfoot Technologies,T,2000s,Other,3.1780538303479458,3.1354942159291497
GC,2005,Shooter,Nintendo,1.08,67.0,59,8.1,106,Namco,T,2000s,Other,4.0943445622221,4.672828834461906
X360,2014,Shooter,Electronic Arts,1.08,69.0,6,7.3,121,PopCap,E10+,2010s,Other,1.9459101490553132,4.804021044733257
PSP,2007,Action,Electronic Arts,1.07,59.0,7,6.7,15,"Electronic Arts, Rebellion",T,2000s,Other,2.0794415416798357,2.772588722239781
DS,2006,Action,LucasArts,1.07,47.0,9,5.0,38,Amaze Entertainment,E,2000s,Other,2.302585092994046,3.6635616461296463
PS2,2006,Shooter,Activision,1.07,82.0,14,7.4,83,Treyarch,T,2000s,Call of Duty,2.70805020110221,4.430816798843313
Wii,2010,Sports,Electronic Arts,1.07,73.0,17,7.3,8,EA Sports,E,2010s,FIFA,2.8903717578961645,2.1972245773362196
PS3,2008,Action,Ubisoft,1.07,85.0,59,7.3,245,Ubisoft Montreal,T,2000s,Other,4.0943445622221,5.5053315359323625
X360,2008,Action,Eidos Interactive,1.07,76.0,57,6.6,198,Crystal Dynamics,T,2000s,Other,4.060443010546419,5.293304824724492
X360,2007,Sports,Konami Digital Entertainment,1.07,76.0,29,7.8,36,Konami,E,2000s,Other,3.4011973816621555,3.6109179126442243
PS2,2005,Fighting,Namco Bandai Games,1.07,86.0,57,8.4,96,Namco,T,2000s,Other,4.060443010546419,4.574710978503383
Wii,2009,Sports,Electronic Arts,1.07,88.0,44,8.8,57,EA Tiburon,E,2000s,Other,3.8066624897703196,4.060443010546419
DS,2009,Adventure,Electronic Arts,1.07,60.0,5,7.5,27,TOSE,E,2000s,Other,1.791759469228055,3.332204510175204
PSP,2005,Sports,Sony Computer Entertainment,1.07,70.0,31,5.6,5,SCEE,E,2000s,Other,3.4657359027997265,1.791759469228055
PS3,2008,Fighting,Namco Bandai Games,1.07,75.0,32,8.6,95,CyberConnect2,T,2000s,Other,3.4965075614664802,4.564348191467836
PS3,2013,Role-Playing,Square Enix,1.07,66.0,62,5.9,552,Square Enix,T,2010s,Final Fantasy,4.143134726391533,6.315358001522335
PS2,2006,Fighting,Midway Games,1.06,75.0,43,8.5,84,Midway,M,2000s,Other,3.784189633918261,4.442651256490317
PS2,2002,Racing,Electronic Arts,1.06,81.0,25,7.3,14,Page 44 Studios,E,2000s,Other,3.258096538021482,2.70805020110221
PSP,2009,Action,Take-Two Interactive,1.06,90.0,77,7.3,146,Rockstar Leeds,M,2000s,Grand Theft Auto,4.356708826689592,4.990432586778736
DS,2008,Simulation,Electronic Arts,1.06,65.0,20,6.5,21,Griptonite Games,E,2000s,Other,3.044522437723423,3.091042453358316
PS3,2007,Shooter,Electronic Arts,1.06,89.0,21,8.4,188,EA Games,M,2000s,Other,3.091042453358316,5.241747015059643
X360,2009,Misc,Activision,1.06,84.0,72,8.0,42,FreeStyleGames,T,2000s,Other,4.290459441148391,3.7612001156935624
X360,2008,Action,Take-Two Interactive,1.06,80.0,56,8.3,154,"Mad Doc Software, Rockstar Vancouver",T,2000s,Other,4.04305126783455,5.043425116919247
PS2,2005,Sports,Electronic Arts,1.06,89.0,36,8.7,37,EA Canada,E,2000s,Other,3.6109179126442243,3.6375861597263857
PS2,2003,Action,Universal Interactive,1.06,71.0,28,8.3,22,Radical Entertainment,T,2000s,Other,3.367295829986474,3.1354942159291497
XOne,2016,Shooter,Activision,1.06,91.0,18,5.6,668,Blizzard Entertainment,T,2010s,Other,2.9444389791664403,6.505784060128229
X360,2010,Shooter,Sega,1.06,64.0,64,7.3,247,Rebellion,M,2010s,Other,4.174387269895637,5.5134287461649825
PS3,2012,Action,Activision,1.06,77.0,21,6.3,18,Toys for Bob,E10+,2010s,Other,3.091042453358316,2.9444389791664403
PC,2001,Role-Playing,Vivendi Games,1.06,87.0,21,9.1,639,Blizzard North,M,2000s,Other,3.091042453358316,6.461468176353717
Wii,2007,Adventure,Nintendo,1.06,72.0,42,8.1,61,Arika,E,2000s,Other,3.7612001156935624,4.127134385045092
GBA,2004,Action,Activision,1.06,65.0,12,7.7,6,Digital Eclipse,E,2000s,Other,2.5649493574615367,1.9459101490553132
PS2,2002,Racing,Play It,1.06,63.0,9,8.8,10,Barnhouse Effect,T,2000s,Other,2.302585092994046,2.3978952727983707
X360,2010,Action,THQ,1.06,83.0,81,7.9,292,Vigil Games,M,2010s,Other,4.406719247264253,5.680172609017068
X360,2008,Shooter,Electronic Arts,1.06,72.0,69,7.2,152,Pandemic Studios,T,2000s,Other,4.248495242049359,5.030437921392435
PS3,2007,Simulation,Sony Computer Entertainment,1.06,84.0,50,8.4,183,Incognito Inc.,T,2000s,Other,3.9318256327243257,5.214935757608986
PS3,2011,Racing,Codemasters,1.06,87.0,52,7.1,122,Codemasters,T,2010s,Other,3.970291913552122,4.812184355372417
Wii,2008,Sports,Sega,1.05,71.0,24,7.0,16,Sumo Digital,E10+,2000s,Other,3.2188758248682006,2.833213344056216
PS3,2007,Racing,Codemasters,1.05,83.0,32,8.0,32,Codemasters,E,2000s,Other,3.4965075614664802,3.4965075614664802
DS,2007,Shooter,Activision,1.05,75.0,22,6.9,36,n-Space,T,2000s,Call of Duty,3.1354942159291497,3.6109179126442243
Wii,2009,Action,Capcom,1.05,75.0,55,8.0,60,Cavia Inc.,M,2000s,Other,4.02535169073515,4.110873864173311
PSP,2006,Shooter,Sony Computer Entertainment,1.05,81.0,31,9.0,36,Zipper Interactive,T,2000s,Other,3.4657359027997265,3.6109179126442243
DS,2007,Platform,Take-Two Interactive,1.05,44.0,5,7.5,27,Black Lantern Studios,E,2000s,Other,1.791759469228055,3.332204510175204
PS2,2002,Sports,Sega,1.05,89.0,21,8.0,22,Visual Concepts,E,2000s,Other,3.091042453358316,3.1354942159291497
PS3,2012,Action,Warner Bros. Interactive Entertainment,1.05,82.0,16,8.3,85,TT Games,E10+,2010s,Other,2.833213344056216,4.454347296253507
XB,2001,Racing,Electronic Arts,1.05,61.0,17,8.3,6,Fox Interactive,T,2000s,Other,2.8903717578961645,1.9459101490553132
PS,2000,Sports,Acclaim Entertainment,1.05,82.0,14,8.4,5,"Z-Axis, Ltd.",E,2000s,Other,2.70805020110221,1.791759469228055
PS4,2014,Sports,Electronic Arts,1.05,70.0,57,6.1,279,EA Sports,T,2010s,Other,4.060443010546419,5.634789603169249
XB,2005,Racing,Microsoft Game Studios,1.05,92.0,73,7.6,213,Microsoft Game Studios,E,2000s,Other,4.304065093204169,5.365976015021851
PS3,2007,Sports,Sega,1.05,80.0,35,7.9,32,Sega AM3,E,2000s,Other,3.58351893845611,3.4965075614664802
PS,1998,Simulation,Sony Computer Entertainment,1.05,83.0,6,7.5,27,Tecmo,E,1990s,Other,1.9459101490553132,3.332204510175204
PS2,2003,Sports,Electronic Arts,1.04,81.0,22,8.9,17,EA Sports,E,2000s,Other,3.1354942159291497,2.8903717578961645
X360,2009,Fighting,THQ,1.04,80.0,59,8.4,36,Yuke's,T,2000s,Other,4.0943445622221,3.6109179126442243
PS3,2012,Action,Square Enix,1.04,83.0,40,7.7,645,United Front Games,M,2010s,Other,3.713572066704308,6.470799503782602
PS,2000,Racing,Acclaim Entertainment,1.04,42.0,9,7.5,27,Climax Group,E,2000s,Other,2.302585092994046,3.332204510175204
GC,2003,Fighting,Nintendo,1.04,74.0,22,8.9,39,8ing/Raizing,T,2000s,Other,3.1354942159291497,3.6888794541139363
PS2,2006,Simulation,Konami Digital Entertainment,1.04,73.0,25,8.7,6,Konami,E10+,2000s,Other,3.258096538021482,1.9459101490553132
PS3,2010,Shooter,Sega,1.04,65.0,57,7.3,168,Rebellion,M,2010s,Other,4.060443010546419,5.1298987149230735
GBA,2001,Racing,Nintendo,1.04,86.0,19,8.5,22,Nd Cube,E,2000s,Other,2.995732273553991,3.1354942159291497
X360,2006,Platform,Sega,1.04,46.0,38,4.4,455,Sega,E10+,2000s,Other,3.6635616461296463,6.1224928095143865
XB,2005,Racing,Electronic Arts,1.04,83.0,32,8.8,29,EA Canada,T,2000s,Other,3.4965075614664802,3.4011973816621555
X360,2007,Action,Electronic Arts,1.03,71.0,52,7.7,71,"Electronic Arts, EA Redwood Shores",T,2000s,Other,3.970291913552122,4.276666119016055
PS3,2012,Racing,Codemasters,1.03,81.0,23,7.5,54,Codemasters,E,2010s,Other,3.1780538303479458,4.007333185232471
X360,2011,Shooter,Bethesda Softworks,1.03,68.0,85,5.8,404,Splash Damage,T,2010s,Other,4.454347296253507,6.003887067106539
PS2,2005,Racing,THQ,1.03,79.0,30,8.4,17,Rainbow Studios,E,2000s,Other,3.4339872044851463,2.8903717578961645
PSP,2005,Racing,Sony Computer Entertainment,1.03,88.0,56,7.9,102,Studio Liverpool,E,2000s,Other,4.04305126783455,4.634728988229636
PS3,2012,Action,THQ,1.03,86.0,30,7.4,92,Yuke's,T,2010s,Other,3.4339872044851463,4.532599493153256
X360,2011,Action,Disney Interactive Studios,1.03,73.0,54,7.0,31,Traveller's Tales,E10+,2010s,Other,4.007333185232471,3.4657359027997265
PS3,2007,Shooter,Ubisoft,1.03,84.0,29,8.1,41,"Red Storm Entertainment, Ubisoft Paris",T,2000s,Other,3.4011973816621555,3.7376696182833684
DS,2005,Platform,Nintendo,1.03,75.0,48,7.6,33,TOSE,E,2000s,Other,3.8918202981106265,3.5263605246161616
Wii,2008,Action,Warner Bros. Interactive Entertainment,1.03,67.0,12,7.0,8,TT Fusion,E10+,2000s,Other,2.5649493574615367,2.1972245773362196
PS2,2003,Sports,Electronic Arts,1.03,82.0,16,8.8,12,NuFX,E,2000s,Other,2.833213344056216,2.5649493574615367
WiiU,2016,Action,Nintendo,1.03,86.0,74,8.4,329,"Tantalus Interactive, Tantatus, Nintendo",T,2010s,Zelda,4.31748811353631,5.799092654460526
PS3,2008,Action,Activision,1.03,77.0,36,7.7,30,Traveller's Tales,E10+,2000s,Other,3.6109179126442243,3.4339872044851463
PC,1996,Action,Eidos Interactive,1.03,86.0,18,8.5,3552,"Crystal Dynamics, Nixxes Software",M,1990s,Other,2.9444389791664403,8.175547596021026
PS,1998,Fighting,Virgin Interactive,1.03,93.0,12,8.5,46,Capcom,T,1990s,Other,2.5649493574615367,3.8501476017100584
Wii,2009,Adventure,Electronic Arts,1.03,78.0,28,8.6,28,Electronic Arts,E,2000s,Other,3.367295829986474,3.367295829986474
PSP,2009,Racing,Sony Computer Entertainment,1.02,79.0,58,8.8,39,Bigbig Studios,T,2000s,Other,4.07753744390572,3.6888794541139363
Wii,2007,Sports,Electronic Arts,1.02,65.0,13,6.1,26,EA Canada,E,2000s,FIFA,2.639057329615259,3.295836866004329
Wii,2007,Sports,Electronic Arts,1.02,72.0,24,7.0,22,EA Salt Lake,E,2000s,Other,3.2188758248682006,3.1354942159291497
Wii,2007,Fighting,Atari,1.02,72.0,27,8.4,61,"Spike, Namco Bandai Games",T,2000s,Other,3.332204510175204,4.127134385045092
GC,2004,Platform,Activision,1.02,70.0,25,6.4,14,"Luxoflux, Inc.",E,2000s,Other,3.258096538021482,2.70805020110221
XOne,2016,Sports,Take-Two Interactive,1.02,90.0,17,6.2,91,Visual Concepts,E,2010s,Other,2.8903717578961645,4.5217885770490405
X360,2007,Shooter,Ubisoft,1.02,86.0,58,8.1,89,"Red Storm Entertainment, Ubisoft Paris",T,2000s,Other,4.07753744390572,4.499809670330265
PS3,2008,Platform,Sega,1.02,54.0,24,7.9,130,Sonic Team,E10+,2000s,Other,3.2188758248682006,4.875197323201151
Wii,2011,Action,Disney Interactive Studios,1.02,61.0,11,6.0,5,Eurocom Entertainment Software,E10+,2010s,Other,2.4849066497880004,1.791759469228055
Wii,2010,Misc,Ubisoft,1.02,48.0,6,3.3,4,Longtail Studios,E10+,2010s,Other,1.9459101490553132,1.6094379124341003
X360,2009,Action,Activision,1.02,71.0,41,7.4,25,Traveller's Tales,E10+,2000s,Other,3.7376696182833684,3.258096538021482
X360,2011,Shooter,Electronic Arts,1.02,84.0,83,7.6,439,"Epic Games, People Can Fly",M,2010s,Other,4.430816798843313,6.0867747269123065
PS3,2013,Platform,Activision,1.02,83.0,31,5.3,33,Vicarious Visions,E10+,2010s,Other,3.4657359027997265,3.5263605246161616
XB,2006,Sports,Electronic Arts,1.02,83.0,27,8.7,6,EA Tiburon,E,2000s,Madden,3.332204510175204,1.9459101490553132
3DS,2011,Platform,Sega,1.02,66.0,29,6.9,108,"Sega, Dimps Corporation",E,2010s,Other,3.4011973816621555,4.6913478822291435
Wii,2008,Misc,MTV Games,1.02,92.0,10,7.7,45,Harmonix Music Systems,T,2000s,Other,2.3978952727983707,3.828641396489095
PS2,2004,Action,Electronic Arts,1.02,70.0,29,8.7,29,EA Games,E,2000s,Other,3.4011973816621555,3.4011973816621555
DS,2012,Role-Playing,Nintendo,1.02,80.0,40,8.2,89,Koei,E,2010s,Pokemon,3.713572066704308,4.499809670330265
Wii,2008,Platform,THQ,1.01,51.0,18,3.6,8,Heavy Iron Studios,E,2000s,Other,2.9444389791664403,2.1972245773362196
Wii,2007,Fighting,Tomy Corporation,1.01,74.0,23,8.0,27,8ing/Raizing,T,2000s,Other,3.1780538303479458,3.332204510175204
X360,2007,Simulation,Atari,1.01,80.0,54,7.9,101,Project Aces,T,2000s,Other,4.007333185232471,4.624972813284271
Wii,2007,Action,Electronic Arts,1.01,64.0,19,6.1,38,"Electronic Arts, Rebellion",T,2000s,Other,2.995732273553991,3.6635616461296463
X360,2008,Action,Tecmo Koei,1.01,81.0,74,8.0,302,"Team Ninja, Tecmo",M,2000s,Other,4.31748811353631,5.713732805509369
X360,2014,Action,Ubisoft,1.01,72.0,32,7.3,318,Ubisoft,M,2010s,Other,3.4965075614664802,5.765191102784844
PS4,2014,Platform,Ubisoft,1.01,90.0,16,8.5,525,Ubisoft Montpellier,E10+,2010s,Other,2.833213344056216,6.26530121273771
X360,2008,Action,Ubisoft,1.01,81.0,73,7.0,189,Ubisoft Montreal,T,2000s,Other,4.304065093204169,5.247024072160486
PS,1997,Simulation,Tecmo Koei,1.01,86.0,5,8.3,10,Tecmo,Unknown,1990s,Other,1.791759469228055,2.3978952727983707
WiiU,2012,Action,Ubisoft,1.01,77.0,70,7.7,758,Ubisoft Montpellier,M,2010s,Other,4.2626798770413155,6.6320017773956295
WiiU,2016,Fighting,Namco Bandai Games,1.01,76.0,74,8.0,273,Bandai Namco Games,E10+,2010s,Other,4.31748811353631,5.6131281063880705
PS2,2003,Racing,Empire Interactive,1.0,51.0,5,8.0,8,Razorworks Studios,E,2000s,Other,1.791759469228055,2.1972245773362196
Wii,2009,Shooter,Electronic Arts,1.0,67.0,12,4.5,6,EA Salt Lake,E10+,2000s,Other,2.5649493574615367,1.9459101490553132
PSP,2010,Action,Sony Computer Entertainment,1.0,86.0,73,8.4,255,Ready at Dawn,M,2010s,Other,4.304065093204169,5.545177444479562
XB,2003,Fighting,Namco Bandai Games,1.0,92.0,39,8.9,54,Namco,T,2000s,Other,3.6888794541139363,4.007333185232471
PS,2000,Sports,Sony Computer Entertainment,1.0,73.0,10,7.5,27,989 Sports,E,2000s,Other,2.3978952727983707,3.332204510175204
PS2,2002,Action,Tecmo Koei,1.0,72.0,16,9.3,54,Omega Force,T,2000s,Other,2.833213344056216,4.007333185232471
PS3,2011,Platform,Ubisoft,1.0,87.0,43,8.4,238,UBlart Montpellier,E10+,2010s,Other,3.784189633918261,5.476463551931511
XB,2000,Sports,Microsoft Game Studios,0.99,79.0,24,8.5,10,Microsoft Game Studios,E,2000s,Other,3.2188758248682006,2.3978952727983707
X360,2013,Misc,Ubisoft,0.99,79.0,16,7.8,33,Ubisoft,E10+,2010s,Other,2.833213344056216,3.5263605246161616
X360,2011,Sports,Electronic Arts,0.99,82.0,25,6.6,49,EA Sports,E,2010s,Other,3.258096538021482,3.912023005428146
X360,2012,Action,THQ,0.99,85.0,60,7.6,88,Yuke's,T,2010s,Other,4.110873864173311,4.48863636973214
DS,2011,Platform,Nintendo,0.99,83.0,46,8.6,55,HAL Labs,E,2010s,Other,3.8501476017100584,4.02535169073515
PS3,2008,Shooter,Ubisoft,0.99,55.0,65,6.5,294,Free Radical Design,M,2000s,Other,4.189654742026425,5.68697535633982
PS,1998,Platform,GT Interactive,0.99,88.0,13,9.1,69,Oddworld Inhabitants,T,1990s,Other,2.639057329615259,4.248495242049359
PS2,2000,Action,Sony Computer Entertainment,0.99,66.0,20,8.0,35,DreamFactory,T,2000s,Other,3.044522437723423,3.58351893845611
PS3,2009,Racing,Codemasters,0.99,87.0,63,8.2,94,Codemasters,T,2000s,Other,4.1588830833596715,4.553876891600541
PS3,2008,Misc,Activision,0.99,70.0,39,5.0,26,Neversoft Entertainment,T,2000s,Other,3.6888794541139363,3.295836866004329
GC,2005,Platform,Sega,0.99,51.0,22,6.6,120,Sonic Team,E10+,2000s,Other,3.1354942159291497,4.795790545596741
PS3,2009,Simulation,Sony Computer Entertainment,0.99,70.0,35,8.2,20,SCEE London Studio,E,2000s,Other,3.58351893845611,3.044522437723423
DS,2007,Adventure,Capcom,0.99,78.0,48,8.1,84,Capcom,T,2000s,Other,3.8918202981106265,4.442651256490317
PSP,2006,Simulation,Namco Bandai Games,0.99,75.0,26,8.3,30,Project Aces,T,2000s,Other,3.295836866004329,3.4339872044851463
X360,2011,Role-Playing,Namco Bandai Games,0.99,89.0,66,8.4,1106,From Software,M,2010s,Other,4.204692619390966,7.009408932708637
Wii,2009,Racing,THQ,0.99,58.0,7,7.5,27,Incinerator Games,E,2000s,Other,2.0794415416798357,3.332204510175204
DS,2008,Puzzle,Ubisoft,0.99,71.0,5,7.5,27,Route 1 Games,E,2000s,Other,1.791759469228055,3.332204510175204
PSP,2008,Racing,Take-Two Interactive,0.98,79.0,26,8.7,43,Rockstar London,T,2000s,Other,3.295836866004329,3.784189633918261
PSP,2008,Sports,Konami Digital Entertainment,0.98,80.0,17,6.8,11,Konami,E,2000s,Other,2.8903717578961645,2.4849066497880004
Wii,2009,Sports,Electronic Arts,0.98,75.0,21,6.2,17,EA Sports,E,2000s,FIFA,3.091042453358316,2.8903717578961645
PS3,2010,Role-Playing,Namco Bandai Games,0.98,77.0,55,8.2,336,Namco Bandai Games,T,2010s,Other,4.02535169073515,5.820082930352362
PC,2008,Role-Playing,Bethesda Softworks,0.98,91.0,48,7.9,3450,Bethesda Game Studios,M,2000s,Other,3.8918202981106265,8.146419323098003
GBA,2005,Misc,Nintendo,0.98,54.0,27,5.4,34,Hudson,E,2000s,Mario,3.332204510175204,3.5553480614894135
DS,2005,Strategy,THQ,0.98,44.0,19,6.6,25,Altron,E,2000s,Other,2.995732273553991,3.258096538021482
Wii,2007,Fighting,THQ,0.98,59.0,13,5.9,18,Yuke's,T,2000s,Other,2.639057329615259,2.9444389791664403
X360,2013,Action,Electronic Arts,0.98,78.0,68,6.4,694,Visceral Games,M,2010s,Other,4.23410650459726,6.543911845564792
X360,2013,Action,Ubisoft,0.98,82.0,58,7.5,383,Ubisoft Toronto,M,2010s,Other,4.07753744390572,5.950642552587727
X360,2009,Sports,Take-Two Interactive,0.97,82.0,46,7.6,34,Visual Concepts,E,2000s,Other,3.8501476017100584,3.5553480614894135
XB,2005,Sports,Electronic Arts,0.97,87.0,38,8.3,27,EA Sports,E,2000s,Other,3.6635616461296463,3.332204510175204
PC,2005,Action,Take-Two Interactive,0.97,93.0,47,8.9,1841,Rockstar North,M,2000s,Grand Theft Auto,3.8712010109078907,7.518607216815252
PS3,2007,Sports,Electronic Arts,0.97,81.0,31,5.3,33,EA Tiburon,E,2000s,Madden,3.4657359027997265,3.5263605246161616
GBA,2003,Strategy,Nintendo,0.97,88.0,31,9.2,144,Intelligent Systems,E,2000s,Other,3.4657359027997265,4.976733742420574
X360,2009,Action,Electronic Arts,0.97,82.0,88,8.0,268,Double Fine Productions,M,2000s,Other,4.48863636973214,5.594711379601839
PS3,2013,Action,Disney Interactive Studios,0.97,75.0,21,5.9,47,Avalanche Software,E10+,2010s,Other,3.091042453358316,3.8712010109078907
DS,2006,Simulation,Namco Bandai Games,0.97,66.0,9,7.5,27,NanaOn-Sha,E,2000s,Other,2.302585092994046,3.332204510175204
PS2,2003,Sports,Electronic Arts,0.97,85.0,19,7.6,53,EA Sports,E,2000s,Other,2.995732273553991,3.9889840465642745
PS2,2007,Action,Take-Two Interactive,0.97,75.0,37,7.9,67,Rockstar Leeds,M,2000s,Grand Theft Auto,3.6375861597263857,4.219507705176107
XB,2004,Sports,Electronic Arts,0.97,81.0,34,8.7,23,EA Canada,E,2000s,FIFA,3.5553480614894135,3.1780538303479458
PC,2012,Role-Playing,Electronic Arts,0.97,89.0,23,5.5,5926,BioWare,M,2010s,Other,3.1780538303479458,8.687273461787838
DS,2006,Racing,THQ,0.97,54.0,17,2.1,11,Helixe,E,2000s,Other,2.8903717578961645,2.4849066497880004
Wii,2009,Misc,Activision,0.97,79.0,20,6.6,15,Vicarious Visions,E10+,2000s,Other,3.044522437723423,2.772588722239781
X360,2011,Action,Activision,0.97,78.0,35,5.2,53,Toys for Bob,E10+,2010s,Other,3.58351893845611,3.9889840465642745
GC,2006,Action,LucasArts,0.97,84.0,25,9.1,16,Traveller's Tales,E10+,2000s,Other,3.258096538021482,2.833213344056216
PS,2000,Shooter,Electronic Arts,0.97,86.0,16,9.0,44,Dreamworks Interactive,T,2000s,Other,2.833213344056216,3.8066624897703196
PS2,2002,Role-Playing,Sony Computer Entertainment,0.96,87.0,41,9.1,174,Level 5,T,2000s,Other,3.7376696182833684,5.1647859739235145
PC,2012,Shooter,Ubisoft,0.96,88.0,43,8.2,3183,Ubisoft Montreal,M,2010s,Other,3.784189633918261,8.065893546964274
PS4,2015,Shooter,Take-Two Interactive,0.96,76.0,46,4.3,894,Turtle Rock Studios,M,2010s,Other,3.8501476017100584,6.796823718274855
PS3,2013,Action,Electronic Arts,0.96,76.0,37,6.4,522,Visceral Games,M,2010s,Other,3.6375861597263857,6.259581464064923
PS2,2000,Sports,Electronic Arts,0.96,85.0,22,8.1,9,EA Sports,E,2000s,Other,3.1354942159291497,2.302585092994046
PC,2012,Simulation,Focus Home Interactive,0.96,65.0,12,7.5,111,Giants Software,E,2010s,Other,2.5649493574615367,4.718498871295094
Wii,2010,Misc,Activision,0.96,77.0,26,7.5,17,"Vicarious Visions, Neversoft Entertainment",T,2010s,Other,3.295836866004329,2.8903717578961645
Wii,2008,Platform,THQ,0.96,82.0,48,8.6,73,Blue Tongue Entertainment,E,2000s,Other,3.8918202981106265,4.304065093204169
PS2,2002,Platform,Sony Computer Entertainment,0.96,71.0,33,7.9,43,Overworks,M,2000s,Other,3.5263605246161616,3.784189633918261
XB,2002,Fighting,Midway Games,0.96,81.0,27,8.4,24,Midway,M,2000s,Other,3.332204510175204,3.2188758248682006
PC,2011,Action,Namco Bandai Games,0.96,88.0,76,8.5,4378,CD Projekt Red Studio,M,2010s,Other,4.343805421853684,8.384575666801398
PS3,2012,Shooter,505 Games,0.96,70.0,21,6.9,92,Rebellion,M,2010s,Other,3.091042453358316,4.532599493153256
XB,2004,Sports,Global Star,0.95,85.0,28,8.7,22,Visual Concepts,E,2000s,Other,3.367295829986474,3.1354942159291497
PSP,2006,Adventure,Sony Computer Entertainment,0.95,52.0,47,6.7,18,SCEE London Studio,M,2000s,Other,3.8712010109078907,2.9444389791664403
3DS,2012,Sports,Nintendo,0.95,69.0,58,6.9,110,Camelot Software Planning,E,2010s,Mario,4.07753744390572,4.709530201312334
3DS,2011,Simulation,Nintendo,0.95,71.0,64,7.4,88,Monster Games Inc.,E,2010s,Other,4.174387269895637,4.48863636973214
PS2,2004,Misc,Play It,0.95,60.0,8,7.7,11,Coresoft,E,2000s,Other,2.1972245773362196,2.4849066497880004
DS,2008,Sports,Ubisoft,0.95,63.0,4,7.6,7,Ubisoft Montreal,E,2000s,Other,1.6094379124341003,2.0794415416798357
PS2,2005,Action,Ubisoft,0.95,87.0,29,8.6,53,Ubisoft Montreal,M,2000s,Other,3.4011973816621555,3.9889840465642745
X360,2008,Platform,Sega,0.95,60.0,50,7.8,238,Sonic Team,E10+,2000s,Other,3.9318256327243257,5.476463551931511
GC,2003,Platform,THQ,0.95,71.0,10,8.6,34,Heavy Iron Studios,E,2000s,Other,2.3978952727983707,3.5553480614894135
PS3,2012,Action,Sony Computer Entertainment,0.95,74.0,69,7.3,540,SuperBot Entertainment,T,2010s,Other,4.248495242049359,6.293419278846481
PS3,2013,Action,Konami Digital Entertainment,0.95,78.0,39,4.1,303,Konami,E,2010s,Other,3.6888794541139363,5.717027701406222
PS3,2012,Shooter,Ubisoft,0.95,79.0,18,6.9,156,Ubisoft Paris,M,2010s,Other,2.9444389791664403,5.056245805348308
PS2,2000,Strategy,Electronic Arts,0.95,75.0,20,8.4,12,Koei,T,2000s,Other,3.044522437723423,2.5649493574615367
PS3,2011,Racing,Ubisoft,0.95,79.0,53,7.7,114,Ubisoft Reflections,T,2010s,Other,3.9889840465642745,4.74493212836325
X360,2010,Shooter,Electronic Arts,0.95,73.0,79,7.3,126,EA Montreal,M,2010s,Other,4.382026634673881,4.844187086458591
PS3,2010,Shooter,Capcom,0.95,68.0,56,6.9,62,Capcom,T,2010s,Other,4.04305126783455,4.143134726391533
PS3,2011,Action,Disney Interactive Studios,0.95,73.0,42,7.1,34,Traveller's Tales,E10+,2010s,Other,3.7612001156935624,3.5553480614894135
PS2,2004,Shooter,Sony Computer Entertainment,0.94,70.0,67,7.4,254,Guerrilla,M,2000s,Other,4.219507705176107,5.541263545158426
GC,2004,Platform,THQ,0.94,73.0,9,7.8,13,Heavy Iron Studios,E,2000s,Other,2.302585092994046,2.639057329615259
3DS,2011,Shooter,Nintendo,0.94,81.0,65,8.2,231,Nintendo,E10+,2010s,Other,4.189654742026425,5.44673737166631
PS2,2003,Action,Konami Digital Entertainment,0.94,79.0,45,8.4,74,KCET,M,2000s,Other,3.828641396489095,4.31748811353631
PS3,2013,Action,Ubisoft,0.94,84.0,27,7.7,314,Ubisoft Toronto,M,2010s,Other,3.332204510175204,5.752572638825633
PS3,2011,Action,Activision,0.94,77.0,18,4.8,42,Toys for Bob,E10+,2010s,Other,2.9444389791664403,3.7612001156935624
XB,2005,Sports,Electronic Arts,0.94,86.0,35,7.5,27,EA Sports,Unknown,2000s,Other,3.58351893845611,3.332204510175204
PSP,2008,Role-Playing,Sega,0.94,64.0,38,7.8,19,Alfa System,T,2000s,Other,3.6635616461296463,2.995732273553991
PS3,2008,Fighting,THQ,0.94,78.0,37,7.0,49,Yuke's,T,2000s,Other,3.6375861597263857,3.912023005428146
X360,2009,Sports,Electronic Arts,0.94,83.0,26,6.7,37,EA Tiburon,E,2000s,Other,3.295836866004329,3.6375861597263857
PS3,2009,Action,Electronic Arts,0.94,83.0,61,7.6,162,Double Fine Productions,M,2000s,Other,4.127134385045092,5.093750200806762
Wii,2009,Sports,Activision,0.94,47.0,15,4.5,21,Buzz Monkey,E10+,2000s,Other,2.772588722239781,3.091042453358316
PS2,2006,Action,Take-Two Interactive,0.94,87.0,69,9.1,293,Rockstar Vancouver,T,2000s,Other,4.248495242049359,5.683579767338681
XB,2003,Action,Ubisoft,0.94,92.0,41,7.8,72,Ubisoft,T,2000s,Other,3.7376696182833684,4.290459441148391
PS2,2006,Sports,Sony Computer Entertainment,0.94,83.0,30,8.9,31,SCEA San Diego Studios,E,2000s,Other,3.4339872044851463,3.4657359027997265
PS2,2002,Sports,Electronic Arts,0.93,79.0,20,6.8,18,EA Sports,E,2000s,Other,3.044522437723423,2.9444389791664403
PS3,2013,Fighting,Namco Bandai Games,0.93,77.0,32,7.9,187,CyberConnect2,T,2010s,Other,3.4965075614664802,5.236441962829949
PS4,2016,Sports,Electronic Arts,0.93,79.0,38,6.2,157,EA Sports,T,2010s,Other,3.6635616461296463,5.062595033026967
DS,2005,Simulation,Electronic Arts,0.93,70.0,13,6.1,24,Griptonite Games,E10+,2000s,Other,2.639057329615259,3.2188758248682006
XB,2002,Sports,Activision,0.93,90.0,25,8.5,21,Neversoft Entertainment,T,2000s,Other,3.258096538021482,3.091042453358316
XOne,2014,Role-Playing,Electronic Arts,0.93,85.0,28,6.9,703,BioWare,M,2010s,Other,3.367295829986474,6.556778356158042
PS3,2008,Role-Playing,Sony Computer Entertainment,0.93,64.0,77,7.5,213,Level 5,T,2000s,Other,4.356708826689592,5.365976015021851
PS3,2008,Misc,Sony Computer Entertainment,0.93,70.0,26,5.5,4,SCEE London Studio,T,2000s,Other,3.295836866004329,1.6094379124341003
3DS,2016,Action,Nintendo,0.93,81.0,71,8.7,87,HAL Labs,E,2010s,Other,4.276666119016055,4.477336814478207
Wii,2009,Misc,Activision,0.93,85.0,20,8.6,17,Neversoft Entertainment,T,2000s,Other,3.044522437723423,2.8903717578961645
GBA,2003,Action,Unknown,0.93,71.0,16,8.8,8,Konami,E,2000s,Other,2.833213344056216,2.1972245773362196
X360,2009,Action,Sega,0.93,90.0,86,8.0,597,PlatinumGames,M,2000s,Other,4.465908118654584,6.393590753950631
PS2,2007,Sports,Sony Computer Entertainment,0.93,83.0,25,8.6,19,SCEA,E,2000s,Other,3.258096538021482,2.995732273553991
GC,2006,Racing,THQ,0.93,71.0,21,7.0,5,Rainbow Studios,E,2000s,Other,3.091042453358316,1.791759469228055
DS,2007,Simulation,Game Factory,0.93,61.0,11,4.8,5,Neko Entertainment,E,2000s,Other,2.4849066497880004,1.791759469228055
DS,2010,Role-Playing,Square Enix,0.93,66.0,58,7.0,76,"Square Enix, h.a.n.d. Inc.",E10+,2010s,Other,4.07753744390572,4.343805421853684
X360,2009,Shooter,Codemasters,0.93,77.0,47,7.8,112,Codemasters,M,2000s,Other,3.8712010109078907,4.727387818712341
PS4,2014,Action,Warner Bros. Interactive Entertainment,0.93,73.0,43,7.1,75,TT Games,E10+,2010s,Other,3.784189633918261,4.330733340286331
X360,2011,Misc,Activision,0.93,39.0,5,5.6,8,Activision,E10+,2010s,Other,1.791759469228055,2.1972245773362196
PS,1999,Racing,Ubisoft,0.93,66.0,8,7.5,27,UDS,E,1990s,Other,2.1972245773362196,3.332204510175204
PS3,2008,Shooter,Ubisoft,0.93,76.0,48,8.0,70,Gearbox Software,M,2000s,Other,3.8918202981106265,4.2626798770413155
PS3,2014,Action,Warner Bros. Interactive Entertainment,0.93,80.0,5,6.8,12,TT Games,E10+,2010s,Other,1.791759469228055,2.5649493574615367
PC,2012,Action,Ubisoft,0.93,80.0,21,6.2,1489,Ubisoft,M,2010s,Other,3.091042453358316,7.306531398939505
PC,2012,Shooter,Take-Two Interactive,0.93,89.0,38,8.2,2482,Gearbox Software,M,2010s,Other,3.6635616461296463,7.817222785508166
PS2,2003,Action,Konami Digital Entertainment,0.92,59.0,29,8.7,31,KCE Studios,E,2000s,Other,3.4011973816621555,3.4657359027997265
3DS,2013,Adventure,Nintendo,0.92,71.0,27,7.5,21,h.a.n.d. Inc.,E,2010s,Other,3.332204510175204,3.091042453358316
PS2,2001,Simulation,Titus,0.92,63.0,17,3.3,9,Titus Software,E,2000s,Other,2.8903717578961645,2.302585092994046
X360,2010,Sports,Electronic Arts,0.92,86.0,29,7.1,70,EA Tiburon,E,2010s,Other,3.4011973816621555,4.2626798770413155
PS,2000,Action,Electronic Arts,0.92,61.0,11,6.7,44,Black Ops Entertainment,T,2000s,Other,2.4849066497880004,3.8066624897703196
Wii,2006,Racing,THQ,0.92,65.0,13,7.5,27,Rainbow Studios,E,2000s,Other,2.639057329615259,3.332204510175204
DS,2005,Adventure,Capcom,0.92,81.0,53,9.2,203,Capcom,T,2000s,Other,3.9889840465642745,5.318119993844216
PS4,2015,Sports,Sony Computer Entertainment,0.92,80.0,44,7.8,190,SCEA San Diego Studios,E,2010s,Other,3.8066624897703196,5.25227342804663
PS3,2014,Role-Playing,Ubisoft,0.92,85.0,31,8.5,575,Obsidian Entertainment,M,2010s,Other,3.4657359027997265,6.3561076606958915
X360,2014,Role-Playing,Ubisoft,0.92,82.0,33,8.4,363,Obsidian Entertainment,M,2010s,Other,3.5263605246161616,5.8971538676367405
PS3,2012,Sports,Sony Computer Entertainment,0.92,87.0,23,7.5,75,SCEA San Diego Studios,E,2010s,Other,3.1780538303479458,4.330733340286331
PSP,2006,Action,THQ,0.92,48.0,9,6.4,13,Tantalus Interactive,E,2000s,Other,2.302585092994046,2.639057329615259
X360,2010,Action,Electronic Arts,0.92,73.0,71,7.7,224,Visceral Games,M,2010s,Other,4.276666119016055,5.41610040220442
Wii,2011,Misc,Nintendo,0.92,60.0,34,6.1,16,Nintendo,E10+,2010s,Other,3.5553480614894135,2.833213344056216
X360,2008,Fighting,THQ,0.92,79.0,47,7.1,34,Yuke's,T,2000s,Other,3.8712010109078907,3.5553480614894135
GC,2006,Racing,Sega,0.92,59.0,32,8.0,46,Sonic Team,E,2000s,Other,3.4965075614664802,3.8501476017100584
X360,2006,Role-Playing,Microsoft Game Studios,0.92,79.0,56,7.8,161,"Mistwalker, Artoon",T,2000s,Other,4.04305126783455,5.087596335232384
3DS,2012,Action,Marvelous Entertainment,0.91,74.0,21,8.2,62,Marvelous AQL,E,2010s,Other,3.091042453358316,4.143134726391533
Wii,2008,Action,Activision,0.91,70.0,20,6.7,7,Xpec,E10+,2000s,Other,3.044522437723423,2.0794415416798357
PS3,2010,Sports,Electronic Arts,0.91,78.0,20,5.4,14,EA Canada,E,2010s,Other,3.044522437723423,2.70805020110221
PS2,2002,Sports,Electronic Arts,0.91,76.0,23,8.1,12,Electronic Arts,T,2000s,Other,3.1780538303479458,2.5649493574615367
X360,2008,Strategy,Ubisoft,0.91,77.0,63,7.2,53,Ubisoft Shanghai,T,2000s,Other,4.1588830833596715,3.9889840465642745
PS2,2003,Racing,Genki,0.91,63.0,15,8.9,23,Genki,E,2000s,Other,2.772588722239781,3.1780538303479458
Wii,2010,Role-Playing,Nintendo,0.91,92.0,59,8.9,950,Monolith Soft,T,2010s,Other,4.0943445622221,6.85751406254539
PS,2000,Racing,Codemasters,0.91,90.0,13,8.7,31,Codemasters,E,2000s,Other,2.639057329615259,3.4657359027997265
PS3,2011,Action,Tecmo Koei,0.91,57.0,25,7.4,57,Omega Force,T,2010s,Other,3.258096538021482,4.060443010546419
XOne,2013,Sports,Take-Two Interactive,0.91,86.0,15,5.7,183,Visual Concepts,E,2010s,Other,2.772588722239781,5.214935757608986
PS3,2012,Sports,Electronic Arts,0.91,81.0,38,6.8,110,EA Canada,E,2010s,Other,3.6635616461296463,4.709530201312334
Wii,2008,Racing,Sega,0.91,56.0,26,8.1,57,Sonic Team,E,2000s,Other,3.295836866004329,4.060443010546419
XB,2004,Misc,Sega,0.91,75.0,20,7.9,12,Sonic Team,E,2000s,Other,3.044522437723423,2.5649493574615367
PS3,2009,Shooter,Codemasters,0.91,76.0,42,6.5,53,Codemasters,M,2000s,Other,3.7612001156935624,3.9889840465642745
PS2,2002,Sports,Electronic Arts,0.9,80.0,23,7.6,5,EA Sports,E,2000s,Other,3.1780538303479458,1.791759469228055
X360,2007,Role-Playing,Microsoft Game Studios,0.9,78.0,68,8.3,432,Mistwalker,T,2000s,Other,4.23410650459726,6.07073772800249
PS4,2016,Fighting,Capcom,0.9,77.0,80,3.4,1221,Capcom,T,2010s,Other,4.394449154672439,7.108244139731541
XOne,2015,Action,Square Enix,0.9,71.0,24,7.0,186,Avalanche Studios,M,2010s,Other,3.2188758248682006,5.231108616854587
PS2,2004,Sports,Sony Computer Entertainment,0.9,78.0,36,7.6,9,989 Sports,E,2000s,Other,3.6109179126442243,2.302585092994046
X360,2009,Role-Playing,Activision,0.9,73.0,75,7.3,82,Vicarious Visions,T,2000s,Other,4.330733340286331,4.418840607796598
PS2,2005,Racing,Electronic Arts,0.9,90.0,52,8.8,114,Criterion Games,E10+,2000s,Other,3.970291913552122,4.74493212836325
X360,2013,Shooter,Electronic Arts,0.9,76.0,45,6.7,344,Crytek,M,2010s,Other,3.828641396489095,5.84354441703136
X360,2012,Action,Namco Bandai Games,0.9,88.0,82,8.3,818,CD Projekt Red Studio,M,2010s,Other,4.418840607796598,6.70808408385307
PS3,2011,Shooter,THQ,0.9,70.0,60,5.7,174,Kaos Studios,M,2010s,Other,4.110873864173311,5.1647859739235145
PS4,2015,Action,Warner Bros. Interactive Entertainment,0.9,70.0,46,7.0,80,TT Games,E10+,2010s,Other,3.8501476017100584,4.394449154672439
PC,2014,Role-Playing,Bethesda Softworks,0.9,71.0,64,5.7,2421,ZeniMax Media,M,2010s,Other,4.174387269895637,7.792348924113037
PS2,2006,Sports,Sony Computer Entertainment,0.9,70.0,44,8.1,8,Clap Hanz,E,2000s,Other,3.8066624897703196,2.1972245773362196
PS3,2009,Racing,THQ,0.9,74.0,44,7.4,10,Rainbow Studios,E,2000s,Other,3.8066624897703196,2.3978952727983707
PS4,2013,Sports,Electronic Arts,0.9,74.0,13,5.2,118,EA Sports,E,2010s,Madden,2.639057329615259,4.77912349311153
XB,2003,Platform,Sega,0.9,73.0,28,7.6,34,Sonic Team,E,2000s,Other,3.367295829986474,3.5553480614894135
PS2,2007,Platform,Activision,0.9,50.0,14,6.5,28,Vicarious Visions,T,2000s,Other,2.70805020110221,3.367295829986474
XB,2002,Shooter,Electronic Arts,0.9,71.0,16,7.5,15,Electronic Arts,T,2000s,Other,2.833213344056216,2.772588722239781
DS,2011,Action,Disney Interactive Studios,0.9,69.0,5,7.5,27,Traveller's Tales,E10+,2010s,Other,1.791759469228055,3.332204510175204
3DS,2013,Action,Warner Bros. Interactive Entertainment,0.9,61.0,4,5.2,11,TT Games,E10+,2010s,Other,1.6094379124341003,2.4849066497880004
PS3,2009,Misc,Activision,0.9,86.0,53,7.8,49,FreeStyleGames,T,2000s,Other,3.9889840465642745,3.912023005428146
XB,2004,Role-Playing,Activision,0.9,82.0,63,8.5,14,Raven Software,T,2000s,Other,4.1588830833596715,2.70805020110221
XB,2004,Sports,Electronic Arts,0.9,85.0,28,7.6,14,EA Canada,E,2000s,Other,3.367295829986474,2.70805020110221
PS2,2003,Sports,Electronic Arts,0.9,68.0,21,6.6,27,Magic Pockets,E,2000s,Other,3.091042453358316,3.332204510175204
GBA,2005,Platform,Activision,0.89,71.0,6,7.5,27,Vicarious Visions,E,2000s,Other,1.9459101490553132,3.332204510175204
PS2,2005,Sports,Unknown,0.89,76.0,25,8.0,20,Midway,M,2000s,Other,3.258096538021482,3.044522437723423
X360,2010,Sports,THQ,0.89,68.0,11,7.5,27,Blitz Games Studios,E,2010s,Other,2.4849066497880004,3.332204510175204
GBA,2001,Platform,Konami Digital Entertainment,0.89,91.0,22,8.5,59,KCEK,T,2000s,Other,3.1354942159291497,4.0943445622221
PS3,2011,Shooter,Sony Computer Entertainment,0.89,67.0,64,6.3,121,Zipper Interactive,M,2010s,Other,4.174387269895637,4.804021044733257
PS2,2005,Sports,Electronic Arts,0.89,83.0,29,6.2,16,EA Sports,E,2000s,Other,3.4011973816621555,2.833213344056216
X360,2012,Sports,Electronic Arts,0.89,77.0,47,6.7,58,EA Sports,E,2010s,FIFA,3.8712010109078907,4.07753744390572
GBA,2004,Adventure,Nintendo,0.89,84.0,16,8.6,58,Nintendo,E,2000s,Zelda,2.833213344056216,4.07753744390572
GBA,2004,Strategy,Nintendo,0.89,85.0,38,9.1,132,Intelligent Systems,E,2000s,Other,3.6635616461296463,4.890349128221754
DS,2008,Puzzle,Midway Games,0.89,76.0,8,7.5,27,Midway Studios - San Diego,E,2000s,Other,2.1972245773362196,3.332204510175204
PSP,2006,Shooter,Sony Computer Entertainment,0.89,77.0,56,8.3,80,Guerrilla,T,2000s,Other,4.04305126783455,4.394449154672439
GC,2003,Action,THQ,0.89,62.0,11,5.5,8,Traveller's Tales,E,2000s,Other,2.4849066497880004,2.1972245773362196
PS,1997,Simulation,Sony Computer Entertainment,0.89,83.0,10,8.2,22,Namco,T,1990s,Other,2.3978952727983707,3.1354942159291497
PS2,2001,Sports,Sega,0.89,85.0,16,7.5,6,Visual Concepts,E,2000s,Other,2.833213344056216,1.9459101490553132
PS3,2008,Racing,Disney Interactive Studios,0.89,83.0,43,7.8,30,Black Rock Studio,E,2000s,Other,3.784189633918261,3.4339872044851463
PSP,2009,Shooter,Sony Computer Entertainment,0.89,81.0,67,8.1,84,Sony Bend,M,2000s,Other,4.219507705176107,4.442651256490317
DS,2008,Shooter,Activision,0.89,75.0,12,7.8,20,n-Space,T,2000s,Call of Duty,2.5649493574615367,3.044522437723423
PS3,2011,Sports,Electronic Arts,0.89,80.0,41,7.3,17,Electronic Arts,E,2010s,Other,3.7376696182833684,2.8903717578961645
Wii,2008,Sports,Electronic Arts,0.89,80.0,18,8.4,22,EA Canada,E,2000s,FIFA,2.9444389791664403,3.1354942159291497
PS3,2009,Action,Activision,0.89,70.0,25,7.1,16,Traveller's Tales,E10+,2000s,Other,3.258096538021482,2.833213344056216
DS,2008,Role-Playing,Nintendo,0.89,70.0,17,7.9,15,RED Entertainment,E,2000s,Other,2.8903717578961645,2.772588722239781
PS3,2012,Action,Electronic Arts,0.89,79.0,9,4.1,34,EA Tiburon,E,2010s,Other,2.302585092994046,3.5553480614894135
Wii,2008,Misc,Sega,0.88,68.0,43,8.1,40,Gearbox Software,E,2000s,Other,3.784189633918261,3.713572066704308
PS3,2007,Action,Electronic Arts,0.88,71.0,30,7.5,49,EA Redwood Shores,T,2000s,Other,3.4339872044851463,3.912023005428146
PC,2009,Shooter,Activision,0.88,86.0,40,4.2,6430,Infinity Ward,M,2000s,Call of Duty,3.713572066704308,8.768885326134864
PS3,2011,Action,Square Enix,0.88,78.0,37,8.1,60,Crystal Dynamics,T,2010s,Other,3.6375861597263857,4.110873864173311
X360,2010,Racing,Codemasters,0.88,84.0,43,7.5,65,Codemasters Birmingham,E,2010s,Other,3.784189633918261,4.189654742026425
PS3,2009,Shooter,Ubisoft,0.88,78.0,47,7.8,91,Techland,M,2000s,Other,3.8712010109078907,4.5217885770490405
PS2,2005,Action,Take-Two Interactive,0.88,84.0,23,8.3,13,Visual Concepts,E,2000s,Other,3.1780538303479458,2.639057329615259
PSP,2011,Fighting,Square Enix,0.88,78.0,52,8.3,144,Square Enix,T,2010s,Final Fantasy,3.970291913552122,4.976733742420574
Wii,2006,Racing,Ubisoft,0.88,51.0,11,7.8,17,Ubisoft,E,2000s,Other,2.4849066497880004,2.8903717578961645
XOne,2016,Action,Ubisoft,0.88,77.0,27,6.4,194,Ubisoft Montreal,M,2010s,Other,3.332204510175204,5.272999558563747
3DS,2012,Action,Capcom,0.88,82.0,78,8.5,397,Capcom,M,2010s,Other,4.3694478524670215,5.986452005284438
DS,2008,Role-Playing,Sega,0.88,74.0,55,7.3,81,BioWare,E,2000s,Other,4.02535169073515,4.406719247264253
DS,2008,Action,LucasArts,0.88,61.0,8,5.5,18,n-Space,T,2000s,Other,2.1972245773362196,2.9444389791664403
PC,2008,Action,Take-Two Interactive,0.88,90.0,40,6.6,2299,Rockstar Toronto,M,2000s,Grand Theft Auto,3.713572066704308,7.7406644019172415
X360,2010,Misc,MTV Games,0.88,93.0,57,8.2,137,Harmonix Music Systems,T,2010s,Other,4.060443010546419,4.927253685157205
X360,2010,Fighting,THQ,0.88,75.0,49,7.6,45,Yuke's,T,2010s,Other,3.912023005428146,3.828641396489095
PS2,2004,Sports,Global Star,0.88,86.0,25,8.1,18,Kush Games,E,2000s,Other,3.258096538021482,2.9444389791664403
PS4,2015,Shooter,Take-Two Interactive,0.88,82.0,49,7.8,345,Gearbox Software,M,2010s,Other,3.912023005428146,5.846438775057724
XB,2003,Simulation,Microsoft Game Studios,0.87,88.0,49,8.8,45,FASA Studio,T,2000s,Other,3.912023005428146,3.828641396489095
Wii,2007,Sports,Electronic Arts,0.87,76.0,29,6.8,27,EA Tiburon,E,2000s,Madden,3.4011973816621555,3.332204510175204
PS,2001,Shooter,TalonSoft,0.87,48.0,4,6.6,16,Runecraft,T,2000s,Other,1.6094379124341003,2.833213344056216
Wii,2009,Racing,Codemasters,0.87,69.0,29,7.2,30,Sumo Digital,E,2000s,Other,3.4011973816621555,3.4339872044851463
XB,2003,Shooter,Ubisoft,0.87,81.0,33,8.8,17,Red Storm Entertainment,M,2000s,Other,3.5263605246161616,2.8903717578961645
X360,2012,Action,Square Enix ,0.87,80.0,47,7.9,468,United Front Games,M,2010s,Other,3.8712010109078907,6.150602768446279
X360,2012,Role-Playing,Electronic Arts,0.87,80.0,71,7.7,446,Big Huge Games,M,2010s,Other,4.276666119016055,6.102558594613569
PS2,2008,Role-Playing,Square Enix,0.87,68.0,20,7.2,105,Jupiter Corporation,E10+,2000s,Other,3.044522437723423,4.663439094112067
PSP,2009,Role-Playing,Sega,0.87,69.0,27,8.1,35,Alfa System,T,2000s,Other,3.332204510175204,3.58351893845611
X360,2011,Misc,Ubisoft,0.87,63.0,31,6.8,29,Ubisoft Montreal,E10+,2010s,Other,3.4657359027997265,3.4011973816621555
PS3,2012,Action,Sony Computer Entertainment,0.87,73.0,69,6.9,159,"Media Molecule, United Front Games",E,2010s,Other,4.248495242049359,5.075173815233827
PS2,2006,Sports,Activision,0.87,69.0,17,7.3,19,Shaba Games,T,2000s,Other,2.8903717578961645,2.995732273553991
X360,2008,Racing,Codemasters,0.87,87.0,62,7.9,131,Codemasters,E,2000s,Other,4.143134726391533,4.882801922586371
X360,2007,Racing,Codemasters,0.87,83.0,59,7.4,94,Codemasters,E,2000s,Other,4.0943445622221,4.553876891600541
X360,2009,Shooter,THQ,0.87,85.0,84,8.1,237,Volition Inc.,M,2000s,Other,4.442651256490317,5.472270673671475
PS2,2005,Fighting,Electronic Arts,0.87,88.0,37,9.0,37,EA Sports,T,2000s,Other,3.6375861597263857,3.6375861597263857
XB,2002,Shooter,SCi,0.87,65.0,14,8.1,17,SCi,T,2000s,Other,2.70805020110221,2.8903717578961645
PS2,2002,Sports,Electronic Arts,0.87,65.0,17,7.5,27,Pandemic Studios,E,2000s,Other,2.8903717578961645,3.332204510175204
Wii,2008,Simulation,505 Games,0.87,62.0,17,4.9,12,Cooking Mama Limited,E,2000s,Other,2.8903717578961645,2.5649493574615367
X360,2008,Shooter,Ubisoft,0.87,76.0,65,8.3,149,Gearbox Software,M,2000s,Other,4.189654742026425,5.0106352940962555
PS,2000,Role-Playing,Crave Entertainment,0.87,92.0,19,8.3,129,SquareSoft,T,2000s,Other,2.995732273553991,4.867534450455582
PS2,2007,Action,Tecmo Koei,0.87,55.0,14,8.2,16,Omega Force,T,2000s,Other,2.70805020110221,2.833213344056216
PS3,2013,Shooter,Electronic Arts,0.87,77.0,23,6.3,288,Crytek,M,2010s,Other,3.1780538303479458,5.666426688112432
PS3,2008,Shooter,Electronic Arts,0.87,72.0,43,7.1,73,Pandemic Studios,T,2000s,Other,3.784189633918261,4.304065093204169
PS2,2007,Misc,Sony Computer Entertainment,0.87,73.0,29,7.5,27,SCEE,T,2000s,Other,3.4011973816621555,3.332204510175204
DS,2009,Misc,Disney Interactive Studios,0.86,58.0,7,7.5,27,Disney Interactive Studios,E,2000s,Other,2.0794415416798357,3.332204510175204
Wii,2009,Action,Atari,0.86,76.0,29,8.5,28,Red Fly Studio,E10+,2000s,Other,3.4011973816621555,3.367295829986474
PS4,2015,Misc,Activision,0.86,80.0,69,6.2,160,FreeStyleGames,T,2010s,Other,4.248495242049359,5.081404364984463
Wii,2009,Simulation,Nintendo,0.86,76.0,42,8.5,26,Arika,E10+,2000s,Other,3.7612001156935624,3.295836866004329
PSP,2006,Sports,Konami Digital Entertainment,0.86,81.0,10,8.3,14,KCET,E,2000s,Other,2.3978952727983707,2.70805020110221
PS2,2002,Fighting,Rage Software,0.86,74.0,14,8.4,11,Rage Software,T,2000s,Other,2.70805020110221,2.4849066497880004
PS,2001,Racing,Empire Interactive,0.86,53.0,4,5.8,4,Toolbox Design,E,2000s,Other,1.6094379124341003,1.6094379124341003
X360,2010,Misc,Activision,0.86,72.0,65,6.5,51,Neversoft Entertainment,T,2010s,Other,4.189654742026425,3.9512437185814275
PSP,2006,Puzzle,Sony Computer Entertainment,0.86,76.0,46,7.9,14,Team 17,E,2000s,Other,3.8501476017100584,2.70805020110221
PS2,2003,Action,Tecmo Koei,0.86,72.0,15,9.1,39,Omega Force,T,2000s,Other,2.772588722239781,3.6888794541139363
Wii,2010,Puzzle,THQ,0.85,71.0,7,7.5,27,Page 44 Studios,E,2010s,Other,2.0794415416798357,3.332204510175204
X360,2010,Sports,Electronic Arts,0.85,83.0,61,8.1,58,Electronic Arts,E,2010s,FIFA,4.127134385045092,4.07753744390572
Wii,2007,Action,Eidos Interactive,0.85,73.0,22,7.3,25,Crystal Dynamics,T,2000s,Other,3.1354942159291497,3.258096538021482
X360,2007,Sports,Take-Two Interactive,0.85,81.0,33,7.0,28,Visual Concepts,E,2000s,Other,3.5263605246161616,3.367295829986474
XB,2004,Sports,Electronic Arts,0.85,88.0,26,8.9,14,EA Sports,E,2000s,Other,3.295836866004329,2.70805020110221
PS3,2012,Role-Playing,Electronic Arts,0.85,81.0,34,7.6,376,Big Huge Games,M,2010s,Other,3.5553480614894135,5.932245187448011
PS3,2008,Fighting,Atari,0.85,71.0,32,7.2,51,"Dimps Corporation, Namco Bandai Games",T,2000s,Other,3.4965075614664802,3.9512437185814275
PS3,2012,Fighting,Namco Bandai Games,0.85,82.0,50,8.2,193,Namco Bandai Games,T,2010s,Other,3.9318256327243257,5.267858159063328
PS3,2009,Action,Ubisoft Annecy,0.85,83.0,52,7.7,115,Team Ninja,M,2000s,Other,3.970291913552122,4.7535901911063645
PS2,2007,Action,THQ,0.85,65.0,9,8.0,11,Asobo Studio,E,2000s,Other,2.302585092994046,2.4849066497880004
PS2,2002,Racing,Acclaim Entertainment,0.85,86.0,31,8.2,48,Criterion Games,E,2000s,Other,3.4657359027997265,3.8918202981106265
WiiU,2013,Sports,Nintendo,0.85,72.0,19,7.7,72,Nintendo,E,2010s,Other,2.995732273553991,4.290459441148391
PS2,2000,Fighting,Virgin Interactive,0.85,64.0,17,7.9,31,Arika,T,2000s,Other,2.8903717578961645,3.4657359027997265
DS,2008,Platform,Nintendo,0.85,75.0,25,8.4,26,TOSE,E,2000s,Other,3.258096538021482,3.295836866004329
PS3,2010,Sports,Electronic Arts,0.85,85.0,22,7.4,25,EA Tiburon,E,2010s,Other,3.1354942159291497,3.258096538021482
Wii,2009,Shooter,Sega,0.85,78.0,65,8.7,95,Headstrong Games,M,2000s,Other,4.189654742026425,4.564348191467836
PS3,2010,Shooter,Electronic Arts,0.85,74.0,56,7.0,88,EA Montreal,M,2010s,Other,4.04305126783455,4.48863636973214
PS3,2012,Action,THQ,0.84,84.0,39,7.1,422,Vigil Games,M,2010s,Other,3.6888794541139363,6.0473721790462776
GC,2004,Action,Activision,0.84,80.0,41,8.8,30,Treyarch,T,2000s,Other,3.7376696182833684,3.4339872044851463
PS3,2012,Role-Playing,Namco Bandai Games,0.84,71.0,59,7.9,216,Bandai Namco Games,T,2010s,Other,4.0943445622221,5.37989735354046
PS3,2009,Action,Sony Computer Entertainment,0.84,78.0,74,7.9,96,Terminal Reality,T,2000s,Other,4.31748811353631,4.574710978503383
GC,2004,Action,THQ,0.84,63.0,27,7.1,7,Heavy Iron Studios,T,2000s,Other,3.332204510175204,2.0794415416798357
WiiU,2015,Role-Playing,Nintendo,0.84,84.0,87,8.9,1548,Monolith Soft,T,2010s,Other,4.477336814478207,7.3453648404168685
PS3,2009,Sports,Take-Two Interactive,0.84,83.0,30,7.8,39,Visual Concepts,E,2000s,Other,3.4339872044851463,3.6888794541139363
PS2,2003,Racing,Acclaim Entertainment,0.84,68.0,19,7.5,27,Acclaim,E,2000s,Other,2.995732273553991,3.332204510175204
PS3,2009,Sports,Electronic Arts,0.84,84.0,50,7.8,53,EA Black Box,T,2000s,Other,3.9318256327243257,3.9889840465642745
PS2,2002,Racing,Empire Interactive,0.84,62.0,15,5.3,20,Eutechnyx,T,2000s,Other,2.772588722239781,3.044522437723423
PS2,2005,Role-Playing,Sony Computer Entertainment,0.84,83.0,59,8.4,89,Level 5,T,2000s,Other,4.0943445622221,4.499809670330265
PS2,2004,Sports,Sega,0.84,86.0,14,8.1,10,Visual Concepts,E,2000s,Other,2.70805020110221,2.3978952727983707
PS3,2013,Sports,Electronic Arts,0.84,77.0,9,6.2,40,EA Tiburon,E,2010s,Other,2.302585092994046,3.713572066704308
DS,2007,Action,Electronic Arts,0.84,51.0,15,4.9,19,Visual Impact,E,2000s,Other,2.772588722239781,2.995732273553991
X360,2012,Shooter,505 Games,0.84,67.0,37,6.8,131,Rebellion,M,2010s,Other,3.6375861597263857,4.882801922586371
GBA,2004,Adventure,Nintendo,0.84,89.0,50,9.0,132,Nintendo,E,2000s,Other,3.9318256327243257,4.890349128221754
PSP,2005,Racing,Electronic Arts,0.84,86.0,53,8.4,108,Criterion Games,E10+,2000s,Other,3.9889840465642745,4.6913478822291435
Wii,2007,Simulation,Ubisoft,0.83,57.0,11,6.7,28,Ubisoft,T,2000s,Other,2.4849066497880004,3.367295829986474
Wii,2008,Sports,Electronic Arts,0.83,82.0,19,7.2,22,EA Tiburon,E,2000s,Madden,2.995732273553991,3.1354942159291497
PS2,2000,Action,THQ,0.83,75.0,17,8.8,24,Omega Force,T,2000s,Other,2.8903717578961645,3.2188758248682006
PS3,2007,Shooter,Namco Bandai Games,0.83,60.0,52,7.4,21,Nex Entertainment,T,2000s,Other,3.970291913552122,3.091042453358316
X360,2011,Shooter,Take-Two Interactive,0.83,49.0,76,4.4,456,"Gearbox Software, 3D Realms",M,2010s,Other,4.343805421853684,6.124683390894205
GBA,2004,Action,Disney Interactive Studios,0.83,57.0,6,5.0,5,Artificial Mind and Movement,E,2000s,Other,1.9459101490553132,1.791759469228055
PS3,2011,Sports,Electronic Arts,0.83,82.0,17,5.8,41,EA Sports,E,2010s,Other,2.8903717578961645,3.7376696182833684
XB,2003,Shooter,Microsoft Game Studios,0.83,77.0,45,7.8,49,Digital Anvil,M,2000s,Other,3.828641396489095,3.912023005428146
PS3,2010,Sports,Electronic Arts,0.83,78.0,40,6.7,17,EA Sports,E,2010s,Other,3.713572066704308,2.8903717578961645
Wii,2008,Fighting,THQ,0.83,79.0,18,8.5,18,Yuke's,T,2000s,Other,2.9444389791664403,2.9444389791664403
PS2,2005,Platform,Sony Computer Entertainment,0.83,83.0,59,8.8,130,Sucker Punch,E10+,2000s,Other,4.0943445622221,4.875197323201151
Wii,2009,Racing,Electronic Arts,0.83,69.0,41,7.4,38,EA Montreal,E10+,2000s,Other,3.7376696182833684,3.6635616461296463
PS3,2012,Fighting,Capcom,0.83,84.0,51,5.3,191,Capcom,T,2010s,Other,3.9512437185814275,5.2574953720277815
X360,2008,Strategy,Take-Two Interactive,0.83,84.0,55,7.8,171,Firaxis Games,E10+,2000s,Other,4.02535169073515,5.147494476813453
3DS,2011,Role-Playing,Namco Bandai Games,0.83,75.0,33,7.6,197,Bandai Namco Games,T,2010s,Other,3.5263605246161616,5.288267030694535
PS3,2011,Action,Electronic Arts,0.83,82.0,52,4.3,1197,BioWare,M,2010s,Other,3.970291913552122,7.088408778675395
Wii,2011,Shooter,Activision,0.82,70.0,16,1.8,442,"Treyarch, Sledgehammer Games",M,2010s,Call of Duty,2.833213344056216,6.093569770045136
XB,2002,Shooter,Electronic Arts,0.82,78.0,30,7.8,25,Eurocom Entertainment Software,T,2000s,Other,3.4339872044851463,3.258096538021482
GC,2001,Sports,Activision,0.82,91.0,27,9.0,27,Neversoft Entertainment,T,2000s,Other,3.332204510175204,3.332204510175204
PS2,2006,Role-Playing,Activision,0.82,81.0,29,8.2,33,Raven Software,T,2000s,Other,3.4011973816621555,3.5263605246161616
X360,2010,Misc,Activision,0.82,86.0,66,7.9,23,FreeStyleGames,T,2010s,Other,4.204692619390966,3.1780538303479458
Wii,2007,Simulation,Rising Star Games,0.82,65.0,18,8.2,28,Marvelous Entertainment,E,2000s,Other,2.9444389791664403,3.367295829986474
PSP,2005,Sports,Activision,0.82,83.0,49,8.0,34,Shaba Games,T,2000s,Other,3.912023005428146,3.5553480614894135
XB,2002,Racing,Electronic Arts,0.82,75.0,18,6.4,15,EA Seattle,E,2000s,Other,2.9444389791664403,2.772588722239781
DS,2007,Puzzle,Scholastic Inc.,0.82,53.0,6,7.5,27,Big Blue Bubble Inc.,E,2000s,Other,1.9459101490553132,3.332204510175204
XB,2001,Sports,Microsoft Game Studios,0.82,78.0,30,9.0,20,Indie Built,E,2000s,Other,3.4339872044851463,3.044522437723423
X360,2007,Shooter,Midway Games,0.82,77.0,59,7.6,91,Midway,M,2000s,Other,4.0943445622221,4.5217885770490405
PS2,2008,Role-Playing,Atlus,0.82,90.0,47,8.9,634,Atlus Co.,M,2000s,Other,3.8712010109078907,6.453624998892692
PS3,2012,Action,Capcom,0.82,74.0,27,8.8,158,"Capcom, Pipeworks Software, Inc.",M,2010s,Other,3.332204510175204,5.0689042022202315
PS2,2000,Fighting,Midway Games,0.81,75.0,20,7.5,27,Midway,T,2000s,Other,3.044522437723423,3.332204510175204
X360,2012,Misc,Microsoft Game Studios,0.81,86.0,43,8.0,45,Harmonix Music Systems,T,2010s,Other,3.784189633918261,3.828641396489095
PS,2000,Role-Playing,Namco Bandai Games,0.81,78.0,9,8.7,31,Namco,T,2000s,Other,2.302585092994046,3.4657359027997265
PS,2000,Racing,Electronic Arts,0.81,73.0,8,6.1,9,Black Box,E,2000s,Other,2.1972245773362196,2.302585092994046
GC,2004,Action,Nintendo,0.81,86.0,55,7.2,74,Nintendo,E,2000s,Zelda,4.02535169073515,4.31748811353631
PSP,2005,Adventure,Sony Computer Entertainment,0.81,66.0,43,8.7,52,SCEE,T,2000s,Other,3.784189633918261,3.970291913552122
PS,1999,Role-Playing,Enix Corporation,0.81,81.0,8,8.8,37,Tri-Ace,T,1990s,Other,2.1972245773362196,3.6375861597263857
PSP,2007,Misc,Sony Computer Entertainment,0.81,86.0,60,8.7,102,SCE Japan Studio,E,2000s,Other,4.110873864173311,4.634728988229636
X360,2009,Sports,Konami Digital Entertainment,0.81,78.0,34,7.6,29,Konami,E,2000s,Other,3.5553480614894135,3.4011973816621555
PS2,2004,Shooter,Ubisoft,0.81,70.0,34,8.2,17,Ubisoft Shanghai,M,2000s,Other,3.5553480614894135,2.8903717578961645
XOne,2013,Sports,Electronic Arts,0.81,73.0,18,5.9,111,EA Sports,E,2010s,Madden,2.9444389791664403,4.718498871295094
PS3,2009,Sports,Electronic Arts,0.81,80.0,20,6.9,14,EA Tiburon,E,2000s,Other,3.044522437723423,2.70805020110221
PS3,2010,Misc,Activision,0.81,74.0,46,7.1,30,Neversoft Entertainment,T,2010s,Other,3.8501476017100584,3.4339872044851463
PS2,2005,Simulation,Electronic Arts,0.81,75.0,31,4.4,166,Maxis,T,2000s,Other,3.4657359027997265,5.117993812416755
PS3,2010,Fighting,Namco Bandai Games,0.81,60.0,27,7.5,63,Spike,T,2010s,Other,3.332204510175204,4.1588830833596715
PS3,2008,Misc,Sony Computer Entertainment,0.81,76.0,36,7.5,27,SCEE London Studio,T,2000s,Other,3.6109179126442243,3.332204510175204
PS2,2005,Action,Sega,0.8,75.0,58,8.2,73,Amusement Vision,M,2000s,Other,4.07753744390572,4.304065093204169
GC,2003,Simulation,LucasArts,0.8,75.0,36,7.6,50,Factor 5,T,2000s,Other,3.6109179126442243,3.9318256327243257
PS2,2004,Shooter,Eidos Interactive,0.8,80.0,39,8.3,43,Io Interactive,M,2000s,Other,3.6888794541139363,3.784189633918261
3DS,2012,Puzzle,Level 5,0.8,79.0,69,8.5,99,Level 5,T,2010s,Other,4.248495242049359,4.605170185988092
Wii,2008,Action,Koch Media,0.8,45.0,6,7.8,11,Monkey Bar Games,E10+,2000s,Other,1.9459101490553132,2.4849066497880004
PS,1999,Role-Playing,Square EA,0.8,80.0,14,8.1,28,SquareSoft,T,1990s,Final Fantasy,2.70805020110221,3.367295829986474
X360,2009,Racing,Codemasters,0.8,87.0,65,8.2,110,Codemasters,T,2000s,Other,4.189654742026425,4.709530201312334
XB,2004,Action,Ubisoft,0.8,83.0,55,7.5,35,Ubisoft Montreal,M,2000s,Other,4.02535169073515,3.58351893845611
Wii,2009,Sports,Hudson Soft,0.8,49.0,7,7.5,27,CAProduction,E,2000s,Other,2.0794415416798357,3.332204510175204
PSV,2013,Shooter,Sony Computer Entertainment Europe,0.8,78.0,86,8.9,513,Guerilla Cambridge,M,2010s,Other,4.465908118654584,6.2422232654551655
PSP,2009,Sports,Konami Digital Entertainment,0.8,72.0,9,4.6,5,Konami,E,2000s,Other,2.302585092994046,1.791759469228055
X360,2009,Misc,Activision,0.8,84.0,62,8.1,79,Neversoft Entertainment,T,2000s,Other,4.143134726391533,4.382026634673881
PSV,2013,Role-Playing,Square Enix,0.8,86.0,14,8.5,223,Virtuos,T,2010s,Final Fantasy,2.70805020110221,5.4116460518550396
GC,2002,Racing,Electronic Arts,0.8,68.0,16,8.3,15,EA Seattle,E,2000s,Other,2.833213344056216,2.772588722239781
DS,2007,Misc,Ubisoft,0.8,57.0,8,7.0,15,Ubisoft Paris,E10+,2000s,Other,2.1972245773362196,2.772588722239781
PSP,2006,Simulation,Electronic Arts,0.79,57.0,9,7.3,10,Maxis,T,2000s,Other,2.302585092994046,2.3978952727983707
PS2,2006,Fighting,Atari,0.79,73.0,31,8.6,61,Spike,T,2000s,Other,3.4657359027997265,4.127134385045092
PS2,2008,Misc,Activision,0.79,71.0,11,6.3,15,BudCat,T,2000s,Other,2.4849066497880004,2.772588722239781
Wii,2009,Action,LucasArts,0.79,48.0,10,6.4,5,Krome Studios,T,2000s,Other,2.3978952727983707,1.791759469228055
PSP,2010,Sports,Konami Digital Entertainment,0.79,74.0,10,5.8,5,Konami,E,2010s,Other,2.3978952727983707,1.791759469228055
GC,2003,Role-Playing,Ubisoft,0.79,79.0,28,8.9,148,Marvelous,E,2000s,Other,3.367295829986474,5.003946305945459
PS3,2013,Action,Capcom,0.79,85.0,40,5.3,1471,Ninja Theory,M,2010s,Other,3.713572066704308,7.294377299288821
PS,2001,Racing,Take-Two Interactive,0.79,34.0,6,5.3,6,Deibus Studios,E,2000s,Other,1.9459101490553132,1.9459101490553132
X360,2012,Action,THQ,0.79,83.0,63,8.0,456,Vigil Games,M,2010s,Other,4.1588830833596715,6.124683390894205
X360,2013,Racing,Electronic Arts,0.79,76.0,12,5.4,107,Ghost Games,E10+,2010s,Other,2.5649493574615367,4.68213122712422
X360,2012,Action,Activision,0.79,74.0,69,7.0,173,Radical Entertainment,M,2010s,Other,4.248495242049359,5.159055299214529
PS2,2007,Simulation,Konami Digital Entertainment,0.79,70.0,10,7.5,27,Konami,E10+,2000s,Other,2.3978952727983707,3.332204510175204
PS2,2000,Simulation,Ubisoft,0.79,78.0,23,8.4,19,From Software,T,2000s,Other,3.1780538303479458,2.995732273553991
X360,2009,Action,Electronic Arts,0.79,65.0,72,6.9,60,EA Redwood Shores,M,2000s,Other,4.290459441148391,4.110873864173311
X360,2012,Role-Playing,Capcom,0.79,75.0,59,7.8,320,Capcom,M,2010s,Other,4.0943445622221,5.771441123130016
PS4,2015,Sports,Konami Digital Entertainment,0.79,87.0,54,7.1,680,Konami,E,2010s,Other,4.007333185232471,6.523562306149512
XOne,2015,Misc,Microsoft Game Studios,0.79,84.0,75,7.7,325,Rare Ltd.,M,2010s,Other,4.330733340286331,5.786897381366708
X360,2009,Misc,Activision,0.79,76.0,52,5.0,30,Neversoft Entertainment,E10+,2000s,Other,3.970291913552122,3.4339872044851463
PS2,2007,Sports,Electronic Arts,0.79,83.0,6,8.3,23,EA Tiburon,E,2000s,Other,1.9459101490553132,3.1780538303479458
XB,2003,Sports,Electronic Arts,0.79,82.0,20,8.2,23,EA Canada,E,2000s,FIFA,3.044522437723423,3.1780538303479458
PSP,2007,Simulation,Electronic Arts,0.79,64.0,5,7.3,18,Maxis,E10+,2000s,Other,1.791759469228055,2.9444389791664403
X360,2009,Role-Playing,Square Enix,0.79,72.0,56,7.2,150,"Square Enix, Tri-Ace",T,2000s,Other,4.04305126783455,5.017279836814924
PS3,2011,Shooter,City Interactive,0.79,53.0,17,6.0,34,City Interactive,M,2010s,Other,2.8903717578961645,3.5553480614894135
PSP,2009,Strategy,Sony Computer Entertainment,0.79,69.0,32,7.3,19,Novarama,E10+,2000s,Other,3.4965075614664802,2.995732273553991
PS3,2014,Sports,Take-Two Interactive,0.78,55.0,5,3.1,57,Yuke's,T,2010s,Other,1.791759469228055,4.060443010546419
X360,2008,Role-Playing,Microsoft Game Studios,0.78,65.0,80,7.0,458,Silicon Knights,T,2000s,Other,4.394449154672439,6.129050210060545
PS3,2009,Sports,Electronic Arts,0.78,81.0,38,7.7,9,EA Tiburon,E,2000s,Other,3.6635616461296463,2.302585092994046
GBA,2002,Platform,Vivendi Games,0.78,71.0,4,7.5,27,Digital Illusions,E,2000s,Other,1.6094379124341003,3.332204510175204
X360,2006,Action,Ubisoft,0.78,85.0,59,8.1,148,Ubisoft Shanghai,M,2000s,Other,4.0943445622221,5.003946305945459
X360,2010,Fighting,Namco Bandai Games,0.78,74.0,31,8.5,39,CyberConnect2,T,2010s,Other,3.4657359027997265,3.6888794541139363
DS,2010,Role-Playing,Nintendo,0.78,79.0,63,8.1,86,Camelot Software Planning,E10+,2010s,Other,4.1588830833596715,4.465908118654584
X360,2011,Fighting,Electronic Arts,0.78,86.0,59,7.4,105,EA Canada,M,2010s,Other,4.0943445622221,4.663439094112067
X360,2013,Action,Deep Silver,0.78,57.0,43,6.3,192,Techland,M,2010s,Other,3.784189633918261,5.262690188904886
DS,2008,Action,LucasArts,0.78,68.0,10,7.8,32,LucasArts,E10+,2000s,Other,2.3978952727983707,3.4965075614664802
DS,2007,Role-Playing,Square Enix,0.78,88.0,59,8.9,283,Jupiter Corporation,T,2000s,Other,4.0943445622221,5.648974238161206
DS,2007,Action,THQ,0.78,73.0,34,8.2,30,5TH Cell,E,2000s,Other,3.5553480614894135,3.4339872044851463
PS3,2008,Strategy,Take-Two Interactive,0.78,85.0,39,7.7,87,Firaxis Games,E10+,2000s,Other,3.6888794541139363,4.477336814478207
PS2,2006,Sports,Take-Two Interactive,0.78,81.0,12,8.4,18,"Kush Games, Visual Concepts",E,2000s,Other,2.5649493574615367,2.9444389791664403
GC,2002,Shooter,Electronic Arts,0.78,80.0,17,8.6,46,Eurocom Entertainment Software,T,2000s,Other,2.8903717578961645,3.8501476017100584
PS3,2011,Shooter,Activision,0.78,72.0,38,6.3,52,Eurocom Entertainment Software,T,2010s,Other,3.6635616461296463,3.970291913552122
X360,2011,Platform,Ubisoft,0.78,87.0,55,8.2,209,UBlart Montpellier,E10+,2010s,Other,4.02535169073515,5.3471075307174685
X360,2013,Shooter,Sega,0.77,48.0,47,3.8,449,Gearbox Software,M,2010s,Other,3.8712010109078907,6.1092475827643655
X360,2008,Misc,Microsoft Game Studios,0.77,71.0,43,7.4,34,iNiS,T,2000s,Other,3.784189633918261,3.5553480614894135
Wii,2009,Action,Sega,0.77,81.0,74,8.6,176,PlatinumGames,M,2000s,Other,4.31748811353631,5.176149732573829
PSP,2008,Racing,Electronic Arts,0.77,57.0,14,7.1,19,EA Games,E,2000s,Other,2.70805020110221,2.995732273553991
X360,2005,Shooter,Microsoft Game Studios,0.77,81.0,75,7.3,229,Rare Ltd.,M,2000s,Other,4.330733340286331,5.438079308923196
PS2,2005,Fighting,Electronic Arts,0.77,53.0,30,6.3,46,"EA Canada, Nihilistic",T,2000s,Other,3.4339872044851463,3.8501476017100584
PS,1999,Racing,Electronic Arts,0.77,78.0,13,8.5,24,Eden Studios,E,1990s,Other,2.639057329615259,3.2188758248682006
Wii,2011,Misc,Ubisoft,0.77,66.0,5,7.5,27,Ubisoft,E10+,2010s,Other,1.791759469228055,3.332204510175204
X360,2012,Action,Capcom,0.77,52.0,56,4.9,330,Slant Six,M,2010s,Other,4.04305126783455,5.802118375377063
X360,2011,Sports,THQ,0.77,70.0,36,6.5,15,THQ,E,2010s,Other,3.6109179126442243,2.772588722239781
PSP,2006,Strategy,THQ,0.77,70.0,22,6.6,18,Team 17,E10+,2000s,Other,3.1354942159291497,2.9444389791664403
GBA,2002,Action,THQ,0.77,38.0,14,5.0,6,David A. Palmer Productions,E,2000s,Other,2.70805020110221,1.9459101490553132
Wii,2007,Shooter,Sega,0.77,69.0,42,7.5,31,"Artificial Mind and Movement, Polygon Magic",T,2000s,Other,3.7612001156935624,3.4657359027997265
PS2,2001,Platform,Capcom,0.77,84.0,33,8.7,16,Capcom,T,2000s,Other,3.5263605246161616,2.833213344056216
GBA,2005,Platform,Nintendo,0.77,77.0,16,8.4,27,Rare Ltd.,E,2000s,Other,2.833213344056216,3.332204510175204
PS2,2002,Sports,Acclaim Entertainment,0.77,81.0,15,8.4,17,Acclaim Studios Austin,E,2000s,Other,2.772588722239781,2.8903717578961645
PS2,2002,Role-Playing,Atari,0.77,45.0,26,3.0,29,SquareSoft,T,2000s,Other,3.295836866004329,3.4011973816621555
DS,2004,Racing,Nintendo,0.77,46.0,28,5.9,34,Ambrella,E,2000s,Pokemon,3.367295829986474,3.5553480614894135
PS3,2009,Fighting,Namco Bandai Games,0.77,57.0,26,7.2,58,Spike,T,2000s,Other,3.295836866004329,4.07753744390572
PSP,2005,Action,Sony Computer Entertainment,0.77,79.0,45,8.2,38,Incognito Inc.,T,2000s,Other,3.828641396489095,3.6635616461296463
DS,2008,Sports,Nintendo,0.76,69.0,6,7.5,27,Nintendo,E,2000s,Other,1.9459101490553132,3.332204510175204
PS2,2008,Platform,Sega,0.76,66.0,5,6.7,49,Sonic Team,E10+,2000s,Other,1.791759469228055,3.912023005428146
DS,2010,Puzzle,Nintendo,0.76,76.0,11,7.5,27,"Tetris Online, Inc",E,2010s,Other,2.4849066497880004,3.332204510175204
XB,2004,Racing,Atari,0.76,56.0,57,4.7,69,Reflections Interactive,M,2000s,Other,4.060443010546419,4.248495242049359
PS,1998,Sports,Konami Digital Entertainment,0.76,94.0,4,8.7,40,KCET,E,1990s,Other,1.6094379124341003,3.713572066704308
PSP,2008,Racing,Electronic Arts,0.76,52.0,7,6.8,37,Piranha Games,T,2000s,Other,2.0794415416798357,3.6375861597263857
DS,2006,Shooter,Nintendo,0.76,85.0,54,8.0,188,Nintendo,T,2000s,Other,4.007333185232471,5.241747015059643
WiiU,2014,Action,Nintendo,0.76,91.0,80,8.2,1217,PlatinumGames,M,2010s,Other,4.394449154672439,7.1049654482698426
PSP,2009,Shooter,LucasArts,0.76,63.0,25,8.0,41,Savage Entertainment,T,2000s,Other,3.258096538021482,3.7376696182833684
PS2,2004,Shooter,Sony Computer Entertainment,0.76,65.0,47,6.9,30,Sony Bend,M,2000s,Other,3.8712010109078907,3.4339872044851463
3DS,2011,Simulation,Electronic Arts,0.76,52.0,29,3.3,31,EA Games,T,2010s,Other,3.4011973816621555,3.4657359027997265
XB,2004,Fighting,Midway Games,0.76,81.0,53,8.8,24,Midway,M,2000s,Other,3.9889840465642745,3.2188758248682006
GBA,2004,Adventure,Disney Interactive Studios,0.76,39.0,6,7.6,5,Vicarious Visions,E,2000s,Other,1.9459101490553132,1.791759469228055
Wii,2009,Misc,Activision,0.76,87.0,22,7.6,19,Exient Entertainment,T,2000s,Other,3.1354942159291497,2.995732273553991
PC,2011,Shooter,Valve Software,0.76,95.0,52,8.8,5999,Valve Software,E10+,2010s,Other,3.970291913552122,8.699514748210191
PS3,2011,Shooter,Take-Two Interactive,0.76,51.0,48,4.9,278,"Gearbox Software, 3D Realms",M,2010s,Other,3.8918202981106265,5.631211781821365
Wii,2010,Action,LucasArts,0.76,71.0,10,7.8,31,"LucasArts, Red Fly Studio",T,2010s,Other,2.3978952727983707,3.4657359027997265
Wii,2009,Action,Electronic Arts,0.75,60.0,35,6.0,8,EA Bright Light,E10+,2000s,Other,3.58351893845611,2.1972245773362196
PS2,2008,Platform,THQ,0.75,67.0,8,8.4,9,Asobo Studio,E,2000s,Other,2.1972245773362196,2.302585092994046
3DS,2013,Puzzle,Nintendo,0.75,81.0,58,7.9,86,Level 5,E10+,2010s,Other,4.07753744390572,4.465908118654584
PS,2000,Platform,Capcom,0.75,76.0,10,8.9,55,Capcom,E,2000s,Other,2.3978952727983707,4.02535169073515
PS4,2016,Shooter,Electronic Arts,0.75,89.0,56,8.4,704,Respawn Entertainment,M,2010s,Other,4.04305126783455,6.558197802812269
PS3,2006,Action,Sony Computer Entertainment,0.75,55.0,46,5.8,30,Game Republic,T,2000s,Other,3.8501476017100584,3.4339872044851463
XOne,2015,Action,Konami Digital Entertainment,0.75,95.0,10,7.3,900,"Kojima Productions, Moby Dick Studio",M,2010s,Other,2.3978952727983707,6.803505257608338
X360,2006,Sports,Take-Two Interactive,0.75,81.0,75,7.8,69,Rockstar San Diego,E,2000s,Other,4.330733340286331,4.248495242049359
Wii,2009,Puzzle,THQ,0.75,58.0,22,6.0,8,Planet Moon Studios,E,2000s,Other,3.1354942159291497,2.1972245773362196
Wii,2011,Action,Nintendo,0.75,60.0,18,7.0,27,Creatures Inc.,E,2010s,Other,2.9444389791664403,3.332204510175204
PS3,2010,Misc,Activision,0.75,86.0,46,7.8,22,FreeStyleGames,T,2010s,Other,3.8501476017100584,3.1354942159291497
PSP,2008,Fighting,THQ,0.75,72.0,9,6.0,9,Yuke's,T,2000s,Other,2.302585092994046,2.302585092994046
3DS,2012,Action,Warner Bros. Interactive Entertainment,0.75,72.0,6,5.2,25,TT Games,E10+,2010s,Other,1.9459101490553132,3.258096538021482
PS3,2012,Fighting,Namco Bandai Games,0.75,81.0,53,6.7,150,Project Soul,T,2010s,Other,3.9889840465642745,5.017279836814924
PS2,2004,Action,Activision,0.75,69.0,30,6.5,6,Edge of Reality,E,2000s,Other,3.4339872044851463,1.9459101490553132
PS2,2001,Shooter,Konami Digital Entertainment,0.75,78.0,21,7.4,49,KCEJ,M,2000s,Other,3.091042453358316,3.912023005428146
PS4,2014,Sports,Konami Digital Entertainment,0.75,82.0,56,7.2,386,Konami,E,2010s,Other,4.04305126783455,5.958424693029782
XB,2004,Sports,Activision,0.75,83.0,55,7.8,12,Neversoft Entertainment,T,2000s,Other,4.02535169073515,2.5649493574615367
PSP,2005,Sports,Electronic Arts,0.75,75.0,23,7.9,16,EA Tiburon,E,2000s,Madden,3.1780538303479458,2.833213344056216
Wii,2010,Adventure,Ubisoft,0.75,62.0,24,7.6,14,Ubisoft,E10+,2010s,Other,3.2188758248682006,2.70805020110221
PS2,2001,Fighting,Capcom,0.75,81.0,22,7.9,27,Capcom,T,2000s,Other,3.1354942159291497,3.332204510175204
PS2,2006,Sports,Electronic Arts,0.75,76.0,27,9.0,18,EA Canada,E,2000s,Other,3.332204510175204,2.9444389791664403
X360,2008,Action,Touchstone,0.75,69.0,63,7.1,120,Propaganda Games,M,2000s,Other,4.1588830833596715,4.795790545596741
PSP,2005,Shooter,Konami Digital Entertainment,0.75,59.0,42,6.5,61,Konami,T,2000s,Other,3.7612001156935624,4.127134385045092
DS,2007,Role-Playing,Square Enix,0.75,80.0,47,6.9,106,Square Enix,E10+,2000s,Final Fantasy,3.8712010109078907,4.672828834461906
PS3,2009,Action,Electronic Arts,0.74,54.0,45,7.1,57,Pandemic Studios,T,2000s,Other,3.828641396489095,4.060443010546419
PS3,2009,Misc,Activision,0.74,76.0,45,5.7,9,Neversoft Entertainment,E10+,2000s,Other,3.828641396489095,2.302585092994046
PS2,2001,Racing,Acclaim Entertainment,0.74,79.0,25,7.7,33,Criterion Games,E,2000s,Other,3.258096538021482,3.5263605246161616
DS,2007,Role-Playing,Disney Interactive Studios,0.74,63.0,37,7.9,31,Jupiter Corporation,E,2000s,Other,3.6375861597263857,3.4657359027997265
PS3,2009,Action,Electronic Arts,0.74,67.0,53,7.2,50,EA Redwood Shores,M,2000s,Other,3.9889840465642745,3.9318256327243257
PSP,2006,Fighting,Midway Games,0.74,70.0,19,8.8,31,JGI Entertainment,M,2000s,Other,2.995732273553991,3.4657359027997265
PSP,2009,Racing,Electronic Arts,0.74,69.0,11,6.5,31,EA Bright Light,E,2000s,Other,2.4849066497880004,3.4657359027997265
X360,2014,Role-Playing,Namco Bandai Games,0.74,91.0,30,7.9,915,From Software,T,2010s,Other,3.4339872044851463,6.82001636467413
DS,2008,Sports,Sega,0.74,65.0,19,7.5,27,Sumo Digital,E,2000s,Other,2.995732273553991,3.332204510175204
PC,2011,Action,Ubisoft,0.74,80.0,20,7.4,771,Ubisoft Montreal,M,2010s,Other,3.044522437723423,6.648984550024776
PS3,2012,Action,Activision,0.74,79.0,39,6.8,179,Radical Entertainment,M,2010s,Other,3.6888794541139363,5.19295685089021
XB,2005,Racing,Take-Two Interactive,0.74,84.0,53,7.4,40,Rockstar San Diego,E10+,2000s,Other,3.9889840465642745,3.713572066704308
PS3,2013,Action,Capcom,0.74,74.0,30,7.2,204,Capcom,M,2010s,Other,3.4339872044851463,5.3230099791384085
PSP,2007,Shooter,Ubisoft,0.74,60.0,20,7.1,31,Ubisoft Montreal,T,2000s,Other,3.044522437723423,3.4657359027997265
PS2,2001,Sports,Electronic Arts,0.74,74.0,19,7.5,27,Stormfront Studios,E,2000s,Other,2.995732273553991,3.332204510175204
PS3,2009,Shooter,THQ,0.74,85.0,56,8.1,136,Volition Inc.,M,2000s,Other,4.04305126783455,4.919980925828125
PS3,2011,Action,Namco Bandai Games,0.74,77.0,28,6.7,82,Project Aces,T,2010s,Other,3.367295829986474,4.418840607796598
XB,2002,Shooter,Atari,0.74,83.0,29,8.2,24,Digital Extremes,M,2000s,Other,3.4011973816621555,3.2188758248682006
PC,2011,Action,Electronic Arts,0.74,86.0,42,6.8,1594,Crytek,M,2010s,Other,3.7612001156935624,7.374629015218945
X360,2008,Role-Playing,Atari,0.74,79.0,67,8.2,264,Bandai Namco Games,T,2000s,Other,4.219507705176107,5.579729825986222
PS3,2013,Sports,Sony Computer Entertainment,0.74,87.0,36,7.8,114,SCEA San Diego Studios,E,2010s,Other,3.6109179126442243,4.74493212836325
WiiU,2013,Action,Warner Bros. Interactive Entertainment,0.74,82.0,8,8.0,71,TT Games,E10+,2010s,Other,2.1972245773362196,4.276666119016055
Wii,2007,Misc,Atari,0.74,49.0,18,6.3,4,TOSE,E,2000s,Other,2.9444389791664403,1.6094379124341003
GBA,2003,Role-Playing,Nintendo,0.74,72.0,31,8.3,25,Brownie Brown,E,2000s,Other,3.4657359027997265,3.258096538021482
PS3,2009,Role-Playing,Activision,0.73,74.0,48,7.3,51,Vicarious Visions,T,2000s,Other,3.8918202981106265,3.9512437185814275
PC,2014,Role-Playing,Electronic Arts,0.73,85.0,45,5.9,3926,BioWare,M,2010s,Other,3.828641396489095,8.27563105457801
PS3,2010,Role-Playing,Sega,0.73,72.0,42,8.0,136,Tri-Ace,T,2010s,Other,3.7612001156935624,4.919980925828125
DS,2008,Action,Activision,0.73,55.0,6,7.5,27,Amaze Entertainment,E,2000s,Other,1.9459101490553132,3.332204510175204
PS3,2007,Action,Disney Interactive Studios,0.73,55.0,24,6.9,19,Eurocom Entertainment Software,T,2000s,Other,3.2188758248682006,2.995732273553991
PS3,2007,Sports,Electronic Arts,0.73,79.0,30,6.6,7,EA Salt Lake,E,2000s,Other,3.4339872044851463,2.0794415416798357
GBA,2004,Platform,Nintendo,0.73,55.0,15,4.8,4,Nintendo,E,2000s,Other,2.772588722239781,1.6094379124341003
Wii,2008,Simulation,Rising Star Games,0.73,76.0,10,8.9,20,Natsume,E,2000s,Other,2.3978952727983707,3.044522437723423
Wii,2009,Fighting,THQ,0.73,78.0,11,7.7,9,Yuke's,T,2000s,Other,2.4849066497880004,2.302585092994046
3DS,2012,Simulation,Nintendo,0.73,76.0,5,8.0,15,syn Sophia,E,2010s,Other,1.791759469228055,2.772588722239781
X360,2011,Role-Playing,Square Enix,0.73,79.0,50,6.3,268,Square Enix,T,2010s,Final Fantasy,3.9318256327243257,5.594711379601839
XB,2001,Platform,Atari,0.73,80.0,30,8.7,32,Oddworld Inhabitants,T,2000s,Other,3.4339872044851463,3.4965075614664802
PS3,2012,Fighting,Atlus,0.73,86.0,47,7.7,180,Arc System Works,T,2010s,Other,3.8712010109078907,5.198497031265826
PS3,2011,Shooter,Bethesda Softworks,0.73,72.0,39,5.8,168,Splash Damage,T,2010s,Other,3.6888794541139363,5.1298987149230735
X360,2010,Sports,Electronic Arts,0.73,88.0,49,7.7,71,Electronic Arts,E10+,2010s,Other,3.912023005428146,4.276666119016055
X360,2006,Sports,Electronic Arts,0.73,79.0,43,6.9,20,EA Sports,E,2000s,Other,3.784189633918261,3.044522437723423
XB,2004,Strategy,THQ,0.73,84.0,67,8.7,27,Pandemic Studios,M,2000s,Other,4.219507705176107,3.332204510175204
PS4,2016,Action,Warner Bros. Interactive Entertainment,0.73,71.0,70,7.0,87,TT Games,E10+,2010s,Other,4.2626798770413155,4.477336814478207
PS2,2004,Puzzle,Namco Bandai Games,0.73,86.0,55,9.0,86,Namco,E,2000s,Other,4.02535169073515,4.465908118654584
WiiU,2014,Misc,Ubisoft,0.73,75.0,6,6.6,26,Ubisoft,E10+,2010s,Other,1.9459101490553132,3.295836866004329
PS4,2015,Action,Warner Bros. Interactive Entertainment,0.73,80.0,53,7.1,65,Traveller's Tales,E10+,2010s,Other,3.9889840465642745,4.189654742026425
PS3,2012,Fighting,Namco Bandai Games,0.73,74.0,23,7.1,83,"CyberConnect2, Racjin",T,2010s,Other,3.1780538303479458,4.430816798843313
PS2,2001,Sports,Codemasters,0.73,64.0,17,8.7,13,Dearsoft,E,2000s,Other,2.8903717578961645,2.639057329615259
GC,2002,Shooter,Electronic Arts,0.72,74.0,16,6.8,25,Electronic Arts,T,2000s,Other,2.833213344056216,3.258096538021482
DS,2007,Simulation,Rising Star Games,0.72,65.0,15,7.0,22,TOSE,E,2000s,Other,2.772588722239781,3.1354942159291497
GBA,2005,Action,Ubisoft,0.72,73.0,13,7.5,12,Ubisoft,E10+,2000s,Other,2.639057329615259,2.5649493574615367
PS2,2005,Action,Activision,0.72,74.0,52,7.9,54,Treyarch,T,2000s,Other,3.970291913552122,4.007333185232471
Wii,2010,Misc,Electronic Arts,0.72,65.0,9,5.2,5,Electronic Arts,E,2010s,Other,2.302585092994046,1.791759469228055
DS,2009,Platform,Ubisoft,0.72,70.0,7,7.5,27,Ubisoft Montpellier,E,2000s,Other,2.0794415416798357,3.332204510175204
PC,2013,Strategy,Sega,0.72,76.0,71,4.2,3742,Creative Assembly,T,2010s,Other,4.276666119016055,8.22764270790443
PS2,2007,Sports,Electronic Arts,0.72,68.0,10,6.6,9,EA Canada,E,2000s,Other,2.3978952727983707,2.302585092994046
PS3,2010,Role-Playing,Square Enix,0.72,74.0,45,6.7,155,"Square Enix, Tri-Ace",T,2010s,Other,3.828641396489095,5.049856007249537
XB,2002,Shooter,Electronic Arts,0.72,73.0,39,8.9,16,Namco,M,2000s,Other,3.6888794541139363,2.833213344056216
Wii,2009,Action,Activision,0.72,55.0,32,7.0,28,Artificial Mind and Movement,T,2000s,Other,3.4965075614664802,3.367295829986474
PS2,2006,Sports,Electronic Arts,0.72,79.0,33,6.0,8,EA Redwood Shores,E,2000s,Other,3.5263605246161616,2.1972245773362196
X360,2007,Sports,Spike,0.72,79.0,31,7.1,34,Kush Games,E,2000s,Other,3.4657359027997265,3.5553480614894135
3DS,2014,Role-Playing,Nippon Ichi Software,0.72,83.0,56,8.1,169,Atlus,M,2010s,Other,4.04305126783455,5.135798437050262
PS4,2014,Sports,Sony Computer Entertainment America,0.72,83.0,17,7.7,205,SCEA San Diego Studios,E,2010s,Other,2.8903717578961645,5.327876168789581
PS,2001,Fighting,Activision,0.72,72.0,12,8.4,18,Paradox Development,T,2000s,Other,2.5649493574615367,2.9444389791664403
DS,2005,Platform,Nintendo,0.72,86.0,48,8.2,87,HAL Labs,E,2000s,Other,3.8918202981106265,4.477336814478207
Wii,2009,Sports,Electronic Arts,0.72,77.0,23,7.2,24,EA Tiburon,E,2000s,Madden,3.1780538303479458,3.2188758248682006
PS3,2009,Sports,Sony Computer Entertainment,0.72,90.0,27,8.1,61,SCEA San Diego Studios,E,2000s,Other,3.332204510175204,4.127134385045092
X360,2014,Shooter,Take-Two Interactive,0.72,74.0,16,6.4,161,2K Australia,M,2010s,Other,2.833213344056216,5.087596335232384
GBA,2002,Puzzle,Atari,0.72,82.0,20,8.6,11,Realism Ltd,E,2000s,Other,3.044522437723423,2.4849066497880004
PC,2015,Role-Playing,Namco Bandai Games,0.72,93.0,32,9.3,10665,CD Projekt Red Studio,M,2010s,Other,3.4965075614664802,9.274816391160547
X360,2011,Racing,Codemasters,0.72,84.0,61,7.1,54,Codemasters,E,2010s,Other,4.127134385045092,4.007333185232471
PS2,2003,Simulation,Namco Bandai Games,0.72,66.0,10,8.5,37,Bandai,T,2000s,Other,2.3978952727983707,3.6375861597263857
PS3,2010,Sports,Sony Computer Entertainment,0.72,91.0,33,8.3,107,SCEA,E,2010s,Other,3.5263605246161616,4.68213122712422
X360,2009,Racing,THQ,0.72,75.0,47,6.6,30,Rainbow Studios,E,2000s,Other,3.8712010109078907,3.4339872044851463
PS3,2010,Racing,Activision,0.72,81.0,58,8.2,86,Bizarre Creations,E10+,2010s,Other,4.07753744390572,4.465908118654584
PC,2010,Shooter,Electronic Arts,0.72,87.0,46,8.3,1467,EA DICE,M,2010s,Other,3.8501476017100584,7.291656209174461
X360,2011,Racing,Codemasters,0.72,87.0,81,7.1,166,Codemasters,T,2010s,Other,4.406719247264253,5.117993812416755
XB,2002,Action,Electronic Arts,0.71,79.0,17,8.1,18,Stormfront Studios,T,2000s,Other,2.8903717578961645,2.9444389791664403
XB,2002,Sports,Electronic Arts,0.71,92.0,16,8.3,16,EA Tiburon,E,2000s,Madden,2.833213344056216,2.833213344056216
X360,2007,Sports,Electronic Arts,0.71,86.0,59,8.4,137,EA Black Box,T,2000s,Other,4.0943445622221,4.927253685157205
PC,2012,Strategy,Take-Two Interactive,0.71,89.0,57,8.2,2235,Firaxis Games,M,2010s,Other,4.060443010546419,7.71244383427499
PSP,2007,Action,D3Publisher,0.71,60.0,4,7.2,23,High Voltage Software,E10+,2000s,Other,1.6094379124341003,3.1780538303479458
PS2,2003,Fighting,Sega,0.71,93.0,30,9.0,48,Sega,T,2000s,Other,3.4339872044851463,3.8918202981106265
PC,2007,Shooter,Electronic Arts,0.71,91.0,56,8.0,1970,Crytek,M,2000s,Other,4.04305126783455,7.58629630715272
PS,2000,Action,Eidos Interactive,0.71,39.0,10,7.0,47,Capcom,M,2000s,Other,2.3978952727983707,3.8712010109078907
DS,2007,Simulation,Electronic Arts,0.71,66.0,8,4.0,5,Full Fat,E,2000s,Other,2.1972245773362196,1.791759469228055
PS2,2002,Racing,Jester Interactive,0.71,66.0,8,7.5,27,Jester Interactive,E,2000s,Other,2.1972245773362196,3.332204510175204
GC,2002,Fighting,Atari,0.71,73.0,30,7.8,23,"Pipeworks Software, Inc.",T,2000s,Other,3.4339872044851463,3.1780538303479458
PS,2000,Racing,Acclaim Entertainment,0.71,43.0,11,7.5,27,Acclaim,E,2000s,Other,2.4849066497880004,3.332204510175204
PS2,2003,Action,Konami Digital Entertainment,0.71,85.0,41,8.8,315,KCET,M,2000s,Other,3.7376696182833684,5.755742213586912
GC,2002,Platform,Universal Interactive,0.71,48.0,13,5.1,24,Equinoxe,E,2000s,Other,2.639057329615259,3.2188758248682006
GBA,2004,Action,THQ,0.71,46.0,5,7.5,27,Altron,E,2000s,Other,1.791759469228055,3.332204510175204
PS2,2004,Action,THQ,0.71,49.0,6,6.2,5,Pacific Coast Power & Light,E,2000s,Other,1.9459101490553132,1.791759469228055
PSP,2007,Sports,Electronic Arts,0.71,75.0,10,6.8,8,EA Tiburon,E,2000s,Madden,2.3978952727983707,2.1972245773362196
PSP,2008,Sports,Electronic Arts,0.71,68.0,8,6.5,4,EA Tiburon,E,2000s,Madden,2.1972245773362196,1.6094379124341003
X360,2008,Sports,Electronic Arts,0.71,77.0,32,7.4,14,EA Canada,E,2000s,Other,3.4965075614664802,2.70805020110221
PS4,2016,Action,Namco Bandai Games,0.71,73.0,54,7.8,117,Dimps Corporation,T,2010s,Other,4.007333185232471,4.770684624465665
PS3,2007,Action,Tecmo Koei,0.71,59.0,31,7.3,49,"Koei, Omega Force",T,2000s,Other,3.4657359027997265,3.912023005428146
X360,2008,Sports,Electronic Arts,0.71,83.0,24,7.7,26,EA Tiburon,E,2000s,Other,3.2188758248682006,3.295836866004329
XB,2005,Shooter,Activision,0.71,77.0,41,7.9,16,"id Software, Nerve Software",M,2000s,Other,3.7376696182833684,2.833213344056216
X360,2012,Sports,Electronic Arts,0.7,82.0,65,6.4,186,EA Canada,E,2010s,Other,4.189654742026425,5.231108616854587
Wii,2007,Role-Playing,Square Enix,0.7,65.0,43,5.9,21,"Eighting, Genius Sonority Inc.",T,2000s,Other,3.784189633918261,3.091042453358316
X360,2007,Role-Playing,SouthPeak Games,0.7,50.0,44,5.5,182,Reality Pump,M,2000s,Other,3.8066624897703196,5.209486152841421
GC,2003,Sports,Activision,0.7,89.0,19,8.5,24,Neversoft Entertainment,T,2000s,Other,2.995732273553991,3.2188758248682006
PSP,2005,Action,Activision,0.7,67.0,43,6.9,8,Vicarious Visions,T,2000s,Other,3.784189633918261,2.1972245773362196
X360,2007,Sports,Electronic Arts,0.7,81.0,30,7.8,44,EA Sports,E,2000s,Other,3.4339872044851463,3.8066624897703196
WiiU,2014,Action,Activision,0.7,86.0,4,7.1,18,Toys for Bob,E10+,2010s,Other,1.6094379124341003,2.9444389791664403
XB,2001,Action,Activision,0.7,58.0,28,5.9,14,LucasArts,T,2000s,Other,3.367295829986474,2.70805020110221
DS,2009,Adventure,Capcom,0.7,78.0,51,8.4,79,Capcom,T,2000s,Other,3.9512437185814275,4.382026634673881
PS2,2003,Shooter,Sony Computer Entertainment,0.7,73.0,33,8.3,19,Namco,T,2000s,Other,3.5263605246161616,2.995732273553991
PS3,2011,Adventure,Deep Silver,0.7,79.0,61,8.1,372,Atlus,M,2010s,Other,4.127134385045092,5.921578419643816
GC,2004,Sports,Electronic Arts,0.7,90.0,26,7.5,27,EA Tiburon,E,2000s,Madden,3.295836866004329,3.332204510175204
GBA,2001,Action,Majesco Entertainment,0.7,67.0,8,7.5,27,Virtucraft,E,2000s,Other,2.1972245773362196,3.332204510175204
PS2,2001,Racing,Atari,0.7,84.0,22,8.2,11,Rainbow Studios,E,2000s,Other,3.1354942159291497,2.4849066497880004
XB,2005,Role-Playing,Microsoft Game Studios,0.7,89.0,84,8.6,113,BioWare,M,2000s,Other,4.442651256490317,4.736198448394496
X360,2008,Role-Playing,Square Enix,0.7,68.0,60,7.0,158,Tri-Ace,T,2000s,Other,4.110873864173311,5.0689042022202315
DS,2010,Sports,Electronic Arts,0.7,63.0,5,7.5,27,EA Sports,E,2010s,FIFA,1.791759469228055,3.332204510175204
PS4,2016,Action,Warner Bros. Interactive Entertainment,0.7,78.0,61,7.5,91,TT Games,E10+,2010s,Other,4.127134385045092,4.5217885770490405
X360,2011,Sports,Electronic Arts,0.7,86.0,56,7.0,72,Electronic Arts,E10+,2010s,Other,4.04305126783455,4.290459441148391
GBA,2001,Strategy,Nintendo,0.7,92.0,28,9.0,95,Intelligent Systems,E,2000s,Other,3.367295829986474,4.564348191467836
PS2,2000,Racing,Electronic Arts,0.7,66.0,16,6.6,9,EA Sports,E,2000s,Other,2.833213344056216,2.302585092994046
PS2,2004,Action,Illusion Softworks,0.7,65.0,30,7.6,62,Illusion Softworks,M,2000s,Other,3.4339872044851463,4.143134726391533
PSP,2005,Platform,Sony Computer Entertainment,0.7,66.0,35,6.4,16,"SCEA, Sims",E,2000s,Other,3.58351893845611,2.833213344056216
PS2,2000,Simulation,Namco Bandai Games,0.7,58.0,16,8.1,49,Bandai,T,2000s,Other,2.833213344056216,3.912023005428146
PS3,2008,Sports,Sony Computer Entertainment,0.7,85.0,33,8.7,76,SCEA San Diego Studios,E,2000s,Other,3.5263605246161616,4.343805421853684
PS2,2002,Shooter,Eidos Interactive,0.7,90.0,33,8.8,127,Free Radical Design,T,2000s,Other,3.5263605246161616,4.852030263919617
X360,2011,Simulation,Konami Digital Entertainment,0.7,43.0,18,3.3,25,Kalypso,T,2010s,Other,2.9444389791664403,3.258096538021482
X360,2011,Racing,Ubisoft,0.7,80.0,63,7.6,130,Ubisoft Reflections,T,2010s,Other,4.1588830833596715,4.875197323201151
GBA,2004,Adventure,Nintendo,0.7,73.0,8,7.5,39,Nintendo,E,2000s,Zelda,2.1972245773362196,3.6888794541139363
GBA,2005,Platform,Disney Interactive Studios,0.7,71.0,6,7.5,27,Artificial Mind and Movement,E,2000s,Other,1.9459101490553132,3.332204510175204
PS3,2010,Shooter,Activision,0.7,65.0,49,7.4,45,Bizarre Creations,T,2010s,Other,3.912023005428146,3.828641396489095
PSP,2007,Action,Konami Digital Entertainment,0.69,65.0,19,7.5,27,Kojima Productions,T,2000s,Other,2.995732273553991,3.332204510175204
Wii,2009,Misc,Warner Bros. Interactive Entertainment,0.69,70.0,15,6.8,6,TT Fusion,E10+,2000s,Other,2.772588722239781,1.9459101490553132
XB,2005,Shooter,Microsoft Game Studios,0.69,89.0,37,7.4,34,Bungie Software,M,2000s,Other,3.6375861597263857,3.5553480614894135
PS2,2005,Action,Midway Games,0.69,77.0,41,8.6,74,Midway Studios - Los Angeles,M,2000s,Other,3.7376696182833684,4.31748811353631
X360,2010,Sports,Ubisoft,0.69,40.0,30,4.4,9,Ubisoft Milan,T,2010s,Other,3.4339872044851463,2.302585092994046
PSP,2006,Racing,THQ,0.69,68.0,22,8.1,7,Rainbow Studios,E,2000s,Other,3.1354942159291497,2.0794415416798357
GBA,2004,Misc,Nintendo,0.69,62.0,35,4.9,11,Fuse Games Limited,E,2000s,Mario,3.58351893845611,2.4849066497880004
GC,2003,Fighting,Atari,0.69,65.0,16,6.3,15,Pyramid,T,2000s,Other,2.833213344056216,2.772588722239781
XOne,2014,Shooter,Electronic Arts,0.69,76.0,65,7.4,438,PopCap,E10+,2010s,Other,4.189654742026425,6.0844994130751715
XOne,2013,Racing,Electronic Arts,0.69,75.0,18,5.8,175,Ghost Games,E10+,2010s,Other,2.9444389791664403,5.170483995038151
DS,2008,Simulation,Electronic Arts,0.69,50.0,12,3.3,4,Full Fat,E,2000s,Other,2.5649493574615367,1.6094379124341003
GC,2002,Action,Electronic Arts,0.69,77.0,14,8.3,27,Eurocom Entertainment Software,E,2000s,Other,2.70805020110221,3.332204510175204
PS3,2010,Action,Ubisoft,0.69,75.0,49,7.6,120,Ubisoft Montreal,T,2010s,Other,3.912023005428146,4.795790545596741
GC,2003,Action,Electronic Arts,0.69,84.0,23,8.5,21,Hypnos Entertainment,T,2000s,Other,3.1780538303479458,3.091042453358316
PC,2011,Simulation,Electronic Arts,0.69,77.0,56,6.1,173,The Sims Studio,T,2010s,Other,4.04305126783455,5.159055299214529
PS3,2011,Sports,Take-Two Interactive,0.69,82.0,37,7.7,55,2K Czech,E,2010s,Other,3.6375861597263857,4.02535169073515
PS2,2004,Role-Playing,Interplay,0.68,78.0,44,8.7,54,Black Isle Studios,T,2000s,Other,3.8066624897703196,4.007333185232471
GBA,2004,Action,Activision,0.68,63.0,8,9.0,4,Vicarious Visions,E,2000s,Other,2.1972245773362196,1.6094379124341003
PS3,2009,Simulation,505 Games,0.68,81.0,28,7.3,20,Gaijin Entertainment,T,2000s,Other,3.367295829986474,3.044522437723423
XB,2003,Sports,Electronic Arts,0.68,89.0,22,8.8,24,Electronic Arts,E,2000s,Other,3.1354942159291497,3.2188758248682006
X360,2007,Racing,THQ,0.68,70.0,43,7.1,17,Rainbow Studios,E,2000s,Other,3.784189633918261,2.8903717578961645
X360,2008,Role-Playing,Square Enix,0.68,66.0,49,6.9,122,Square Enix,M,2000s,Other,3.912023005428146,4.812184355372417
XB,2004,Sports,Electronic Arts,0.68,89.0,29,8.0,12,EA Sports,E,2000s,Other,3.4011973816621555,2.5649493574615367
PS3,2010,Platform,Sony Computer Entertainment,0.68,85.0,46,8.8,172,Sanzaru Games,E10+,2010s,Other,3.8501476017100584,5.153291594497779
GC,2003,Fighting,Tomy Corporation,0.68,72.0,21,8.1,20,Tomy Corporation,T,2000s,Other,3.091042453358316,3.044522437723423
PS4,2014,Shooter,505 Games,0.68,67.0,41,7.1,178,Rebellion,M,2010s,Other,3.7376696182833684,5.187385805840755
PS2,2005,Action,Ubisoft,0.68,85.0,46,8.5,111,Ubisoft Montreal,M,2000s,Other,3.8501476017100584,4.718498871295094
PSP,2007,Sports,Sony Computer Entertainment,0.68,82.0,42,8.6,12,Clap Hanz,E,2000s,Other,3.7612001156935624,2.5649493574615367
PS,1998,Role-Playing,Konami Digital Entertainment,0.68,82.0,8,8.4,162,Konami,T,1990s,Other,2.1972245773362196,5.093750200806762
PS3,2008,Action,Sega,0.68,42.0,27,6.2,45,Secret Level,T,2000s,Other,3.332204510175204,3.828641396489095
XB,2005,Sports,Electronic Arts,0.68,80.0,39,7.5,22,EA Canada,E,2000s,FIFA,3.6888794541139363,3.1354942159291497
XB,2004,Fighting,Electronic Arts,0.68,85.0,47,8.7,20,EA Sports,T,2000s,Other,3.8712010109078907,3.044522437723423
PS2,2002,Role-Playing,Atari,0.68,76.0,24,8.9,81,CyberConnect2,T,2000s,Other,3.2188758248682006,4.406719247264253
XOne,2014,Shooter,Bethesda Softworks,0.68,79.0,18,7.8,397,MachineGames,M,2010s,Other,2.9444389791664403,5.986452005284438
DS,2007,Racing,THQ,0.68,69.0,7,6.8,5,Rainbow Studios,E,2000s,Other,2.0794415416798357,1.791759469228055
PSP,2010,Action,Warner Bros. Interactive Entertainment,0.68,71.0,4,7.5,27,TT Fusion,E10+,2010s,Other,1.6094379124341003,3.332204510175204
PS2,2004,Misc,Midway Games,0.68,74.0,28,7.5,27,Backbone Entertainment,M,2000s,Other,3.367295829986474,3.332204510175204
Wii,2012,Action,Nintendo,0.67,82.0,6,8.8,37,HAL Labs,E10+,2010s,Other,1.9459101490553132,3.6375861597263857
XB,2003,Shooter,Activision,0.67,84.0,38,8.8,33,Nerve Software,M,2000s,Other,3.6635616461296463,3.5263605246161616
PC,2011,Role-Playing,Unknown,0.67,84.0,59,7.3,561,Trion Worlds,T,2010s,Other,4.0943445622221,6.331501849893691
PS3,2007,Platform,Activision,0.67,60.0,33,7.0,40,Treyarch,T,2000s,Other,3.5263605246161616,3.713572066704308
PC,2008,Role-Playing,Electronic Arts,0.67,89.0,45,8.6,2386,"BioWare, Demiurge Studios",M,2000s,Other,3.828641396489095,7.77779262633883
XOne,2014,Action,Bethesda Softworks,0.67,79.0,24,7.3,430,Tango Gameworks,M,2010s,Other,3.2188758248682006,6.066108090103747
PS2,2002,Simulation,Metro 3D,0.67,74.0,23,9.0,33,From Software,T,2000s,Other,3.1780538303479458,3.5263605246161616
XB,2005,Shooter,Activision,0.67,78.0,54,8.9,89,LucasArts,T,2000s,Other,4.007333185232471,4.499809670330265
PS4,2014,Action,Warner Bros. Interactive Entertainment,0.67,71.0,31,7.1,98,TT Games,E10+,2010s,Other,3.4657359027997265,4.59511985013459
PS3,2008,Action,Touchstone,0.67,67.0,38,6.0,39,Propaganda Games,M,2000s,Other,3.6635616461296463,3.6888794541139363
X360,2013,Action,505 Games,0.67,81.0,39,7.2,139,Engine Software,T,2010s,Other,3.6888794541139363,4.941642422609304
Wii,2006,Shooter,Ubisoft,0.67,63.0,54,6.8,121,Ubisoft Paris,T,2000s,Other,4.007333185232471,4.804021044733257
PS3,2007,Shooter,Midway Games,0.67,86.0,42,7.7,127,Epic Games,M,2000s,Other,3.7612001156935624,4.852030263919617
DS,2010,Role-Playing,Nintendo,0.67,68.0,8,7.1,11,"RED Entertainment, Artdink",E,2010s,Other,2.1972245773362196,2.4849066497880004
DS,2010,Simulation,Electronic Arts,0.67,73.0,9,6.4,20,Exient Entertainment,E,2010s,Other,2.302585092994046,3.044522437723423
PS,1999,Simulation,Take-Two Interactive,0.66,69.0,4,7.5,27,Cunning Developments,E,1990s,Other,1.6094379124341003,3.332204510175204
XB,2004,Sports,Electronic Arts,0.66,81.0,38,8.8,9,EA Tiburon,E,2000s,Other,3.6635616461296463,2.302585092994046
DS,2007,Role-Playing,Square Enix,0.66,77.0,41,7.2,25,Square Enix,E10+,2000s,Final Fantasy,3.7376696182833684,3.258096538021482
Wii,2009,Action,Activision,0.66,62.0,12,7.2,11,Now Production,E,2000s,Other,2.5649493574615367,2.4849066497880004
PS3,2006,Simulation,Ubisoft,0.66,67.0,26,6.9,9,Ubisoft,T,2000s,Other,3.295836866004329,2.302585092994046
PSP,2006,Fighting,THQ,0.66,78.0,13,8.1,21,Yuke's,T,2000s,Other,2.639057329615259,3.091042453358316
PS4,2015,Racing,Codemasters,0.66,65.0,46,6.3,43,Codemasters,E,2010s,Other,3.8501476017100584,3.784189633918261
PS2,2007,Sports,Activision,0.66,65.0,6,6.6,17,Page 44 Studios,T,2000s,Other,1.9459101490553132,2.8903717578961645
PS3,2007,Shooter,Take-Two Interactive,0.66,80.0,35,7.7,107,Starbreeze,M,2000s,Other,3.58351893845611,4.68213122712422
PS2,2003,Sports,Sony Computer Entertainment,0.66,61.0,21,7.9,9,989 Sports,E,2000s,Other,3.091042453358316,2.302585092994046
PS,2001,Role-Playing,Electronic Arts,0.66,58.0,10,8.3,12,Delphine Software International,T,2000s,Other,2.3978952727983707,2.5649493574615367
PS2,2002,Sports,Electronic Arts,0.66,74.0,13,8.0,27,NuFX,E,2000s,Other,2.639057329615259,3.332204510175204
XB,2003,Action,THQ,0.66,63.0,11,7.5,27,Traveller's Tales,E,2000s,Other,2.4849066497880004,3.332204510175204
PS2,2006,Strategy,Atari,0.66,69.0,32,2.9,52,Frontier Developments,E10+,2000s,Other,3.4965075614664802,3.970291913552122
GC,2005,Platform,Activision,0.66,70.0,21,7.5,27,Toys for Bob,E10+,2000s,Other,3.091042453358316,3.332204510175204
X360,2010,Action,Konami Digital Entertainment,0.66,83.0,70,7.8,237,Mercury Steam,M,2010s,Other,4.2626798770413155,5.472270673671475
X360,2009,Sports,Electronic Arts,0.66,88.0,52,8.4,71,EA Canada,E10+,2000s,Other,3.970291913552122,4.276666119016055
DS,2008,Misc,Nintendo,0.66,70.0,7,6.0,12,Genius Sonority Inc.,Unknown,2000s,Other,2.0794415416798357,2.5649493574615367
PS2,2004,Fighting,Capcom,0.66,78.0,30,8.7,20,Capcom,T,2000s,Other,3.4339872044851463,3.044522437723423
X360,2012,Sports,Electronic Arts,0.66,83.0,44,6.6,86,Electronic Arts,E10+,2010s,Other,3.8066624897703196,4.465908118654584
PC,2010,Strategy,Sega,0.66,81.0,56,7.9,515,Creative Assembly,T,2010s,Other,4.04305126783455,6.246106765481563
WiiU,2013,Platform,Ubisoft,0.66,92.0,35,8.7,465,Ubisoft Montpellier,E10+,2010s,Other,3.58351893845611,6.144185634125646
GC,2003,Simulation,Electronic Arts,0.66,81.0,30,9.0,15,Maxis,T,2000s,Other,3.4339872044851463,2.772588722239781
PC,2013,Shooter,Take-Two Interactive,0.66,94.0,68,8.5,7322,Irrational Games,M,2010s,Other,4.23410650459726,8.89877535906107
PSP,2007,Action,THQ,0.66,64.0,7,7.1,7,Locomotive Games,E,2000s,Other,2.0794415416798357,2.0794415416798357
PS3,2012,Action,Warner Bros. Interactive Entertainment,0.66,67.0,37,7.1,199,Grasshopper Manufacture,M,2010s,Other,3.6375861597263857,5.298317366548036
PS3,2008,Strategy,Ubisoft,0.66,76.0,33,6.6,42,Ubisoft Shanghai,T,2000s,Other,3.5263605246161616,3.7612001156935624
GBA,2002,Action,TDK Mediactive,0.66,71.0,7,7.4,5,TOSE,E,2000s,Other,2.0794415416798357,1.791759469228055
PS2,2004,Role-Playing,Konami Digital Entertainment,0.66,63.0,44,7.3,47,KCET,T,2000s,Other,3.8066624897703196,3.8712010109078907
PSP,2010,Action,Namco Bandai Games,0.66,71.0,30,7.9,35,"Shift, Bandai Namco Games",T,2010s,Other,3.4339872044851463,3.58351893845611
PS3,2010,Action,Ubisoft Annecy,0.66,60.0,30,6.9,29,"Koei, Omega Force",M,2010s,Other,3.4339872044851463,3.4011973816621555
GBA,2004,Platform,Disney Interactive Studios,0.66,77.0,8,7.5,27,Artificial Mind and Movement,E,2000s,Other,2.1972245773362196,3.332204510175204
PS3,2013,Action,Namco Bandai Games,0.66,71.0,35,7.8,61,Omega Force,T,2010s,Other,3.58351893845611,4.127134385045092
XB,2005,Shooter,Ubisoft,0.66,88.0,64,8.0,69,Gearbox Software,M,2000s,Other,4.174387269895637,4.248495242049359
XOne,2015,Action,Warner Bros. Interactive Entertainment,0.65,70.0,17,6.7,44,TT Games,E10+,2010s,Other,2.8903717578961645,3.8066624897703196
PS2,2008,Action,Activision,0.65,73.0,6,8.6,5,Xpec,E10+,2000s,Other,1.9459101490553132,1.791759469228055
PSV,2014,Role-Playing,Sony Computer Entertainment,0.65,73.0,39,8.3,265,"Dimps Corporation, SCE Japan Studio",T,2010s,Other,3.6888794541139363,5.583496308781699
PS3,2008,Sports,Ubisoft,0.65,63.0,30,6.3,26,Ubisoft Montreal,T,2000s,Other,3.4339872044851463,3.295836866004329
PS2,2005,Role-Playing,Square Enix,0.65,74.0,36,9.0,54,Tri-Ace,T,2000s,Other,3.6109179126442243,4.007333185232471
GC,2003,Racing,Nintendo,0.65,89.0,50,8.5,161,Amusement Vision,T,2000s,Other,3.9318256327243257,5.087596335232384
PS2,2005,Platform,Disney Interactive Studios,0.65,60.0,20,8.9,7,Avalanche Software,E10+,2000s,Other,3.044522437723423,2.0794415416798357
X360,2008,Misc,Microsoft Game Studios,0.65,76.0,32,7.4,25,"Krome Studios, Screenlife Games",T,2000s,Other,3.4965075614664802,3.258096538021482
GBA,2004,Platform,Nintendo,0.65,60.0,23,6.6,5,Artoon,E,2000s,Other,3.1780538303479458,1.791759469228055
PS2,2002,Racing,Ubisoft,0.65,47.0,11,6.0,6,Ubisoft,T,2000s,Other,2.4849066497880004,1.9459101490553132
PS3,2008,Sports,Electronic Arts,0.65,82.0,34,7.2,9,EA Tiburon,E,2000s,Other,3.5553480614894135,2.302585092994046
PSV,2012,Fighting,Warner Bros. Interactive Entertainment,0.65,85.0,51,7.8,192,NetherRealm Studios,M,2010s,Other,3.9512437185814275,5.262690188904886
X360,2008,Sports,Electronic Arts,0.65,84.0,41,7.8,29,EA Tiburon,E,2000s,Other,3.7376696182833684,3.4011973816621555
GBA,2003,Strategy,Nintendo,0.65,89.0,34,9.4,97,Intelligent Systems,E,2000s,Other,3.5553480614894135,4.584967478670572
DS,2007,Platform,Nintendo,0.65,60.0,35,7.4,19,Suzak,E10+,2000s,Other,3.58351893845611,2.995732273553991
Wii,2011,Role-Playing,Nintendo,0.65,80.0,61,8.4,179,"Mistwalker, Artoon",T,2010s,Other,4.127134385045092,5.19295685089021
PS2,2003,Role-Playing,Square Enix,0.65,63.0,55,9.1,88,Cavia Inc.,M,2000s,Other,4.02535169073515,4.48863636973214
PS2,2005,Role-Playing,Sony Online Entertainment,0.65,77.0,48,8.8,43,Snowblind Studios,T,2000s,Other,3.8918202981106265,3.784189633918261
PS2,2005,Action,Electronic Arts,0.65,68.0,29,6.7,48,Electronic Arts,E10+,2000s,Other,3.4011973816621555,3.8918202981106265
PSP,2007,Racing,THQ,0.65,59.0,12,7.5,27,Rainbow Studios,E,2000s,Other,2.5649493574615367,3.332204510175204
X360,2009,Sports,Electronic Arts,0.65,80.0,51,6.9,20,EA Tiburon,E,2000s,Other,3.9512437185814275,3.044522437723423
Wii,2008,Action,Activision,0.65,54.0,11,7.5,26,Treyarch,T,2000s,Other,2.4849066497880004,3.295836866004329
PSP,2008,Platform,THQ,0.65,64.0,8,7.5,27,Heavy Iron Studios,E,2000s,Other,2.1972245773362196,3.332204510175204
PC,2016,Simulation,Focus Home Interactive,0.65,64.0,5,8.0,20,Giants Software,E,2010s,Other,1.791759469228055,3.044522437723423
PSV,2014,Shooter,Take-Two Interactive,0.64,64.0,31,7.6,358,Iron Galaxy Studios,M,2010s,Other,3.4657359027997265,5.883322388488279
GBA,2004,Platform,Vivendi Games,0.64,67.0,23,6.6,12,Vicarious Visions,E,2000s,Other,3.1780538303479458,2.5649493574615367
PC,2013,Action,Ubisoft,0.64,84.0,10,7.7,1470,Ubisoft,M,2010s,Other,2.3978952727983707,7.293697720601438
Wii,2008,Racing,Electronic Arts,0.64,54.0,12,6.2,29,Exient Entertainment,T,2000s,Other,2.5649493574615367,3.4011973816621555
PS2,2004,Platform,Vivendi Games,0.64,60.0,16,8.0,44,Eurocom Entertainment Software,E,2000s,Other,2.833213344056216,3.8066624897703196
PS2,2004,Platform,Vivendi Games,0.64,64.0,38,8.0,129,Traveller's Tales,E,2000s,Other,3.6635616461296463,4.867534450455582
WiiU,2014,Action,Warner Bros. Interactive Entertainment,0.64,68.0,5,7.7,25,TT Games,E10+,2010s,Other,1.791759469228055,3.258096538021482
XB,2003,Shooter,Take-Two Interactive,0.64,84.0,34,8.4,49,Remedy Entertainment,M,2000s,Other,3.5553480614894135,3.912023005428146
DS,2009,Puzzle,THQ,0.64,72.0,21,7.7,22,5TH Cell,E,2000s,Other,3.091042453358316,3.1354942159291497
PS2,2004,Shooter,Electronic Arts,0.64,60.0,38,7.0,32,EA LA,T,2000s,Other,3.6635616461296463,3.4965075614664802
X360,2014,Sports,Take-Two Interactive,0.64,50.0,5,4.0,65,Yuke's,T,2010s,Other,1.791759469228055,4.189654742026425
PSP,2007,Role-Playing,Square Enix,0.64,74.0,32,7.4,28,TOSE,T,2000s,Other,3.4965075614664802,3.367295829986474
XB,2004,Shooter,Electronic Arts,0.64,83.0,51,7.4,27,EA Redwood Shores,T,2000s,Other,3.9512437185814275,3.332204510175204
PS2,2003,Platform,Activision,0.64,58.0,24,7.2,13,GenePool,T,2000s,Other,3.2188758248682006,2.639057329615259
XB,2005,Sports,Electronic Arts,0.64,79.0,30,6.4,15,EA Canada,E,2000s,Other,3.4339872044851463,2.772588722239781
3DS,2011,Platform,Ubisoft,0.64,61.0,39,6.6,48,Ubisoft Casablanca,E,2010s,Other,3.6888794541139363,3.8918202981106265
PC,2013,Sports,Sega,0.64,85.0,41,5.5,275,Sports Interactive,E,2010s,Other,3.7376696182833684,5.62040086571715
XB,2002,Shooter,Eidos Interactive,0.64,88.0,20,7.7,34,Free Radical Design,T,2000s,Other,3.044522437723423,3.5553480614894135
PS2,2006,Action,Capcom,0.64,81.0,45,8.9,62,Capcom,M,2000s,Other,3.828641396489095,4.143134726391533
PS3,2010,Action,Capcom,0.64,61.0,37,7.9,29,Capcom,T,2010s,Other,3.6375861597263857,3.4011973816621555
X360,2007,Racing,THQ,0.64,75.0,38,7.3,31,Paradigm Entertainment,T,2000s,Other,3.6635616461296463,3.4657359027997265
Wii,2009,Action,Rondomedia,0.64,67.0,18,8.2,10,Epicenter Studios,E10+,2000s,Other,2.9444389791664403,2.3978952727983707
PS4,2016,Action,Bethesda Softworks,0.64,88.0,56,7.7,569,Arkane Studios,M,2010s,Other,4.04305126783455,6.345636360828596
GBA,2002,Misc,Konami Digital Entertainment,0.64,78.0,10,7.5,27,KCEA,E,2000s,Other,2.3978952727983707,3.332204510175204
XOne,2014,Racing,Ubisoft,0.64,64.0,18,5.9,176,"Ubisoft Reflections, Ivory Tower",T,2010s,Other,2.9444389791664403,5.176149732573829
X360,2010,Fighting,Namco Bandai Games,0.64,57.0,33,7.4,30,Spike,T,2010s,Other,3.5263605246161616,3.4339872044851463
PS3,2012,Sports,Electronic Arts,0.64,84.0,22,6.8,60,Electronic Arts,E10+,2010s,Other,3.1354942159291497,4.110873864173311
PS3,2012,Fighting,Tecmo Koei,0.64,74.0,34,7.7,109,Team Ninja,M,2010s,Other,3.5553480614894135,4.700480365792417
XOne,2015,Shooter,Take-Two Interactive,0.64,74.0,31,5.1,336,Turtle Rock Studios,M,2010s,Other,3.4657359027997265,5.820082930352362
PS2,2004,Platform,Activision,0.64,63.0,25,5.7,12,Adrenium,E,2000s,Other,3.258096538021482,2.5649493574615367
PS3,2008,Shooter,Capcom,0.64,67.0,34,7.0,36,Capcom,T,2000s,Other,3.5553480614894135,3.6109179126442243
PS2,2005,Role-Playing,Activision,0.63,82.0,44,7.3,41,Raven Software,T,2000s,Other,3.8066624897703196,3.7376696182833684
PS2,2009,Misc,Sony Computer Entertainment,0.63,73.0,9,7.5,27,SCEE London Studio,T,2000s,Other,2.302585092994046,3.332204510175204
X360,2006,Action,LucasArts,0.63,81.0,50,8.0,45,Traveller's Tales,E10+,2000s,Other,3.9318256327243257,3.828641396489095
Wii,2010,Misc,MTV Games,0.63,91.0,10,6.9,36,Backbone Entertainment,T,2010s,Other,2.3978952727983707,3.6109179126442243
PC,2011,Action,Electronic Arts,0.63,82.0,45,4.5,4533,BioWare,M,2010s,Other,3.828641396489095,8.419359831067474
XB,2001,Sports,Activision,0.63,78.0,24,8.8,5,Treyarch,T,2000s,Other,3.2188758248682006,1.791759469228055
PS3,2007,Sports,Electronic Arts,0.63,73.0,28,6.8,10,EA Canada,E,2000s,Other,3.367295829986474,2.3978952727983707
XB,2002,Sports,Electronic Arts,0.63,88.0,11,7.7,11,EA Canada,E,2000s,FIFA,2.4849066497880004,2.4849066497880004
X360,2009,Action,Electronic Arts,0.63,55.0,58,7.0,110,Pandemic Studios,T,2000s,Other,4.07753744390572,4.709530201312334
PC,2014,Shooter,Ubisoft,0.63,80.0,17,6.7,1064,Ubisoft Montreal,M,2010s,Other,2.8903717578961645,6.970730078143525
PS2,2005,Racing,Electronic Arts,0.63,78.0,18,7.7,18,EA Sports,E,2000s,Other,2.9444389791664403,2.9444389791664403
PSP,2008,Action,Sega,0.63,44.0,7,6.5,16,Artificial Mind and Movement,T,2000s,Other,2.0794415416798357,2.833213344056216
PS3,2010,Role-Playing,Sony Computer Entertainment,0.63,60.0,45,7.1,64,Level 5,T,2010s,Other,3.828641396489095,4.174387269895637
X360,2007,Racing,THQ,0.63,68.0,24,7.6,21,Juice Games,T,2000s,Other,3.2188758248682006,3.091042453358316
PS3,2009,Shooter,Activision,0.63,71.0,58,7.4,77,"id Software, Raven Software",M,2000s,Other,4.07753744390572,4.356708826689592
X360,2013,Shooter,Activision,0.63,32.0,30,4.0,410,Terminal Reality,M,2010s,Other,3.4339872044851463,6.018593214496234
PC,2011,Simulation,Electronic Arts,0.63,70.0,22,3.6,81,The Sims Studio,T,2010s,Other,3.1354942159291497,4.406719247264253
PS2,2002,Platform,Sony Computer Entertainment,0.63,82.0,31,8.4,32,SCE Japan Studio,E,2000s,Other,3.4657359027997265,3.4965075614664802
PS3,2007,Racing,Sega,0.63,75.0,40,7.0,20,SEGA Racing Studio,E,2000s,Other,3.713572066704308,3.044522437723423
PS2,2007,Role-Playing,Tecmo Koei,0.63,89.0,25,8.3,296,Atlus Co.,M,2000s,Other,3.258096538021482,5.6937321388027
PS2,2001,Sports,Electronic Arts,0.63,82.0,17,5.8,28,EA Sports,E,2000s,FIFA,2.8903717578961645,3.367295829986474
3DS,2012,Action,Activision,0.63,62.0,7,4.6,20,Exient Entertainment,E,2010s,Other,2.0794415416798357,3.044522437723423
X360,2008,Action,Sega,0.63,80.0,76,8.4,178,Monolith Productions,M,2000s,Other,4.343805421853684,5.187385805840755
PS2,2006,Action,Capcom,0.63,93.0,69,9.3,327,Clover Studio,T,2000s,Other,4.248495242049359,5.793013608384144
PSP,2009,Role-Playing,Ghostlight,0.63,89.0,40,8.3,317,Atlus,M,2000s,Other,3.713572066704308,5.762051382780177
PS,2000,Sports,Electronic Arts,0.63,88.0,10,7.7,7,Page 44 Studios,E,2000s,Other,2.3978952727983707,2.0794415416798357
PC,2013,Shooter,Electronic Arts,0.63,76.0,47,6.5,1223,Crytek,M,2010s,Other,3.8712010109078907,7.1098794630722715
PS,2000,Platform,Activision,0.63,54.0,10,5.3,4,Traveller's Tales,E,2000s,Other,2.3978952727983707,1.6094379124341003
PS4,2015,Sports,Electronic Arts,0.63,78.0,28,5.5,157,"EA Sports, EA Canada",E10+,2010s,Other,3.367295829986474,5.062595033026967
GC,2002,Misc,Namco Bandai Games,0.63,62.0,10,7.5,27,Mass Media,E,2000s,Other,2.3978952727983707,3.332204510175204
PS3,2006,Sports,Activision,0.63,76.0,43,7.2,14,Neversoft Entertainment,T,2000s,Other,3.784189633918261,2.70805020110221
X360,2009,Action,Atari,0.63,79.0,53,8.5,125,Terminal Reality,T,2000s,Other,3.9889840465642745,4.836281906951478
X360,2012,Strategy,Take-Two Interactive,0.62,90.0,35,8.3,366,Firaxis Games,M,2010s,Other,3.58351893845611,5.905361848054571
XB,2005,Sports,Activision,0.62,77.0,40,7.7,15,Neversoft Entertainment,T,2000s,Other,3.713572066704308,2.772588722239781
PS2,2002,Role-Playing,Ubisoft,0.62,78.0,30,8.4,38,"Media Vision, Contrail",T,2000s,Other,3.4339872044851463,3.6635616461296463
GC,2006,Sports,Electronic Arts,0.62,82.0,14,9.2,5,EA Tiburon,E,2000s,Madden,2.70805020110221,1.791759469228055
XB,2003,Sports,Electronic Arts,0.62,89.0,18,8.2,14,EA Sports,E,2000s,Other,2.9444389791664403,2.70805020110221
PS2,2004,Platform,THQ,0.62,71.0,31,8.0,10,Avalanche Software,E,2000s,Other,3.4657359027997265,2.3978952727983707
PS3,2011,Misc,Ubisoft,0.62,75.0,5,6.0,7,Ubisoft,E10+,2010s,Other,1.791759469228055,2.0794415416798357
3DS,2011,Action,Disney Interactive Studios,0.62,71.0,16,7.3,20,Traveller's Tales,E10+,2010s,Other,2.833213344056216,3.044522437723423
Wii,2007,Racing,Nintendo,0.62,46.0,34,6.8,26,Paon Corporation,E,2000s,Other,3.5553480614894135,3.295836866004329
GC,2003,Action,Capcom,0.62,93.0,52,8.3,115,Clover Studio,T,2000s,Other,3.970291913552122,4.7535901911063645
GBA,2004,Simulation,Electronic Arts,0.62,72.0,6,9.2,25,Griptonite Games,E,2000s,Other,1.9459101490553132,3.258096538021482
PS3,2009,Misc,Activision,0.62,86.0,44,8.0,48,Neversoft Entertainment,T,2000s,Other,3.8066624897703196,3.8918202981106265
PS2,2004,Sports,Play It,0.62,48.0,14,6.8,4,Lab Rats Games,E,2000s,Other,2.70805020110221,1.6094379124341003
Wii,2010,Shooter,Ubisoft,0.62,80.0,73,8.6,178,Ubisoft Paris,T,2010s,Other,4.304065093204169,5.187385805840755
PS2,2004,Racing,Eidos Interactive,0.62,68.0,23,8.6,8,Acclaim Studios Cheltenham,T,2000s,Other,3.1780538303479458,2.1972245773362196
XOne,2016,Action,Take-Two Interactive,0.62,67.0,20,4.6,274,Hangar 13,M,2010s,Other,3.044522437723423,5.616771097666572
X360,2010,Action,Ubisoft,0.62,74.0,69,7.8,112,Ubisoft Montreal,T,2010s,Other,4.248495242049359,4.727387818712341
PS3,2011,Action,Ubisoft Annecy,0.62,70.0,17,7.9,35,Omega Force,T,2010s,Other,2.8903717578961645,3.58351893845611
Wii,2010,Misc,Activision,0.62,88.0,20,7.5,17,FreeStyleGames,T,2010s,Other,3.044522437723423,2.8903717578961645
X360,2011,Sports,Electronic Arts,0.62,80.0,50,6.1,25,Electronic Arts,E,2010s,Other,3.9318256327243257,3.258096538021482
X360,2008,Platform,THQ,0.62,50.0,32,6.3,6,Heavy Iron Studios,E,2000s,Other,3.4965075614664802,1.9459101490553132
DS,2009,Action,Electronic Arts,0.61,48.0,9,4.3,7,EA Bright Light,E,2000s,Other,2.302585092994046,2.0794415416798357
PS3,2010,Role-Playing,Square Enix,0.61,68.0,58,8.4,263,Cavia Inc.,M,2010s,Other,4.07753744390572,5.575949103146316
PS3,2014,Sports,Electronic Arts,0.61,73.0,33,4.3,87,EA Canada,E,2010s,FIFA,3.5263605246161616,4.477336814478207
PS3,2008,Sports,Take-Two Interactive,0.61,82.0,30,7.0,37,Visual Concepts,E,2000s,Other,3.4339872044851463,3.6375861597263857
XB,2002,Sports,Microsoft Game Studios,0.61,72.0,25,8.6,12,Microsoft Game Studios,E,2000s,Other,3.258096538021482,2.5649493574615367
PS2,2006,Action,Tecmo Koei,0.61,58.0,26,8.8,13,Omega Force,T,2000s,Other,3.295836866004329,2.639057329615259
PS3,2009,Shooter,Bethesda Softworks,0.61,70.0,61,6.4,55,Artificial Mind and Movement,M,2000s,Other,4.127134385045092,4.02535169073515
3DS,2011,Simulation,505 Games,0.61,56.0,6,6.0,7,Cooking Mama Limited,E,2010s,Other,1.9459101490553132,2.0794415416798357
3DS,2012,Action,Warner Bros. Interactive Entertainment,0.61,73.0,13,7.4,21,5TH Cell,E10+,2010s,Other,2.639057329615259,3.091042453358316
DS,2008,Role-Playing,Nintendo,0.61,81.0,42,7.0,106,Intelligent Systems,E10+,2000s,Other,3.7612001156935624,4.672828834461906
PS4,2014,Shooter,Electronic Arts,0.61,75.0,23,7.6,259,PopCap,E10+,2010s,Other,3.1780538303479458,5.560681631015528
Wii,2009,Shooter,Nintendo,0.61,91.0,48,9.3,316,Retro Studios,T,2000s,Other,3.8918202981106265,5.75890177387728
PS2,2002,Shooter,TDK Mediactive,0.61,72.0,20,8.5,8,Vicious Cycle,T,2000s,Other,3.044522437723423,2.1972245773362196
PS3,2011,Action,Disney Interactive Studios,0.61,70.0,29,6.9,13,Eurocom Entertainment Software,E10+,2010s,Other,3.4011973816621555,2.639057329615259
PSP,2009,Platform,Sony Computer Entertainment,0.61,71.0,47,6.3,28,High Impact Games,E10+,2000s,Other,3.8712010109078907,3.367295829986474
GBA,2004,Misc,Majesco Entertainment,0.61,49.0,7,6.8,6,Skyworks Technologies,E,2000s,Other,2.0794415416798357,1.9459101490553132
PS2,2003,Shooter,Namco Bandai Games,0.61,81.0,29,8.1,12,Namco,T,2000s,Other,3.4011973816621555,2.5649493574615367
PS3,2010,Shooter,Sega,0.61,84.0,61,8.1,304,PlatinumGames,M,2010s,Other,4.127134385045092,5.720311776607412
PSV,2013,Adventure,Sony Computer Entertainment Europe,0.61,87.0,82,8.9,391,Media Molecule,E,2010s,Other,4.418840607796598,5.971261839790462
XB,2005,Shooter,Electronic Arts,0.61,90.0,35,8.6,115,Valve Software,M,2000s,Other,3.58351893845611,4.7535901911063645
X360,2009,Sports,Activision,0.61,46.0,43,3.0,67,Robomodo,E10+,2000s,Other,3.784189633918261,4.219507705176107
PS3,2014,Shooter,Take-Two Interactive,0.61,77.0,24,6.3,130,2K Australia,M,2010s,Other,3.2188758248682006,4.875197323201151
X360,2008,Sports,Bethesda Softworks,0.61,70.0,28,5.9,34,Kush Games,E,2000s,Other,3.367295829986474,3.5553480614894135
PS3,2009,Role-Playing,Deep Silver,0.61,70.0,45,7.1,51,"Ascaron Entertainment GmbH, Ascaron Entertainment",M,2000s,Other,3.828641396489095,3.9512437185814275
X360,2010,Sports,Konami Digital Entertainment,0.61,79.0,43,5.9,33,Konami,E,2010s,Other,3.784189633918261,3.5263605246161616
X360,2009,Sports,Spike,0.61,64.0,29,5.3,26,2K Sports,E,2000s,Other,3.4011973816621555,3.295836866004329
GBA,2005,Role-Playing,Nintendo,0.61,85.0,30,7.3,70,TOSE,E10+,2000s,Final Fantasy,3.4339872044851463,4.2626798770413155
PS3,2011,Fighting,Namco Bandai Games,0.61,58.0,26,5.4,77,Spike,T,2010s,Other,3.295836866004329,4.356708826689592
GBA,2002,Sports,Electronic Arts,0.61,76.0,5,7.5,27,BudCat,E,2000s,Madden,1.791759469228055,3.332204510175204
GBA,2005,Action,Electronic Arts,0.61,71.0,9,6.0,8,Magic Pockets,E,2000s,Other,2.302585092994046,2.1972245773362196
GBA,2004,Action,Atari,0.61,62.0,19,8.9,39,Webfoot Technologies,E,2000s,Other,2.995732273553991,3.6888794541139363
GC,2001,Sports,Electronic Arts,0.61,89.0,12,7.5,27,EA Sports,E,2000s,Madden,2.5649493574615367,3.332204510175204
GBA,2001,Action,Activision,0.61,84.0,8,8.7,11,Vicarious Visions,E,2000s,Other,2.1972245773362196,2.4849066497880004
DS,2009,Racing,Electronic Arts,0.61,67.0,11,7.3,4,EA Games,E,2000s,Other,2.4849066497880004,1.6094379124341003
PS2,2003,Fighting,Atari,0.61,75.0,34,7.7,35,CyberConnect2,T,2000s,Other,3.5553480614894135,3.58351893845611
Wii,2010,Misc,Namco Bandai Games,0.61,59.0,14,5.9,8,TOSE,E10+,2010s,Other,2.70805020110221,2.1972245773362196
GBA,2003,Sports,Activision,0.6,86.0,9,7.7,9,Vicarious Visions,E,2000s,Other,2.302585092994046,2.302585092994046
PS2,2005,Platform,Sega,0.6,45.0,28,6.0,137,Sonic Team,E10+,2000s,Other,3.367295829986474,4.927253685157205
GC,2001,Racing,Nintendo,0.6,80.0,21,8.3,29,Nintendo,E,2000s,Other,3.091042453358316,3.4011973816621555
PS3,2013,Shooter,Sega,0.6,43.0,25,3.6,295,Gearbox Software,M,2010s,Other,3.258096538021482,5.69035945432406
PS2,2003,Fighting,Eidos Interactive,0.6,51.0,24,7.8,29,Paradox Development,M,2000s,Other,3.2188758248682006,3.4011973816621555
PS3,2011,Shooter,Sega,0.6,64.0,55,7.4,69,Ryu ga Gotoku Studios,M,2010s,Other,4.02535169073515,4.248495242049359
XB,2005,Fighting,Electronic Arts,0.6,88.0,48,8.8,27,EA Sports,T,2000s,Other,3.8918202981106265,3.332204510175204
PS3,2013,Action,Deep Silver,0.6,62.0,25,5.9,140,Techland,M,2010s,Other,3.258096538021482,4.948759890378168
XOne,2014,Sports,Microsoft Game Studios,0.6,60.0,53,5.1,144,Microsoft Game Studios,E10+,2010s,Other,3.9889840465642745,4.976733742420574
PS2,2007,Sports,Take-Two Interactive,0.6,72.0,7,6.0,9,Visual Concepts,E,2000s,Other,2.0794415416798357,2.302585092994046
PS3,2013,Action,Tecmo Koei,0.6,68.0,26,8.5,75,Omega Force,T,2010s,Other,3.295836866004329,4.330733340286331
WiiU,2013,Action,Disney Interactive Studios,0.6,71.0,10,7.6,58,Avalanche Software,E10+,2010s,Other,2.3978952727983707,4.07753744390572
PS2,2009,Platform,Sony Computer Entertainment,0.6,61.0,9,6.7,14,Sanzaru Games,E10+,2000s,Other,2.302585092994046,2.70805020110221
X360,2009,Shooter,Ubisoft,0.6,77.0,77,7.6,94,Techland,M,2000s,Other,4.356708826689592,4.553876891600541
X360,2010,Fighting,Ubisoft,0.6,32.0,38,4.6,23,Ubisoft,T,2010s,Other,3.6635616461296463,3.1780538303479458
PS2,2001,Racing,Ubisoft,0.6,63.0,10,8.6,8,Ubisoft,E,2000s,Other,2.3978952727983707,2.1972245773362196
PS2,2006,Action,THQ,0.6,52.0,29,7.5,39,Appaloosa Interactive,M,2000s,Other,3.4011973816621555,3.6888794541139363
PS2,2001,Shooter,Vivendi Games,0.6,87.0,24,8.6,94,Gearbox Software,M,2000s,Other,3.2188758248682006,4.553876891600541
PS2,2001,Racing,Infogrames,0.6,81.0,14,7.5,27,Monster Games Inc.,E,2000s,Other,2.70805020110221,3.332204510175204
X360,2010,Racing,Disney Interactive Studios,0.6,82.0,78,8.1,101,Black Rock Studio,E10+,2010s,Other,4.3694478524670215,4.624972813284271
DS,2007,Action,Sega,0.6,43.0,7,4.9,8,Artificial Mind and Movement,E10+,2000s,Other,2.0794415416798357,2.1972245773362196
Wii,2009,Role-Playing,Rising Star Games,0.6,81.0,58,8.7,101,Vanillaware,T,2000s,Other,4.07753744390572,4.624972813284271
Wii,2008,Action,Capcom,0.6,90.0,44,8.9,236,Ready at Dawn,T,2000s,Other,3.8066624897703196,5.4680601411351315
PS4,2014,Action,Warner Bros. Interactive Entertainment,0.6,72.0,47,6.6,88,TT Games,E10+,2010s,Other,3.8712010109078907,4.48863636973214
PS4,2016,Sports,Take-Two Interactive,0.6,69.0,50,6.9,88,Yuke's,T,2010s,Other,3.9318256327243257,4.48863636973214
WiiU,2013,Misc,Ubisoft,0.6,72.0,13,7.6,45,Ubisoft,E10+,2010s,Other,2.639057329615259,3.828641396489095
PS4,2014,Sports,Electronic Arts,0.6,60.0,28,3.6,306,EA Sports,E10+,2010s,Other,3.367295829986474,5.726847747587197
PC,2011,Strategy,Sega,0.6,90.0,62,8.3,1180,Creative Assembly,T,2010s,Other,4.143134726391533,7.074116816197362
PS2,2007,Sports,Spike,0.6,71.0,5,7.5,27,Kush Games,E,2000s,Other,1.791759469228055,3.332204510175204
DS,2007,Simulation,Electronic Arts,0.6,69.0,27,6.3,18,Aki Corp.,E,2000s,Other,3.332204510175204,2.9444389791664403
PS2,2004,Racing,THQ,0.59,62.0,8,8.1,8,Climax Group,E,2000s,Other,2.1972245773362196,2.1972245773362196
X360,2008,Misc,Electronic Arts,0.59,56.0,9,5.8,17,EA Bright Light,E,2000s,Other,2.302585092994046,2.8903717578961645
PS3,2009,Sports,Activision,0.59,44.0,29,2.1,31,Robomodo,E10+,2000s,Other,3.4011973816621555,3.4657359027997265
GC,2002,Shooter,Electronic Arts,0.59,80.0,16,7.9,16,Dreamworks Games,T,2000s,Other,2.833213344056216,2.833213344056216
PC,2008,Action,Electronic Arts,0.59,86.0,28,8.0,1093,EA Redwood Shores,M,2000s,Other,3.367295829986474,6.9975959829819265
PS,2000,Sports,Midway Games,0.59,70.0,6,7.5,27,Midway,E,2000s,Other,1.9459101490553132,3.332204510175204
PS3,2010,Sports,Electronic Arts,0.59,88.0,38,7.1,54,Electronic Arts,E10+,2010s,Other,3.6635616461296463,4.007333185232471
PS3,2012,Action,Sega,0.59,83.0,34,8.5,180,Ryu ga Gotoku Studios,M,2010s,Other,3.5553480614894135,5.198497031265826
PS2,2002,Sports,Electronic Arts,0.59,73.0,19,5.6,18,EA Sports,E,2000s,FIFA,2.995732273553991,2.9444389791664403
XB,2004,Sports,Electronic Arts,0.59,90.0,31,8.5,19,EA Sports,E,2000s,Other,3.4657359027997265,2.995732273553991
GC,2002,Platform,Universal Interactive,0.59,62.0,11,7.3,22,Traveller's Tales,E,2000s,Other,2.4849066497880004,3.1354942159291497
XOne,2015,Sports,Take-Two Interactive,0.59,72.0,18,5.7,75,Yuke's,T,2010s,Other,2.9444389791664403,4.330733340286331
PC,2011,Action,Ubisoft,0.59,88.0,24,8.2,1102,Ubisoft Montreal,M,2010s,Other,3.2188758248682006,7.005789019253503
XB,2003,Sports,Microsoft Game Studios,0.59,73.0,42,7.8,47,Team Ninja,M,2000s,Other,3.7612001156935624,3.8712010109078907
PS2,2010,Action,Konami Digital Entertainment,0.59,77.0,8,6.8,82,Climax Group,M,2010s,Other,2.1972245773362196,4.418840607796598
X360,2010,Racing,Activision,0.59,82.0,78,8.3,169,Bizarre Creations,E10+,2010s,Other,4.3694478524670215,5.135798437050262
DS,2004,Racing,Ubisoft,0.59,60.0,38,7.5,13,Gameloft,E,2000s,Other,3.6635616461296463,2.639057329615259
PS2,2004,Platform,Capcom,0.59,81.0,26,9.0,20,Atomic Planet Entertainment,E,2000s,Other,3.295836866004329,3.044522437723423
PS3,2014,Action,Konami Digital Entertainment,0.59,66.0,5,5.9,242,Kojima Productions,M,2010s,Other,1.791759469228055,5.493061443340548
GBA,2003,Simulation,Ubisoft,0.59,81.0,25,9.6,116,TOSE,E,2000s,Other,3.258096538021482,4.762173934797756
X360,2008,Action,Ubisoft,0.59,80.0,34,7.8,46,Ubisoft Montreal,T,2000s,Other,3.5553480614894135,3.8501476017100584
DS,2009,Misc,Nintendo,0.59,82.0,53,8.7,39,Intelligent Systems,E,2000s,Other,3.9889840465642745,3.6888794541139363
Wii,2008,Action,Sega,0.59,44.0,14,7.0,8,Artificial Mind and Movement,T,2000s,Other,2.70805020110221,2.1972245773362196
PS3,2010,Fighting,Sony Computer Entertainment,0.59,48.0,39,7.5,77,Coldwood Interactive,T,2010s,Other,3.6888794541139363,4.356708826689592
PS2,2003,Action,Capcom,0.58,58.0,30,5.1,38,"Valuewave Co.,Ltd.",E,2000s,Other,3.4339872044851463,3.6635616461296463
PC,2011,Shooter,Square Enix,0.58,90.0,52,8.5,3069,Nixxes Software,M,2010s,Other,3.970291913552122,8.029432840581244
PSP,2007,Role-Playing,Square Enix,0.58,67.0,34,7.7,47,TOSE,E10+,2000s,Final Fantasy,3.5553480614894135,3.8712010109078907
X360,2012,Fighting,Namco Bandai Games,0.58,77.0,56,6.2,124,Project Soul,T,2010s,Other,4.04305126783455,4.8283137373023015
PS2,2005,Role-Playing,Square Enix,0.58,58.0,23,8.0,35,Square Enix,E10+,2000s,Other,3.1780538303479458,3.58351893845611
X360,2008,Action,Ubisoft,0.58,55.0,50,6.4,58,Ubisoft Montreal,T,2000s,Other,3.9318256327243257,4.07753744390572
Wii,2008,Action,Take-Two Interactive,0.58,68.0,18,5.7,29,Pam Development,E,2000s,Other,2.9444389791664403,3.4011973816621555
X360,2010,Misc,Warner Bros. Interactive Entertainment,0.58,33.0,6,3.7,9,Farsight Studios,E,2010s,Other,1.9459101490553132,2.302585092994046
PS2,2004,Role-Playing,Electronic Arts,0.58,73.0,35,8.2,60,EA Games,T,2000s,Other,3.58351893845611,4.110873864173311
DS,2010,Shooter,Activision,0.58,74.0,13,6.0,54,n-Space,T,2010s,Call of Duty,2.639057329615259,4.007333185232471
PS3,2008,Sports,Electronic Arts,0.58,81.0,20,7.3,25,EA Tiburon,E,2000s,Other,3.044522437723423,3.258096538021482
PS3,2011,Sports,Sony Computer Entertainment,0.58,90.0,30,7.8,87,SCEA San Diego Studios,E,2010s,Other,3.4339872044851463,4.477336814478207
X360,2012,Adventure,Microsoft Game Studios,0.58,68.0,31,5.1,15,Asobo Studio,E,2010s,Other,3.4657359027997265,2.772588722239781
WiiU,2013,Platform,Activision,0.58,89.0,7,6.0,96,Vicarious Visions,E10+,2010s,Other,2.0794415416798357,4.574710978503383
PS2,2003,Action,Atari,0.58,38.0,21,6.3,23,Black Ops Entertainment,T,2000s,Other,3.091042453358316,3.1780538303479458
Wii,2009,Misc,Activision,0.58,74.0,17,7.7,6,Beenox,T,2000s,Other,2.8903717578961645,1.9459101490553132
X360,2009,Action,Ubisoft,0.58,73.0,64,7.3,51,Ubisoft Romania,T,2000s,Other,4.174387269895637,3.9512437185814275
PS3,2011,Adventure,Electronic Arts,0.58,70.0,51,7.9,181,Spicy Horse,M,2010s,Other,3.9512437185814275,5.204006687076795
3DS,2013,Role-Playing,Atlus,0.58,83.0,48,8.3,251,Atlus,M,2010s,Other,3.8918202981106265,5.529429087511423
X360,2006,Sports,Take-Two Interactive,0.58,84.0,46,7.8,67,"Kush Games, Visual Concepts",E,2000s,Other,3.8501476017100584,4.219507705176107
PS3,2011,Sports,Electronic Arts,0.58,86.0,33,7.5,52,Electronic Arts,E10+,2010s,Other,3.5263605246161616,3.970291913552122
PS2,2000,Shooter,Infogrames,0.58,77.0,23,6.8,13,Epic Games,M,2000s,Other,3.1780538303479458,2.639057329615259
PS,2000,Role-Playing,Namco Bandai Games,0.58,42.0,5,7.6,47,Bandai,E,2000s,Other,1.791759469228055,3.8712010109078907
XB,2005,Action,Ubisoft,0.58,85.0,46,8.4,28,Ubisoft,M,2000s,Other,3.8501476017100584,3.367295829986474
PS3,2013,Fighting,Namco Bandai Games,0.58,71.0,53,8.3,55,CyberConnect2,T,2010s,Other,3.9889840465642745,4.02535169073515
PS2,2002,Shooter,Konami Digital Entertainment,0.58,78.0,33,6.6,25,KCET,T,2000s,Other,3.5263605246161616,3.258096538021482
DS,2009,Role-Playing,Square Enix,0.58,71.0,49,7.1,38,Matrix Software,E10+,2000s,Final Fantasy,3.912023005428146,3.6635616461296463
PS3,2013,Platform,Ubisoft,0.58,91.0,23,8.7,310,Ubisoft Montpellier,E10+,2010s,Other,3.1780538303479458,5.739792912179234
PSV,2012,Sports,Electronic Arts,0.58,79.0,45,7.2,79,Electronic Arts,E,2010s,FIFA,3.828641396489095,4.382026634673881
PS,2000,Action,Activision,0.58,77.0,14,8.7,32,Acquire,M,2000s,Other,2.70805020110221,3.4965075614664802
GC,2002,Sports,Activision,0.58,91.0,19,8.6,21,Neversoft Entertainment,T,2000s,Other,2.995732273553991,3.091042453358316
PS2,2006,Action,Namco Bandai Games,0.58,52.0,22,6.9,17,Cavia Inc.,T,2000s,Other,3.1354942159291497,2.8903717578961645
PS2,2005,Sports,Electronic Arts,0.58,78.0,27,8.5,29,EA Canada,E10+,2000s,Other,3.332204510175204,3.4011973816621555
PS,1999,Role-Playing,SquareSoft,0.58,79.0,14,9.0,77,SquareSoft,M,1990s,Other,2.70805020110221,4.356708826689592
Wii,2008,Sports,Electronic Arts,0.58,70.0,37,8.4,25,Electronic Arts,E,2000s,Other,3.6375861597263857,3.258096538021482
Wii,2011,Action,Disney Interactive Studios,0.57,76.0,4,8.3,6,High Impact Games,E10+,2010s,Other,1.6094379124341003,1.9459101490553132
XB,2005,Shooter,Ubisoft,0.57,85.0,56,5.7,73,Ubisoft Montreal,M,2000s,Other,4.04305126783455,4.304065093204169
GBA,2002,Sports,Activision,0.57,85.0,13,8.8,4,Vicarious Visions,E,2000s,Other,2.639057329615259,1.6094379124341003
PSP,2005,Racing,SouthPeak Games,0.57,63.0,32,7.8,16,Climax Group,E,2000s,Other,3.4965075614664802,2.833213344056216
PS2,2005,Role-Playing,Namco Bandai Games,0.57,78.0,22,8.4,109,Namco,T,2000s,Other,3.1354942159291497,4.700480365792417
X360,2013,Shooter,505 Games,0.57,75.0,18,6.3,203,Overkill Software,M,2010s,Other,2.9444389791664403,5.318119993844216
X360,2007,Shooter,Midway Games,0.57,62.0,48,6.1,65,Midway Studios - Austin,T,2000s,Other,3.8918202981106265,4.189654742026425
GBA,2004,Action,Vivendi Games,0.57,60.0,25,7.0,12,Vicarious Visions,E,2000s,Other,3.258096538021482,2.5649493574615367
PS3,2012,Strategy,Take-Two Interactive,0.57,89.0,20,8.2,296,Firaxis Games,M,2010s,Other,3.044522437723423,5.6937321388027
3DS,2011,Action,Activision,0.57,82.0,8,4.9,62,Vicarious Visions,E10+,2010s,Other,2.1972245773362196,4.143134726391533
PC,2009,Simulation,Electronic Arts,0.57,81.0,31,8.0,72,The Sims Studio,T,2000s,Other,3.4657359027997265,4.290459441148391
GC,2005,Sports,Electronic Arts,0.57,86.0,21,8.5,11,EA Sports,E,2000s,Madden,3.091042453358316,2.4849066497880004
XOne,2016,Shooter,Electronic Arts,0.57,87.0,31,8.0,261,Respawn Entertainment,M,2010s,Other,3.4657359027997265,5.568344503761097
PS3,2009,Fighting,PQube,0.57,87.0,50,8.4,112,Arc System Works,T,2000s,Other,3.9318256327243257,4.727387818712341
X360,2008,Action,Sega,0.57,45.0,43,5.9,52,Secret Level,T,2000s,Other,3.784189633918261,3.970291913552122
PS2,2004,Fighting,Namco Bandai Games,0.57,73.0,27,7.9,27,CyberConnect2,T,2000s,Other,3.332204510175204,3.332204510175204
PS3,2009,Sports,Electronic Arts,0.57,88.0,35,7.9,40,EA Canada,E10+,2000s,Other,3.58351893845611,3.713572066704308
PS3,2010,Misc,MTV Games,0.57,91.0,34,8.0,95,Harmonix Music Systems,T,2010s,Other,3.5553480614894135,4.564348191467836
XB,2001,Shooter,Microsoft Game Studios,0.57,71.0,30,7.5,13,Stormfront Studios,T,2000s,Other,3.4339872044851463,2.639057329615259
PS2,2005,Action,Tecmo Koei,0.57,57.0,22,9.1,26,Omega Force,T,2000s,Other,3.1354942159291497,3.295836866004329
XOne,2014,Sports,Take-Two Interactive,0.57,56.0,25,5.7,63,Yuke's,T,2010s,Other,3.258096538021482,4.1588830833596715
PS2,2006,Sports,Electronic Arts,0.57,77.0,28,8.1,33,EA Canada,E,2000s,FIFA,3.367295829986474,3.5263605246161616
XB,2002,Racing,Activision,0.57,74.0,36,5.2,13,Bunkasha Publishing,T,2000s,Other,3.6109179126442243,2.639057329615259
X360,2013,Shooter,Trion Worlds,0.57,60.0,27,7.2,249,Trion Worlds,M,2010s,Other,3.332204510175204,5.521460917862246
PS3,2011,Role-Playing,Nippon Ichi Software,0.57,80.0,39,7.8,126,Nippon Ichi Software,T,2010s,Other,3.6888794541139363,4.844187086458591
XB,2003,Platform,THQ,0.57,70.0,8,8.9,17,Heavy Iron Studios,E,2000s,Other,2.1972245773362196,2.8903717578961645
PS3,2012,Shooter,Bethesda Softworks,0.57,67.0,16,6.4,107,id Software,M,2010s,Other,2.833213344056216,4.68213122712422
X360,2007,Platform,Activision,0.57,63.0,61,7.0,53,Treyarch,T,2000s,Other,4.127134385045092,3.9889840465642745
PSP,2011,Action,Konami Digital Entertainment,0.57,74.0,4,6.3,8,Konami,E,2010s,Other,1.6094379124341003,2.1972245773362196
Wii,2009,Shooter,Sega,0.57,69.0,79,8.2,258,High Voltage Software,T,2000s,Other,4.382026634673881,5.556828061699537
Wii,2009,Misc,Electronic Arts,0.57,67.0,11,7.5,27,EA Bright Light,E,2000s,Other,2.4849066497880004,3.332204510175204
WiiU,2015,Misc,Ubisoft,0.57,73.0,7,6.9,11,Ubisoft,E10+,2010s,Other,2.0794415416798357,2.4849066497880004
X360,2011,Action,Disney Interactive Studios,0.57,66.0,31,5.3,13,Eurocom Entertainment Software,E10+,2010s,Other,3.4657359027997265,2.639057329615259
XB,2002,Racing,Microsoft Game Studios,0.57,87.0,32,8.3,19,Digital Illusions,E,2000s,Other,3.4965075614664802,2.995732273553991
PS2,2004,Action,Capcom,0.57,58.0,35,7.7,70,Capcom,M,2000s,Other,3.58351893845611,4.2626798770413155
PS3,2008,Action,Take-Two Interactive,0.57,75.0,36,7.5,20,Pam Development,E,2000s,Other,3.6109179126442243,3.044522437723423
PS2,2003,Shooter,Ubisoft,0.57,73.0,37,8.6,35,Ubisoft Paris,M,2000s,Other,3.6375861597263857,3.58351893845611
PSP,2007,Action,Eidos Interactive,0.57,78.0,32,8.2,28,Crystal Dynamics,T,2000s,Other,3.4965075614664802,3.367295829986474
3DS,2012,Role-Playing,Xseed Games,0.57,78.0,33,8.1,122,Neverland,E10+,2010s,Other,3.5263605246161616,4.812184355372417
PS3,2009,Role-Playing,SouthPeak Games,0.57,77.0,66,8.0,96,Silicon Studio,E10+,2000s,Other,4.204692619390966,4.574710978503383
Wii,2009,Action,THQ,0.56,62.0,6,8.0,4,Asobo Studio,E10+,2000s,Other,1.9459101490553132,1.6094379124341003
PS,2000,Role-Playing,Capcom,0.56,83.0,10,8.9,45,Capcom,T,2000s,Other,2.3978952727983707,3.828641396489095
GC,2003,Action,Activision,0.56,77.0,29,7.3,29,Exakt,M,2000s,Other,3.4011973816621555,3.4011973816621555
PS2,2007,Role-Playing,Square Enix,0.56,83.0,49,8.6,59,Vanilla Ware,T,2000s,Other,3.912023005428146,4.0943445622221
PC,2014,Shooter,Electronic Arts,0.56,86.0,29,6.2,1727,Respawn Entertainment,M,2010s,Other,3.4011973816621555,7.454719949364001
PS2,2006,Sports,Electronic Arts,0.56,66.0,18,8.6,14,EA Tiburon,E10+,2000s,Other,2.9444389791664403,2.70805020110221
GBA,2003,Action,Electronic Arts,0.56,77.0,13,8.2,11,Griptonite Games,T,2000s,Other,2.639057329615259,2.4849066497880004
PS2,2001,Sports,Midway Games,0.56,78.0,18,7.6,8,Black Box,E,2000s,Other,2.9444389791664403,2.1972245773362196
Wii,2008,Platform,Vivendi Games,0.56,64.0,11,6.5,19,Etranges Libellules,E10+,2000s,Other,2.4849066497880004,2.995732273553991
GBA,2004,Puzzle,Nintendo,0.56,66.0,10,7.5,6,Nintendo,E,2000s,Mario,2.3978952727983707,1.9459101490553132
XB,2003,Simulation,Electronic Arts,0.56,81.0,26,8.9,12,Maxis,T,2000s,Other,3.295836866004329,2.5649493574615367
PS2,2007,Sports,Electronic Arts,0.56,63.0,9,8.6,7,EA Canada,E,2000s,Other,2.302585092994046,2.0794415416798357
PS,2001,Platform,Sony Computer Entertainment,0.56,65.0,10,6.9,8,Artificial Mind and Movement,E,2000s,Other,2.3978952727983707,2.1972245773362196
X360,2011,Shooter,THQ,0.56,76.0,57,7.8,232,Relic,M,2010s,Other,4.060443010546419,5.4510384535657
X360,2008,Action,Take-Two Interactive,0.56,78.0,47,7.6,36,Pam Development,E,2000s,Other,3.8712010109078907,3.6109179126442243
PS2,2004,Sports,Activision,0.56,55.0,4,8.4,16,Sand Grain Studios,T,2000s,Other,1.6094379124341003,2.833213344056216
X360,2009,Misc,Warner Bros. Interactive Entertainment,0.56,71.0,50,7.2,31,TT Fusion,E10+,2000s,Other,3.9318256327243257,3.4657359027997265
PS2,2001,Fighting,Electronic Arts,0.56,81.0,18,7.5,27,Black Ops Entertainment,T,2000s,Other,2.9444389791664403,3.332204510175204
XB,2005,Shooter,Electronic Arts,0.56,80.0,49,8.2,29,Digital Illusions,T,2000s,Other,3.912023005428146,3.4011973816621555
PS3,2009,Action,Ubisoft,0.56,74.0,35,8.1,39,Ubisoft Romania,T,2000s,Other,3.58351893845611,3.6888794541139363
PS2,2001,Sports,Acclaim Entertainment,0.56,77.0,16,7.6,8,Acclaim Studios Austin,E,2000s,Other,2.833213344056216,2.1972245773362196
GC,2005,Racing,Electronic Arts,0.56,80.0,18,9.1,22,EA Canada,T,2000s,Other,2.9444389791664403,3.1354942159291497
Wii,2008,Adventure,Disney Interactive Studios,0.56,50.0,4,5.8,5,Avalanche Software,E10+,2000s,Other,1.6094379124341003,1.791759469228055
XB,2003,Fighting,THQ,0.56,68.0,26,7.3,25,Anchor,T,2000s,Other,3.295836866004329,3.258096538021482
PS2,2007,Action,Take-Two Interactive,0.56,67.0,22,7.8,53,Rockstar London,M,2000s,Other,3.1354942159291497,3.9889840465642745
PS2,2003,Role-Playing,Square Enix,0.56,56.0,35,8.1,38,Racjin,T,2000s,Other,3.58351893845611,3.6635616461296463
PSP,2006,Sports,Activision,0.56,68.0,11,7.6,14,Page 44 Studios,T,2000s,Other,2.4849066497880004,2.70805020110221
PS2,2005,Action,Electronic Arts,0.56,64.0,41,7.3,70,Eurocom Entertainment Software,T,2000s,Other,3.7376696182833684,4.2626798770413155
X360,2007,Sports,Activision,0.56,72.0,59,5.4,44,Neversoft Entertainment,T,2000s,Other,4.0943445622221,3.8066624897703196
PS2,2003,Misc,Vivendi Games,0.56,56.0,6,6.5,8,Magenta Software,E,2000s,Other,1.9459101490553132,2.1972245773362196
GBA,2002,Misc,Universal Interactive,0.56,47.0,5,7.0,4,Digital Illusions,E,2000s,Other,1.791759469228055,1.6094379124341003
X360,2009,Shooter,Activision,0.56,72.0,66,7.5,128,"id Software, Raven Software",M,2000s,Other,4.204692619390966,4.859812404361672
XB,2002,Platform,Microsoft Game Studios,0.56,71.0,36,8.0,41,Artoon,E,2000s,Other,3.6109179126442243,3.7376696182833684
PS2,2003,Sports,Sega,0.56,91.0,20,8.5,25,Visual Concepts,E,2000s,Other,3.044522437723423,3.258096538021482
XB,2005,Sports,Take-Two Interactive,0.56,81.0,25,8.2,17,Kush Games,E,2000s,Other,3.258096538021482,2.8903717578961645
Wii,2010,Puzzle,Nintendo,0.56,72.0,19,5.8,4,"Tetris Online, Inc",E,2010s,Other,2.995732273553991,1.6094379124341003
PSV,2012,Action,Sony Computer Entertainment,0.56,83.0,73,8.5,625,SCE Japan Studio,T,2010s,Other,4.304065093204169,6.439350371100098
XOne,2016,Action,Microsoft Game Studios,0.56,77.0,106,6.8,1659,Remedy Entertainment,M,2010s,Other,4.672828834461906,7.414572881350589
PSP,2005,Puzzle,Ignition Entertainment,0.56,75.0,39,6.6,21,Awesome Studios,E,2000s,Other,3.6888794541139363,3.091042453358316
X360,2007,Action,Ubisoft,0.56,58.0,31,6.3,32,Ubisoft Montreal,E10+,2000s,Other,3.4657359027997265,3.4965075614664802
PS2,2001,Shooter,Codemasters,0.56,59.0,14,6.8,17,Pipe Dream Interactive,M,2000s,Other,2.70805020110221,2.8903717578961645
PSP,2011,Role-Playing,Square Enix,0.56,77.0,41,7.5,80,Bullets,E10+,2010s,Final Fantasy,3.7376696182833684,4.394449154672439
X360,2008,Shooter,THQ,0.56,75.0,55,7.8,77,Kaos Studios,T,2000s,Other,4.02535169073515,4.356708826689592
PS2,2001,Racing,THQ,0.56,76.0,17,8.3,9,Pacific Coast Power & Light,E,2000s,Other,2.8903717578961645,2.302585092994046
XB,2006,Sports,Electronic Arts,0.56,88.0,20,6.9,10,EA Sports,E,2000s,Other,3.044522437723423,2.3978952727983707
PS,1998,Role-Playing,Kadokawa Shoten,0.55,78.0,15,9.1,35,Game Arts,T,1990s,Other,2.772588722239781,3.58351893845611
DS,2010,Simulation,Natsume,0.55,68.0,6,7.5,13,Marvelous Entertainment,E,2010s,Other,1.9459101490553132,2.639057329615259
Wii,2007,Action,Rising Star Games,0.55,83.0,64,8.4,259,Grasshopper Manufacture,M,2000s,Other,4.174387269895637,5.560681631015528
PS3,2011,Action,Sony Computer Entertainment,0.55,84.0,58,8.4,208,Ready at Dawn,M,2010s,Other,4.07753744390572,5.342334251964811
Wii,2008,Platform,Take-Two Interactive,0.55,47.0,4,7.0,5,High Voltage Software,E,2000s,Other,1.6094379124341003,1.791759469228055
PS2,2001,Action,Eidos Interactive,0.55,80.0,22,8.5,35,Crystal Dynamics,M,2000s,Other,3.1354942159291497,3.58351893845611
PS2,2005,Action,Konami Digital Entertainment,0.55,94.0,53,9.3,439,Aspect,M,2000s,Other,3.9889840465642745,6.0867747269123065
PS3,2010,Action,Namco Bandai Games,0.55,80.0,53,7.4,312,Ninja Theory,T,2010s,Other,3.9889840465642745,5.746203190540153
XB,2002,Fighting,THQ,0.55,68.0,33,6.6,15,Anchor,T,2000s,Other,3.5263605246161616,2.772588722239781
XOne,2015,Misc,Activision,0.55,81.0,21,5.1,69,FreeStyleGames,T,2010s,Other,3.091042453358316,4.248495242049359
PS2,2001,Action,Sony Computer Entertainment,0.55,67.0,19,7.8,19,Deep Space,M,2000s,Other,2.995732273553991,2.995732273553991
PS2,2001,Adventure,Ubisoft,0.55,68.0,19,6.7,12,Ubisoft,T,2000s,Other,2.995732273553991,2.5649493574615367
PSV,2011,Sports,Sony Computer Entertainment,0.55,76.0,55,8.1,77,Clap Hanz,E,2010s,Other,4.02535169073515,4.356708826689592
XB,2002,Sports,Activision,0.55,93.0,22,8.4,17,Neversoft Entertainment,T,2000s,Other,3.1354942159291497,2.8903717578961645
GBA,2002,Platform,Capcom,0.55,82.0,17,8.9,31,Inti,E,2000s,Other,2.8903717578961645,3.4657359027997265
PS4,2015,Action,Capcom,0.55,75.0,30,7.7,284,Capcom,M,2010s,Other,3.4339872044851463,5.652489180268651
PS3,2007,Sports,Take-Two Interactive,0.55,81.0,18,6.8,19,Visual Concepts,E,2000s,Other,2.9444389791664403,2.995732273553991
Wii,2011,Platform,Ubisoft,0.55,92.0,13,8.3,127,UBlart Montpellier,E10+,2010s,Other,2.639057329615259,4.852030263919617
PC,2014,Action,Ubisoft,0.55,70.0,10,3.0,1463,"Ubisoft, Ubisoft Montreal",M,2010s,Other,2.3978952727983707,7.288927694521257
X360,2011,Racing,THQ,0.55,63.0,43,7.2,24,THQ Digital Studio Phoenix,E,2010s,Other,3.784189633918261,3.2188758248682006
XB,2004,Platform,Activision,0.55,72.0,31,8.4,5,"Luxoflux, Inc.",E,2000s,Other,3.4657359027997265,1.791759469228055
DS,2007,Simulation,THQ,0.55,67.0,4,6.8,6,Brain Toys,E,2000s,Other,1.6094379124341003,1.9459101490553132
PC,2010,Action,Ubisoft,0.55,86.0,22,6.9,1611,Ubisoft Montreal,M,2010s,Other,3.1354942159291497,7.385230923066573
GBA,2003,Platform,THQ,0.55,79.0,28,9.2,19,Avalanche Software,E,2000s,Other,3.367295829986474,2.995732273553991
X360,2009,Misc,Microsoft Game Studios,0.55,70.0,22,7.6,7,iNiS,T,2000s,Other,3.1354942159291497,2.0794415416798357
XB,2002,Shooter,Acclaim Entertainment,0.55,68.0,25,6.7,9,Acclaim,M,2000s,Other,3.258096538021482,2.302585092994046
PS2,2005,Racing,Sony Computer Entertainment,0.55,76.0,46,7.7,63,Naughty Dog,T,2000s,Other,3.8501476017100584,4.1588830833596715
PS2,2003,Misc,Codemasters,0.55,41.0,14,4.8,12,Hothouse Creations,E,2000s,Other,2.70805020110221,2.5649493574615367
XB,2004,Shooter,Take-Two Interactive,0.55,74.0,61,8.5,26,Rockstar San Diego,M,2000s,Other,4.127134385045092,3.295836866004329
DS,2008,Puzzle,Deep Silver,0.55,67.0,19,6.8,6,Nuevo Retro Games,E,2000s,Other,2.995732273553991,1.9459101490553132
DS,2008,Simulation,THQ,0.55,82.0,34,7.1,15,Rare Ltd.,E,2000s,Other,3.5553480614894135,2.772588722239781
PS3,2013,Platform,Sony Computer Entertainment Europe,0.54,75.0,69,8.3,343,Sanzaru Games,E10+,2010s,Other,4.248495242049359,5.840641657373398
PS2,2008,Action,Sega,0.54,47.0,8,5.6,15,Artificial Mind and Movement,T,2000s,Other,2.1972245773362196,2.772588722239781
PS3,2012,Shooter,Take-Two Interactive,0.54,77.0,27,8.0,350,Yager,M,2010s,Other,3.332204510175204,5.860786223465865
XB,2004,Platform,THQ,0.54,74.0,14,8.5,8,Heavy Iron Studios,E,2000s,Other,2.70805020110221,2.1972245773362196
PS3,2013,Sports,Electronic Arts,0.54,80.0,22,6.0,79,Electronic Arts,E10+,2010s,Other,3.1354942159291497,4.382026634673881
PS3,2013,Racing,Codemasters,0.54,77.0,22,6.3,40,Codemasters Birmingham,E,2010s,Other,3.1354942159291497,3.713572066704308
PS3,2009,Fighting,THQ,0.54,70.0,43,6.5,19,Yuke's,T,2000s,Other,3.784189633918261,2.995732273553991
X360,2007,Sports,Electronic Arts,0.54,80.0,45,7.8,26,EA Salt Lake,E,2000s,Other,3.828641396489095,3.295836866004329
XB,2003,Simulation,Konami Digital Entertainment,0.54,82.0,24,8.8,10,Konami Computer Entertainment Hawaii,E,2000s,Other,3.2188758248682006,2.3978952727983707
PS2,2005,Racing,Vivendi Games,0.54,66.0,21,7.0,49,Radical Entertainment,E10+,2000s,Other,3.091042453358316,3.912023005428146
PS2,2003,Strategy,Square Enix,0.54,75.0,39,8.6,22,Square Enix,T,2000s,Other,3.6888794541139363,3.1354942159291497
PSV,2012,Platform,Ubisoft,0.54,88.0,54,8.4,298,UBlart Montpellier,E10+,2010s,Other,4.007333185232471,5.700443573390686
PS3,2007,Shooter,Vivendi Games,0.54,72.0,31,7.4,64,Day 1 Studios,M,2000s,Other,3.4657359027997265,4.174387269895637
X360,2010,Action,Namco Bandai Games,0.54,82.0,72,7.8,295,Ninja Theory,T,2010s,Other,4.290459441148391,5.69035945432406
PSP,2006,Fighting,Atari,0.54,70.0,21,8.1,19,Dimps Corporation,T,2000s,Other,3.091042453358316,2.995732273553991
PS3,2012,Sports,Electronic Arts,0.54,75.0,14,5.7,9,Electronic Arts,E,2010s,Other,2.70805020110221,2.302585092994046
PS3,2010,Action,Tecmo Koei,0.54,58.0,18,7.5,20,"Omega Force, Koei Tecmo Games",T,2010s,Other,2.9444389791664403,3.044522437723423
Wii,2010,Sports,Electronic Arts,0.54,84.0,29,8.3,23,EA Sports,E,2010s,Other,3.4011973816621555,3.1780538303479458
PS3,2009,Sports,Electronic Arts,0.54,81.0,32,7.5,25,EA Canada,E,2000s,Other,3.4965075614664802,3.258096538021482
X360,2010,Shooter,THQ,0.54,77.0,83,7.9,351,4A Games,M,2010s,Other,4.430816798843313,5.863631175598097
GC,2005,Action,Nintendo,0.54,85.0,42,8.9,141,Intelligent Systems,T,2000s,Other,3.7612001156935624,4.955827057601261
DS,2007,Adventure,Nintendo,0.54,78.0,57,8.6,102,Cing,T,2000s,Other,4.060443010546419,4.634728988229636
3DS,2014,Role-Playing,Square Enix,0.54,69.0,57,7.0,87,Racjin,E10+,2010s,Final Fantasy,4.060443010546419,4.477336814478207
GC,2001,Sports,Electronic Arts,0.54,87.0,20,8.6,18,EA Sports Big,E,2000s,Other,3.044522437723423,2.9444389791664403
XB,2004,Shooter,Activision,0.54,74.0,11,9.2,42,WXP,T,2000s,Other,2.4849066497880004,3.7612001156935624
PS2,2003,Sports,Sega,0.54,89.0,18,8.4,38,Visual Concepts,E,2000s,Other,2.9444389791664403,3.6635616461296463
X360,2011,Fighting,Namco Bandai Games,0.54,55.0,24,5.8,52,Spike,T,2010s,Other,3.2188758248682006,3.970291913552122
X360,2009,Role-Playing,Deep Silver,0.54,71.0,56,7.3,64,"Ascaron Entertainment GmbH, Ascaron Entertainment",M,2000s,Other,4.04305126783455,4.174387269895637
X360,2011,Role-Playing,Unknown,0.54,67.0,50,6.6,140,Reality Pump,M,2010s,Other,3.9318256327243257,4.948759890378168
PS2,2006,Platform,Activision,0.54,58.0,29,8.6,10,Edge of Reality,E10+,2000s,Other,3.4011973816621555,2.3978952727983707
PS,2001,Sports,Activision,0.54,80.0,15,8.6,16,Shaba Games,E,2000s,Other,2.772588722239781,2.833213344056216
DS,2011,Action,Disney Interactive Studios,0.54,47.0,5,7.5,27,Altron,E,2010s,Other,1.791759469228055,3.332204510175204
X360,2013,Sports,Electronic Arts,0.54,81.0,30,5.9,92,Electronic Arts,E10+,2010s,Other,3.4339872044851463,4.532599493153256
PS2,2003,Platform,Vivendi Games,0.54,59.0,17,8.6,14,Inevitable Entertainment,E,2000s,Other,2.8903717578961645,2.70805020110221
PS2,2003,Fighting,Sony Computer Entertainment,0.54,80.0,41,8.9,68,Incognito Inc.,T,2000s,Other,3.7376696182833684,4.23410650459726
Wii,2010,Action,Electronic Arts,0.54,41.0,8,5.0,11,Electronic Arts,T,2010s,Other,2.1972245773362196,2.4849066497880004
PS2,2005,Action,Vivendi Games,0.54,83.0,41,8.7,38,Radical Entertainment,T,2000s,Other,3.7376696182833684,3.6635616461296463
PS3,2010,Shooter,Namco Bandai Games,0.54,58.0,49,5.9,15,Nex Entertainment,T,2010s,Other,3.912023005428146,2.772588722239781
Wii,2008,Sports,Ubisoft,0.53,46.0,7,4.6,7,Destineer,E,2000s,Other,2.0794415416798357,2.0794415416798357
PS2,2001,Shooter,Namco Bandai Games,0.53,81.0,21,7.9,20,Namco,T,2000s,Other,3.091042453358316,3.044522437723423
PS2,2005,Sports,Electronic Arts,0.53,78.0,19,9.1,13,EA Canada,E,2000s,Other,2.995732273553991,2.639057329615259
WiiU,2015,Action,Warner Bros. Interactive Entertainment,0.53,62.0,5,6.5,29,Traveller's Tales,E10+,2010s,Other,1.791759469228055,3.4011973816621555
PSP,2010,Role-Playing,Sega,0.53,83.0,54,8.1,67,Sega,T,2010s,Other,4.007333185232471,4.219507705176107
Wii,2010,Fighting,Capcom,0.53,85.0,62,8.8,85,Eighting,T,2010s,Other,4.143134726391533,4.454347296253507
DS,2006,Role-Playing,Rising Star Games,0.53,78.0,26,8.1,52,Neverland,E,2000s,Other,3.295836866004329,3.970291913552122
PS2,2003,Action,Eidos Interactive,0.53,75.0,34,9.3,49,Crystal Dynamics,M,2000s,Other,3.5553480614894135,3.912023005428146
PS2,2004,Sports,Electronic Arts,0.53,78.0,19,8.3,13,EA Canada,E,2000s,Other,2.995732273553991,2.639057329615259
PS,2000,Racing,Electronic Arts,0.53,51.0,16,4.6,14,Eutechnyx,T,2000s,Other,2.833213344056216,2.70805020110221
PSP,2010,Role-Playing,Square Enix,0.53,87.0,49,8.8,102,Square Enix,T,2010s,Other,3.912023005428146,4.634728988229636
PS2,2004,Shooter,SCi,0.53,58.0,24,8.1,21,Pivotal Games,M,2000s,Other,3.2188758248682006,3.091042453358316
PS3,2013,Role-Playing,Nippon Ichi Software,0.53,82.0,62,8.3,288,Vanillaware,T,2010s,Other,4.143134726391533,5.666426688112432
PS2,2003,Sports,Midway Games,0.53,78.0,23,8.3,8,Midway,E,2000s,Other,3.1780538303479458,2.1972245773362196
XB,2004,Sports,Midway Games,0.53,78.0,30,7.7,14,Midway,M,2000s,Other,3.4339872044851463,2.70805020110221
Wii,2007,Action,Take-Two Interactive,0.53,62.0,38,7.1,46,Rockstar Toronto,M,2000s,Other,3.6635616461296463,3.8501476017100584
XOne,2014,Misc,Ubisoft,0.53,70.0,17,7.5,20,Ubisoft,E10+,2010s,Other,2.8903717578961645,3.044522437723423
XOne,2014,Action,Warner Bros. Interactive Entertainment,0.53,69.0,18,6.9,49,TT Games,E10+,2010s,Other,2.9444389791664403,3.912023005428146
PC,2016,Shooter,Activision,0.53,91.0,62,6.8,4052,Blizzard Entertainment,T,2010s,Other,4.143134726391533,8.307212626628308
XB,2005,Action,Ubisoft,0.53,82.0,43,8.5,11,Ubisoft Montpellier,T,2000s,Other,3.784189633918261,2.4849066497880004
XB,2005,Racing,Electronic Arts,0.53,89.0,65,8.4,66,Criterion Games,E10+,2000s,Other,4.189654742026425,4.204692619390966
XB,2005,Shooter,Electronic Arts,0.53,72.0,42,7.0,15,EA LA,T,2000s,Other,3.7612001156935624,2.772588722239781
PS2,2004,Platform,Electronic Arts,0.53,71.0,24,8.2,22,Krome Studios,E,2000s,Other,3.2188758248682006,3.1354942159291497
XB,2002,Action,Universal Interactive,0.53,59.0,23,6.6,10,WXP,T,2000s,Other,3.1780538303479458,2.3978952727983707
PS2,2005,Sports,Sony Computer Entertainment,0.53,63.0,26,6.3,27,SCEA Sports Studio,E,2000s,Other,3.295836866004329,3.332204510175204
Wii,2006,Racing,Nintendo,0.53,72.0,57,8.4,83,Monster Games Inc.,E,2000s,Other,4.060443010546419,4.430816798843313
DS,2008,Role-Playing,Konami Digital Entertainment,0.53,69.0,13,7.6,9,Konami,E10+,2000s,Other,2.639057329615259,2.302585092994046
GC,2004,Role-Playing,Activision,0.53,81.0,36,8.5,11,Raven Software,T,2000s,Other,3.6109179126442243,2.4849066497880004
PC,2015,Strategy,Activision,0.53,88.0,62,8.3,833,Blizzard Entertainment,T,2010s,Other,4.143134726391533,6.726233402358747
DS,2009,Puzzle,Rondomedia,0.53,56.0,9,7.5,27,Storm City Games,E,2000s,Other,2.302585092994046,3.332204510175204
PSP,2010,Racing,Sony Computer Entertainment,0.53,73.0,22,7.7,22,SCEA San Diego Studios,E,2010s,Other,3.1354942159291497,3.1354942159291497
DS,2009,Fighting,THQ,0.53,75.0,7,8.3,4,Yuke's,T,2000s,Other,2.0794415416798357,1.6094379124341003
PS2,2001,Action,Take-Two Interactive,0.53,69.0,24,7.8,22,Rockstar Toronto,T,2000s,Other,3.2188758248682006,3.1354942159291497
PSP,2007,Shooter,Ubisoft,0.53,61.0,12,6.4,9,"High Voltage Software, Ubisoft Paris",T,2000s,Other,2.5649493574615367,2.302585092994046
Wii,2008,Action,THQ,0.53,47.0,5,5.4,10,Incinerator Games,E,2000s,Other,1.791759469228055,2.3978952727983707
PS3,2009,Shooter,Warner Bros. Interactive Entertainment,0.53,43.0,41,3.9,70,GRIN,T,2000s,Other,3.7376696182833684,4.2626798770413155
DS,2010,Action,Activision,0.53,60.0,8,7.5,27,Griptonite Games,E10+,2010s,Other,2.1972245773362196,3.332204510175204
GC,2002,Action,Electronic Arts,0.53,82.0,13,8.7,23,Stormfront Studios,T,2000s,Other,2.639057329615259,3.1780538303479458
PC,2011,Action,Warner Bros. Interactive Entertainment,0.53,91.0,27,8.6,1847,Rocksteady Studios,T,2010s,Other,3.332204510175204,7.521859252201629
PS2,2005,Racing,THQ,0.53,68.0,36,7.7,24,Juice Games,T,2000s,Other,3.6109179126442243,3.2188758248682006
PS2,2005,Action,Take-Two Interactive,0.53,84.0,52,8.5,72,Rockstar Toronto,M,2000s,Other,3.970291913552122,4.290459441148391
DS,2006,Shooter,Nintendo,0.53,76.0,56,7.3,56,Q-Games,E10+,2000s,Other,4.04305126783455,4.04305126783455
PS3,2011,Shooter,Electronic Arts,0.53,83.0,57,7.7,288,"Epic Games, People Can Fly",M,2010s,Other,4.060443010546419,5.666426688112432
PS2,2003,Shooter,Activision,0.53,66.0,21,8.0,23,Raster,M,2000s,Other,3.091042453358316,3.1780538303479458
GBA,2005,Sports,Nintendo,0.52,81.0,21,8.0,25,Camelot Software Planning,E,2000s,Mario,3.091042453358316,3.258096538021482
DC,1999,Simulation,Sega,0.52,82.0,24,8.4,16,Vivarium,T,1990s,Other,3.2188758248682006,2.833213344056216
PS,1999,Adventure,Konami Digital Entertainment,0.52,55.0,8,7.5,27,VU Games,E,1990s,Other,2.1972245773362196,3.332204510175204
PS3,2011,Misc,Ubisoft,0.52,66.0,11,8.4,16,Ubisoft Montreal,E10+,2010s,Other,2.4849066497880004,2.833213344056216
PS3,2007,Racing,THQ,0.52,76.0,18,6.2,12,Paradigm Entertainment,T,2000s,Other,2.9444389791664403,2.5649493574615367
X360,2009,Shooter,Warner Bros. Interactive Entertainment,0.52,77.0,68,8.0,114,Monolith Productions,M,2000s,Other,4.23410650459726,4.74493212836325
DS,2006,Role-Playing,Sega,0.52,69.0,27,8.2,21,ChunSoft,E,2000s,Other,3.332204510175204,3.091042453358316
Wii,2006,Racing,Ubisoft,0.52,41.0,15,4.0,21,MTO,E,2000s,Other,2.772588722239781,3.091042453358316
X360,2010,Sports,Electronic Arts,0.52,79.0,51,7.8,19,EA Sports,E,2010s,Other,3.9512437185814275,2.995732273553991
PS2,2007,Action,Sega,0.52,46.0,10,5.2,6,Shiny Entertainment,E10+,2000s,Other,2.3978952727983707,1.9459101490553132
PS,2001,Role-Playing,Square,0.52,89.0,15,9.1,37,TOSE,T,2000s,Final Fantasy,2.772588722239781,3.6375861597263857
PSP,2009,Racing,Codemasters,0.52,68.0,23,7.2,14,Sumo Digital,E,2000s,Other,3.1780538303479458,2.70805020110221
PS,2001,Shooter,Sony Computer Entertainment,0.52,73.0,19,8.5,36,Sony Bend,M,2000s,Other,2.995732273553991,3.6109179126442243
PS2,2002,Action,Konami Digital Entertainment,0.52,87.0,17,9.0,126,KCEJ,M,2000s,Other,2.8903717578961645,4.844187086458591
Wii,2008,Role-Playing,Namco Bandai Games,0.52,68.0,46,7.1,93,Bandai Namco Games,T,2000s,Other,3.8501476017100584,4.543294782270004
X360,2007,Sports,Electronic Arts,0.52,73.0,37,5.3,19,EA Canada,E,2000s,Other,3.6375861597263857,2.995732273553991
DS,2008,Action,Warner Bros. Interactive Entertainment,0.52,70.0,4,7.5,27,TT Fusion,E,2000s,Other,1.6094379124341003,3.332204510175204
PS2,2005,Puzzle,Electronic Arts,0.52,86.0,61,8.9,51,Namco,E,2000s,Other,4.127134385045092,3.9512437185814275
X360,2011,Misc,Warner Bros. Interactive Entertainment,0.52,79.0,26,6.9,22,Double Fine Productions,E,2010s,Other,3.295836866004329,3.1354942159291497
XB,2002,Sports,Electronic Arts,0.52,90.0,14,8.2,15,EA Sports,E,2000s,Other,2.70805020110221,2.772588722239781
Wii,2008,Simulation,505 Games,0.52,56.0,12,7.3,13,"Machatin, Inc.",E10+,2000s,Other,2.5649493574615367,2.639057329615259
PS3,2006,Sports,Electronic Arts,0.52,76.0,25,4.2,22,EA Tiburon,E,2000s,Madden,3.258096538021482,3.1354942159291497
PS,2000,Fighting,Midway Games,0.52,68.0,5,7.5,27,Point of View,T,2000s,Other,1.791759469228055,3.332204510175204
WiiU,2015,Action,Warner Bros. Interactive Entertainment,0.52,71.0,5,8.1,14,TT Games,E10+,2010s,Other,1.791759469228055,2.70805020110221
PS3,2008,Sports,Electronic Arts,0.52,75.0,32,7.8,15,EA Canada,E,2000s,Other,3.4965075614664802,2.772588722239781
PS4,2015,Action,Electronic Arts,0.52,61.0,33,3.7,78,EA Tiburon,E,2010s,Other,3.5263605246161616,4.3694478524670215
PS3,2010,Misc,Sony Computer Entertainment,0.52,65.0,21,3.9,8,SCEE London Studio,T,2010s,Other,3.091042453358316,2.1972245773362196
PS4,2014,Role-Playing,Square Enix,0.52,68.0,45,6.6,425,"City Interactive, Deck 13",M,2010s,Other,3.828641396489095,6.054439346269371
PS2,2000,Sports,Electronic Arts,0.52,78.0,15,7.5,27,T&E Soft,E,2000s,Other,2.772588722239781,3.332204510175204
PS2,2006,Action,Eidos Interactive,0.52,82.0,43,7.1,96,Crystal Dynamics,T,2000s,Other,3.784189633918261,4.574710978503383
PS2,2003,Shooter,Electronic Arts,0.52,81.0,26,8.4,57,Io Interactive,T,2000s,Other,3.295836866004329,4.060443010546419
PSP,2007,Action,Konami Digital Entertainment,0.52,78.0,40,7.8,107,"Climax Group, Climax Studios",M,2000s,Other,3.713572066704308,4.68213122712422
XB,2005,Shooter,Activision,0.52,79.0,55,7.8,29,Neversoft Entertainment,M,2000s,Other,4.02535169073515,3.4011973816621555
GBA,2005,Adventure,Disney Interactive Studios,0.52,52.0,5,7.5,27,Artificial Mind and Movement,E,2000s,Other,1.791759469228055,3.332204510175204
PSP,2006,Fighting,Electronic Arts,0.52,74.0,22,8.1,22,EA Chicago,T,2000s,Other,3.1354942159291497,3.1354942159291497
PS2,2005,Action,THQ,0.52,68.0,44,8.2,56,Volition Inc.,M,2000s,Other,3.8066624897703196,4.04305126783455
WiiU,2015,Platform,Nintendo,0.52,73.0,72,8.0,227,HAL Labs,E,2010s,Other,4.290459441148391,5.429345628954441
PS2,2005,Sports,Electronic Arts,0.52,80.0,41,7.9,26,EA Canada,E,2000s,Other,3.7376696182833684,3.295836866004329
PS3,2008,Role-Playing,Square Enix,0.52,78.0,51,7.5,150,Nippon Ichi Software,T,2000s,Other,3.9512437185814275,5.017279836814924
GBA,2002,Sports,Activision,0.52,90.0,20,8.0,6,Vicarious Visions,E,2000s,Other,3.044522437723423,1.9459101490553132
PS3,2008,Action,Gamebridge,0.52,58.0,18,7.9,22,Acquire,M,2000s,Other,2.9444389791664403,3.1354942159291497
PC,2006,Simulation,Electronic Arts,0.52,78.0,29,8.6,35,Maxis,T,2000s,Other,3.4011973816621555,3.58351893845611
DS,2008,Role-Playing,Rising Star Games,0.52,77.0,14,7.9,30,Neverland,E,2000s,Other,2.70805020110221,3.4339872044851463
GBA,2004,Action,Electronic Arts,0.52,69.0,11,8.1,12,Griptonite Games,E,2000s,Other,2.4849066497880004,2.5649493574615367
DS,2009,Simulation,Electronic Arts,0.52,70.0,10,7.5,4,Electronic Arts,E,2000s,Other,2.3978952727983707,1.6094379124341003
PS,2001,Sports,Electronic Arts,0.52,81.0,6,8.8,9,EA Canada,E,2000s,Other,1.9459101490553132,2.302585092994046
PS2,2002,Action,Eidos Interactive,0.51,74.0,22,8.2,19,Acquire,M,2000s,Other,3.1354942159291497,2.995732273553991
PSP,2010,Role-Playing,Square Enix,0.51,71.0,56,6.1,113,HexaDrive,M,2010s,Other,4.04305126783455,4.736198448394496
PS3,2008,Action,Activision,0.51,76.0,23,7.3,18,"Luxoflux, Inc.",E10+,2000s,Other,3.1780538303479458,2.9444389791664403
X360,2012,Action,Disney Interactive Studios,0.51,59.0,35,5.5,22,Blitz Games Studios,E,2010s,Other,3.58351893845611,3.1354942159291497
PS2,2001,Misc,Sony Computer Entertainment,0.51,47.0,14,6.3,7,Mass Media,E,2000s,Other,2.70805020110221,2.0794415416798357
DS,2008,Role-Playing,Disney Interactive Studios,0.51,70.0,26,7.7,14,"Jupiter Corporation, Jupiter Multimedia",E10+,2000s,Other,3.295836866004329,2.70805020110221
PS2,2002,Racing,Midas Interactive Entertainment,0.51,53.0,17,8.4,8,Blade Interactive,E,2000s,Other,2.8903717578961645,2.1972245773362196
PS3,2007,Action,Sony Computer Entertainment,0.51,53.0,55,6.4,229,"Factor 5, SCE/WWS",T,2000s,Other,4.02535169073515,5.438079308923196
GC,2003,Sports,Electronic Arts,0.51,94.0,19,7.7,17,EA Tiburon,E,2000s,Madden,2.995732273553991,2.8903717578961645
PS2,2000,Role-Playing,THQ,0.51,74.0,16,7.8,12,Volition Inc.,T,2000s,Other,2.833213344056216,2.5649493574615367
PSV,2013,Role-Playing,Sony Computer Entertainment,0.51,77.0,71,8.2,298,"SCE Japan Studio, comcept",M,2010s,Other,4.276666119016055,5.700443573390686
PS3,2011,Role-Playing,Sony Online Entertainment,0.51,67.0,46,7.4,139,WBIE,T,2010s,Other,3.8501476017100584,4.941642422609304
PSP,2006,Sports,Electronic Arts,0.51,64.0,9,7.5,4,EA Sports,E,2000s,Other,2.302585092994046,1.6094379124341003
X360,2009,Simulation,505 Games,0.51,80.0,43,8.4,18,Gaijin Entertainment,T,2000s,Other,3.784189633918261,2.9444389791664403
PS3,2013,Shooter,Activision,0.51,34.0,14,3.6,196,Terminal Reality,M,2010s,Other,2.70805020110221,5.2832037287379885
X360,2010,Sports,Take-Two Interactive,0.51,76.0,26,7.6,38,Visual Concepts,E,2010s,Other,3.295836866004329,3.6635616461296463
Wii,2010,Adventure,Disney Interactive Studios,0.51,69.0,18,7.4,13,Etranges Libellules,E10+,2010s,Other,2.9444389791664403,2.639057329615259
PS3,2007,Action,THQ,0.51,55.0,8,4.8,4,Heavy Iron Studios,E,2000s,Other,2.1972245773362196,1.6094379124341003
XB,2003,Sports,Electronic Arts,0.51,85.0,19,8.2,11,EA Sports,E,2000s,Other,2.995732273553991,2.4849066497880004
DS,2008,Action,Sega,0.51,56.0,10,7.0,4,Artificial Mind and Movement,E10+,2000s,Other,2.3978952727983707,1.6094379124341003
XOne,2014,Shooter,Sega,0.51,78.0,24,7.8,314,Creative Assembly,M,2010s,Other,3.2188758248682006,5.752572638825633
Wii,2009,Sports,Konami Digital Entertainment,0.51,82.0,13,8.4,17,Konami,E,2000s,Other,2.639057329615259,2.8903717578961645
GBA,2002,Platform,THQ,0.51,62.0,4,8.8,8,Digital Eclipse,E,2000s,Other,1.6094379124341003,2.1972245773362196
Wii,2009,Fighting,Nintendo,0.51,74.0,23,8.1,21,8ing/Raizing,T,2000s,Other,3.1780538303479458,3.091042453358316
PS2,2006,Simulation,Namco Bandai Games,0.51,75.0,45,8.4,55,Namco,T,2000s,Other,3.828641396489095,4.02535169073515
PC,2009,Role-Playing,Electronic Arts,0.51,91.0,67,8.6,3542,BioWare,M,2000s,Other,4.219507705176107,8.172729104865471
PSP,2004,Action,Tecmo Koei,0.51,62.0,26,7.3,24,Koei,T,2000s,Other,3.295836866004329,3.2188758248682006
PS2,2006,Sports,Electronic Arts,0.51,76.0,11,4.6,51,EA Sports,E10+,2000s,Other,2.4849066497880004,3.9512437185814275
PSP,2009,Fighting,Namco Bandai Games,0.51,80.0,52,6.2,45,Bandai Namco Games,T,2000s,Other,3.970291913552122,3.828641396489095
X360,2009,Fighting,Namco Bandai Games,0.51,56.0,29,7.5,33,Spike,T,2000s,Other,3.4011973816621555,3.5263605246161616
X360,2013,Fighting,Namco Bandai Games,0.51,70.0,16,7.7,67,CyberConnect2,T,2010s,Other,2.833213344056216,4.219507705176107
XB,2004,Misc,Crave Entertainment,0.51,66.0,7,7.5,27,Coresoft,E,2000s,Other,2.0794415416798357,3.332204510175204
PS2,2007,Sports,Take-Two Interactive,0.51,71.0,4,4.8,4,Blue Castle Games,E,2000s,Other,1.6094379124341003,1.6094379124341003
GBA,2004,Fighting,Atari,0.51,73.0,26,7.0,21,Arc System Works,T,2000s,Other,3.295836866004329,3.091042453358316
XB,2004,Sports,Midway Games,0.51,82.0,35,8.1,8,Midway,E,2000s,Other,3.58351893845611,2.1972245773362196
PS2,2004,Action,Konami Digital Entertainment,0.51,76.0,54,7.8,191,KCET,M,2000s,Other,4.007333185232471,5.2574953720277815
PS2,2005,Misc,Capcom,0.51,78.0,30,8.4,5,Digital Eclipse,T,2000s,Other,3.4339872044851463,1.791759469228055
Wii,2007,Misc,Ubisoft,0.51,68.0,8,7.5,27,Ubisoft,E,2000s,Other,2.1972245773362196,3.332204510175204
X360,2012,Sports,Electronic Arts,0.51,77.0,47,5.6,39,Electronic Arts,E,2010s,Other,3.8712010109078907,3.6888794541139363
X360,2009,Action,Electronic Arts,0.51,73.0,69,8.2,141,Pandemic Studios,M,2000s,Other,4.248495242049359,4.955827057601261
GBA,2004,Action,THQ,0.5,56.0,4,7.5,27,Tantalus Interactive,E,2000s,Other,1.6094379124341003,3.332204510175204
PS2,2006,Racing,Sega,0.5,55.0,41,7.2,25,Sonic Team,E,2000s,Other,3.7376696182833684,3.258096538021482
PS2,2003,Platform,Warner Bros. Interactive Entertainment,0.5,51.0,9,7.5,6,Warthog,E,2000s,Other,2.302585092994046,1.9459101490553132
DS,2009,Action,Activision,0.5,47.0,8,7.5,27,Griptonite Games,E,2000s,Other,2.1972245773362196,3.332204510175204
X360,2008,Sports,Electronic Arts,0.5,88.0,41,8.4,61,EA Canada,E10+,2000s,Other,3.7376696182833684,4.127134385045092
Wii,2008,Action,Take-Two Interactive,0.5,83.0,34,8.4,60,Rockstar Toronto,T,2000s,Other,3.5553480614894135,4.110873864173311
X360,2006,Fighting,THQ,0.5,81.0,50,7.8,46,Yuke's,T,2000s,Other,3.9318256327243257,3.8501476017100584
XB,2003,Racing,Take-Two Interactive,0.5,86.0,33,7.6,12,Rockstar San Diego,T,2000s,Other,3.5263605246161616,2.5649493574615367
PS3,2006,Sports,Electronic Arts,0.5,81.0,30,7.5,27,EA Redwood Shores,E,2000s,Other,3.4339872044851463,3.332204510175204
Wii,2007,Action,THQ,0.5,62.0,16,6.7,12,Asobo Studio,E,2000s,Other,2.833213344056216,2.5649493574615367
GC,2006,Adventure,THQ,0.5,60.0,10,6.5,4,AWE Games,E10+,2000s,Other,2.3978952727983707,1.6094379124341003
PS2,2001,Action,Universal Interactive,0.5,44.0,13,7.0,11,Blitz Games,T,2000s,Other,2.639057329615259,2.4849066497880004
PS2,2006,Action,Eidos Interactive,0.5,83.0,36,8.4,104,Io Interactive,M,2000s,Other,3.6109179126442243,4.653960350157523
PS3,2008,Action,Ubisoft,0.5,54.0,30,6.9,28,Ubisoft Montreal,T,2000s,Other,3.4339872044851463,3.367295829986474
PS2,2008,Platform,Vivendi Games,0.5,73.0,7,6.5,36,Radical Entertainment,E10+,2000s,Other,2.0794415416798357,3.6109179126442243
PS2,2002,Misc,Activision,0.5,75.0,13,7.7,6,Contraband Entertainment,E,2000s,Other,2.639057329615259,1.9459101490553132
DS,2007,Puzzle,Nintendo,0.5,83.0,33,8.7,36,Jupiter Corporation,E,2000s,Other,3.5263605246161616,3.6109179126442243
X360,2011,Action,Konami Digital Entertainment,0.5,78.0,36,6.6,55,Konami,E,2010s,Other,3.6109179126442243,4.02535169073515
PSP,2007,Role-Playing,Square Enix,0.5,63.0,31,7.1,24,TOSE,T,2000s,Final Fantasy,3.4657359027997265,3.2188758248682006
PSP,2007,Racing,Atari,0.5,80.0,18,7.3,29,Melbourne House,E10+,2000s,Other,2.9444389791664403,3.4011973816621555
PSV,2012,Shooter,Sony Computer Entertainment,0.5,71.0,60,7.5,169,Zipper Interactive,T,2010s,Other,4.110873864173311,5.135798437050262
PS3,2010,Strategy,Ubisoft,0.5,76.0,37,7.3,50,Eugen Systems,T,2010s,Other,3.6375861597263857,3.9318256327243257
3DS,2012,Misc,Square Enix,0.5,78.0,60,7.8,113,Indies Zero,E10+,2010s,Final Fantasy,4.110873864173311,4.736198448394496
X360,2011,Shooter,Activision,0.5,72.0,56,6.0,96,Eurocom Entertainment Software,T,2010s,Other,4.04305126783455,4.574710978503383
PS2,2002,Simulation,Activision,0.5,81.0,22,8.3,8,LucasArts,T,2000s,Other,3.1354942159291497,2.1972245773362196
GBA,2001,Role-Playing,Nintendo,0.5,88.0,20,9.1,26,Quest,E,2000s,Other,3.044522437723423,3.295836866004329
Wii,2008,Sports,Sega,0.5,59.0,29,6.3,9,Cavia Inc.,E,2000s,Other,3.4011973816621555,2.302585092994046
XB,2004,Fighting,Tecmo Koei,0.5,83.0,64,8.7,25,Team Ninja,M,2000s,Other,4.174387269895637,3.258096538021482
PS,1997,Role-Playing,ASCII Entertainment,0.5,66.0,11,8.2,9,Kuusou Kagaku,E,1990s,Other,2.4849066497880004,2.302585092994046
X360,2012,Sports,Take-Two Interactive,0.5,68.0,19,6.4,22,Visual Concepts,E,2010s,Other,2.995732273553991,3.1354942159291497
DS,2010,Adventure,Nintendo,0.5,56.0,23,7.5,27,HandMade Game,E,2010s,Other,3.1780538303479458,3.332204510175204
X360,2007,Simulation,Konami Digital Entertainment,0.5,65.0,10,7.4,5,Konami,E10+,2000s,Other,2.3978952727983707,1.791759469228055
X360,2006,Racing,Electronic Arts,0.5,89.0,61,8.1,140,Criterion Games,E10+,2000s,Other,4.127134385045092,4.948759890378168
PS2,2004,Action,THQ,0.5,65.0,8,7.3,8,THQ,E,2000s,Other,2.1972245773362196,2.1972245773362196
PS2,2004,Role-Playing,Capcom,0.5,68.0,37,8.9,46,Capcom,T,2000s,Other,3.6375861597263857,3.8501476017100584
X360,2007,Sports,Electronic Arts,0.5,80.0,42,8.2,30,EA Canada,E,2000s,Other,3.7612001156935624,3.4339872044851463
GC,2004,Sports,Activision,0.5,82.0,30,8.9,17,Neversoft Entertainment,T,2000s,Other,3.4339872044851463,2.8903717578961645
PS2,2003,Racing,THQ,0.5,80.0,25,8.7,16,Rainbow Studios,E,2000s,Other,3.258096538021482,2.833213344056216
PS2,2005,Action,Activision,0.5,67.0,21,9.0,26,Shaba Games,E10+,2000s,Other,3.091042453358316,3.295836866004329
GBA,2001,Platform,Ubisoft,0.5,84.0,17,8.4,16,Digital Eclipse,E,2000s,Other,2.8903717578961645,2.833213344056216
PS2,2005,Action,Activision,0.5,64.0,42,7.8,19,7 Studios,T,2000s,Other,3.7612001156935624,2.995732273553991
PS2,2002,Shooter,Infogrames,0.5,50.0,19,7.3,6,Melbourne House,T,2000s,Other,2.995732273553991,1.9459101490553132
X360,2011,Adventure,Electronic Arts,0.5,70.0,67,8.1,157,Spicy Horse,M,2010s,Other,4.219507705176107,5.062595033026967
Wii,2006,Sports,Electronic Arts,0.49,81.0,35,8.0,16,EA Canada,E,2000s,Madden,3.58351893845611,2.833213344056216
DS,2004,Action,Activision,0.49,61.0,46,5.0,6,Vicarious Visions,E,2000s,Other,3.8501476017100584,1.9459101490553132
3DS,2011,Racing,Namco Bandai Games,0.49,75.0,59,7.2,56,Namco Bandai Games,E,2010s,Other,4.0943445622221,4.04305126783455
DS,2009,Puzzle,Nintendo,0.49,83.0,35,8.4,33,HAL Labs,E,2000s,Other,3.58351893845611,3.5263605246161616
PS3,2008,Action,Namco Bandai Games,0.49,54.0,22,7.0,28,Omega Force,T,2000s,Other,3.1354942159291497,3.367295829986474
GBA,2004,Sports,Activision,0.49,70.0,4,7.5,27,Vicarious Visions,E,2000s,Other,1.6094379124341003,3.332204510175204
3DS,2011,Action,Sega,0.49,55.0,57,5.5,31,Sega,E,2010s,Other,4.060443010546419,3.4657359027997265
Wii,2006,Platform,THQ,0.49,57.0,16,5.6,7,Blitz Games,E,2000s,Other,2.833213344056216,2.0794415416798357
X360,2012,Racing,Codemasters,0.49,84.0,42,6.9,56,Codemasters,E,2010s,Other,3.7612001156935624,4.04305126783455
X360,2006,Sports,Activision,0.49,81.0,65,7.6,38,Neversoft Entertainment,T,2000s,Other,4.189654742026425,3.6635616461296463
PS3,2011,Fighting,Nippon Ichi Software,0.49,58.0,34,7.2,46,Racjin,T,2010s,Other,3.5553480614894135,3.8501476017100584
PS2,2005,Action,Atari,0.49,69.0,42,7.9,42,Shiny Entertainment,T,2000s,Other,3.7612001156935624,3.7612001156935624
DS,2005,Fighting,Atari,0.49,66.0,13,7.6,28,Arc System Works,E10+,2000s,Other,2.639057329615259,3.367295829986474
3DS,2013,Platform,Sega,0.49,59.0,34,6.5,144,Dimps Corporation,E10+,2010s,Other,3.5553480614894135,4.976733742420574
GC,2002,Fighting,THQ,0.49,64.0,25,6.9,20,Yuke's,T,2000s,Other,3.258096538021482,3.044522437723423
Wii,2007,Misc,Electronic Arts,0.49,57.0,37,5.3,54,EA Montreal,E10+,2000s,Other,3.6375861597263857,4.007333185232471
GBA,2003,Action,THQ,0.49,49.0,5,7.5,27,Natsume,E,2000s,Other,1.791759469228055,3.332204510175204
XB,2004,Shooter,Electronic Arts,0.49,61.0,55,7.2,20,EA LA,T,2000s,Other,4.02535169073515,3.044522437723423
Wii,2007,Strategy,Nintendo,0.49,78.0,36,8.7,180,Intelligent Systems,E10+,2000s,Other,3.6109179126442243,5.198497031265826
GC,2003,Simulation,Electronic Arts,0.49,85.0,16,7.7,22,Edge of Reality,T,2000s,Other,2.833213344056216,3.1354942159291497
PS4,2016,Shooter,Electronic Arts,0.49,81.0,29,7.7,111,PopCap,E10+,2010s,Other,3.4011973816621555,4.718498871295094
PS2,2005,Role-Playing,Square Enix,0.49,77.0,38,8.3,53,Game Arts,T,2000s,Other,3.6635616461296463,3.9889840465642745
X360,2011,Action,Namco Bandai Games,0.49,78.0,71,6.2,82,Project Aces,T,2010s,Other,4.276666119016055,4.418840607796598
XB,2006,Action,Vivendi Games,0.49,76.0,41,8.4,46,Radical Entertainment,M,2000s,Other,3.7376696182833684,3.8501476017100584
3DS,2011,Action,Capcom,0.49,65.0,69,6.4,110,Capcom,M,2010s,Other,4.248495242049359,4.709530201312334
DS,2009,Shooter,LucasArts,0.49,61.0,12,5.0,8,n-Space,E10+,2000s,Other,2.5649493574615367,2.1972245773362196
DS,2006,Platform,THQ,0.49,56.0,7,7.3,4,WayForward,E,2000s,Other,2.0794415416798357,1.6094379124341003
3DS,2014,Misc,Nintendo,0.49,76.0,22,7.7,19,Headstrong Games,E,2010s,Pokemon,3.1354942159291497,2.995732273553991
PC,2010,Shooter,Electronic Arts,0.49,72.0,26,6.4,516,"Dice, Danger Close",M,2010s,Other,3.295836866004329,6.248042874508429
3DS,2011,Racing,Ubisoft,0.49,43.0,37,4.4,24,Gameloft,E10+,2010s,Other,3.6375861597263857,3.2188758248682006
GC,2001,Racing,Acclaim Entertainment,0.49,69.0,20,7.5,21,Acclaim,T,2000s,Other,3.044522437723423,3.091042453358316
X360,2008,Fighting,Atari,0.49,72.0,50,7.6,41,"Dimps Corporation, Namco Bandai Games",T,2000s,Other,3.9318256327243257,3.7376696182833684
PS2,2003,Racing,Midway Games,0.49,57.0,30,6.4,8,Angel Studios,T,2000s,Other,3.4339872044851463,2.1972245773362196
XB,2002,Action,Namco Bandai Games,0.49,66.0,7,7.5,27,Namco,E,2000s,Other,2.0794415416798357,3.332204510175204
PC,2008,Shooter,City Interactive,0.49,36.0,7,3.6,16,City Interactive,M,2000s,Other,2.0794415416798357,2.833213344056216
PS2,2005,Role-Playing,Namco Bandai Games,0.49,72.0,37,7.7,38,Namco,T,2000s,Other,3.6375861597263857,3.6635616461296463
DS,2008,Sports,Electronic Arts,0.49,84.0,5,6.1,31,EA Canada,E,2000s,FIFA,1.791759469228055,3.4657359027997265
3DS,2011,Action,Nintendo,0.49,58.0,55,6.3,29,Nintendo,E10+,2010s,Other,4.02535169073515,3.4011973816621555
3DS,2015,Role-Playing,Nintendo,0.49,81.0,70,7.4,103,Silicon Studio,T,2010s,Other,4.2626798770413155,4.6443908991413725
X360,2008,Adventure,Atari,0.48,58.0,53,5.7,162,Eden Studios,M,2000s,Other,3.9889840465642745,5.093750200806762
PS2,2007,Action,Activision,0.48,56.0,18,6.1,9,Amaze Entertainment,E10+,2000s,Other,2.9444389791664403,2.302585092994046
GBA,2004,Racing,Zoo Digital Publishing,0.48,62.0,4,7.8,8,Pocketeers,E,2000s,Other,1.6094379124341003,2.1972245773362196
PC,2008,Action,Ubisoft,0.48,85.0,34,5.8,1345,Ubisoft Montreal,M,2000s,Other,3.5553480614894135,7.204892510204673
XB,2004,Sports,Electronic Arts,0.48,78.0,44,6.5,11,EA Tiburon,E,2000s,Other,3.8066624897703196,2.4849066497880004
PSP,2009,Misc,MTV Games,0.48,79.0,50,8.6,31,"Harmonix Music Systems, Backbone Entertainment",T,2000s,Other,3.9318256327243257,3.4657359027997265
WiiU,2015,Action,Activision,0.48,87.0,13,5.6,65,Vicarious Visions,E10+,2010s,Other,2.639057329615259,4.189654742026425
X360,2008,Misc,Microsoft Game Studios,0.48,55.0,21,5.5,20,Zoe Mode,E,2000s,Other,3.091042453358316,3.044522437723423
X360,2007,Misc,Microsoft Game Studios,0.48,73.0,41,8.1,21,"Screenlife Games, WXP",T,2000s,Other,3.7376696182833684,3.091042453358316
PS3,2011,Racing,Sony Computer Entertainment,0.48,77.0,74,7.7,155,Evolution Studios,T,2010s,Other,4.31748811353631,5.049856007249537
X360,2008,Shooter,D3Publisher,0.48,72.0,71,7.5,147,Digital Extremes,M,2000s,Other,4.276666119016055,4.997212273764115
X360,2006,Sports,Electronic Arts,0.48,80.0,44,7.9,21,EA Redwood Shores,E,2000s,Other,3.8066624897703196,3.091042453358316
XOne,2016,Shooter,Electronic Arts,0.48,80.0,64,8.1,79,PopCap,E10+,2010s,Other,4.174387269895637,4.382026634673881
3DS,2014,Sports,Nintendo,0.48,78.0,73,8.2,76,Camelot Software Planning,E,2010s,Mario,4.304065093204169,4.343805421853684
PS2,2003,Simulation,LucasArts,0.48,81.0,26,8.2,19,Totally Games,T,2000s,Other,3.295836866004329,2.995732273553991
DS,2007,Action,Vivendi Games,0.48,73.0,8,5.9,10,Amaze Entertainment,E,2000s,Other,2.1972245773362196,2.3978952727983707
X360,2012,Action,Warner Bros. Interactive Entertainment,0.48,70.0,64,7.0,260,Grasshopper Manufacture,M,2010s,Other,4.174387269895637,5.564520407322694
PS3,2009,Action,Electronic Arts,0.48,72.0,54,8.1,118,Pandemic Studios,M,2000s,Other,4.007333185232471,4.77912349311153
X360,2013,Action,Konami Digital Entertainment,0.48,82.0,46,7.8,358,PlatinumGames,M,2010s,Other,3.8501476017100584,5.883322388488279
PS2,2000,Strategy,Electronic Arts,0.48,82.0,11,7.9,17,Bullfrog Productions,E,2000s,Other,2.4849066497880004,2.8903717578961645
XOne,2015,Sports,Electronic Arts,0.48,80.0,18,6.0,81,"EA Sports, EA Canada",E10+,2010s,Other,2.9444389791664403,4.406719247264253
GBA,2001,Racing,Rebellion,0.48,50.0,5,5.3,6,Angel Studios,E,2000s,Other,1.791759469228055,1.9459101490553132
XB,2005,Sports,Electronic Arts,0.48,81.0,30,5.1,11,EA Sports,E,2000s,Other,3.4339872044851463,2.4849066497880004
Wii,2011,Misc,Nintendo,0.48,68.0,42,7.5,24,Marvelous AQL,E,2010s,Other,3.7612001156935624,3.2188758248682006
X360,2006,Sports,Electronic Arts,0.48,72.0,49,6.6,33,EA Canada,E,2000s,FIFA,3.912023005428146,3.5263605246161616
PS2,2002,Racing,Ignition Entertainment,0.48,80.0,10,9.1,10,Ratbag,E,2000s,Other,2.3978952727983707,2.3978952727983707
DS,2006,Role-Playing,Nintendo,0.48,65.0,34,6.0,21,Nex Entertainment,E10+,2000s,Other,3.5553480614894135,3.091042453358316
PS2,2000,Puzzle,Sony Computer Entertainment,0.47,72.0,18,6.3,9,SCEJ,E,2000s,Other,2.9444389791664403,2.302585092994046
PS2,2002,Fighting,Activision,0.47,61.0,19,8.7,13,Paradox Development,T,2000s,Other,2.995732273553991,2.639057329615259
PS3,2007,Action,Tecmo Koei,0.47,60.0,29,6.9,16,"Koei, Omega Force",T,2000s,Other,3.4011973816621555,2.833213344056216
X360,2012,Shooter,Bethesda Softworks,0.47,67.0,30,6.5,132,id Software,M,2010s,Other,3.4339872044851463,4.890349128221754
DS,2010,Adventure,Disney Interactive Studios,0.47,78.0,24,7.5,27,Etranges Libellules,E10+,2010s,Other,3.2188758248682006,3.332204510175204
Wii,2007,Platform,Activision,0.47,53.0,39,5.3,29,Vicarious Visions,T,2000s,Other,3.6888794541139363,3.4011973816621555
XOne,2015,Misc,Harmonix Music Systems,0.47,79.0,27,6.4,54,Harmonix Music Systems,T,2010s,Other,3.332204510175204,4.007333185232471
X360,2010,Shooter,Activision,0.47,62.0,66,7.1,63,Bizarre Creations,T,2010s,Other,4.204692619390966,4.1588830833596715
X360,2012,Fighting,Capcom,0.47,83.0,45,4.4,177,Capcom,T,2010s,Other,3.828641396489095,5.181783550292085
PS3,2008,Shooter,D3Publisher,0.47,72.0,47,7.6,70,Digital Extremes,M,2000s,Other,3.8712010109078907,4.2626798770413155
PS2,2001,Action,Sony Computer Entertainment,0.47,90.0,59,8.8,328,SCE Japan Studio,T,2000s,Other,4.0943445622221,5.796057750765372
PC,2014,Action,Activision Blizzard,0.47,87.0,49,5.9,1154,Blizzard Entertainment,T,2010s,Other,3.912023005428146,7.051855622955894
Wii,2008,Racing,Xplosiv,0.47,37.0,5,6.3,4,Razorworks,E,2000s,Other,1.791759469228055,1.6094379124341003
X360,2008,Shooter,Midway Games,0.47,82.0,47,7.6,95,Epic Games,M,2000s,Other,3.8712010109078907,4.564348191467836
WiiU,2012,Action,Electronic Arts,0.47,69.0,28,6.2,49,Electronic Arts,E,2010s,FIFA,3.367295829986474,3.912023005428146
PS2,2000,Fighting,Empire Interactive,0.47,75.0,15,8.0,10,New,T,2000s,Other,2.772588722239781,2.3978952727983707
PS2,2006,Role-Playing,Square Enix,0.47,84.0,45,9.0,59,Tri-Ace,T,2000s,Other,3.828641396489095,4.0943445622221
Wii,2008,Misc,System 3 Arcade Software,0.47,82.0,16,8.8,36,Farsight Studios,E10+,2000s,Other,2.833213344056216,3.6109179126442243
PS2,2002,Racing,THQ,0.47,54.0,7,7.1,16,Beyond Games,E,2000s,Other,2.0794415416798357,2.833213344056216
Wii,2009,Racing,Electronic Arts,0.47,68.0,22,7.4,5,EA Games,E,2000s,Other,3.1354942159291497,1.791759469228055
DS,2010,Action,Level 5,0.47,34.0,4,7.5,27,Teyon,T,2010s,Other,1.6094379124341003,3.332204510175204
PS3,2009,Shooter,Warner Bros. Interactive Entertainment,0.47,79.0,48,7.9,98,Monolith Productions,M,2000s,Other,3.8918202981106265,4.59511985013459
Wii,2007,Simulation,Electronic Arts,0.47,65.0,15,7.3,4,Maxis,T,2000s,Other,2.772588722239781,1.6094379124341003
PS2,2005,Racing,Midway Games,0.47,58.0,31,8.0,10,Midway,T,2000s,Other,3.4657359027997265,2.3978952727983707
X360,2008,Platform,Vivendi Games,0.47,60.0,42,6.5,23,Radical Entertainment,E10+,2000s,Other,3.7612001156935624,3.1780538303479458
X360,2008,Simulation,Microsoft Game Studios,0.47,82.0,64,7.9,61,Rare Ltd.,E,2000s,Other,4.174387269895637,4.127134385045092
PS3,2012,Action,Disney Interactive Studios,0.47,59.0,36,4.3,24,Blitz Games Studios,E,2010s,Other,3.6109179126442243,3.2188758248682006
PS2,2006,Sports,Midway Games,0.47,69.0,19,8.5,8,Midway,E,2000s,Other,2.995732273553991,2.1972245773362196
XB,2006,Racing,Electronic Arts,0.47,74.0,19,7.4,11,EA Canada,E10+,2000s,Other,2.995732273553991,2.4849066497880004
X360,2007,Role-Playing,Microsoft Game Studios,0.47,66.0,57,7.5,156,FASA Studio,M,2000s,Other,4.060443010546419,5.056245805348308
PSP,2007,Racing,Sega,0.47,64.0,25,7.1,18,Sega,E10+,2000s,Other,3.258096538021482,2.9444389791664403
PC,2009,Strategy,THQ,0.47,85.0,67,8.1,1502,Relic,M,2000s,Other,4.219507705176107,7.315218389752975
Wii,2008,Racing,Ubisoft,0.47,41.0,12,4.2,15,"Ubisoft Barcelona, Ubisoft Reflections",E10+,2000s,Other,2.5649493574615367,2.772588722239781
Wii,2010,Action,Nintendo,0.47,48.0,26,6.8,13,Artoon,E,2010s,Other,3.295836866004329,2.639057329615259
PS2,2003,Racing,Codemasters,0.47,79.0,40,8.9,32,Incognito Inc.,T,2000s,Other,3.713572066704308,3.4965075614664802
Wii,2009,Shooter,Electronic Arts,0.47,82.0,76,8.1,82,"Eurocom Entertainment Software, Visceral Games",M,2000s,Other,4.343805421853684,4.418840607796598
GBA,2006,Adventure,Disney Interactive Studios,0.47,70.0,8,5.6,5,Amaze Entertainment,E10+,2000s,Other,2.1972245773362196,1.791759469228055
Wii,2009,Action,Konami Digital Entertainment,0.47,79.0,56,8.0,226,"Climax Group, Climax Studios",M,2000s,Other,4.04305126783455,5.424950017481403
Wii,2009,Sports,Namco Bandai Games,0.47,56.0,13,7.5,27,TOSE,E,2000s,Other,2.639057329615259,3.332204510175204
DS,2007,Action,Activision,0.47,55.0,12,7.5,27,Artificial Mind and Movement,E10+,2000s,Other,2.5649493574615367,3.332204510175204
PS2,2005,Misc,Activision,0.47,46.0,15,8.2,20,Activision,E10+,2000s,Other,2.772588722239781,3.044522437723423
DS,2009,Role-Playing,Square Enix,0.47,75.0,37,7.3,21,Square Enix,E10+,2000s,Final Fantasy,3.6375861597263857,3.091042453358316
X360,2011,Action,Sega,0.47,54.0,56,7.8,44,Sega,M,2010s,Other,4.04305126783455,3.8066624897703196
XOne,2014,Sports,Electronic Arts,0.47,70.0,23,6.3,152,EA Sports,T,2010s,Other,3.1780538303479458,5.030437921392435
GBA,2005,Action,Ubisoft,0.47,59.0,8,7.5,27,Ubisoft,E10+,2000s,Other,2.1972245773362196,3.332204510175204
DS,2007,Platform,Activision,0.47,79.0,21,6.5,17,Vicarious Visions,E10+,2000s,Other,3.091042453358316,2.8903717578961645
X360,2005,Fighting,Tecmo Koei,0.47,85.0,76,8.2,223,Team Ninja,M,2000s,Other,4.343805421853684,5.4116460518550396
PS2,2004,Fighting,Atari,0.47,62.0,19,8.7,21,"Pipeworks Software, Inc.",T,2000s,Other,2.995732273553991,3.091042453358316
GC,2005,Misc,Nintendo,0.47,69.0,28,8.4,19,Hudson,E,2000s,Mario,3.367295829986474,2.995732273553991
GC,2004,Action,Konami Digital Entertainment,0.47,85.0,54,9.0,142,Silicon Knights,M,2000s,Other,4.007333185232471,4.962844630259907
3DS,2012,Action,Nintendo,0.46,81.0,14,7.6,22,"Nintendo, Headstrong Games",E,2010s,Other,2.70805020110221,3.1354942159291497
PS2,2002,Sports,Activision,0.46,76.0,22,9.1,7,Rainbow Studios,T,2000s,Other,3.1354942159291497,2.0794415416798357
PS4,2015,Action,Namco Bandai Games,0.46,74.0,34,7.4,118,Omega Force,T,2010s,Other,3.5553480614894135,4.77912349311153
GBA,2001,Shooter,THQ,0.46,53.0,15,7.5,27,Shin'en,E,2000s,Other,2.772588722239781,3.332204510175204
PSP,2010,Sports,Electronic Arts,0.46,69.0,11,7.4,9,Electronic Arts,E,2010s,FIFA,2.4849066497880004,2.302585092994046
GBA,2004,Puzzle,Nintendo,0.46,53.0,13,7.5,27,Nintendo,E,2000s,Other,2.639057329615259,3.332204510175204
PS3,2011,Role-Playing,Unknown,0.46,70.0,28,7.0,65,Reality Pump,M,2010s,Other,3.367295829986474,4.189654742026425
PC,2014,Simulation,Sega,0.46,80.0,36,6.0,151,Sports Interactive,Unknown,2010s,Other,3.6109179126442243,5.0238805208462765
Wii,2008,Simulation,Electronic Arts,0.46,67.0,17,6.8,13,Electronic Arts,E,2000s,Other,2.8903717578961645,2.639057329615259
GBA,2002,Misc,Infogrames,0.46,62.0,4,5.5,4,ImaginEngine,E,2000s,Other,1.6094379124341003,1.6094379124341003
Wii,2007,Action,Electronic Arts,0.46,69.0,34,7.2,28,EA Games,E10+,2000s,Other,3.5553480614894135,3.367295829986474
PC,2010,Simulation,Electronic Arts,0.46,74.0,25,7.3,51,EA Redwood Shores,T,2010s,Other,3.258096538021482,3.9512437185814275
PS,1999,Sports,Ubisoft,0.46,65.0,11,7.5,27,Shaba Games,E,1990s,Other,2.4849066497880004,3.332204510175204
GBA,2005,Platform,Disney Interactive Studios,0.46,76.0,6,7.7,6,Artificial Mind and Movement,E,2000s,Other,1.9459101490553132,1.9459101490553132
PS2,2002,Action,Wanadoo,0.46,83.0,30,8.4,14,Tecmo,T,2000s,Other,3.4339872044851463,2.70805020110221
PSP,2007,Shooter,Sony Computer Entertainment,0.46,85.0,41,8.8,47,Sony Bend,T,2000s,Other,3.7376696182833684,3.8712010109078907
PS2,2001,Strategy,THQ,0.46,71.0,15,8.3,22,Koei,T,2000s,Other,2.772588722239781,3.1354942159291497
GBA,2002,Platform,Activision,0.46,59.0,10,7.5,27,Creations,E,2000s,Other,2.3978952727983707,3.332204510175204
GBA,2004,Platform,THQ,0.46,45.0,5,7.5,27,Avalanche Software,E,2000s,Other,1.791759469228055,3.332204510175204
PS2,2007,Misc,Sony Computer Entertainment,0.46,76.0,20,7.5,27,SCEE London Studio,T,2000s,Other,3.044522437723423,3.332204510175204
PS2,2005,Shooter,Ubisoft,0.46,71.0,20,7.9,23,Gearbox Software,M,2000s,Other,3.044522437723423,3.1780538303479458
PS2,2005,Fighting,Atari,0.46,49.0,13,5.4,29,Avalanche Software,T,2000s,Other,2.639057329615259,3.4011973816621555
GBA,2001,Platform,THQ,0.46,64.0,5,7.5,27,Helixe,E,2000s,Other,1.791759469228055,3.332204510175204
PS3,2011,Racing,THQ,0.46,61.0,41,6.7,11,THQ Digital Studio Phoenix,E,2010s,Other,3.7376696182833684,2.4849066497880004
X360,2006,Sports,Electronic Arts,0.46,59.0,32,4.9,60,EA Sports,E,2000s,Other,3.4965075614664802,4.110873864173311
PS2,2005,Shooter,Ubisoft,0.46,82.0,30,7.6,30,Gearbox Software,M,2000s,Other,3.4339872044851463,3.4339872044851463
DS,2008,Platform,Vivendi Games,0.46,57.0,9,6.8,10,Etranges Libellules,E,2000s,Other,2.302585092994046,2.3978952727983707
PS2,2002,Action,Sony Computer Entertainment,0.46,80.0,37,7.9,29,SCEA,M,2000s,Other,3.6375861597263857,3.4011973816621555
Wii,2010,Racing,Electronic Arts,0.46,50.0,8,3.7,18,Exient Entertainment,E10+,2010s,Other,2.1972245773362196,2.9444389791664403
GBA,2003,Racing,Vivendi Games,0.46,77.0,6,8.3,12,Vicarious Visions,E,2000s,Other,1.9459101490553132,2.5649493574615367
DS,2007,Puzzle,Ignition Entertainment,0.46,65.0,14,7.5,27,Crave,E,2000s,Other,2.70805020110221,3.332204510175204
PS3,2012,Action,Konami Digital Entertainment,0.46,64.0,41,6.9,262,Vatra,M,2010s,Other,3.7376696182833684,5.572154032177765
Wii,2010,Fighting,THQ,0.46,72.0,7,7.5,27,Yuke's,T,2010s,Other,2.0794415416798357,3.332204510175204
PS2,2009,Platform,Sony Computer Entertainment,0.46,72.0,8,4.6,32,High Impact Games,E10+,2000s,Other,2.1972245773362196,3.4965075614664802
PS,2000,Racing,Activision,0.46,63.0,11,6.5,6,"Luxoflux, Inc.",T,2000s,Other,2.4849066497880004,1.9459101490553132
PS2,2005,Shooter,NovaLogic,0.46,58.0,25,8.8,51,Rebellion,T,2000s,Other,3.258096538021482,3.9512437185814275
PS2,2002,Role-Playing,Atari,0.46,70.0,23,8.7,19,CyberConnect2,T,2000s,Other,3.1780538303479458,2.995732273553991
PS3,2007,Racing,THQ,0.46,67.0,33,6.1,8,Rainbow Studios,E,2000s,Other,3.5263605246161616,2.1972245773362196
Wii,2009,Puzzle,Electronic Arts,0.46,86.0,48,8.4,37,EA LA,E,2000s,Other,3.8918202981106265,3.6375861597263857
XB,2003,Sports,Microsoft Game Studios,0.46,89.0,44,8.2,31,Pam Development,E,2000s,Other,3.8066624897703196,3.4657359027997265
PSP,2006,Shooter,Ubisoft,0.46,65.0,19,9.1,64,Ubisoft Shanghai,M,2000s,Other,2.995732273553991,4.174387269895637
X360,2007,Action,Sega,0.46,41.0,25,4.1,14,Shiny Entertainment,E10+,2000s,Other,3.258096538021482,2.70805020110221
PSP,2006,Action,Eidos Interactive,0.46,67.0,28,7.9,30,Buzz Monkey,T,2000s,Other,3.367295829986474,3.4339872044851463
XOne,2013,Misc,Ubisoft,0.45,71.0,6,7.0,58,Ubisoft,E10+,2010s,Other,1.9459101490553132,4.07753744390572
GC,2003,Action,Atari,0.45,63.0,23,8.0,45,Shiny Entertainment,T,2000s,Other,3.1780538303479458,3.828641396489095
X360,2014,Action,Warner Bros. Interactive Entertainment,0.45,70.0,4,8.7,11,TT Games,E10+,2010s,Other,1.6094379124341003,2.4849066497880004
XB,2004,Racing,Electronic Arts,0.45,86.0,16,7.5,27,EA Tiburon,E,2000s,Other,2.833213344056216,3.332204510175204
PSV,2012,Action,Sony Computer Entertainment,0.45,75.0,15,7.5,221,Bluepoint Games,T,2010s,Other,2.772588722239781,5.402677381872279
PS2,2002,Action,BAM! Entertainment,0.45,46.0,5,6.8,5,VIS Entertainment,E,2000s,Other,1.791759469228055,1.791759469228055
DS,2006,Fighting,Sega,0.45,83.0,32,7.5,23,Treasure,T,2000s,Other,3.4965075614664802,3.1780538303479458
PS2,2006,Sports,Electronic Arts,0.45,66.0,22,6.9,15,EA Tiburon,E,2000s,Other,3.1354942159291497,2.772588722239781
Wii,2008,Action,Eidos Interactive,0.45,70.0,12,7.2,20,Crystal Dynamics,T,2000s,Other,2.5649493574615367,3.044522437723423
PS2,2005,Shooter,Midway Games,0.45,75.0,37,8.4,52,Midway Studios - Austin,M,2000s,Other,3.6375861597263857,3.970291913552122
PS2,2004,Sports,Electronic Arts,0.45,75.0,21,8.3,23,EA Sports,E,2000s,Other,3.091042453358316,3.1780538303479458
DS,2007,Puzzle,Majesco Entertainment,0.45,79.0,15,6.7,6,BudCat,T,2000s,Other,2.772588722239781,1.9459101490553132
XB,2003,Shooter,Activision,0.45,76.0,30,8.7,30,Vicarious Visions,T,2000s,Other,3.4339872044851463,3.4339872044851463
PSP,2009,Action,Ubisoft Annecy,0.45,65.0,28,6.8,10,Omega Force,T,2000s,Other,3.367295829986474,2.3978952727983707
DS,2008,Misc,Ubisoft,0.45,68.0,7,7.0,4,Ubisoft,E,2000s,Other,2.0794415416798357,1.6094379124341003
X360,2008,Shooter,Activision,0.45,69.0,54,7.3,26,Nerve Software,T,2000s,Other,4.007333185232471,3.295836866004329
X360,2011,Sports,Take-Two Interactive,0.45,69.0,27,6.8,24,Visual Concepts,E,2010s,Other,3.332204510175204,3.2188758248682006
PSP,2006,Racing,Sony Computer Entertainment,0.45,76.0,32,7.5,27,"Climax Group, Climax Studios",E,2000s,Other,3.4965075614664802,3.332204510175204
PSP,2007,Racing,Electronic Arts,0.45,76.0,23,8.2,27,Criterion Games,E10+,2000s,Other,3.1780538303479458,3.332204510175204
Wii,2007,Action,Vivendi Games,0.45,69.0,16,5.8,22,Radical Entertainment,E10+,2000s,Other,2.833213344056216,3.1354942159291497
PS3,2011,Shooter,THQ,0.45,71.0,52,7.3,58,Volition Inc.,M,2010s,Other,3.970291913552122,4.07753744390572
GBA,2001,Fighting,Infogrames,0.45,82.0,14,8.2,13,Eighting/Raizing,T,2000s,Other,2.70805020110221,2.639057329615259
PS2,2006,Role-Playing,Tecmo Koei,0.45,86.0,52,8.4,116,Atlus Co.,M,2000s,Other,3.970291913552122,4.762173934797756
Wii,2007,Action,Disney Interactive Studios,0.45,53.0,17,7.2,17,Eurocom Entertainment Software,T,2000s,Other,2.8903717578961645,2.8903717578961645
DS,2007,Action,Activision,0.45,58.0,9,7.5,27,Vicarious Visions,E,2000s,Other,2.302585092994046,3.332204510175204
X360,2007,Racing,Sega,0.45,77.0,42,7.2,30,SEGA Racing Studio,E,2000s,Other,3.7612001156935624,3.4339872044851463
PS2,2004,Action,Tecmo Koei,0.45,72.0,17,8.6,13,Omega Force,T,2000s,Other,2.8903717578961645,2.639057329615259
DS,2009,Misc,Warner Bros. Interactive Entertainment,0.45,80.0,8,7.5,6,Backbone Entertainment,E,2000s,Other,2.1972245773362196,1.9459101490553132
XB,2005,Fighting,THQ,0.45,56.0,48,6.9,47,Studio Gigante,T,2000s,Other,3.8918202981106265,3.8712010109078907
GC,2004,Sports,Electronic Arts,0.45,83.0,17,6.7,7,EA Canada,E,2000s,Other,2.8903717578961645,2.0794415416798357
PS3,2011,Shooter,Warner Bros. Interactive Entertainment,0.45,74.0,48,7.1,103,Day 1 Studios,M,2010s,Other,3.8918202981106265,4.6443908991413725
GC,2004,Fighting,THQ,0.45,79.0,47,9.1,81,Yuke's,T,2000s,Other,3.8712010109078907,4.406719247264253
X360,2009,Sports,Electronic Arts,0.45,80.0,40,7.7,37,EA Canada,E,2000s,Other,3.713572066704308,3.6375861597263857
XB,2003,Racing,Acclaim Entertainment,0.45,68.0,17,7.5,27,Climax Group,E,2000s,Other,2.8903717578961645,3.332204510175204
X360,2010,Action,Electronic Arts,0.45,38.0,42,5.0,46,EA Bright Light,T,2010s,Other,3.7612001156935624,3.8501476017100584
PS4,2016,Sports,Konami Digital Entertainment,0.45,85.0,61,7.6,478,Konami,E,2010s,Other,4.127134385045092,6.171700597410915
PS2,2002,Racing,Electronic Arts,0.45,73.0,22,7.7,6,Electronic Arts,T,2000s,Other,3.1354942159291497,1.9459101490553132
3DS,2011,Fighting,Ubisoft Annecy,0.45,79.0,62,8.2,113,Team Ninja,T,2010s,Other,4.143134726391533,4.736198448394496
PC,2014,Shooter,Bethesda Softworks,0.45,81.0,23,8.2,1647,MachineGames,M,2010s,Other,3.1780538303479458,7.4073177104694174
PS3,2013,Action,Activision,0.45,61.0,27,7.2,221,High Moon Studios,M,2010s,Other,3.332204510175204,5.402677381872279
PC,2014,Action,Ubisoft,0.45,77.0,18,4.7,3288,Ubisoft Montreal,M,2010s,Other,2.9444389791664403,8.098338846189057
GBA,2004,Sports,Nintendo,0.45,84.0,38,8.6,14,Camelot Software Planning,E,2000s,Mario,3.6635616461296463,2.70805020110221
Wii,2008,Sports,Electronic Arts,0.45,50.0,12,4.6,18,EA Canada,E,2000s,Other,2.5649493574615367,2.9444389791664403
X360,2011,Shooter,Warner Bros. Interactive Entertainment,0.45,75.0,71,7.0,139,Day 1 Studios,M,2010s,Other,4.276666119016055,4.941642422609304
Wii,2010,Misc,Disney Interactive Studios,0.45,78.0,13,8.0,4,Wideload Games Inc.,E,2010s,Other,2.639057329615259,1.6094379124341003
PS3,2011,Shooter,THQ,0.44,70.0,46,7.4,162,Relic,M,2010s,Other,3.8501476017100584,5.093750200806762
PS2,2006,Sports,Spike,0.44,70.0,19,5.2,27,Kush Games,E,2000s,Other,2.995732273553991,3.332204510175204
X360,2010,Sports,505 Games,0.44,44.0,4,7.5,27,"Farsight Studios, Crave",E,2010s,Other,1.6094379124341003,3.332204510175204
XB,2005,Sports,Konami Digital Entertainment,0.44,89.0,19,7.9,9,KCET,E,2000s,Other,2.995732273553991,2.302585092994046
PS2,2004,Action,Konami Digital Entertainment,0.44,47.0,25,7.8,12,KCE Studios,T,2000s,Other,3.258096538021482,2.5649493574615367
PS2,2002,Adventure,Vivendi Games,0.44,78.0,27,7.4,41,Computer Artworks,M,2000s,Other,3.332204510175204,3.7376696182833684
PS2,2004,Action,Activision,0.44,64.0,41,8.5,19,Saffire,T,2000s,Other,3.7376696182833684,2.995732273553991
WiiU,2015,Sports,Nintendo,0.44,58.0,58,5.3,133,"Nintendo, Camelot Software Planning",E,2010s,Mario,4.07753744390572,4.897839799950911
PS3,2011,Sports,Sega,0.44,69.0,49,6.6,28,Sega,E,2010s,Other,3.912023005428146,3.367295829986474
XB,2005,Role-Playing,Activision,0.44,84.0,50,8.7,199,Raven Software,T,2000s,Other,3.9318256327243257,5.298317366548036
X360,2012,Fighting,Namco Bandai Games,0.44,74.0,35,7.2,47,"CyberConnect2, Racjin",T,2010s,Other,3.58351893845611,3.8712010109078907
PS4,2014,Action,Activision,0.44,78.0,46,5.6,32,Toys for Bob,E10+,2010s,Other,3.8501476017100584,3.4965075614664802
PSP,2007,Strategy,THQ,0.44,80.0,26,8.1,25,"Team 17, Two Tribes",E10+,2000s,Other,3.295836866004329,3.258096538021482
PS2,2003,Action,Electronic Arts,0.44,56.0,33,7.4,21,Point of View,M,2000s,Other,3.5263605246161616,3.091042453358316
DS,2008,Strategy,Take-Two Interactive,0.44,80.0,26,7.7,21,Firaxis Games,E10+,2000s,Other,3.295836866004329,3.091042453358316
XB,2002,Sports,Electronic Arts,0.44,88.0,14,8.5,11,EA Sports,E,2000s,Other,2.70805020110221,2.4849066497880004
PS2,2005,Shooter,Electronic Arts,0.44,80.0,42,8.5,65,Digital Illusions,T,2000s,Other,3.7612001156935624,4.189654742026425
XB,2005,Action,Vivendi Games,0.44,50.0,14,5.9,21,Genuine Games,M,2000s,Other,2.70805020110221,3.091042453358316
PS3,2007,Sports,Activision,0.44,73.0,36,6.6,17,Neversoft Entertainment,T,2000s,Other,3.6109179126442243,2.8903717578961645
XB,2006,Action,LucasArts,0.44,85.0,27,8.6,15,Traveller's Tales,E10+,2000s,Other,3.332204510175204,2.772588722239781
X360,2008,Action,Sega,0.44,68.0,67,8.0,88,Creative Assembly,M,2000s,Other,4.219507705176107,4.48863636973214
DS,2005,Action,Square Enix,0.44,83.0,41,7.6,45,"Square Enix, TOSE",E,2000s,Other,3.7376696182833684,3.828641396489095
Wii,2009,Simulation,Konami Digital Entertainment,0.44,66.0,5,8.2,5,Konami,E10+,2000s,Other,1.791759469228055,1.791759469228055
Wii,2009,Action,Disney Interactive Studios,0.44,69.0,6,8.0,6,Eurocom Entertainment Software,E10+,2000s,Other,1.9459101490553132,1.9459101490553132
X360,2012,Action,Activision,0.44,79.0,52,8.3,160,High Moon Studios,T,2010s,Other,3.970291913552122,5.081404364984463
PSP,2010,Shooter,Sony Computer Entertainment,0.44,74.0,51,8.0,20,Slant Six,T,2010s,Other,3.9512437185814275,3.044522437723423
XB,2004,Racing,THQ,0.44,81.0,18,9.3,12,Rainbow Studios,E,2000s,Other,2.9444389791664403,2.5649493574615367
GC,2003,Platform,Nintendo,0.44,71.0,30,7.2,44,Treasure,E,2000s,Other,3.4339872044851463,3.8066624897703196
X360,2013,Action,Capcom,0.44,86.0,65,5.1,1438,Ninja Theory,M,2010s,Other,4.189654742026425,7.271703706887368
GBA,2003,Action,THQ,0.44,53.0,6,7.5,27,Artificial Mind and Movement,E,2000s,Other,1.9459101490553132,3.332204510175204
PSV,2012,Action,Electronic Arts,0.44,57.0,9,4.1,89,Electronic Arts,E,2010s,FIFA,2.302585092994046,4.499809670330265
PS3,2008,Platform,Vivendi Games,0.44,59.0,22,6.6,36,Etranges Libellules,E10+,2000s,Other,3.1354942159291497,3.6109179126442243
Wii,2009,Action,Nintendo,0.44,55.0,26,7.2,22,Omega Force,T,2000s,Other,3.295836866004329,3.1354942159291497
Wii,2009,Action,D3Publisher,0.44,65.0,5,4.0,6,Papaya Studios,E10+,2000s,Other,1.791759469228055,1.9459101490553132
GC,2002,Shooter,Eidos Interactive,0.44,88.0,18,9.0,65,Free Radical Design,T,2000s,Other,2.9444389791664403,4.189654742026425
GC,2002,Adventure,Nintendo,0.44,92.0,41,8.7,173,Silicon Knights,M,2000s,Other,3.7376696182833684,5.159055299214529
Wii,2009,Misc,Namco Bandai Games,0.44,53.0,8,6.8,5,Red Fly Studio,E,2000s,Other,2.1972245773362196,1.791759469228055
PS2,2005,Fighting,Atari,0.44,75.0,24,8.7,33,CyberConnect2,T,2000s,Other,3.2188758248682006,3.5263605246161616
X360,2007,Shooter,Take-Two Interactive,0.44,82.0,63,8.1,196,Starbreeze,M,2000s,Other,4.1588830833596715,5.2832037287379885
Wii,2007,Strategy,LucasArts,0.44,70.0,14,2.8,40,Frontier Developments,E10+,2000s,Other,2.70805020110221,3.713572066704308
X360,2011,Shooter,Ubisoft,0.44,84.0,81,7.7,95,Q Entertainment,E10+,2010s,Other,4.406719247264253,4.564348191467836
PS3,2010,Action,Activision,0.44,74.0,57,7.5,96,Beenox,T,2010s,Other,4.060443010546419,4.574710978503383
PS2,2002,Sports,Midway Games,0.44,73.0,15,8.6,5,Point of View,E,2000s,Other,2.772588722239781,1.791759469228055
PS3,2008,Role-Playing,Atari,0.44,80.0,34,7.8,117,Tri-Crescendo,T,2000s,Other,3.5553480614894135,4.770684624465665
Wii,2009,Misc,Konami Digital Entertainment,0.44,63.0,4,7.5,27,Blitz Games Studios,T,2000s,Other,1.6094379124341003,3.332204510175204
XB,2002,Simulation,Activision,0.44,78.0,22,5.2,5,Secret Level,T,2000s,Other,3.1354942159291497,1.791759469228055
GBA,2004,Adventure,Nintendo,0.43,58.0,9,8.6,18,Nintendo,E,2000s,Other,2.302585092994046,2.9444389791664403
Wii,2007,Platform,THQ,0.43,60.0,4,6.0,8,Blue Tongue Entertainment,E,2000s,Other,1.6094379124341003,2.1972245773362196
PS2,2003,Action,Sony Computer Entertainment,0.43,73.0,36,8.6,53,SCEE,M,2000s,Other,3.6109179126442243,3.9889840465642745
PS3,2012,Action,Tecmo Koei,0.43,58.0,43,5.0,152,Team Ninja,M,2010s,Other,3.784189633918261,5.030437921392435
DS,2009,Misc,Activision,0.43,65.0,18,7.0,4,Vicarious Visions,E10+,2000s,Other,2.9444389791664403,1.6094379124341003
GBA,2004,Racing,Electronic Arts,0.43,72.0,8,8.2,13,Pocketeers,E,2000s,Other,2.1972245773362196,2.639057329615259
DS,2006,Puzzle,Nintendo,0.43,69.0,20,7.5,27,Tenyo,E,2000s,Other,3.044522437723423,3.332204510175204
XB,2001,Sports,Electronic Arts,0.43,88.0,22,8.5,11,EA Sports Big,E,2000s,Other,3.1354942159291497,2.4849066497880004
3DS,2011,Puzzle,Tetris Online,0.43,74.0,33,6.8,28,Hudson Soft,E,2010s,Other,3.5263605246161616,3.367295829986474
XOne,2015,Shooter,Take-Two Interactive,0.43,80.0,11,7.8,119,Gearbox Software,M,2010s,Other,2.4849066497880004,4.787491742782046
PS2,2005,Action,Disney Interactive Studios,0.43,68.0,36,8.4,17,Traveller's Tales,T,2000s,Other,3.6109179126442243,2.8903717578961645
PS3,2009,Action,LucasArts,0.43,43.0,22,5.3,16,"LucasArts, Krome Studios",T,2000s,Other,3.1354942159291497,2.833213344056216
XB,2003,Sports,Electronic Arts,0.43,88.0,13,8.8,19,EA Sports,E,2000s,Other,2.639057329615259,2.995732273553991
PS2,2003,Action,Electronic Arts,0.43,51.0,7,3.6,16,Argonaut Games,E,2000s,Other,2.0794415416798357,2.833213344056216
PS3,2014,Fighting,Namco Bandai Games,0.43,73.0,26,7.5,100,CyberConnect2,T,2010s,Other,3.295836866004329,4.61512051684126
PS3,2010,Action,505 Games,0.43,43.0,31,5.5,49,Artificial Mind and Movement,T,2010s,Other,3.4657359027997265,3.912023005428146
PS,2001,Sports,Sony Computer Entertainment,0.43,76.0,5,8.1,8,989 Sports,E,2000s,Other,1.791759469228055,2.1972245773362196
X360,2013,Action,Activision,0.43,62.0,49,7.4,368,High Moon Studios,M,2010s,Other,3.912023005428146,5.910796644040527
XOne,2014,Action,Warner Bros. Interactive Entertainment,0.43,74.0,25,7.1,36,TT Games,E10+,2010s,Other,3.258096538021482,3.6109179126442243
PS3,2014,Sports,Sony Computer Entertainment America,0.43,81.0,26,6.8,79,SCEA San Diego Studios,E,2010s,Other,3.295836866004329,4.382026634673881
X360,2012,Action,Capcom,0.43,77.0,32,8.4,93,"Capcom, Pipeworks Software, Inc.",M,2010s,Other,3.4965075614664802,4.543294782270004
PS3,2010,Role-Playing,Tecmo Koei,0.43,45.0,31,7.0,148,"Idea Factory, Compile Heart",T,2010s,Other,3.4657359027997265,5.003946305945459
PS2,2000,Shooter,Eidos Interactive,0.43,81.0,23,8.0,40,Free Radical Design,T,2000s,Other,3.1780538303479458,3.713572066704308
PS2,2004,Role-Playing,Namco Bandai Games,0.43,51.0,7,8.1,28,Kamui,T,2000s,Other,2.0794415416798357,3.367295829986474
GBA,2003,Platform,Capcom,0.43,81.0,17,8.6,18,Inti,E,2000s,Other,2.8903717578961645,2.9444389791664403
DS,2007,Misc,Ubisoft,0.43,73.0,7,7.5,27,"Ubisoft, Sensory Sweep",E,2000s,Other,2.0794415416798357,3.332204510175204
PS3,2013,Shooter,505 Games,0.43,74.0,12,6.2,181,Overkill Software,M,2010s,Other,2.5649493574615367,5.204006687076795
PS2,2009,Action,Atari,0.43,64.0,9,8.7,6,War Drum Studios,E10+,2000s,Other,2.302585092994046,1.9459101490553132
PS2,2003,Action,Interplay,0.43,68.0,27,8.8,16,High Voltage Software,M,2000s,Other,3.332204510175204,2.833213344056216
PS2,2004,Sports,Sony Computer Entertainment,0.43,71.0,38,7.8,5,Harmonix Music Systems,E,2000s,Other,3.6635616461296463,1.791759469228055
PS2,2003,Role-Playing,Sony Online Entertainment,0.43,74.0,22,8.2,33,Sony Online Entertainment,T,2000s,Other,3.1354942159291497,3.5263605246161616
DS,2010,Adventure,Capcom,0.43,82.0,48,7.9,53,Capcom,E10+,2010s,Other,3.8918202981106265,3.9889840465642745
3DS,2013,Role-Playing,Rising Star Games,0.43,47.0,14,6.0,24,TOYBOX,E10+,2010s,Other,2.70805020110221,3.2188758248682006
PS3,2012,Misc,Ubisoft,0.43,77.0,5,7.1,29,Ubisoft,E10+,2010s,Other,1.791759469228055,3.4011973816621555
PS2,2001,Simulation,Namco Bandai Games,0.43,71.0,12,8.8,23,Sunrise Interactive,T,2000s,Other,2.5649493574615367,3.1780538303479458
DS,2009,Puzzle,Warner Bros. Interactive Entertainment,0.43,68.0,7,7.5,27,Hijinx Studios,E,2000s,Other,2.0794415416798357,3.332204510175204
PS2,2006,Role-Playing,Square Enix,0.43,57.0,27,6.8,11,Square Enix,T,2000s,Other,3.332204510175204,2.4849066497880004
DS,2005,Platform,Konami Digital Entertainment,0.43,89.0,52,8.5,171,Konami,T,2000s,Other,3.970291913552122,5.147494476813453
PC,2012,Shooter,Take-Two Interactive,0.43,87.0,30,7.6,2202,Rockstar Studios,M,2010s,Other,3.4339872044851463,7.697575346802343
PSP,2006,Role-Playing,Ubisoft,0.43,66.0,27,7.8,25,Alfa System,T,2000s,Other,3.332204510175204,3.258096538021482
PS3,2010,Role-Playing,Sega,0.43,64.0,49,6.9,117,Obsidian Entertainment,M,2010s,Other,3.912023005428146,4.770684624465665
PS4,2015,Action,Bethesda Softworks,0.43,76.0,54,8.0,267,MachineGames,Unknown,2010s,Other,4.007333185232471,5.5909869805108565
X360,2013,Platform,Ubisoft,0.43,90.0,35,8.2,217,Ubisoft Montpellier,E10+,2010s,Other,3.58351893845611,5.384495062789089
GC,2002,Sports,Electronic Arts,0.43,92.0,13,8.5,17,EA Sports,E,2000s,Madden,2.639057329615259,2.8903717578961645
XB,2003,Misc,Midway Games,0.43,74.0,22,7.5,27,Midway,T,2000s,Other,3.1354942159291497,3.332204510175204
X360,2008,Misc,Disney Interactive Studios,0.43,53.0,10,5.2,6,Zoe Mode,E,2000s,Other,2.3978952727983707,1.9459101490553132
PC,2006,Simulation,Microsoft Game Studios,0.43,80.0,28,7.6,95,Microsoft Game Studios,E,2000s,Other,3.367295829986474,4.564348191467836
PS2,2005,Misc,Sega,0.43,46.0,18,6.7,6,Sega,T,2000s,Other,2.9444389791664403,1.9459101490553132
Wii,2008,Platform,Vivendi Games,0.43,70.0,13,6.6,16,Radical Entertainment,E10+,2000s,Other,2.639057329615259,2.833213344056216
DS,2006,Action,D3Publisher,0.42,56.0,23,6.5,13,Aspect,E10+,2000s,Other,3.1780538303479458,2.639057329615259
GC,2002,Sports,Electronic Arts,0.42,88.0,15,8.6,7,EA Sports,E,2000s,Other,2.772588722239781,2.0794415416798357
PS3,2007,Action,Electronic Arts,0.42,68.0,38,4.4,40,EA Chicago,M,2000s,Other,3.6635616461296463,3.713572066704308
X360,2014,Sports,Electronic Arts,0.42,74.0,29,4.4,93,EA Canada,E,2010s,FIFA,3.4011973816621555,4.543294782270004
PS2,2007,Platform,Vivendi Games,0.42,54.0,18,5.4,28,Krome Studios,E10+,2000s,Other,2.9444389791664403,3.367295829986474
PS3,2010,Role-Playing,Nippon Ichi Software,0.42,74.0,19,6.7,109,Gust,T,2010s,Other,2.995732273553991,4.700480365792417
GBA,2001,Role-Playing,Capcom,0.42,79.0,10,8.9,24,Capcom,E,2000s,Other,2.3978952727983707,3.2188758248682006
PSP,2006,Racing,THQ,0.42,65.0,24,8.2,6,Juice Games,T,2000s,Other,3.2188758248682006,1.9459101490553132
PS2,2006,Shooter,Eidos Interactive,0.42,39.0,23,4.9,46,"Ritual Entertainment, Avalanche Software",M,2000s,Other,3.1780538303479458,3.8501476017100584
PS2,2005,Sports,Take-Two Interactive,0.42,81.0,28,5.8,18,2K Sports,E10+,2000s,Other,3.367295829986474,2.9444389791664403
GC,2003,Shooter,Electronic Arts,0.42,68.0,24,6.4,13,EA LA,T,2000s,Other,3.2188758248682006,2.639057329615259
XB,2003,Simulation,Electronic Arts,0.42,84.0,17,6.9,20,Edge of Reality,T,2000s,Other,2.8903717578961645,3.044522437723423
PS2,2003,Adventure,Sony Computer Entertainment,0.42,64.0,19,3.1,157,Frontier Developments,T,2000s,Other,2.995732273553991,5.062595033026967
GC,2005,Sports,Activision,0.42,76.0,26,7.7,15,Neversoft Entertainment,T,2000s,Other,3.295836866004329,2.772588722239781
PS,1997,Simulation,Psygnosis,0.42,91.0,12,7.8,12,Psygnosis,E,1990s,Other,2.5649493574615367,2.5649493574615367
PS2,2003,Sports,Acclaim Entertainment,0.42,78.0,19,7.5,11,Acclaim Studios Austin,E,2000s,Other,2.995732273553991,2.4849066497880004
PS,2001,Racing,Electronic Arts,0.42,69.0,8,6.9,10,Black Box,E,2000s,Other,2.1972245773362196,2.3978952727983707
PSV,2013,Action,Warner Bros. Interactive Entertainment,0.42,61.0,38,6.8,106,Armature Studio,T,2010s,Other,3.6635616461296463,4.672828834461906
PS3,2012,Simulation,Konami Digital Entertainment,0.42,73.0,27,8.0,42,High Voltage Software,M,2010s,Other,3.332204510175204,3.7612001156935624
Wii,2010,Sports,Electronic Arts,0.42,70.0,19,6.7,11,Electronic Arts,E,2010s,FIFA,2.995732273553991,2.4849066497880004
XB,2004,Sports,Global Star,0.42,88.0,32,8.5,14,Kush Games,E,2000s,Other,3.4965075614664802,2.70805020110221
PS2,2003,Racing,THQ,0.42,55.0,5,7.7,9,Climax Group,E,2000s,Other,1.791759469228055,2.302585092994046
PS2,2002,Action,Atari,0.42,64.0,22,7.2,9,Atari,E,2000s,Other,3.1354942159291497,2.302585092994046
PS4,2014,Racing,Ubisoft,0.42,79.0,51,7.2,244,RedLynx,E10+,2010s,Other,3.9512437185814275,5.501258210544727
PS2,2004,Racing,Zoo Digital Publishing,0.42,47.0,4,7.5,13,Creat Studios,T,2000s,Other,1.6094379124341003,2.639057329615259
Wii,2009,Racing,Electronic Arts,0.42,70.0,12,8.1,9,Electronic Arts,E,2000s,Other,2.5649493574615367,2.302585092994046
GBA,2004,Action,Ubisoft,0.42,60.0,21,7.5,27,Ubisoft,E,2000s,Other,3.091042453358316,3.332204510175204
X360,2009,Misc,Activision,0.42,71.0,56,5.9,18,Beenox,T,2000s,Other,4.04305126783455,2.9444389791664403
GBA,2004,Platform,Activision,0.42,72.0,8,8.0,4,Griptonite Games,E,2000s,Other,2.1972245773362196,1.6094379124341003
XB,2002,Racing,Atari,0.42,71.0,16,8.7,10,Pitbull Syndicate,T,2000s,Other,2.833213344056216,2.3978952727983707
PSP,2007,Action,Disney Interactive Studios,0.42,61.0,5,7.0,11,Eurocom Entertainment Software,T,2000s,Other,1.791759469228055,2.4849066497880004
GC,2004,Shooter,Electronic Arts,0.42,84.0,41,8.2,25,EA Redwood Shores,T,2000s,Other,3.7376696182833684,3.258096538021482
PSP,2005,Sports,Electronic Arts,0.42,80.0,18,7.6,13,EA Canada,E,2000s,Other,2.9444389791664403,2.639057329615259
PS2,2008,Sports,Sony Computer Entertainment,0.42,84.0,12,7.3,7,SCEA San Diego Studios,E,2000s,Other,2.5649493574615367,2.0794415416798357
XB,2004,Simulation,Konami Digital Entertainment,0.42,78.0,16,7.1,7,Konami Computer Entertainment Hawaii,E,2000s,Other,2.833213344056216,2.0794415416798357
GC,2004,Platform,Capcom,0.42,81.0,32,8.8,17,Atomic Planet Entertainment,E,2000s,Other,3.4965075614664802,2.8903717578961645
DS,2008,Platform,Vivendi Games,0.42,45.0,12,5.8,8,TOSE,E,2000s,Other,2.5649493574615367,2.1972245773362196
Wii,2010,Action,Activision,0.42,59.0,11,7.0,4,Etranges Libellules,E10+,2010s,Other,2.4849066497880004,1.6094379124341003
3DS,2014,Simulation,Nintendo,0.42,76.0,39,8.2,54,Marvelous AQL,E10+,2010s,Other,3.6888794541139363,4.007333185232471
GC,2005,Action,Electronic Arts,0.42,69.0,20,6.3,13,Electronic Arts,E10+,2000s,Other,3.044522437723423,2.639057329615259
PS2,2007,Strategy,LucasArts,0.42,70.0,11,1.7,30,Frontier Developments,E10+,2000s,Other,2.4849066497880004,3.4339872044851463
PS3,2013,Action,Deep Silver,0.42,80.0,23,8.2,508,4A Games,Unknown,2010s,Other,3.1780538303479458,6.2324480165505225
PS,2001,Action,Capcom,0.42,65.0,14,6.8,44,Capcom,E,2000s,Other,2.70805020110221,3.8066624897703196
PS2,2002,Shooter,Universal Interactive,0.42,75.0,18,8.5,26,Terminal Reality,M,2000s,Other,2.9444389791664403,3.295836866004329
PS2,2005,Action,Konami Digital Entertainment,0.42,70.0,30,7.5,46,Konami,M,2000s,Other,3.4339872044851463,3.8501476017100584
PS3,2009,Misc,Warner Bros. Interactive Entertainment,0.42,75.0,36,7.6,18,TT Fusion,E10+,2000s,Other,3.6109179126442243,2.9444389791664403
XB,2006,Shooter,Electronic Arts,0.42,77.0,65,8.0,51,Criterion Games,M,2000s,Other,4.189654742026425,3.9512437185814275
X360,2012,Shooter,Take-Two Interactive,0.42,76.0,59,8.2,319,Yager,M,2010s,Other,4.0943445622221,5.768320995793772
WiiU,2016,Role-Playing,Nintendo,0.42,75.0,72,6.8,208,"Nintendo, Intelligent Systems",E,2010s,Mario,4.290459441148391,5.342334251964811
DS,2008,Role-Playing,Square Enix,0.42,74.0,35,6.8,12,Tri-Ace,T,2000s,Other,3.58351893845611,2.5649493574615367
X360,2010,Shooter,Sega,0.42,84.0,70,8.4,182,PlatinumGames,M,2010s,Other,4.2626798770413155,5.209486152841421
PS3,2010,Action,Disney Interactive Studios,0.42,58.0,47,6.2,28,Propaganda Games,T,2010s,Other,3.8712010109078907,3.367295829986474
PS2,2007,Action,Disney Interactive Studios,0.42,54.0,10,7.0,10,Eurocom Entertainment Software,T,2000s,Other,2.3978952727983707,2.3978952727983707
PS,2000,Adventure,Capcom,0.42,76.0,10,8.8,29,Capcom,E,2000s,Other,2.3978952727983707,3.4011973816621555
X360,2006,Simulation,Ubisoft,0.42,66.0,58,7.9,53,Ubisoft,T,2000s,Other,4.07753744390572,3.9889840465642745
3DS,2013,Action,Screenlife,0.42,46.0,22,4.5,34,Spike Chunsoft,M,2010s,Other,3.1354942159291497,3.5553480614894135
PS2,2004,Action,Midway Games,0.42,77.0,47,8.9,40,Surreal Software,M,2000s,Other,3.8712010109078907,3.713572066704308
XB,2001,Simulation,LucasArts,0.42,76.0,22,7.5,27,Secret Level,T,2000s,Other,3.1354942159291497,3.332204510175204
WiiU,2015,Misc,Nintendo,0.41,46.0,20,4.4,173,"Nintendo, Nd Cube",E,2010s,Other,3.044522437723423,5.159055299214529
PS2,2003,Simulation,Konami Digital Entertainment,0.41,82.0,33,8.9,65,KCEJ,M,2000s,Other,3.5263605246161616,4.189654742026425
PS4,2013,Misc,Ubisoft,0.41,75.0,4,5.5,51,Ubisoft,E10+,2010s,Other,1.6094379124341003,3.9512437185814275
PS2,2003,Sports,Sony Computer Entertainment,0.41,65.0,25,8.7,6,989 Sports,E,2000s,Other,3.258096538021482,1.9459101490553132
X360,2005,Action,Sega,0.41,81.0,72,8.2,146,Monolith Productions,M,2000s,Other,4.290459441148391,4.990432586778736
PS2,2007,Action,Vivendi Games,0.41,70.0,12,5.9,48,Radical Entertainment,E10+,2000s,Other,2.5649493574615367,3.8918202981106265
XOne,2016,Sports,Electronic Arts,0.41,76.0,42,6.0,77,EA Sports,T,2010s,Other,3.7612001156935624,4.356708826689592
XB,2005,Shooter,Ubisoft,0.41,74.0,39,6.6,28,"Red Storm Entertainment, Ubisoft Montreal",M,2000s,Other,3.6888794541139363,3.367295829986474
X360,2007,Shooter,Vivendi Games,0.41,70.0,58,7.9,63,Saber Interactive,M,2000s,Other,4.07753744390572,4.1588830833596715
PS,2000,Sports,Sony Computer Entertainment,0.41,56.0,10,7.5,27,Idol Minds,E,2000s,Other,2.3978952727983707,3.332204510175204
PS4,2016,Simulation,Focus Home Interactive,0.41,69.0,17,8.7,12,Maximum Games,E,2010s,Other,2.8903717578961645,2.5649493574615367
PSP,2007,Platform,Konami Digital Entertainment,0.41,80.0,43,7.8,62,Konami,T,2000s,Other,3.784189633918261,4.143134726391533
PS3,2010,Action,Ubisoft,0.41,70.0,30,6.8,19,Ubisoft,T,2010s,Other,3.4339872044851463,2.995732273553991
PS2,2006,Action,Activision,0.41,52.0,44,7.5,20,"Z-Axis, Ltd.",T,2000s,Other,3.8066624897703196,3.044522437723423
PS3,2013,Action,505 Games,0.41,81.0,12,7.9,70,Engine Software,T,2010s,Other,2.5649493574615367,4.2626798770413155
XOne,2015,Action,Warner Bros. Interactive Entertainment,0.41,80.0,12,6.9,27,Traveller's Tales,E10+,2010s,Other,2.5649493574615367,3.332204510175204
PSP,2010,Sports,Sega,0.41,77.0,5,7.7,6,Sports Interactive,E,2010s,Other,1.791759469228055,1.9459101490553132
PSP,2007,Action,Warner Bros. Interactive Entertainment,0.41,55.0,31,7.1,14,Collision Studios,M,2000s,Other,3.4657359027997265,2.70805020110221
DS,2009,Fighting,THQ,0.41,61.0,4,2.8,4,THQ,E10+,2000s,Other,1.6094379124341003,1.6094379124341003
XOne,2014,Sports,Electronic Arts,0.41,59.0,22,3.2,180,EA Sports,E10+,2010s,Other,3.1354942159291497,5.198497031265826
PC,2016,Shooter,Ubisoft,0.41,79.0,33,5.8,1188,Massive Entertainment,M,2010s,Other,3.5263605246161616,7.080867896690782
Wii,2009,Adventure,Knowledge Adventure,0.41,68.0,8,7.5,27,Knowledge Adventure Inc.,E,2000s,Other,2.1972245773362196,3.332204510175204
PS3,2010,Misc,MTV Games,0.41,76.0,41,6.3,24,"Harmonix Music Systems, Demiurge Studios",T,2010s,Other,3.7376696182833684,3.2188758248682006
PS3,2014,Racing,Codemasters,0.41,62.0,19,4.1,28,Codemasters Birmingham,E,2010s,Other,2.995732273553991,3.367295829986474
PS3,2007,Racing,THQ,0.41,63.0,8,4.8,4,Rainbow Studios,E,2000s,Other,2.1972245773362196,1.6094379124341003
WiiU,2012,Shooter,Activision,0.41,81.0,31,6.9,228,Treyarch,M,2010s,Call of Duty,3.4657359027997265,5.43372200355424
PC,2007,Shooter,Take-Two Interactive,0.41,96.0,44,8.5,3606,"Irrational Games, 2K Marin",M,2000s,Other,3.8066624897703196,8.19063168090354
PS2,2002,Action,Atari,0.41,58.0,17,5.7,18,Paradigm Entertainment,T,2000s,Other,2.8903717578961645,2.9444389791664403
Wii,2007,Shooter,Electronic Arts,0.41,73.0,37,7.6,82,EA Canada,T,2000s,Other,3.6375861597263857,4.418840607796598
X360,2011,Sports,Take-Two Interactive,0.41,84.0,54,8.2,70,2K Czech,E,2010s,Other,4.007333185232471,4.2626798770413155
DS,2009,Adventure,THQ,0.41,53.0,8,7.5,27,THQ,T,2000s,Other,2.1972245773362196,3.332204510175204
PS2,2001,Simulation,Metro 3D,0.41,75.0,16,8.8,30,From Software,T,2000s,Other,2.833213344056216,3.4339872044851463
GC,2002,Fighting,Midway Games,0.41,81.0,20,8.7,43,Midway,M,2000s,Other,3.044522437723423,3.784189633918261
Wii,2007,Platform,Sega,0.41,69.0,47,8.5,55,"Sega, Sonic Team",E,2000s,Other,3.8712010109078907,4.02535169073515
PC,2014,Shooter,Activision,0.41,78.0,18,4.5,1136,Sledgehammer Games,M,2010s,Call of Duty,2.9444389791664403,7.036148493750536
PS2,2005,Platform,Midway Games,0.41,50.0,5,7.6,16,Artificial Mind and Movement,E,2000s,Other,1.791759469228055,2.833213344056216
PS2,2001,Platform,Ubisoft,0.41,59.0,7,7.1,7,Ubisoft,E,2000s,Other,2.0794415416798357,2.0794415416798357
PS3,2011,Fighting,THQ,0.41,75.0,51,6.4,36,THQ,T,2010s,Other,3.9512437185814275,3.6109179126442243
X360,2010,Misc,MTV Games,0.41,75.0,54,6.6,32,"Harmonix Music Systems, Demiurge Studios",T,2010s,Other,4.007333185232471,3.4965075614664802
DS,2010,Action,Electronic Arts,0.41,56.0,6,6.0,4,Full Fat,E10+,2010s,Other,1.9459101490553132,1.6094379124341003
PSV,2012,Shooter,Sony Computer Entertainment,0.41,60.0,63,6.8,245,Nihilistic,M,2010s,Other,4.1588830833596715,5.5053315359323625
X360,2006,Shooter,Electronic Arts,0.41,77.0,54,7.3,79,Digital Illusions,T,2000s,Other,4.007333185232471,4.382026634673881
PS,2000,Fighting,Electronic Arts,0.41,84.0,11,8.5,6,EA Sports,T,2000s,Other,2.4849066497880004,1.9459101490553132
PS2,2005,Action,Electronic Arts,0.41,69.0,29,7.6,36,EA Redwood Shores,T,2000s,Other,3.4011973816621555,3.6109179126442243
X360,2011,Simulation,THQ,0.41,66.0,11,7.5,4,Blitz Games Studios,E,2010s,Other,2.4849066497880004,1.6094379124341003
PS3,2010,Fighting,PQube,0.41,87.0,29,8.0,65,Arc System Works,T,2010s,Other,3.4011973816621555,4.189654742026425
PC,2011,Shooter,Take-Two Interactive,0.41,54.0,48,5.7,1183,"Gearbox Software, 3D Realms",M,2010s,Other,3.8918202981106265,7.076653815443951
PS2,2002,Action,Activision,0.41,50.0,26,5.0,14,Treyarch,T,2000s,Other,3.295836866004329,2.70805020110221
PS3,2009,Puzzle,Namco Bandai Games,0.4,74.0,51,8.1,50,Bandai Namco Games,E,2000s,Other,3.9512437185814275,3.9318256327243257
PS,2001,Sports,Sony Computer Entertainment,0.4,62.0,10,8.8,4,989 Sports,E,2000s,Other,2.3978952727983707,1.6094379124341003
X360,2008,Action,Activision,0.4,68.0,57,8.6,87,Shaba Games,T,2000s,Other,4.060443010546419,4.477336814478207
X360,2010,Action,505 Games,0.4,43.0,51,5.6,70,Artificial Mind and Movement,T,2010s,Other,3.9512437185814275,4.2626798770413155
GC,2003,Platform,THQ,0.4,71.0,16,8.2,9,Avalanche Software,E,2000s,Other,2.833213344056216,2.302585092994046
Wii,2009,Misc,Ubisoft,0.4,43.0,7,7.1,7,7 Studios,E10+,2000s,Other,2.0794415416798357,2.0794415416798357
X360,2007,Action,Ubisoft,0.4,51.0,23,4.7,30,Ubisoft Shanghai,M,2000s,Other,3.1780538303479458,3.4339872044851463
Wii,2010,Sports,Electronic Arts,0.4,79.0,43,8.5,20,EA Canada,E,2010s,Other,3.784189633918261,3.044522437723423
DS,2009,Role-Playing,Rising Star Games,0.4,77.0,10,8.6,46,Neverland,E,2000s,Other,2.3978952727983707,3.8501476017100584
PS4,2015,Role-Playing,Namco Bandai Games,0.4,72.0,59,6.8,315,Bandai Namco Games,T,2010s,Other,4.0943445622221,5.755742213586912
PS3,2013,Adventure,Konami Digital Entertainment,0.4,93.0,4,9.0,255,Konami,M,2010s,Other,1.6094379124341003,5.545177444479562
PS2,2002,Misc,Midway Games,0.4,73.0,24,7.8,6,7 Studios,T,2000s,Other,3.2188758248682006,1.9459101490553132
PS2,2005,Role-Playing,Midway Games,0.4,59.0,38,5.7,20,Midway,T,2000s,Other,3.6635616461296463,3.044522437723423
GC,2003,Sports,Electronic Arts,0.4,68.0,16,8.5,10,Electronic Arts,E,2000s,Other,2.833213344056216,2.3978952727983707
X360,2007,Strategy,Codemasters,0.4,76.0,47,8.3,70,Triumph Studios,T,2000s,Other,3.8712010109078907,4.2626798770413155
PS2,2008,Action,Disney Interactive Studios,0.4,67.0,6,7.0,8,Traveller's Tales,T,2000s,Other,1.9459101490553132,2.1972245773362196
PS4,2016,Adventure,Square Enix,0.4,85.0,23,8.6,672,DONTNOD Entertainment,M,2010s,Other,3.1780538303479458,6.511745329644728
GC,2005,Strategy,Nintendo,0.4,76.0,43,8.8,18,Kuju Entertainment,T,2000s,Other,3.784189633918261,2.9444389791664403
GC,2004,Action,THQ,0.4,49.0,6,7.5,27,Pacific Coast Power & Light,E,2000s,Other,1.9459101490553132,3.332204510175204
WiiU,2013,Action,Nintendo,0.4,78.0,75,8.5,495,PlatinumGames,T,2010s,Other,4.330733340286331,6.206575926724928
Wii,2011,Misc,THQ,0.4,59.0,12,7.5,27,WayForward,E,2010s,Other,2.5649493574615367,3.332204510175204
PS3,2012,Action,Capcom,0.4,71.0,39,7.4,169,CyberConnect2,T,2010s,Other,3.6888794541139363,5.135798437050262
PS2,2001,Racing,Acclaim Entertainment,0.4,61.0,11,5.7,18,Acclaim Studios Cheltenham,E,2000s,Other,2.4849066497880004,2.9444389791664403
PS3,2008,Platform,THQ,0.4,51.0,24,5.0,7,Heavy Iron Studios,E,2000s,Other,3.2188758248682006,2.0794415416798357
PS2,2004,Misc,Atari,0.4,66.0,12,4.3,6,Digital Eclipse,E,2000s,Other,2.5649493574615367,1.9459101490553132
PC,2013,Sports,Electronic Arts,0.4,87.0,6,4.6,441,EA Canada,E,2010s,FIFA,1.9459101490553132,6.091309882077698
PS2,2005,Sports,Sony Computer Entertainment,0.4,81.0,32,9.0,21,989 Sports,E,2000s,Other,3.4965075614664802,3.091042453358316
PSV,2012,Role-Playing,GungHo,0.4,66.0,21,7.8,111,Game Arts,T,2010s,Other,3.091042453358316,4.718498871295094
X360,2011,Shooter,Microsoft Game Studios,0.4,77.0,60,8.1,40,Twisted Pixel Games,T,2010s,Other,4.110873864173311,3.713572066704308
Wii,2006,Role-Playing,Activision,0.4,73.0,31,7.3,29,Vicarious Visions,T,2000s,Other,3.4657359027997265,3.4011973816621555
XB,2005,Racing,THQ,0.4,80.0,21,8.3,13,Rainbow Studios,E,2000s,Other,3.091042453358316,2.639057329615259
PC,2012,Action,Electronic Arts,0.4,86.0,7,6.6,286,Electronic Arts,E,2010s,FIFA,2.0794415416798357,5.659482215759621
GC,2006,Action,Midway Games,0.4,57.0,24,6.7,6,"Pipeworks Software, Inc.",E10+,2000s,Other,3.2188758248682006,1.9459101490553132
GC,2004,Simulation,Electronic Arts,0.4,73.0,19,8.4,16,Maxis,T,2000s,Other,2.995732273553991,2.833213344056216
GBA,2004,Action,THQ,0.4,53.0,4,7.5,27,Altron,E,2000s,Other,1.6094379124341003,3.332204510175204
PSP,2005,Fighting,THQ,0.4,81.0,30,8.5,37,Yuke's,T,2000s,Other,3.4339872044851463,3.6375861597263857
PC,2010,Action,Take-Two Interactive,0.4,77.0,46,7.9,1238,2K Czech,M,2010s,Other,3.8501476017100584,7.122059881629142
XB,2001,Sports,Electronic Arts,0.4,76.0,15,7.5,6,Electronic Arts,E,2000s,Other,2.772588722239781,1.9459101490553132
PS3,2008,Sports,Sega,0.4,67.0,31,7.4,7,Sumo Digital,E10+,2000s,Other,3.4657359027997265,2.0794415416798357
Wii,2009,Simulation,Electronic Arts,0.4,61.0,23,7.1,36,Maxis,E10+,2000s,Other,3.1780538303479458,3.6109179126442243
PS2,2003,Platform,Sony Computer Entertainment,0.4,73.0,39,8.3,22,Argonaut Games,T,2000s,Other,3.6888794541139363,3.1354942159291497
DS,2009,Action,Atari,0.4,55.0,17,6.0,7,Zen Studios,E,2000s,Other,2.8903717578961645,2.0794415416798357
GC,2004,Shooter,Activision,0.4,74.0,31,8.9,13,Exakt,T,2000s,Call of Duty,3.4657359027997265,2.639057329615259
DS,2007,Role-Playing,D3Publisher,0.4,57.0,18,7.2,9,TOSE,E10+,2000s,Other,2.9444389791664403,2.302585092994046
DS,2006,Platform,Konami Digital Entertainment,0.4,85.0,51,8.3,87,Konami,T,2000s,Other,3.9512437185814275,4.477336814478207
PS2,2005,Racing,Jester Interactive,0.4,71.0,7,8.5,8,Jester Interactive,E,2000s,Other,2.0794415416798357,2.1972245773362196
PS2,2004,Fighting,Konami Digital Entertainment,0.39,66.0,44,8.5,20,Yuke's,M,2000s,Other,3.8066624897703196,3.044522437723423
X360,2007,Action,Eidos Interactive,0.39,77.0,33,8.3,39,Crystal Dynamics,T,2000s,Other,3.5263605246161616,3.6888794541139363
DS,2009,Adventure,Focus Home Interactive,0.39,57.0,8,3.1,9,"Frogwares, Mistic Software",E,2000s,Other,2.1972245773362196,2.302585092994046
PS2,2007,Action,Take-Two Interactive,0.39,36.0,7,6.4,17,7 Studios,T,2000s,Other,2.0794415416798357,2.8903717578961645
XB,2005,Action,Activision,0.39,77.0,53,7.4,20,Treyarch,T,2000s,Other,3.9889840465642745,3.044522437723423
PS2,2007,Racing,THQ,0.39,66.0,4,6.7,10,Juice Games,T,2000s,Other,1.6094379124341003,2.3978952727983707
3DS,2012,Action,Warner Bros. Interactive Entertainment,0.39,61.0,4,7.6,10,TT Games,E10+,2010s,Other,1.6094379124341003,2.3978952727983707
Wii,2010,Action,Rising Star Games,0.39,84.0,68,8.8,184,Grasshopper Manufacture,M,2010s,Other,4.23410650459726,5.220355825078325
PS,2000,Racing,Hasbro Interactive,0.39,62.0,5,7.5,27,Monster Games Inc.,E,2000s,Other,1.791759469228055,3.332204510175204
X360,2009,Fighting,THQ,0.39,71.0,59,6.3,23,Yuke's,T,2000s,Other,4.0943445622221,3.1780538303479458
Wii,2011,Sports,Namco Bandai Games,0.39,69.0,9,7.0,8,Prope,E,2010s,Other,2.302585092994046,2.1972245773362196
PS3,2012,Simulation,Namco Bandai Games,0.39,65.0,26,7.3,47,From Software,T,2010s,Other,3.295836866004329,3.8712010109078907
PC,2010,Role-Playing,Electronic Arts,0.39,94.0,55,8.8,3559,BioWare,M,2010s,Other,4.02535169073515,8.177515823846075
PS3,2010,Action,Electronic Arts,0.39,38.0,27,2.8,23,EA Bright Light,T,2010s,Other,3.332204510175204,3.1780538303479458
XB,2002,Shooter,Sega,0.39,72.0,30,7.3,9,Wow Entertainment,M,2000s,Other,3.4339872044851463,2.302585092994046
3DS,2012,Role-Playing,Namco Bandai Games,0.39,70.0,53,7.3,146,"Monolith Soft, Banpresto",T,2010s,Other,3.9889840465642745,4.990432586778736
PS3,2010,Sports,Electronic Arts,0.39,71.0,33,5.7,14,EA Canada,E,2010s,Other,3.5263605246161616,2.70805020110221
XOne,2016,Role-Playing,Namco Bandai Games,0.39,87.0,14,8.6,514,From Software,Unknown,2010s,Other,2.70805020110221,6.244166900663736
X360,2010,Sports,Electronic Arts,0.39,75.0,30,7.0,24,EA Canada,E,2010s,Other,3.4339872044851463,3.2188758248682006
3DS,2011,Sports,Electronic Arts,0.39,49.0,18,5.3,16,EA Tiburon,E,2010s,Madden,2.9444389791664403,2.833213344056216
GC,2004,Misc,Nintendo,0.39,69.0,30,6.0,9,Namco,T,2000s,Other,3.4339872044851463,2.302585092994046
PS3,2012,Action,Activision,0.39,77.0,32,8.2,87,High Moon Studios,T,2010s,Other,3.4965075614664802,4.477336814478207
X360,2010,Role-Playing,Sega,0.39,63.0,68,7.2,201,Obsidian Entertainment,M,2010s,Other,4.23410650459726,5.308267697401205
XB,2003,Sports,Electronic Arts,0.39,92.0,27,8.7,25,EA Canada,E,2000s,Other,3.332204510175204,3.258096538021482
3DS,2011,Strategy,Ubisoft,0.39,44.0,18,5.3,9,Ubisoft,E10+,2010s,Other,2.9444389791664403,2.302585092994046
GBA,2004,Sports,Electronic Arts,0.39,79.0,9,7.6,5,Exient Entertainment,E,2000s,Madden,2.302585092994046,1.791759469228055
Wii,2009,Action,Square Enix,0.39,66.0,53,7.6,70,Square Enix,T,2000s,Final Fantasy,3.9889840465642745,4.2626798770413155
PS4,2016,Adventure,Sony Computer Entertainment,0.39,72.0,49,8.0,68,SuperMassive Games,M,2010s,Other,3.912023005428146,4.23410650459726
WiiU,2013,Platform,Sega,0.39,63.0,64,7.3,461,Sonic Team,E10+,2010s,Other,4.174387269895637,6.135564891081739
PS4,2013,Platform,Activision,0.39,79.0,7,5.2,45,Vicarious Visions,E10+,2010s,Other,2.0794415416798357,3.828641396489095
PS3,2010,Action,Sega,0.39,41.0,28,5.2,36,Sega Studios San Francisco,T,2010s,Other,3.367295829986474,3.6109179126442243
X360,2009,Action,LucasArts,0.39,43.0,37,6.3,19,Krome Studios,T,2000s,Other,3.6375861597263857,2.995732273553991
PS2,2000,Fighting,Ubisoft,0.39,62.0,13,8.4,8,Light Weight,M,2000s,Other,2.639057329615259,2.1972245773362196
PS2,2002,Action,Eidos Interactive,0.39,67.0,18,8.8,19,Crystal Dynamics,M,2000s,Other,2.9444389791664403,2.995732273553991
PS3,2010,Misc,Electronic Arts,0.39,64.0,11,6.1,9,Electronic Arts,E,2010s,Other,2.4849066497880004,2.302585092994046
PS3,2008,Action,Sega,0.39,82.0,37,8.1,89,Monolith Productions,M,2000s,Other,3.6375861597263857,4.499809670330265
PS2,2003,Misc,Ubisoft,0.39,79.0,9,7.3,13,Ubisoft Romania,E,2000s,Other,2.302585092994046,2.639057329615259
X360,2012,Shooter,Take-Two Interactive,0.39,80.0,71,7.5,219,Digital Extremes,M,2010s,Other,4.276666119016055,5.393627546352361
PS2,2006,Platform,Vivendi Games,0.39,68.0,19,8.0,6,Eurocom Entertainment Software,E10+,2000s,Other,2.995732273553991,1.9459101490553132
GBA,2005,Simulation,Electronic Arts,0.39,58.0,11,7.5,6,Maxis,E10+,2000s,Other,2.4849066497880004,1.9459101490553132
X360,2006,Action,Eidos Interactive,0.39,82.0,53,8.7,102,Io Interactive,M,2000s,Other,3.9889840465642745,4.634728988229636
DS,2005,Strategy,Nintendo,0.39,90.0,49,9.0,163,Intelligent Systems,E,2000s,Other,3.912023005428146,5.099866427824199
PS2,2002,Racing,Capcom,0.39,66.0,20,7.5,13,Capcom,E,2000s,Other,3.044522437723423,2.639057329615259
XB,2005,Shooter,Ubisoft,0.39,84.0,40,7.2,35,Red Storm Entertainment,T,2000s,Other,3.713572066704308,3.58351893845611
PS2,2007,Sports,Electronic Arts,0.39,65.0,10,7.5,27,EA Salt Lake,E,2000s,Other,2.3978952727983707,3.332204510175204
PS4,2014,Misc,Ubisoft,0.39,72.0,8,5.8,32,Ubisoft,E10+,2010s,Other,2.1972245773362196,3.4965075614664802
3DS,2011,Action,Tecmo Koei,0.39,61.0,30,7.7,35,Omega Force,T,2010s,Other,3.4339872044851463,3.58351893845611
PS2,2008,Misc,Konami Digital Entertainment,0.39,76.0,4,7.5,27,Blitz Games,E,2000s,Other,1.6094379124341003,3.332204510175204
3DS,2013,Action,Namco Bandai Games,0.39,75.0,5,7.6,26,Ganbarion,T,2010s,Other,1.791759469228055,3.295836866004329
X360,2010,Sports,Electronic Arts,0.39,68.0,21,5.4,9,EA Canada,E,2010s,Other,3.091042453358316,2.302585092994046
PS3,2008,Racing,Capcom,0.39,65.0,21,6.0,9,Milestone S.r.l,E,2000s,Other,3.091042453358316,2.302585092994046
X360,2011,Shooter,THQ,0.39,71.0,74,7.0,77,Volition Inc.,M,2010s,Other,4.31748811353631,4.356708826689592
GBA,2003,Sports,Electronic Arts,0.39,53.0,6,8.3,9,Magic Pockets,E,2000s,Other,1.9459101490553132,2.302585092994046
PS3,2011,Role-Playing,Square Enix,0.39,71.0,52,6.3,86,Obsidian Entertainment,T,2010s,Other,3.970291913552122,4.465908118654584
PS2,2003,Role-Playing,Ghostlight,0.38,82.0,42,8.7,83,Atlus Co.,M,2000s,Other,3.7612001156935624,4.430816798843313
X360,2013,Simulation,Focus Home Interactive,0.38,33.0,12,6.2,30,Giants Software,E,2010s,Other,2.5649493574615367,3.4339872044851463
XB,2004,Sports,Sega,0.38,86.0,18,8.3,11,Visual Concepts,E,2000s,Other,2.9444389791664403,2.4849066497880004
PS2,2007,Action,Warner Bros. Interactive Entertainment,0.38,38.0,10,3.9,7,Red Tribe,E10+,2000s,Other,2.3978952727983707,2.0794415416798357
PS3,2006,Role-Playing,Activision,0.38,78.0,35,7.6,49,Raven Software,T,2000s,Other,3.58351893845611,3.912023005428146
3DS,2011,Role-Playing,Ghostlight,0.38,78.0,27,8.2,97,Atlus,T,2010s,Other,3.332204510175204,4.584967478670572
PS2,2001,Sports,Sony Computer Entertainment,0.38,51.0,18,4.6,5,Red Zone Entertainment,E,2000s,Other,2.9444389791664403,1.791759469228055
Wii,2008,Fighting,Tomy Corporation,0.38,72.0,20,8.4,16,Eighting,T,2000s,Other,3.044522437723423,2.833213344056216
GC,2002,Shooter,Acclaim Entertainment,0.38,70.0,19,7.0,21,Acclaim,M,2000s,Other,2.995732273553991,3.091042453358316
PS3,2007,Sports,Electronic Arts,0.38,77.0,13,7.9,28,EA Sports,E,2000s,Other,2.639057329615259,3.367295829986474
GBA,2002,Action,Ubisoft,0.38,47.0,11,7.5,27,Artificial Mind and Movement,E,2000s,Other,2.4849066497880004,3.332204510175204
PS2,2008,Sports,Sega,0.38,70.0,9,8.3,4,Sumo Digital,E10+,2000s,Other,2.302585092994046,1.6094379124341003
PS2,2002,Action,Sega,0.38,74.0,24,7.8,19,Amuze,M,2000s,Other,3.2188758248682006,2.995732273553991
PS3,2008,Action,Sega,0.38,65.0,38,7.4,32,Creative Assembly,M,2000s,Other,3.6635616461296463,3.4965075614664802
PS4,2015,Misc,Harmonix Music Systems,0.38,78.0,51,6.3,87,Harmonix Music Systems,T,2010s,Other,3.9512437185814275,4.477336814478207
GC,2005,Fighting,Electronic Arts,0.38,54.0,19,5.7,24,"EA Canada, Nihilistic",T,2000s,Other,2.995732273553991,3.2188758248682006
Wii,2007,Sports,505 Games,0.38,52.0,11,5.4,23,Point of View,E,2000s,Other,2.4849066497880004,3.1780538303479458
PS2,2005,Misc,THQ,0.38,60.0,7,5.1,7,Blitz Games,E,2000s,Other,2.0794415416798357,2.0794415416798357
PS2,2004,Racing,Empire Interactive,0.38,70.0,30,8.5,16,Bugbear,T,2000s,Other,3.4339872044851463,2.833213344056216
PC,2016,Shooter,Electronic Arts,0.38,88.0,54,7.6,1137,EA DICE,M,2010s,Other,4.007333185232471,7.037027614686276
GC,2003,Sports,Electronic Arts,0.38,92.0,27,8.7,45,EA Canada,E,2000s,Other,3.332204510175204,3.828641396489095
3DS,2012,Action,Konami Digital Entertainment,0.38,78.0,46,7.8,167,Kojima Productions,M,2010s,Other,3.8501476017100584,5.123963979403259
PSP,2006,Platform,Sony Computer Entertainment,0.38,83.0,67,8.7,89,SCE Japan Studio,E,2000s,Other,4.219507705176107,4.499809670330265
PS2,2003,Strategy,Atari,0.38,60.0,9,8.8,25,Cyberlore Studios,T,2000s,Other,2.302585092994046,3.258096538021482
PS4,2016,Role-Playing,Square Enix,0.38,84.0,59,7.6,511,Eidos Montreal,M,2010s,Other,4.0943445622221,6.238324625039508
PS2,2002,Role-Playing,Enix Corporation,0.38,68.0,16,6.5,15,Game Arts,T,2000s,Other,2.833213344056216,2.772588722239781
DS,2007,Simulation,Atari,0.38,57.0,4,7.5,27,NanaOn-Sha,E,2000s,Other,1.6094379124341003,3.332204510175204
PS2,2000,Shooter,Konami Digital Entertainment,0.38,63.0,23,7.5,27,KCET,M,2000s,Other,3.1780538303479458,3.332204510175204
PS2,2008,Action,Sega,0.38,50.0,4,6.0,5,Edge of Reality,T,2000s,Other,1.6094379124341003,1.791759469228055
PS2,2008,Shooter,Electronic Arts,0.38,49.0,10,7.4,31,Artificial Mind and Movement,T,2000s,Other,2.3978952727983707,3.4657359027997265
PC,2011,Action,THQ,0.38,84.0,22,8.1,1263,Volition Inc.,M,2010s,Other,3.1354942159291497,7.142036574706803
DS,2010,Adventure,Capcom,0.38,83.0,60,9.0,127,Capcom,T,2010s,Other,4.110873864173311,4.852030263919617
XB,2002,Action,Interplay,0.38,79.0,28,8.9,20,High Voltage Software,M,2000s,Other,3.367295829986474,3.044522437723423
PS2,2007,Racing,THQ,0.38,53.0,13,8.2,5,Rainbow Studios,E,2000s,Other,2.639057329615259,1.791759469228055
PC,2009,Simulation,Ubisoft,0.38,82.0,32,8.8,132,"Blue Byte, Related Designs",T,2000s,Other,3.4965075614664802,4.890349128221754
PS3,2010,Sports,Black Bean Games,0.38,73.0,4,5.8,4,Lightning Fish Games,E,2010s,Other,1.6094379124341003,1.6094379124341003
DS,2009,Action,Activision,0.38,54.0,4,7.5,27,Activision,E,2000s,Other,1.6094379124341003,3.332204510175204
GC,2003,Adventure,Nintendo,0.38,55.0,21,6.0,22,Ambrella,E,2000s,Pokemon,3.091042453358316,3.1354942159291497
PSP,2010,Action,Sega,0.38,49.0,8,7.5,27,High Voltage Software,T,2010s,Other,2.1972245773362196,3.332204510175204
PS3,2009,Sports,Sega,0.38,70.0,34,6.3,21,Sumo Digital,E,2000s,Other,3.5553480614894135,3.091042453358316
Wii,2007,Adventure,Ubisoft,0.38,70.0,4,8.1,12,Yuke's,E,2000s,Other,1.6094379124341003,2.5649493574615367
PS2,2008,Action,Activision,0.38,56.0,4,5.8,6,Toys for Bob,E,2000s,Other,1.6094379124341003,1.9459101490553132
DS,2009,Racing,Electronic Arts,0.38,70.0,7,6.3,7,Firebrand Games,E10+,2000s,Other,2.0794415416798357,2.0794415416798357
PSP,2009,Fighting,Namco Bandai Games,0.38,61.0,22,6.6,19,CyberConnect2,T,2000s,Other,3.1354942159291497,2.995732273553991
PSP,2007,Sports,Electronic Arts,0.38,72.0,8,7.5,27,EA Salt Lake,E,2000s,Other,2.1972245773362196,3.332204510175204
PC,2005,Strategy,Microsoft Game Studios,0.38,81.0,52,7.7,519,Ensemble Studios,T,2000s,Other,3.970291913552122,6.253828811575473
PS2,2004,Misc,Sony Computer Entertainment,0.38,78.0,30,7.0,9,SCEE,E10+,2000s,Other,3.4339872044851463,2.302585092994046
XB,2005,Simulation,Konami Digital Entertainment,0.38,75.0,16,8.6,8,Konami,E10+,2000s,Other,2.833213344056216,2.1972245773362196
3DS,2011,Sports,Konami Digital Entertainment,0.38,73.0,43,6.7,18,Konami,E,2010s,Other,3.784189633918261,2.9444389791664403
PS3,2013,Misc,Ubisoft,0.38,77.0,6,7.1,25,Ubisoft,E10+,2010s,Other,1.9459101490553132,3.258096538021482
WiiU,2014,Sports,Nintendo,0.38,68.0,21,7.0,106,Nintendo,E10+,2010s,Wii Sports,3.091042453358316,4.672828834461906
GC,2004,Action,Electronic Arts,0.38,67.0,22,7.3,8,EA Games,E,2000s,Other,3.1354942159291497,2.1972245773362196
WiiU,2012,Action,Activision,0.37,80.0,8,6.9,22,Vicarious Visions,E10+,2010s,Other,2.1972245773362196,3.1354942159291497
PS3,2013,Racing,Codemasters,0.37,82.0,20,6.6,173,Codemasters,E,2010s,Other,3.044522437723423,5.159055299214529
PS2,2006,Fighting,Atari,0.37,72.0,31,5.8,21,Crafts & Meister,T,2000s,Other,3.4657359027997265,3.091042453358316
PS3,2008,Misc,Disney Interactive Studios,0.37,54.0,11,3.5,6,Zoe Mode,E,2000s,Other,2.4849066497880004,1.9459101490553132
GC,2005,Action,Activision,0.37,76.0,36,7.2,21,Treyarch,T,2000s,Other,3.6109179126442243,3.091042453358316
XB,2002,Sports,Microsoft Game Studios,0.37,76.0,26,7.5,27,High Voltage Software,E,2000s,Other,3.295836866004329,3.332204510175204
X360,2006,Sports,Spike,0.37,66.0,22,3.9,37,Kush Games,E,2000s,Other,3.1354942159291497,3.6375861597263857
PSP,2011,Action,LucasArts,0.37,63.0,4,7.5,27,Traveller's Tales,E10+,2010s,Other,1.6094379124341003,3.332204510175204
PS3,2006,Sports,Take-Two Interactive,0.37,80.0,20,7.4,8,Visual Concepts,E,2000s,Other,3.044522437723423,2.1972245773362196
WiiU,2012,Misc,Ubisoft,0.37,66.0,14,7.8,37,Ubisoft Paris,E10+,2010s,Other,2.70805020110221,3.6375861597263857
GC,2002,Platform,THQ,0.37,39.0,7,4.7,14,Radical Entertainment,E,2000s,Other,2.0794415416798357,2.70805020110221
PC,2010,Racing,Electronic Arts,0.37,86.0,14,6.7,556,Criterion Games,E10+,2010s,Other,2.70805020110221,6.322565239927284
PS2,2006,Action,Midway Games,0.37,51.0,34,7.0,15,"Pipeworks Software, Inc.",E10+,2000s,Other,3.5553480614894135,2.772588722239781
PS2,2002,Sports,3DO,0.37,84.0,23,7.9,7,3DO,E,2000s,Other,3.1780538303479458,2.0794415416798357
X360,2009,Misc,Electronic Arts,0.37,66.0,19,6.4,9,EA Bright Light,E,2000s,Other,2.995732273553991,2.302585092994046
X360,2007,Role-Playing,Microsoft Game Studios,0.37,55.0,44,5.9,49,Blueside,M,2000s,Other,3.8066624897703196,3.912023005428146
PS2,2007,Action,Activision,0.37,62.0,15,8.3,19,Next Level Games,E10+,2000s,Other,2.772588722239781,2.995732273553991
PS3,2010,Fighting,Electronic Arts,0.37,77.0,47,6.9,38,EA Tiburon,T,2010s,Other,3.8712010109078907,3.6635616461296463
DS,2009,Misc,Activision,0.37,70.0,30,6.3,7,Activision,E10+,2000s,Other,3.4339872044851463,2.0794415416798357
X360,2005,Shooter,Activision,0.37,75.0,52,6.7,80,Raven Software,M,2000s,Other,3.970291913552122,4.394449154672439
PS3,2013,Sports,Electronic Arts,0.37,74.0,28,3.8,26,EA Tiburon,E,2010s,Other,3.367295829986474,3.295836866004329
PS3,2007,Sports,Electronic Arts,0.37,85.0,31,8.2,57,EA Black Box,T,2000s,Other,3.4657359027997265,4.060443010546419
PC,2011,Shooter,Bethesda Softworks,0.37,79.0,32,5.2,1618,id Software,M,2010s,Other,3.4965075614664802,7.389563953677635
GC,2004,Role-Playing,Nintendo,0.37,65.0,31,8.1,27,Noise Inc.,T,2000s,Other,3.4657359027997265,3.332204510175204
PSP,2010,Action,Ubisoft,0.37,65.0,10,7.4,14,Ubisoft Quebec,T,2010s,Other,2.3978952727983707,2.70805020110221
PS4,2016,Shooter,Take-Two Interactive,0.37,84.0,39,8.5,210,2K Games,M,2010s,Other,3.6888794541139363,5.351858133476067
3DS,2014,Misc,Square Enix,0.37,83.0,52,8.2,66,Indies Zero,T,2010s,Final Fantasy,3.970291913552122,4.204692619390966
Wii,2009,Racing,Codemasters,0.37,51.0,10,5.5,22,Codemasters,E10+,2000s,Other,2.3978952727983707,3.1354942159291497
GC,2002,Action,Nintendo,0.37,74.0,18,8.3,19,Namco,E,2000s,Other,2.9444389791664403,2.995732273553991
X360,2006,Action,Eidos Interactive,0.37,80.0,54,7.3,84,Crystal Dynamics,T,2000s,Other,4.007333185232471,4.442651256490317
PS4,2016,Sports,505 Games,0.37,85.0,50,8.7,1290,Psyonix,E,2010s,Other,3.9318256327243257,7.1631723908466425
Wii,2007,Sports,Take-Two Interactive,0.37,66.0,15,7.1,14,Blue Castle Games,E,2000s,Other,2.772588722239781,2.70805020110221
DS,2006,Platform,Vivendi Games,0.37,68.0,10,6.8,8,Amaze Entertainment,E,2000s,Other,2.3978952727983707,2.1972245773362196
PSP,2007,Racing,THQ,0.37,73.0,6,7.8,11,Juice Games,T,2000s,Other,1.9459101490553132,2.4849066497880004
X360,2011,Role-Playing,Square Enix,0.37,72.0,55,5.9,102,Obsidian Entertainment,T,2010s,Other,4.02535169073515,4.634728988229636
PS4,2016,Racing,Codemasters,0.37,85.0,46,8.1,196,Codemasters,E,2010s,Other,3.8501476017100584,5.2832037287379885
PSP,2005,Sports,Electronic Arts,0.37,73.0,23,7.4,14,EA Tiburon,E,2000s,Other,3.1780538303479458,2.70805020110221
PS2,2006,Sports,Electronic Arts,0.37,59.0,27,7.7,42,EA Canada,E,2000s,FIFA,3.332204510175204,3.7612001156935624
Wii,2009,Sports,Sega,0.37,73.0,33,7.7,21,Sumo Digital,E,2000s,Other,3.5263605246161616,3.091042453358316
Wii,2009,Action,Codemasters,0.37,68.0,30,7.9,15,Climax Group,T,2000s,Other,3.4339872044851463,2.772588722239781
DS,2007,Platform,Vivendi Games,0.37,56.0,4,2.7,6,Amaze Entertainment,E,2000s,Other,1.6094379124341003,1.9459101490553132
PSP,2007,Action,Electronic Arts,0.37,52.0,11,7.6,20,EA Games,E10+,2000s,Other,2.4849066497880004,3.044522437723423
X360,2009,Shooter,Warner Bros. Interactive Entertainment,0.37,62.0,61,7.5,26,GRIN,M,2000s,Other,4.127134385045092,3.295836866004329
PS2,2006,Role-Playing,Namco Bandai Games,0.37,81.0,34,9.0,59,Monolith Soft,T,2000s,Other,3.5553480614894135,4.0943445622221
Wii,2008,Role-Playing,Rising Star Games,0.37,79.0,34,8.5,39,Neverland,E10+,2000s,Other,3.5553480614894135,3.6888794541139363
Wii,2009,Action,Eidos Interactive,0.37,79.0,9,8.3,12,Io Interactive,E10+,2000s,Other,2.302585092994046,2.5649493574615367
DS,2008,Fighting,Takara Tomy,0.37,55.0,12,5.7,11,Takara Tomy,T,2000s,Other,2.5649493574615367,2.4849066497880004
WiiU,2012,Action,Warner Bros. Interactive Entertainment,0.37,73.0,42,7.4,109,5TH Cell,E10+,2010s,Other,3.7612001156935624,4.700480365792417
PSP,2006,Role-Playing,Activision,0.37,81.0,19,7.5,14,Vicarious Visions,T,2000s,Other,2.995732273553991,2.70805020110221
PS2,2007,Simulation,Electronic Arts,0.37,71.0,17,8.0,15,EA Redwood Shores,T,2000s,Other,2.8903717578961645,2.772588722239781
PSP,2006,Sports,Electronic Arts,0.37,75.0,16,7.9,11,EA Sports,E,2000s,Other,2.833213344056216,2.4849066497880004
Wii,2009,Role-Playing,Rising Star Games,0.36,67.0,41,8.3,63,Tri-Crescendo,T,2000s,Other,3.7376696182833684,4.1588830833596715
GC,2004,Shooter,Electronic Arts,0.36,60.0,35,6.7,14,EA LA,T,2000s,Other,3.58351893845611,2.70805020110221
PC,2011,Action,Electronic Arts,0.36,69.0,18,5.8,338,Black Box,T,2010s,Other,2.9444389791664403,5.82600010738045
PS2,2008,Fighting,Namco Bandai Games,0.36,48.0,17,7.9,37,Dimps Corporation,T,2000s,Other,2.8903717578961645,3.6375861597263857
DS,2006,Misc,Nintendo,0.36,87.0,51,8.6,105,iNiS,E10+,2000s,Other,3.9512437185814275,4.663439094112067
PS2,2001,Sports,Konami Digital Entertainment,0.36,58.0,15,7.8,14,KCEO,E,2000s,Other,2.772588722239781,2.70805020110221
PC,2014,Strategy,Take-Two Interactive,0.36,81.0,78,5.5,1027,Firaxis Games,E10+,2010s,Other,4.3694478524670215,6.93537044601511
DS,2008,Platform,Konami Digital Entertainment,0.36,85.0,46,8.7,111,Konami,T,2000s,Other,3.8501476017100584,4.718498871295094
PC,2009,Shooter,Valve Software,0.36,89.0,55,8.5,2530,Valve Software,M,2000s,Other,4.02535169073515,7.836369760545124
Wii,2010,Misc,MTV Games,0.36,76.0,12,8.8,11,Harmonix Music Systems,T,2010s,Other,2.5649493574615367,2.4849066497880004
WiiU,2016,Shooter,Nintendo,0.36,69.0,82,7.4,662,PlatinumGames,E10+,2010s,Other,4.418840607796598,6.4967749901858625
PS3,2009,Action,Konami Digital Entertainment,0.36,59.0,41,6.4,28,Zombie Studios,M,2000s,Other,3.7376696182833684,3.367295829986474
X360,2010,Action,Ubisoft,0.36,68.0,57,6.3,29,Ubisoft,T,2010s,Other,4.060443010546419,3.4011973816621555
PS2,2003,Sports,3DO,0.36,83.0,17,8.1,12,3DO,E,2000s,Other,2.8903717578961645,2.5649493574615367
PS2,2005,Action,Vivendi Games,0.36,53.0,6,6.0,8,Eurocom Entertainment Software,E,2000s,Other,1.9459101490553132,2.1972245773362196
PS2,2005,Shooter,Midway Games,0.36,50.0,24,7.0,21,Point of View,M,2000s,Other,3.2188758248682006,3.091042453358316
DS,2009,Role-Playing,Namco Bandai Games,0.36,73.0,21,7.9,24,Monolith Soft,E10+,2000s,Other,3.091042453358316,3.2188758248682006
PS3,2009,Platform,Capcom,0.36,71.0,48,7.4,62,GRIN,M,2000s,Other,3.8918202981106265,4.143134726391533
PS2,2001,Simulation,Tecmo Koei,0.36,77.0,13,8.5,23,Tecmo,E,2000s,Other,2.639057329615259,3.1780538303479458
PS2,2005,Action,THQ,0.36,60.0,12,7.1,8,Heavy Iron Studios,E10+,2000s,Other,2.5649493574615367,2.1972245773362196
PSV,2015,Role-Playing,Namco Bandai Games,0.36,70.0,4,7.1,27,"Bandai Namco Games, Artdink",T,2010s,Other,1.6094379124341003,3.332204510175204
GBA,2002,Action,Nintendo,0.36,72.0,7,9.3,18,Pax Softonica,E,2000s,Other,2.0794415416798357,2.9444389791664403
PS2,2001,Role-Playing,Sony Computer Entertainment,0.36,70.0,23,8.5,14,Zener Works,T,2000s,Other,3.1780538303479458,2.70805020110221
X360,2009,Fighting,PQube,0.36,86.0,51,8.5,70,Arc System Works,T,2000s,Other,3.9512437185814275,4.2626798770413155
PS2,2000,Sports,Sony Computer Entertainment,0.36,51.0,16,7.5,27,SCEA,E,2000s,Other,2.833213344056216,3.332204510175204
XB,2005,Action,Take-Two Interactive,0.36,84.0,27,8.7,15,Visual Concepts,E,2000s,Other,3.332204510175204,2.772588722239781
Wii,2009,Fighting,THQ,0.36,49.0,16,6.2,14,Blue Tongue Entertainment,E10+,2000s,Other,2.833213344056216,2.70805020110221
Wii,2008,Action,Disney Interactive Studios,0.36,63.0,5,7.1,12,Traveller's Tales,T,2000s,Other,1.791759469228055,2.5649493574615367
PS,2001,Racing,Activision,0.36,54.0,16,6.3,4,UDS,T,2000s,Other,2.833213344056216,1.6094379124341003
GBA,2001,Sports,Activision,0.36,58.0,7,7.5,27,Natsume,E,2000s,Other,2.0794415416798357,3.332204510175204
XB,2004,Simulation,Microsoft Game Studios,0.36,81.0,66,7.5,23,Day 1 Studios,T,2000s,Other,4.204692619390966,3.1780538303479458
PSP,2006,Role-Playing,Square Enix,0.36,80.0,39,8.4,57,TOSE,T,2000s,Other,3.6888794541139363,4.060443010546419
PS4,2015,Misc,Ubisoft,0.36,73.0,10,6.8,20,Ubisoft,E10+,2010s,Other,2.3978952727983707,3.044522437723423
XB,2003,Sports,Sega,0.36,91.0,25,8.9,45,Visual Concepts,E,2000s,Other,3.258096538021482,3.828641396489095
PS2,2004,Sports,Zoo Digital Publishing,0.36,59.0,6,8.7,32,Activision,E,2000s,Other,1.9459101490553132,3.4965075614664802
X360,2010,Action,Activision,0.36,76.0,68,7.6,96,Beenox,T,2010s,Other,4.23410650459726,4.574710978503383
Wii,2007,Action,Ubisoft,0.36,60.0,17,5.9,11,Ubisoft Montreal,E10+,2000s,Other,2.8903717578961645,2.4849066497880004
3DS,2014,Role-Playing,Nintendo,0.36,57.0,25,4.8,19,"RED Entertainment, Spike Chunsoft",E10+,2010s,Other,3.258096538021482,2.995732273553991
PS2,2003,Role-Playing,Sony Computer Entertainment,0.36,72.0,39,8.2,33,Cattle Call,T,2000s,Other,3.6888794541139363,3.5263605246161616
XOne,2016,Action,Ubisoft,0.36,83.0,9,7.7,131,Ubisoft Montreal,M,2010s,Other,2.302585092994046,4.882801922586371
PSP,2008,Sports,Electronic Arts,0.36,53.0,4,5.5,6,Exient Entertainment,E,2000s,Other,1.6094379124341003,1.9459101490553132
XB,2002,Action,Electronic Arts,0.36,77.0,13,7.2,12,Eurocom Entertainment Software,E,2000s,Other,2.639057329615259,2.5649493574615367
PS2,2001,Racing,Midway Games,0.36,45.0,23,5.3,10,Inland Productions,T,2000s,Other,3.1780538303479458,2.3978952727983707
WiiU,2012,Sports,Ubisoft,0.36,31.0,13,2.7,18,Ubisoft,E,2010s,Other,2.639057329615259,2.9444389791664403
XB,2001,Platform,TDK Mediactive,0.36,49.0,19,5.4,9,Digital Illusions,T,2000s,Other,2.995732273553991,2.302585092994046
PSV,2013,Role-Playing,Nippon Ichi Software,0.35,78.0,15,8.4,198,Vanillaware,T,2010s,Other,2.772588722239781,5.293304824724492
PSV,2012,Racing,Sony Computer Entertainment,0.35,79.0,63,8.2,191,Studio Liverpool,E10+,2010s,Other,4.1588830833596715,5.2574953720277815
DS,2005,Simulation,Nintendo,0.35,81.0,45,8.7,45,ITL,T,2000s,Other,3.828641396489095,3.828641396489095
PS3,2013,Shooter,D3Publisher,0.35,69.0,28,7.5,52,Sandlot,M,2010s,Other,3.367295829986474,3.970291913552122
PC,2014,Action,Warner Bros. Interactive Entertainment,0.35,84.0,17,8.0,1671,Monolith Productions,M,2010s,Other,2.8903717578961645,7.421775793644647
PS2,2006,Role-Playing,Konami Digital Entertainment,0.35,76.0,43,7.6,109,Konami,T,2000s,Other,3.784189633918261,4.700480365792417
X360,2013,Sports,Electronic Arts,0.35,77.0,28,6.2,26,EA Tiburon,E,2010s,Other,3.367295829986474,3.295836866004329
PS2,2004,Sports,Global Star,0.35,63.0,20,7.5,27,Hypnotix,M,2000s,Other,3.044522437723423,3.332204510175204
PSP,2008,Platform,Sony Computer Entertainment,0.35,85.0,55,8.4,44,SCE Japan Studio,E,2000s,Other,4.02535169073515,3.8066624897703196
PSP,2009,Sports,Sega,0.35,69.0,10,6.9,7,Sports Interactive,E,2000s,Other,2.3978952727983707,2.0794415416798357
GBA,2002,Action,Activision,0.35,68.0,8,7.5,27,Digital Eclipse,E,2000s,Other,2.1972245773362196,3.332204510175204
PS2,2003,Action,Ubisoft,0.35,63.0,21,8.3,14,Ubisoft Montreal,T,2000s,Other,3.091042453358316,2.70805020110221
DS,2007,Strategy,THQ,0.35,81.0,25,9.1,22,"Team 17, Two Tribes",E10+,2000s,Other,3.258096538021482,3.1354942159291497
PS3,2010,Action,Capcom,0.35,59.0,50,6.0,36,Airtight Games,T,2010s,Other,3.9318256327243257,3.6109179126442243
PS3,2009,Misc,Activision,0.35,73.0,34,7.2,9,Beenox,T,2000s,Other,3.5553480614894135,2.302585092994046
Wii,2009,Sports,Take-Two Interactive,0.35,79.0,8,6.8,16,Take-Two Interactive,E10+,2000s,Other,2.1972245773362196,2.833213344056216
PS2,2001,Fighting,Virgin Interactive,0.35,71.0,20,8.6,34,Eighting/Raizing,T,2000s,Other,3.044522437723423,3.5553480614894135
PS2,2003,Racing,THQ,0.35,56.0,13,5.3,8,Pacific Coast Power & Light,T,2000s,Other,2.639057329615259,2.1972245773362196
PS,2000,Role-Playing,Atlus,0.35,83.0,11,8.4,25,Atlus Co.,T,2000s,Other,2.4849066497880004,3.258096538021482
PS4,2016,Shooter,Deep Silver,0.35,48.0,43,3.8,212,Deep Silver Dambuster Studios,M,2010s,Other,3.784189633918261,5.3612921657094255
WiiU,2012,Action,Ubisoft,0.35,85.0,26,7.1,216,Ubisoft Quebec,M,2010s,Other,3.295836866004329,5.37989735354046
PS4,2016,Fighting,Namco Bandai Games,0.35,66.0,45,7.8,49,Spike Chunsoft,T,2010s,Other,3.828641396489095,3.912023005428146
GBA,2003,Action,THQ,0.35,39.0,13,5.8,11,Pocket Studios,E,2000s,Other,2.639057329615259,2.4849066497880004
Wii,2009,Fighting,Ubisoft,0.35,67.0,34,8.2,21,Game Arts,E10+,2000s,Other,3.5553480614894135,3.091042453358316
PSV,2013,Action,Tecmo Koei,0.35,71.0,44,8.0,136,Omega Force,T,2010s,Other,3.8066624897703196,4.919980925828125
X360,2013,Action,Deep Silver,0.35,80.0,20,8.4,440,4A Games,Unknown,2010s,Other,3.044522437723423,6.089044875446846
PC,2015,Simulation,Sega,0.35,81.0,34,6.9,97,Sega,E,2010s,Other,3.5553480614894135,4.584967478670572
PS2,2003,Action,Capcom,0.35,65.0,28,6.6,48,Cavia Inc.,M,2000s,Other,3.367295829986474,3.8918202981106265
GC,2006,Racing,Electronic Arts,0.35,75.0,12,7.8,14,EA Canada,E10+,2000s,Other,2.5649493574615367,2.70805020110221
X360,2010,Fighting,Electronic Arts,0.35,79.0,63,7.0,55,EA Tiburon,T,2010s,Other,4.1588830833596715,4.02535169073515
XB,2003,Misc,Microsoft Game Studios,0.35,49.0,12,7.5,27,WildTangent,E,2000s,Other,2.5649493574615367,3.332204510175204
PS3,2013,Shooter,Trion Worlds,0.35,59.0,21,6.9,145,Trion Worlds,M,2010s,Other,3.091042453358316,4.983606621708336
X360,2009,Shooter,Warner Bros. Interactive Entertainment,0.35,48.0,50,5.0,53,GRIN,T,2000s,Other,3.9318256327243257,3.9889840465642745
PS2,2007,Sports,Take-Two Interactive,0.35,66.0,4,7.5,27,Visual Concepts,E,2000s,Other,1.6094379124341003,3.332204510175204
PS2,2002,Fighting,Sammy Corporation,0.35,87.0,31,8.7,34,Arc System Works,T,2000s,Other,3.4657359027997265,3.5553480614894135
Wii,2007,Action,Zoo Digital Publishing,0.35,27.0,9,4.8,26,Destination Software,E10+,2000s,Other,2.302585092994046,3.295836866004329
PS2,2005,Shooter,Ubisoft,0.35,70.0,15,6.9,9,"Red Storm Entertainment, Ubisoft Montreal",M,2000s,Other,2.772588722239781,2.302585092994046
X360,2008,Racing,Capcom,0.35,68.0,20,5.6,12,Milestone S.r.l,E,2000s,Other,3.044522437723423,2.5649493574615367
XOne,2016,Action,Warner Bros. Interactive Entertainment,0.35,71.0,18,5.1,15,TT Games,E10+,2010s,Other,2.9444389791664403,2.772588722239781
PS2,2002,Sports,Acclaim Entertainment,0.35,85.0,31,8.7,14,"Z-Axis, Ltd.",T,2000s,Other,3.4657359027997265,2.70805020110221
PS4,2016,Platform,Electronic Arts,0.35,69.0,50,4.7,578,EA DICE,T,2010s,Other,3.9318256327243257,6.361302477572996
XOne,2014,Shooter,505 Games,0.35,63.0,12,6.6,68,Rebellion,M,2010s,Other,2.5649493574615367,4.23410650459726
GC,2004,Sports,Electronic Arts,0.35,81.0,30,8.0,4,EA Tiburon,E,2000s,Other,3.4339872044851463,1.6094379124341003
PS2,2003,Misc,Konami Digital Entertainment,0.35,83.0,29,9.1,17,Harmonix Music Systems,E,2000s,Other,3.4011973816621555,2.8903717578961645
PS2,2003,Shooter,Vivendi Games,0.35,81.0,28,8.9,17,Mass Media,T,2000s,Other,3.367295829986474,2.8903717578961645
PS2,2000,Role-Playing,Ubisoft,0.35,59.0,12,7.8,4,From Software,T,2000s,Other,2.5649493574615367,1.6094379124341003
PS3,2008,Shooter,Activision,0.35,60.0,30,6.4,14,"Z-Axis, Ltd.",T,2000s,Other,3.4339872044851463,2.70805020110221
PS,1999,Role-Playing,Kadokawa Shoten,0.35,86.0,12,8.9,37,Game Arts,T,1990s,Other,2.5649493574615367,3.6375861597263857
PSP,2006,Sports,Sony Computer Entertainment,0.35,83.0,30,8.5,32,SCEA San Diego Studios,E,2000s,Other,3.4339872044851463,3.4965075614664802
GC,2006,Platform,Activision,0.35,61.0,21,9.3,6,Edge of Reality,E10+,2000s,Other,3.091042453358316,1.9459101490553132
PS2,2005,Adventure,Global Star,0.35,35.0,21,4.1,28,"High Voltage Software, Backbone Entertainment",E,2000s,Other,3.091042453358316,3.367295829986474
PS4,2016,Action,Ubisoft,0.35,81.0,52,7.9,110,Nadeo,E,2010s,Other,3.970291913552122,4.709530201312334
Wii,2011,Sports,Electronic Arts,0.34,85.0,14,6.7,7,Electronic Arts,E,2010s,Other,2.70805020110221,2.0794415416798357
X360,2007,Action,Electronic Arts,0.34,69.0,48,6.3,108,EA Chicago,M,2000s,Other,3.8918202981106265,4.6913478822291435
PS2,2006,Action,Tecmo Koei,0.34,62.0,23,9.1,24,Omega Force,T,2000s,Other,3.1780538303479458,3.2188758248682006
WiiU,2013,Shooter,Activision,0.34,69.0,6,3.4,256,Treyarch,M,2010s,Call of Duty,1.9459101490553132,5.54907608489522
PS3,2011,Action,Activision,0.34,57.0,41,5.6,27,High Moon Studios,T,2010s,Other,3.7376696182833684,3.332204510175204
DC,1999,Fighting,Namco Bandai Games,0.34,98.0,24,8.8,200,Namco,T,1990s,Other,3.2188758248682006,5.303304908059076
PS,1999,Racing,Psygnosis,0.34,89.0,14,8.5,15,Psygnosis,E,1990s,Other,2.70805020110221,2.772588722239781
GBA,2004,Platform,Nintendo,0.34,66.0,12,7.5,27,Nintendo,E,2000s,Other,2.5649493574615367,3.332204510175204
DS,2007,Action,Disney Interactive Studios,0.34,66.0,14,7.5,27,Amaze Entertainment,E10+,2000s,Other,2.70805020110221,3.332204510175204
Wii,2011,Fighting,THQ,0.34,74.0,6,5.2,9,Yuke's,T,2010s,Other,1.9459101490553132,2.302585092994046
X360,2011,Fighting,THQ,0.34,75.0,64,7.2,45,THQ,T,2010s,Other,4.174387269895637,3.828641396489095
PS3,2009,Action,Eidos Interactive,0.34,73.0,37,8.7,62,Io Interactive,E10+,2000s,Other,3.6375861597263857,4.143134726391533
X360,2012,Fighting,Namco Bandai Games,0.34,83.0,35,7.5,90,Namco Bandai Games,T,2010s,Other,3.58351893845611,4.51085950651685
GBA,2002,Action,Atari,0.34,73.0,9,6.6,14,Sennari Interactive,T,2000s,Other,2.302585092994046,2.70805020110221
PS2,2003,Simulation,Tecmo Koei,0.34,77.0,21,9.1,18,Tecmo,E,2000s,Other,3.091042453358316,2.9444389791664403
DS,2009,Action,Eidos Interactive,0.34,61.0,10,5.8,4,Magic Pockets,E10+,2000s,Other,2.3978952727983707,1.6094379124341003
PS2,2004,Adventure,Disney Interactive Studios,0.34,65.0,34,8.6,20,Capcom,E10+,2000s,Other,3.5553480614894135,3.044522437723423
Wii,2007,Strategy,Nintendo,0.34,75.0,38,7.6,45,Kuju Entertainment,T,2000s,Other,3.6635616461296463,3.828641396489095
PS2,2009,Racing,Sony Computer Entertainment,0.34,72.0,10,8.3,6,Virtuos,T,2000s,Other,2.3978952727983707,1.9459101490553132
PS2,2000,Puzzle,Acclaim Entertainment,0.34,75.0,11,7.5,27,Taito Corporation,E,2000s,Other,2.4849066497880004,3.332204510175204
XB,2004,Shooter,Eidos Interactive,0.34,78.0,44,8.8,15,Io Interactive,M,2000s,Other,3.8066624897703196,2.772588722239781
X360,2010,Strategy,Square Enix,0.34,75.0,28,7.1,23,Gas Powered Games,E10+,2010s,Other,3.367295829986474,3.1780538303479458
PS2,2001,Simulation,Eidos Interactive,0.34,65.0,15,8.1,7,Core Design Ltd.,T,2000s,Other,2.772588722239781,2.0794415416798357
PS3,2010,Sports,Ubisoft,0.34,45.0,17,4.3,8,Asobo Studio,E,2010s,Other,2.8903717578961645,2.1972245773362196
PC,2013,Strategy,THQ,0.34,80.0,82,2.1,6157,Relic,M,2010s,Other,4.418840607796598,8.725507328484445
Wii,2006,Simulation,Nintendo,0.34,80.0,49,8.0,47,Atlus,T,2000s,Other,3.912023005428146,3.8712010109078907
GC,2005,Fighting,THQ,0.34,76.0,36,6.0,263,Yuke's,T,2000s,Other,3.6109179126442243,5.575949103146316
XB,2004,Simulation,Electronic Arts,0.34,70.0,28,6.5,10,Maxis,T,2000s,Other,3.367295829986474,2.3978952727983707
XOne,2014,Platform,Ubisoft,0.34,91.0,6,7.9,218,Ubisoft Montpellier,E10+,2010s,Other,1.9459101490553132,5.389071729816501
DS,2005,Action,THQ,0.34,67.0,5,7.6,10,Tantatus,E,2000s,Other,1.791759469228055,2.3978952727983707
PS3,2008,Misc,Electronic Arts,0.34,54.0,4,6.7,13,Electronic Arts,E,2000s,Other,1.6094379124341003,2.639057329615259
DS,2008,Simulation,Electronic Arts,0.34,69.0,16,7.3,8,Electronic Arts,E,2000s,Other,2.833213344056216,2.1972245773362196
X360,2006,Action,Microsoft Game Studios,0.34,56.0,51,7.3,58,K2 LLC,M,2000s,Other,3.9512437185814275,4.07753744390572
PS3,2007,Action,THQ,0.34,69.0,35,7.2,40,Nihilistic,M,2000s,Other,3.58351893845611,3.713572066704308
PS2,2004,Adventure,Vivendi Games,0.34,60.0,44,6.3,18,High Voltage Software,M,2000s,Other,3.8066624897703196,2.9444389791664403
XB,2006,Sports,Electronic Arts,0.34,75.0,29,8.6,17,EA Canada,E,2000s,Other,3.4011973816621555,2.8903717578961645
PSP,2011,Fighting,Namco Bandai Games,0.34,59.0,16,7.2,26,Racjin,T,2010s,Other,2.833213344056216,3.295836866004329
X360,2006,Shooter,Vivendi Games,0.34,85.0,44,7.3,131,Day 1 Studios,M,2000s,Other,3.8066624897703196,4.882801922586371
3DS,2011,Strategy,Ubisoft,0.34,77.0,49,7.9,78,Ubisoft,T,2010s,Other,3.912023005428146,4.3694478524670215
XB,2002,Racing,Midway Games,0.34,71.0,19,7.5,27,Point of View,T,2000s,Other,2.995732273553991,3.332204510175204
GBA,2005,Racing,Disney Interactive Studios,0.34,47.0,9,6.8,4,Buena Vista Interactive,E,2000s,Other,2.302585092994046,1.6094379124341003
GC,2003,Action,Konami Digital Entertainment,0.34,57.0,25,8.0,8,Konami,E,2000s,Other,3.258096538021482,2.1972245773362196
X360,2005,Action,Microsoft Game Studios,0.34,79.0,76,8.1,107,Rare Ltd.,T,2000s,Other,4.343805421853684,4.68213122712422
PS3,2009,Action,Tecmo Koei,0.34,62.0,22,7.0,26,Omega Force,T,2000s,Other,3.1354942159291497,3.295836866004329
PS3,2010,Shooter,Sony Computer Entertainment,0.34,60.0,39,6.2,11,Cohort Studios,T,2010s,Other,3.6888794541139363,2.4849066497880004
DS,2007,Puzzle,D3Publisher,0.34,82.0,41,8.7,32,1st Playable Productions,E10+,2000s,Other,3.7376696182833684,3.4965075614664802
PS2,2008,Action,Namco Bandai Games,0.34,52.0,8,6.5,8,Omega Force,T,2000s,Other,2.1972245773362196,2.1972245773362196
PSP,2008,Role-Playing,Square Enix,0.34,75.0,37,7.1,26,TOSE,T,2000s,Other,3.6375861597263857,3.295836866004329
PS2,2001,Racing,Atari,0.34,69.0,16,6.8,6,Paradigm Entertainment,E,2000s,Other,2.833213344056216,1.9459101490553132
XB,2005,Shooter,NovaLogic,0.34,61.0,37,6.6,19,Climax Group,T,2000s,Other,3.6375861597263857,2.995732273553991
X360,2007,Action,Disney Interactive Studios,0.34,58.0,42,5.3,21,Eurocom Entertainment Software,T,2000s,Other,3.7612001156935624,3.091042453358316
PS2,2005,Misc,Oxygen Interactive,0.34,67.0,20,7.5,27,Point of View,T,2000s,Other,3.044522437723423,3.332204510175204
PS3,2007,Misc,Sony Computer Entertainment,0.33,75.0,43,8.2,51,SCEJ,T,2000s,Other,3.784189633918261,3.9512437185814275
XB,2006,Shooter,Ubisoft,0.33,66.0,14,6.0,27,Ubisoft Shanghai,T,2000s,Other,2.70805020110221,3.332204510175204
DS,2010,Action,Sega,0.33,54.0,7,7.5,27,Sega Studios San Francisco,E10+,2010s,Other,2.0794415416798357,3.332204510175204
PS3,2008,Sports,Electronic Arts,0.33,88.0,25,7.7,41,EA Canada,E10+,2000s,Other,3.258096538021482,3.7376696182833684
PS4,2016,Role-Playing,Square Enix,0.33,77.0,74,8.3,222,Square Enix,E10+,2010s,Final Fantasy,4.31748811353631,5.407171771460119
GBA,2003,Platform,THQ,0.33,72.0,21,8.1,18,Rare Ltd.,E,2000s,Other,3.091042453358316,2.9444389791664403
PS4,2016,Sports,Electronic Arts,0.33,78.0,26,5.8,67,"EA Canada, EA Vancouver",E10+,2010s,Other,3.295836866004329,4.219507705176107
DS,2007,Platform,Capcom,0.33,78.0,27,8.6,32,Inti Creates,E10+,2000s,Other,3.332204510175204,3.4965075614664802
PS3,2009,Sports,Electronic Arts,0.33,75.0,17,7.8,6,EA Canada,E,2000s,Other,2.8903717578961645,1.9459101490553132
PSP,2006,Role-Playing,Sony Computer Entertainment,0.33,87.0,45,8.2,74,Level 5,T,2000s,Other,3.828641396489095,4.31748811353631
X360,2011,Action,Electronic Arts,0.33,44.0,31,5.4,24,EA Bright Light,T,2010s,Other,3.4657359027997265,3.2188758248682006
DS,2006,Adventure,THQ,0.33,64.0,9,6.4,7,TOSE,E,2000s,Other,2.302585092994046,2.0794415416798357
PSP,2004,Misc,Sony Computer Entertainment,0.33,51.0,48,5.8,4,Shift,E10+,2000s,Other,3.8918202981106265,1.6094379124341003
GC,2003,Fighting,THQ,0.33,76.0,26,8.7,47,Yuke's,T,2000s,Other,3.295836866004329,3.8712010109078907
GC,2005,Simulation,Electronic Arts,0.33,73.0,22,8.3,8,Maxis,T,2000s,Other,3.1354942159291497,2.1972245773362196
XB,2003,Action,Universal Interactive,0.33,69.0,25,7.7,9,Radical Entertainment,T,2000s,Other,3.258096538021482,2.302585092994046
PSP,2006,Role-Playing,Ubisoft,0.33,65.0,46,8.3,28,Sony Online Entertainment,T,2000s,Other,3.8501476017100584,3.367295829986474
PS2,2001,Platform,Sony Computer Entertainment,0.33,91.0,18,9.1,72,Namco,E,2000s,Other,2.9444389791664403,4.290459441148391
XB,2003,Shooter,Eidos Interactive,0.33,84.0,50,7.6,37,Ion Storm,M,2000s,Other,3.9318256327243257,3.6375861597263857
XB,2001,Racing,Electronic Arts,0.33,82.0,17,7.5,27,EA Tiburon,E,2000s,Other,2.8903717578961645,3.332204510175204
X360,2011,Fighting,Rising Star Games,0.33,79.0,31,8.2,51,SNK Playmore,T,2010s,Other,3.4657359027997265,3.9512437185814275
GC,2004,Platform,THQ,0.33,75.0,22,8.6,8,Avalanche Software,E,2000s,Other,3.1354942159291497,2.1972245773362196
X360,2008,Shooter,LucasArts,0.33,63.0,60,6.2,45,Day 1 Studios,T,2000s,Other,4.110873864173311,3.828641396489095
X360,2009,Action,Microsoft Game Studios,0.33,68.0,65,6.8,55,From Software,M,2000s,Other,4.189654742026425,4.02535169073515
DS,2009,Puzzle,PopCap Games,0.33,80.0,5,7.5,27,PopCap,E,2000s,Other,1.791759469228055,3.332204510175204
PSV,2012,Action,Warner Bros. Interactive Entertainment,0.33,62.0,9,6.7,46,TT Games,E10+,2010s,Other,2.302585092994046,3.8501476017100584
Wii,2007,Action,Activision,0.33,62.0,16,7.6,7,Smart Bomb Interactive,E,2000s,Other,2.833213344056216,2.0794415416798357
PS2,2002,Sports,Activision,0.33,77.0,19,8.4,15,Treyarch,E,2000s,Other,2.995732273553991,2.772588722239781
PS3,2013,Shooter,City Interactive,0.33,52.0,15,6.0,82,City Interactive,M,2010s,Other,2.772588722239781,4.418840607796598
GBA,2005,Action,Activision,0.33,58.0,4,7.5,27,"Amaze Entertainment, Griptonite Games",E10+,2000s,Other,1.6094379124341003,3.332204510175204
PS2,2002,Fighting,Acclaim Entertainment,0.33,59.0,15,6.7,6,Acclaim,T,2000s,Other,2.772588722239781,1.9459101490553132
PSP,2011,Action,Disney Interactive Studios,0.33,67.0,5,7.5,27,Traveller's Tales,E10+,2010s,Other,1.791759469228055,3.332204510175204
X360,2009,Sports,Sega,0.33,70.0,43,6.2,15,Sumo Digital,E,2000s,Other,3.784189633918261,2.772588722239781
PSP,2006,Fighting,Capcom,0.33,80.0,35,8.0,27,Capcom,T,2000s,Other,3.58351893845611,3.332204510175204
PS2,2009,Sports,Sony Computer Entertainment,0.33,79.0,7,7.5,12,SCEA San Diego Studios,E,2000s,Other,2.0794415416798357,2.5649493574615367
PS2,2001,Sports,Sony Computer Entertainment,0.33,78.0,16,7.5,27,Idol Minds,E,2000s,Other,2.833213344056216,3.332204510175204
GBA,2004,Platform,Nintendo,0.33,74.0,10,8.6,12,Konami,E,2000s,Other,2.3978952727983707,2.5649493574615367
XB,2006,Fighting,Electronic Arts,0.33,83.0,32,9.0,21,EA Chicago,T,2000s,Other,3.4965075614664802,3.091042453358316
GBA,2001,Racing,THQ,0.33,82.0,10,7.5,27,MTO,E,2000s,Other,2.3978952727983707,3.332204510175204
PS2,2003,Action,Capcom,0.33,59.0,32,9.0,24,Acquire,M,2000s,Other,3.4965075614664802,3.2188758248682006
DS,2007,Puzzle,Nintendo,0.33,86.0,25,8.2,15,Intelligent Systems,E,2000s,Other,3.258096538021482,2.772588722239781
X360,2007,Action,Ubisoft,0.33,78.0,35,8.6,84,Ubisoft Montreal,T,2000s,Other,3.58351893845611,4.442651256490317
PS3,2010,Sports,Activision,0.33,60.0,4,5.4,9,Activision,T,2010s,Other,1.6094379124341003,2.302585092994046
PS2,2006,Role-Playing,Tecmo Koei,0.33,84.0,54,6.4,42,Nippon Ichi Software,T,2000s,Other,4.007333185232471,3.7612001156935624
PS2,2002,Adventure,Capcom,0.33,69.0,28,7.6,38,SunSoft,M,2000s,Other,3.367295829986474,3.6635616461296463
DS,2007,Role-Playing,Nintendo,0.33,75.0,30,8.5,37,"Lancarse, Atlus",T,2000s,Other,3.4339872044851463,3.6375861597263857
GC,2005,Shooter,Activision,0.33,76.0,28,7.9,14,Treyarch,T,2000s,Call of Duty,3.367295829986474,2.70805020110221
3DS,2015,Fighting,Namco Bandai Games,0.33,61.0,32,6.6,32,Arc System Works,T,2010s,Other,3.4965075614664802,3.4965075614664802
Wii,2009,Action,Majesco Entertainment,0.33,54.0,8,7.5,27,"Pipeworks Software, Inc.",E10+,2000s,Other,2.1972245773362196,3.332204510175204
PS2,2003,Role-Playing,Tecmo Koei,0.33,84.0,42,8.9,74,Nippon Ichi Software,T,2000s,Other,3.7612001156935624,4.31748811353631
PS2,2005,Fighting,Ignition Entertainment,0.33,66.0,21,8.8,6,SNK Playmore,T,2000s,Other,3.091042453358316,1.9459101490553132
X360,2010,Role-Playing,Sega,0.33,74.0,43,7.7,96,Tri-Ace,T,2010s,Other,3.784189633918261,4.574710978503383
Wii,2011,Action,Electronic Arts,0.33,47.0,6,6.6,5,EA Bright Light,T,2010s,Other,1.9459101490553132,1.791759469228055
GC,2006,Platform,THQ,0.33,74.0,5,7.7,12,Blitz Games,E,2000s,Other,1.791759469228055,2.5649493574615367
PSP,2008,Sports,Sony Computer Entertainment,0.33,83.0,14,8.4,12,SCEA San Diego Studios,E,2000s,Other,2.70805020110221,2.5649493574615367
GBA,2003,Platform,Disney Interactive Studios,0.33,62.0,4,7.7,6,Digital Eclipse,E,2000s,Other,1.6094379124341003,1.9459101490553132
PSP,2006,Misc,Capcom,0.33,75.0,27,7.5,27,"Capcom, Klein Computer Entertainment",T,2000s,Other,3.332204510175204,3.332204510175204
PS,2000,Sports,Sony Computer Entertainment,0.33,69.0,9,7.5,27,989 Sports,E,2000s,Other,2.302585092994046,3.332204510175204
GBA,2003,Misc,THQ,0.33,55.0,4,7.8,6,Natsume,E,2000s,Other,1.6094379124341003,1.9459101490553132
PC,2012,Action,Electronic Arts,0.33,55.0,30,5.4,599,Danger Close,M,2010s,Other,3.4339872044851463,6.396929655216146
GC,2005,Sports,Electronic Arts,0.33,88.0,20,8.7,16,EA Sports,E,2000s,Other,3.044522437723423,2.833213344056216
Wii,2007,Sports,Electronic Arts,0.33,74.0,52,8.1,60,EA Montreal,E,2000s,Other,3.970291913552122,4.110873864173311
PSV,2013,Misc,Nippon Ichi Software,0.33,80.0,55,8.1,235,Spike Chunsoft,M,2010s,Other,4.02535169073515,5.4638318050256105
PS3,2009,Action,Electronic Arts,0.33,66.0,35,7.1,17,EA Bright Light,E10+,2000s,Other,3.58351893845611,2.8903717578961645
GC,2006,Action,THQ,0.33,63.0,11,6.9,11,Artificial Mind and Movement,E10+,2000s,Other,2.4849066497880004,2.4849066497880004
Wii,2010,Misc,Konami Digital Entertainment,0.33,65.0,5,7.5,27,"Terminal Reality, 4mm Games",T,2010s,Other,1.791759469228055,3.332204510175204
Wii,2008,Racing,THQ,0.33,70.0,7,8.3,9,Rainbow Studios,E,2000s,Other,2.0794415416798357,2.302585092994046
PS3,2012,Action,Sega,0.33,72.0,33,8.2,179,Sega,M,2010s,Other,3.5263605246161616,5.19295685089021
GC,2005,Sports,Electronic Arts,0.33,76.0,14,7.5,27,EA Canada,E,2000s,Other,2.70805020110221,3.332204510175204
GBA,2005,Puzzle,Nintendo,0.33,74.0,14,7.5,27,Intelligent Systems,E,2000s,Mario,2.70805020110221,3.332204510175204
X360,2010,Sports,Hudson Soft,0.33,26.0,16,3.7,9,AI,E10+,2010s,Other,2.833213344056216,2.302585092994046
XB,2006,Sports,Take-Two Interactive,0.33,71.0,21,5.7,12,Kush Games,E,2000s,Other,3.091042453358316,2.5649493574615367
X360,2008,Action,Sega,0.33,45.0,33,5.8,33,Secret Level,M,2000s,Other,3.5263605246161616,3.5263605246161616
DS,2007,Sports,Electronic Arts,0.33,60.0,8,7.6,13,Piranha Games,E,2000s,Other,2.1972245773362196,2.639057329615259
PC,2008,Role-Playing,Atari,0.32,86.0,30,8.5,1660,CD Projekt Red Studio,M,2000s,Other,3.4339872044851463,7.415175109613295
GBA,2004,Action,Konami Digital Entertainment,0.32,65.0,9,7.5,27,Konami,E,2000s,Other,2.302585092994046,3.332204510175204
Wii,2011,Adventure,Nintendo,0.32,65.0,26,8.2,5,Sanzaru Games,E,2010s,Other,3.295836866004329,1.791759469228055
Wii,2010,Action,Sega,0.32,41.0,11,4.6,12,High Voltage Software,T,2010s,Other,2.4849066497880004,2.5649493574615367
PS2,2003,Shooter,Vivendi Games,0.32,69.0,21,7.8,16,Argonaut Games,M,2000s,Other,3.091042453358316,2.833213344056216
X360,2009,Sports,Electronic Arts,0.32,75.0,22,7.5,27,EA Canada,E,2000s,Other,3.1354942159291497,3.332204510175204
X360,2009,Strategy,Eidos Interactive,0.32,76.0,48,7.4,41,Eidos Interactive,T,2000s,Other,3.8918202981106265,3.7376696182833684
Wii,2006,Action,Konami Digital Entertainment,0.32,75.0,46,7.4,33,Konami,E,2000s,Other,3.8501476017100584,3.5263605246161616
PS3,2010,Misc,Konami Digital Entertainment,0.32,75.0,25,6.3,4,"Terminal Reality, 4mm Games",T,2010s,Other,3.258096538021482,1.6094379124341003
3DS,2015,Misc,Sega,0.32,80.0,32,8.5,71,Sega,E10+,2010s,Other,3.4965075614664802,4.276666119016055
XOne,2015,Misc,Ubisoft,0.32,66.0,10,6.1,18,Ubisoft,E10+,2010s,Other,2.3978952727983707,2.9444389791664403
PS3,2008,Action,Sega,0.32,44.0,30,5.6,23,Secret Level,M,2000s,Other,3.4339872044851463,3.1780538303479458
PC,2011,Shooter,Electronic Arts,0.32,87.0,28,8.3,974,Visceral Games,M,2010s,Other,3.367295829986474,6.882437470997847
PS2,2001,Racing,Sony Computer Entertainment,0.32,77.0,21,8.3,21,SCE Santa Monica,T,2000s,Other,3.091042453358316,3.091042453358316
X360,2011,Misc,Ubisoft,0.32,66.0,17,5.8,8,iNiS,T,2010s,Other,2.8903717578961645,2.1972245773362196
XB,2005,Sports,Electronic Arts,0.32,89.0,41,8.9,10,EA Canada,E,2000s,Other,3.7376696182833684,2.3978952727983707
Wii,2009,Role-Playing,Activision,0.32,50.0,8,5.2,16,n-Space,T,2000s,Other,2.1972245773362196,2.833213344056216
PS3,2013,Action,Capcom,0.32,72.0,37,7.4,424,DONTNOD Entertainment,M,2010s,Other,3.6375861597263857,6.052089168924417
X360,2012,Action,Konami Digital Entertainment,0.32,68.0,38,7.3,269,Konami,M,2010s,Other,3.6635616461296463,5.598421958998375
PS3,2011,Action,Capcom,0.32,72.0,31,7.1,35,Capcom Vancouver,M,2010s,Other,3.4657359027997265,3.58351893845611
XOne,2015,Fighting,Namco Bandai Games,0.32,67.0,18,7.2,128,Dimps Corporation,T,2010s,Other,2.9444389791664403,4.859812404361672
X360,2007,Role-Playing,Atari,0.32,79.0,56,7.9,97,Tri-Crescendo,T,2000s,Other,4.04305126783455,4.584967478670572
PS,1999,Simulation,Ubisoft,0.32,82.0,6,9.3,78,Victor Interactive Software,E,1990s,Other,1.9459101490553132,4.3694478524670215
X360,2012,Fighting,Ubisoft Annecy,0.32,76.0,39,7.9,95,Team Ninja,M,2010s,Other,3.6888794541139363,4.564348191467836
X360,2009,Action,Codemasters,0.32,75.0,60,7.2,46,Triumph Studios,T,2000s,Other,4.110873864173311,3.8501476017100584
X360,2007,Simulation,Konami Digital Entertainment,0.32,74.0,26,8.8,5,Konami,E10+,2000s,Other,3.295836866004329,1.791759469228055
PC,2009,Action,Eidos Interactive,0.32,91.0,29,8.7,1736,Rocksteady Studios,T,2000s,Other,3.4011973816621555,7.459914766241105
PSP,2007,Strategy,THQ,0.32,67.0,25,7.6,26,RedLynx,T,2000s,Other,3.258096538021482,3.295836866004329
PS2,2005,Shooter,Ubisoft,0.32,74.0,37,8.4,42,High Moon Studios,M,2000s,Other,3.6375861597263857,3.7612001156935624
X360,2005,Sports,Activision,0.32,75.0,43,7.2,21,Neversoft Entertainment,T,2000s,Other,3.784189633918261,3.091042453358316
X360,2007,Puzzle,Namco Bandai Games,0.32,73.0,52,7.0,40,Now Production,E,2000s,Other,3.970291913552122,3.713572066704308
GC,2003,Action,Ubisoft,0.32,92.0,33,8.4,41,Ubisoft,T,2000s,Other,3.5263605246161616,3.7376696182833684
PS3,2011,Action,Electronic Arts,0.32,43.0,21,5.7,27,EA Bright Light,T,2010s,Other,3.091042453358316,3.332204510175204
PS2,2000,Simulation,Sony Computer Entertainment,0.32,79.0,18,8.4,9,CAProduction,E,2000s,Other,2.9444389791664403,2.302585092994046
PC,2016,Role-Playing,Activision,0.32,88.0,62,7.5,535,Blizzard Entertainment,T,2010s,Other,4.143134726391533,6.284134161070802
PSV,2014,Misc,Sega,0.32,81.0,8,8.4,69,Sega,T,2010s,Other,2.1972245773362196,4.248495242049359
Wii,2006,Fighting,Sega,0.32,58.0,30,7.5,24,Polygon Magic,T,2000s,Other,3.4339872044851463,3.2188758248682006
PS3,2008,Sports,Electronic Arts,0.32,63.0,37,6.9,19,EA Canada,E,2000s,FIFA,3.6375861597263857,2.995732273553991
GBA,2001,Action,Majesco Entertainment,0.32,64.0,15,7.5,27,Pipe Dream Interactive,E,2000s,Other,2.772588722239781,3.332204510175204
PS,2000,Sports,Electronic Arts,0.32,85.0,10,7.8,5,EA Sports,E,2000s,FIFA,2.3978952727983707,1.791759469228055
PS3,2011,Shooter,Codemasters,0.32,67.0,36,6.3,18,Codemasters,M,2010s,Other,3.6109179126442243,2.9444389791664403
Wii,2011,Action,Namco Bandai Games,0.32,45.0,4,7.5,27,Inti Creates,E10+,2010s,Other,1.6094379124341003,3.332204510175204
PSP,2009,Racing,Sony Computer Entertainment,0.32,55.0,13,5.7,10,Codemasters,E10+,2000s,Other,2.639057329615259,2.3978952727983707
PS2,2003,Platform,Konami Digital Entertainment,0.32,59.0,12,8.5,6,Konami,E,2000s,Other,2.5649493574615367,1.9459101490553132
PS3,2012,Action,Konami Digital Entertainment,0.32,70.0,33,4.8,136,Hijinx Studios,M,2010s,Other,3.5263605246161616,4.919980925828125
PS2,2004,Misc,Konami Digital Entertainment,0.32,82.0,25,7.8,10,Harmonix Music Systems,E,2000s,Other,3.258096538021482,2.3978952727983707
PSP,2010,Shooter,Electronic Arts,0.32,49.0,11,6.0,32,"Buzz Monkey, EA Montreal",M,2010s,Other,2.4849066497880004,3.4965075614664802
PSV,2015,Misc,Nippon Ichi Software,0.32,76.0,51,8.6,83,"Atlus, Dingo Inc.",T,2010s,Other,3.9512437185814275,4.430816798843313
PS2,2002,Fighting,Ubisoft,0.32,68.0,19,8.0,8,Opus,T,2000s,Other,2.995732273553991,2.1972245773362196
PS2,2003,Sports,Activision,0.32,78.0,15,8.3,12,Toys for Bob,E,2000s,Other,2.772588722239781,2.5649493574615367
X360,2006,Shooter,Take-Two Interactive,0.32,79.0,80,7.3,117,Venom Games,M,2000s,Other,4.394449154672439,4.770684624465665
PSP,2008,Sports,Ubisoft,0.32,70.0,5,7.5,4,Ubisoft,E10+,2000s,Other,1.791759469228055,1.6094379124341003
PS3,2007,Role-Playing,Sony Computer Entertainment,0.32,75.0,55,8.2,145,"Game Republic, JapanStudio",T,2000s,Other,4.02535169073515,4.983606621708336
PS4,2014,Action,Square Enix,0.32,59.0,60,6.9,310,Airtight Games,M,2010s,Other,4.110873864173311,5.739792912179234
PS3,2012,Shooter,Take-Two Interactive,0.32,79.0,28,7.6,127,Digital Extremes,M,2010s,Other,3.367295829986474,4.852030263919617
XB,2002,Sports,Sega,0.32,87.0,15,7.9,9,Visual Concepts,E,2000s,Other,2.772588722239781,2.302585092994046
GBA,2002,Misc,Atari,0.32,60.0,14,7.5,27,CodeFire,E,2000s,Other,2.70805020110221,3.332204510175204
XB,2003,Sports,Microsoft Game Studios,0.32,74.0,29,8.8,16,Microsoft Game Studios,E,2000s,Other,3.4011973816621555,2.833213344056216
X360,2008,Sports,Electronic Arts,0.32,63.0,48,6.9,18,EA Canada,E,2000s,FIFA,3.8918202981106265,2.9444389791664403
X360,2010,Sports,Activision,0.32,55.0,7,7.5,27,Activision,T,2010s,Other,2.0794415416798357,3.332204510175204
X360,2006,Racing,Atari,0.32,82.0,69,8.0,86,Eden Studios,E10+,2000s,Other,4.248495242049359,4.465908118654584
PSP,2005,Fighting,Electronic Arts,0.32,58.0,15,8.7,30,EA Canada,T,2000s,Other,2.772588722239781,3.4339872044851463
DS,2009,Sports,THQ,0.32,63.0,5,7.5,27,Webfoot Technologies,E,2000s,Other,1.791759469228055,3.332204510175204
XB,2004,Strategy,Deep Silver,0.32,81.0,50,7.9,31,Phantagram,M,2000s,Other,3.9318256327243257,3.4657359027997265
PS2,2001,Racing,Gathering of Developers,0.32,64.0,11,7.5,27,Terminal Reality,E,2000s,Other,2.4849066497880004,3.332204510175204
X360,2007,Shooter,Codemasters,0.32,63.0,46,7.4,70,"Mercury Steam, Alchemic Productions",M,2000s,Other,3.8501476017100584,4.2626798770413155
PS2,2000,Strategy,Tecmo Koei,0.32,72.0,10,8.7,11,Koei,E,2000s,Other,2.3978952727983707,2.4849066497880004
PC,2011,Role-Playing,Microsoft Game Studios,0.32,75.0,39,5.4,555,Lionhead Studios,M,2010s,Other,3.6888794541139363,6.320768294250582
PS2,2002,Adventure,Sony Computer Entertainment,0.32,52.0,15,7.2,10,Artificial Mind and Movement,E,2000s,Other,2.772588722239781,2.3978952727983707
PS2,2009,Misc,Activision,0.32,87.0,4,6.4,5,FreeStyleGames,T,2000s,Other,1.6094379124341003,1.791759469228055
PSP,2010,Role-Playing,Square Enix,0.32,53.0,45,5.5,21,Access Games,M,2010s,Other,3.828641396489095,3.091042453358316
PS3,2011,Action,Disney Interactive Studios,0.32,63.0,13,6.6,9,High Impact Games,E10+,2010s,Other,2.639057329615259,2.302585092994046
PSP,2009,Fighting,Namco Bandai Games,0.32,82.0,39,8.2,68,"Namco Bandai Games America, Namco Bandai Games",T,2000s,Other,3.6888794541139363,4.23410650459726
PS2,2004,Action,Tecmo Koei,0.32,71.0,29,8.8,19,Omega Force,T,2000s,Other,3.4011973816621555,2.995732273553991
XB,2002,Adventure,Microsoft Game Studios,0.32,80.0,31,9.3,96,Sega AM2,T,2000s,Other,3.4657359027997265,4.574710978503383
X360,2007,Action,Vivendi Games,0.32,65.0,25,6.3,39,Radical Entertainment,E10+,2000s,Other,3.258096538021482,3.6888794541139363
PS3,2011,Sports,505 Games,0.32,50.0,12,5.6,7,HB Studios Multimedia,E,2010s,Other,2.5649493574615367,2.0794415416798357
PS3,2012,Racing,Codemasters,0.32,61.0,27,5.6,34,Codemasters,E,2010s,Other,3.332204510175204,3.5553480614894135
PS3,2009,Action,Codemasters,0.32,72.0,42,7.6,24,Triumph Studios,T,2000s,Other,3.7612001156935624,3.2188758248682006
PSP,2007,Action,Activision,0.31,57.0,8,7.5,27,Amaze Entertainment,E10+,2000s,Other,2.1972245773362196,3.332204510175204
X360,2010,Fighting,PQube,0.31,85.0,32,8.7,26,Arc System Works,T,2010s,Other,3.4965075614664802,3.295836866004329
PS3,2007,Sports,Sony Computer Entertainment,0.31,77.0,30,7.5,17,SCEA San Diego Studios,E,2000s,Other,3.4339872044851463,2.8903717578961645
XB,2003,Racing,Vivendi Games,0.31,70.0,14,8.9,16,Vicarious Visions,E,2000s,Other,2.70805020110221,2.833213344056216
DS,2010,Role-Playing,Atlus,0.31,77.0,23,8.0,21,Atlus,E10+,2010s,Other,3.1780538303479458,3.091042453358316
PC,2013,Action,Warner Bros. Interactive Entertainment,0.31,74.0,17,7.5,1170,Iron Galaxy Studios,T,2010s,Other,2.8903717578961645,7.065613363597717
X360,2009,Action,Electronic Arts,0.31,64.0,38,6.8,11,EA Bright Light,E10+,2000s,Other,3.6635616461296463,2.4849066497880004
Wii,2007,Misc,Konami Digital Entertainment,0.31,58.0,9,8.1,9,Hudson Soft,E,2000s,Other,2.302585092994046,2.302585092994046
GBA,2003,Sports,Electronic Arts,0.31,70.0,9,6.6,5,BudCat,E,2000s,Madden,2.302585092994046,1.791759469228055
XB,2002,Sports,Microsoft Game Studios,0.31,72.0,21,7.8,12,High Voltage Software,E,2000s,Other,3.091042453358316,2.5649493574615367
PS2,2005,Sports,Electronic Arts,0.31,59.0,29,7.9,52,EA Canada,E,2000s,FIFA,3.4011973816621555,3.970291913552122
Wii,2008,Role-Playing,Eidos Interactive,0.31,73.0,11,8.4,14,Backbone Entertainment,E10+,2000s,Other,2.4849066497880004,2.70805020110221
PSP,2010,Role-Playing,Marvelous Interactive,0.31,58.0,10,8.1,39,"Image Epoch, Imageepoch",T,2010s,Other,2.3978952727983707,3.6888794541139363
PS3,2013,Role-Playing,Square Enix,0.31,61.0,33,7.7,237,Access Games,M,2010s,Other,3.5263605246161616,5.472270673671475
X360,2011,Adventure,Deep Silver,0.31,82.0,39,7.9,153,Atlus,M,2010s,Other,3.6888794541139363,5.0369526024136295
XB,2005,Action,Atari,0.31,73.0,39,7.3,20,Shiny Entertainment,T,2000s,Other,3.6888794541139363,3.044522437723423
X360,2008,Misc,Atari,0.31,63.0,16,7.5,27,Namco Bandai Games,E10+,2000s,Other,2.833213344056216,3.332204510175204
3DS,2011,Puzzle,Square Enix,0.31,49.0,30,4.8,13,Arika,E,2010s,Other,3.4339872044851463,2.639057329615259
XB,2005,Action,Midway Games,0.31,78.0,37,6.6,19,Midway Studios - Los Angeles,M,2000s,Other,3.6375861597263857,2.995732273553991
WiiU,2013,Action,Warner Bros. Interactive Entertainment,0.31,68.0,5,7.4,127,Human Head Studios,T,2010s,Other,1.791759469228055,4.852030263919617
DS,2011,Role-Playing,Ghostlight,0.31,79.0,21,8.8,45,Atlus,T,2010s,Other,3.091042453358316,3.828641396489095
WiiU,2014,Action,Sega,0.31,32.0,28,3.6,587,Big Red Button Entertainment,E10+,2010s,Other,3.367295829986474,6.376726947898627
PC,2010,Strategy,Ubisoft,0.31,79.0,33,5.2,213,Blue Byte,E10+,2010s,Other,3.5263605246161616,5.365976015021851
PSP,2007,Racing,Sony Computer Entertainment,0.31,82.0,40,8.6,31,Studio Liverpool,E10+,2000s,Other,3.713572066704308,3.4657359027997265
X360,2008,Platform,Vivendi Games,0.31,62.0,35,7.2,26,Etranges Libellules,E10+,2000s,Other,3.58351893845611,3.295836866004329
X360,2009,Racing,Codemasters,0.31,66.0,45,7.0,45,Asobo Studio,E,2000s,Other,3.828641396489095,3.828641396489095
PS4,2015,Simulation,Kalypso Media,0.31,76.0,17,7.1,110,Haemimont,T,2010s,Other,2.8903717578961645,4.709530201312334
PS,2001,Action,Take-Two Interactive,0.31,26.0,7,3.8,8,Wildfire Studios,T,2000s,Other,2.0794415416798357,2.1972245773362196
XB,2005,Shooter,Ubisoft,0.31,85.0,41,8.6,25,Gearbox Software,M,2000s,Other,3.7376696182833684,3.258096538021482
3DS,2013,Adventure,Warner Bros. Interactive Entertainment,0.31,65.0,5,3.6,7,TT Games,E10+,2010s,Other,1.791759469228055,2.0794415416798357
PS4,2015,Action,Activision,0.31,81.0,51,3.3,29,Vicarious Visions,E10+,2010s,Other,3.9512437185814275,3.4011973816621555
DS,2009,Puzzle,Rondomedia,0.31,60.0,5,7.5,27,MumboJumbo,E,2000s,Other,1.791759469228055,3.332204510175204
X360,2010,Action,Capcom,0.31,59.0,69,6.0,61,Airtight Games,T,2010s,Other,4.248495242049359,4.127134385045092
PSP,2007,Action,Take-Two Interactive,0.31,69.0,15,8.1,38,Rockstar London,M,2000s,Other,2.772588722239781,3.6635616461296463
PSP,2005,Platform,Capcom,0.31,79.0,34,8.3,44,Capcom,E10+,2000s,Other,3.5553480614894135,3.8066624897703196
PS3,2010,Action,Namco Bandai Games,0.31,41.0,28,1.7,17,Game Republic,T,2010s,Other,3.367295829986474,2.8903717578961645
GBA,2002,Action,Ubisoft,0.31,81.0,15,9.0,21,Capcom,E,2000s,Other,2.772588722239781,3.091042453358316
PS3,2008,Sports,Bethesda Softworks,0.31,67.0,23,5.6,8,Kush Games,E,2000s,Other,3.1780538303479458,2.1972245773362196
Wii,2011,Role-Playing,Nintendo,0.31,73.0,48,8.0,99,Ganbarion,T,2010s,Other,3.8918202981106265,4.605170185988092
Wii,2009,Simulation,Electronic Arts,0.31,58.0,13,2.1,35,Electronic Arts,E,2000s,Other,2.639057329615259,3.58351893845611
X360,2005,Sports,Electronic Arts,0.31,71.0,36,7.4,8,EA Sports,E,2000s,Other,3.6109179126442243,2.1972245773362196
X360,2011,Sports,Home Entertainment Suppliers,0.31,73.0,14,6.0,8,Sidhe Interactive,E,2010s,Other,2.70805020110221,2.1972245773362196
XB,2004,Misc,Midway Games,0.31,74.0,38,7.4,7,Backbone Entertainment,M,2000s,Other,3.6635616461296463,2.0794415416798357
Wii,2008,Action,Sega,0.31,46.0,21,7.5,27,Edge of Reality,T,2000s,Other,3.091042453358316,3.332204510175204
GC,2002,Racing,Electronic Arts,0.31,85.0,12,6.6,5,EA Sports,E,2000s,Other,2.5649493574615367,1.791759469228055
DS,2010,Platform,Capcom,0.31,78.0,15,8.9,39,"Inti, Inti Creates",E,2010s,Other,2.772588722239781,3.6888794541139363
X360,2012,Sports,Konami Digital Entertainment,0.31,82.0,33,6.9,77,Konami,E,2010s,Other,3.5263605246161616,4.356708826689592
PS2,2002,Racing,LucasArts,0.31,73.0,34,8.5,11,Rainbow Studios,E,2000s,Other,3.5553480614894135,2.4849066497880004
PS2,2001,Sports,Sony Computer Entertainment,0.31,52.0,14,6.5,8,989 Sports,E,2000s,Other,2.70805020110221,2.1972245773362196
PS2,2002,Action,Activision,0.31,49.0,21,6.1,14,Mucky Foot Productions,M,2000s,Other,3.091042453358316,2.70805020110221
Wii,2008,Misc,Zoo Games,0.31,26.0,6,7.5,27,Humagade,E10+,2000s,Other,1.9459101490553132,3.332204510175204
X360,2010,Action,Disney Interactive Studios,0.31,58.0,51,6.0,41,Propaganda Games,T,2010s,Other,3.9512437185814275,3.7376696182833684
XB,2002,Fighting,Universal Interactive,0.31,32.0,24,2.4,10,Ronin Entertainment,T,2000s,Other,3.2188758248682006,2.3978952727983707
PS,2000,Platform,Sony Computer Entertainment,0.31,66.0,8,7.2,6,Disney Interactive,E,2000s,Other,2.1972245773362196,1.9459101490553132
PS3,2014,Fighting,Namco Bandai Games,0.31,54.0,32,5.3,103,Artdink,T,2010s,Other,3.4965075614664802,4.6443908991413725
PS2,2002,Action,Sony Computer Entertainment,0.31,59.0,17,7.8,4,High Voltage Software,E,2000s,Other,2.8903717578961645,1.6094379124341003
PS2,2000,Role-Playing,Activision,0.31,54.0,15,5.8,8,Shade,T,2000s,Other,2.772588722239781,2.1972245773362196
PSP,2007,Sports,Electronic Arts,0.31,73.0,11,6.2,5,EA Canada,E,2000s,Other,2.4849066497880004,1.791759469228055
DS,2005,Action,Ubisoft,0.3,73.0,22,7.8,19,Ubisoft,E10+,2000s,Other,3.1354942159291497,2.995732273553991
GBA,2005,Action,Activision,0.3,62.0,4,7.3,12,Vicarious Visions,E10+,2000s,Other,1.6094379124341003,2.5649493574615367
XB,2003,Racing,Microsoft Game Studios,0.3,76.0,41,8.3,30,Digital Illusions,E,2000s,Other,3.7376696182833684,3.4339872044851463
GBA,2002,Racing,TDK Mediactive,0.3,27.0,5,8.9,19,Prolific,E,2000s,Other,1.791759469228055,2.995732273553991
DS,2007,Shooter,Konami Digital Entertainment,0.3,83.0,38,8.4,45,WayForward,T,2000s,Other,3.6635616461296463,3.828641396489095
GBA,2003,Platform,Universal Interactive,0.3,72.0,13,7.5,15,Digital Eclipse,E,2000s,Other,2.639057329615259,2.772588722239781
PS3,2009,Action,Activision,0.3,66.0,18,4.5,4,Beenox,E10+,2000s,Other,2.9444389791664403,1.6094379124341003
X360,2011,Racing,Activision,0.3,62.0,24,4.1,14,Eutechnyx,E,2010s,Other,3.2188758248682006,2.70805020110221
PS3,2013,Fighting,Arc System Works,0.3,83.0,16,8.3,64,Arc System Works,T,2010s,Other,2.833213344056216,4.174387269895637
PC,2012,Role-Playing,Electronic Arts,0.3,81.0,25,6.6,1097,Big Huge Games,M,2010s,Other,3.258096538021482,7.001245622069476
3DS,2016,Misc,Nintendo,0.3,68.0,37,6.8,16,"Nintendo, Nd Cube",E,2010s,Mario,3.6375861597263857,2.833213344056216
PS2,2005,Misc,Konami Digital Entertainment,0.3,78.0,25,7.5,27,Harmonix Music Systems,E10+,2000s,Other,3.258096538021482,3.332204510175204
GC,2002,Racing,Acclaim Entertainment,0.3,78.0,18,7.9,18,Criterion Games,E,2000s,Other,2.9444389791664403,2.9444389791664403
GBA,2005,Platform,Disney Interactive Studios,0.3,59.0,6,7.5,27,Climax Group,E,2000s,Other,1.9459101490553132,3.332204510175204
PS2,2003,Action,Capcom,0.3,65.0,34,8.2,58,Capcom,T,2000s,Other,3.5553480614894135,4.07753744390572
GBA,2005,Adventure,Global Star,0.3,36.0,5,3.8,6,"High Voltage Software, Backbone Entertainment",E,2000s,Other,1.791759469228055,1.9459101490553132
PS2,2005,Adventure,Sony Computer Entertainment,0.3,61.0,18,8.5,30,Idol Minds,E10+,2000s,Other,2.9444389791664403,3.4339872044851463
XOne,2016,Fighting,Namco Bandai Games,0.3,81.0,11,8.5,51,CyberConnect2,T,2010s,Other,2.4849066497880004,3.9512437185814275
PS4,2016,Action,Warner Bros. Interactive Entertainment,0.3,75.0,59,7.3,89,Rocksteady Studios,M,2010s,Other,4.0943445622221,4.499809670330265
PS2,2006,Adventure,Sony Computer Entertainment,0.3,62.0,53,8.2,40,SCE Studio Cambridge,M,2000s,Other,3.9889840465642745,3.713572066704308
PS3,2011,Fighting,Rising Star Games,0.3,77.0,26,8.2,76,SNK Playmore,T,2010s,Other,3.295836866004329,4.343805421853684
3DS,2011,Action,Ubisoft,0.3,53.0,32,5.5,26,Ubisoft,T,2010s,Other,3.4965075614664802,3.295836866004329
X360,2009,Role-Playing,Banpresto,0.3,69.0,49,7.0,57,"Banpresto, SoftMax",T,2000s,Other,3.912023005428146,4.060443010546419
DS,2007,Action,Warner Bros. Interactive Entertainment,0.3,66.0,16,7.5,27,WayForward,E,2000s,Other,2.833213344056216,3.332204510175204
PS2,2002,Strategy,Tecmo Koei,0.3,77.0,14,8.9,17,Koei,E,2000s,Other,2.70805020110221,2.8903717578961645
X360,2013,Racing,Codemasters,0.3,79.0,29,6.6,33,Codemasters,E,2010s,Other,3.4011973816621555,3.5263605246161616
GBA,2003,Racing,THQ,0.3,48.0,14,5.9,8,Graphic State,E,2000s,Other,2.70805020110221,2.1972245773362196
X360,2007,Role-Playing,Square Enix,0.3,63.0,4,5.8,5,Square Enix,T,2000s,Final Fantasy,1.6094379124341003,1.791759469228055
X360,2011,Fighting,Ubisoft,0.3,61.0,13,7.5,10,Ubisoft,E10+,2010s,Other,2.639057329615259,2.3978952727983707
DS,2009,Adventure,Disney Interactive Studios,0.3,45.0,4,7.5,27,Altron,E,2000s,Other,1.6094379124341003,3.332204510175204
PS2,2000,Platform,Ubisoft,0.3,90.0,16,8.2,42,Ubisoft,E,2000s,Other,2.833213344056216,3.7612001156935624
3DS,2011,Action,Namco Bandai Games,0.3,46.0,20,7.3,14,Bandai Namco Games,Unknown,2010s,Other,3.044522437723423,2.70805020110221
PSV,2012,Sports,Electronic Arts,0.3,63.0,6,7.3,38,EA Tiburon,E,2010s,Madden,1.9459101490553132,3.6635616461296463
PS,2000,Action,3DO,0.3,74.0,8,5.3,4,3DO,T,2000s,Other,2.1972245773362196,1.6094379124341003
PS3,2007,Shooter,Midway Games,0.3,77.0,22,7.9,48,Midway,M,2000s,Other,3.1354942159291497,3.8918202981106265
PS2,2003,Fighting,THQ,0.3,73.0,19,8.6,7,Anchor,M,2000s,Other,2.995732273553991,2.0794415416798357
PS2,2000,Role-Playing,Ubisoft,0.3,62.0,13,5.3,9,From Software,T,2000s,Other,2.639057329615259,2.302585092994046
Wii,2008,Action,Capcom,0.3,76.0,11,8.9,41,Capcom,M,2000s,Other,2.4849066497880004,3.7376696182833684
X360,2007,Action,Tecmo Koei,0.3,60.0,42,7.4,22,Omega Force,T,2000s,Other,3.7612001156935624,3.1354942159291497
PSP,2010,Action,Konami Digital Entertainment,0.3,73.0,28,7.5,43,"Climax Group, Climax Studios",M,2010s,Other,3.367295829986474,3.784189633918261
X360,2008,Simulation,Konami Digital Entertainment,0.3,65.0,6,7.7,7,Konami,E,2000s,Other,1.9459101490553132,2.0794415416798357
PS2,2004,Fighting,Acclaim Entertainment,0.3,55.0,24,6.1,7,Acclaim,T,2000s,Other,3.2188758248682006,2.0794415416798357
PSV,2014,Role-Playing,Namco Bandai Games,0.3,67.0,28,7.6,131,Bandai Namco Games,T,2010s,Other,3.367295829986474,4.882801922586371
PS2,2005,Strategy,THQ,0.3,74.0,24,8.0,13,Pandemic Studios,M,2000s,Other,3.2188758248682006,2.639057329615259
PS2,2006,Simulation,Electronic Arts,0.3,68.0,27,8.0,25,Maxis,T,2000s,Other,3.332204510175204,3.258096538021482
GBA,2002,Platform,THQ,0.3,46.0,5,7.5,27,Hyperspace Cowgirls,E,2000s,Other,1.791759469228055,3.332204510175204
DS,2009,Simulation,Electronic Arts,0.3,64.0,9,7.5,27,EA Games,E,2000s,Other,2.302585092994046,3.332204510175204
PS3,2012,Fighting,Tecmo Koei,0.3,49.0,19,7.0,19,"Koei, Omega Force",M,2010s,Other,2.995732273553991,2.995732273553991
GC,2004,Action,Activision,0.3,69.0,23,7.5,27,Edge of Reality,E,2000s,Other,3.1780538303479458,3.332204510175204
PS2,2004,Sports,Midway Games,0.3,77.0,30,9.5,4,Point of View,T,2000s,Other,3.4339872044851463,1.6094379124341003
XB,2003,Action,Konami Digital Entertainment,0.3,56.0,22,8.4,9,Konami,E,2000s,Other,3.1354942159291497,2.302585092994046
PSP,2006,Misc,Capcom,0.3,72.0,37,7.0,5,Digital Eclipse,T,2000s,Other,3.6375861597263857,1.791759469228055
PC,2006,Simulation,Deep Silver,0.3,79.0,30,8.3,38,Related Designs,E10+,2000s,Other,3.4339872044851463,3.6635616461296463
XOne,2016,Action,Warner Bros. Interactive Entertainment,0.3,76.0,11,7.0,18,TT Games,E10+,2010s,Other,2.4849066497880004,2.9444389791664403
PSV,2011,Platform,Sony Computer Entertainment,0.3,57.0,62,5.5,53,Bigbig Studios,E10+,2010s,Other,4.143134726391533,3.9889840465642745
PSP,2007,Platform,Activision,0.3,52.0,7,7.4,9,Treyarch,T,2000s,Other,2.0794415416798357,2.302585092994046
XB,2003,Sports,Mud Duck Productions,0.3,48.0,6,4.4,8,Unknown,Unknown,2000s,Other,1.9459101490553132,2.1972245773362196
DS,2010,Role-Playing,Atlus,0.29,85.0,30,9.0,81,Atlus,E10+,2010s,Other,3.4339872044851463,4.406719247264253
PS3,2012,Action,Sony Computer Entertainment,0.29,70.0,52,7.3,57,The Workshop,E10+,2010s,Other,3.970291913552122,4.060443010546419
X360,2007,Action,Electronic Arts,0.29,68.0,38,6.8,20,EA Games,E10+,2000s,Other,3.6635616461296463,3.044522437723423
PS2,2002,Role-Playing,Ubisoft,0.29,71.0,19,8.6,31,Game Arts,T,2000s,Other,2.995732273553991,3.4657359027997265
Wii,2009,Sports,Ubisoft,0.29,72.0,33,8.7,30,Ubisoft,E,2000s,Other,3.5263605246161616,3.4339872044851463
X360,2007,Action,Activision,0.29,60.0,51,6.3,26,Next Level Games,E10+,2000s,Other,3.9512437185814275,3.295836866004329
X360,2009,Misc,Activision,0.29,57.0,34,5.8,17,"Neversoft Entertainment, Underground Development",T,2000s,Other,3.5553480614894135,2.8903717578961645
DS,2010,Action,Warner Bros. Interactive Entertainment,0.29,74.0,14,8.0,8,WayForward,E10+,2010s,Other,2.70805020110221,2.1972245773362196
PC,2004,Simulation,Electronic Arts,0.29,90.0,61,8.8,676,Maxis,T,2000s,Other,4.127134385045092,6.517671272912275
GBA,2003,Racing,Electronic Arts,0.29,77.0,9,8.2,25,Pocketeers,E,2000s,Other,2.302585092994046,3.258096538021482
X360,2010,Misc,Konami Digital Entertainment,0.29,74.0,36,5.4,9,"Terminal Reality, 4mm Games",T,2010s,Other,3.6109179126442243,2.302585092994046
XB,2002,Sports,TDK Mediactive,0.29,72.0,23,6.9,9,Simon & Schuster,T,2000s,Other,3.1780538303479458,2.302585092994046
Wii,2010,Action,Electronic Arts,0.29,67.0,9,5.2,5,Electronic Arts,E10+,2010s,Other,2.302585092994046,1.791759469228055
X360,2009,Action,Eidos Interactive,0.29,73.0,44,8.4,38,Io Interactive,E10+,2000s,Other,3.8066624897703196,3.6635616461296463
PS2,2002,Adventure,505 Games,0.29,67.0,16,7.5,27,Banpresto,T,2000s,Other,2.833213344056216,3.332204510175204
GC,2005,Sports,Electronic Arts,0.29,88.0,36,8.4,16,EA Canada,E,2000s,Other,3.6109179126442243,2.833213344056216
DS,2006,Action,THQ,0.29,59.0,6,7.5,27,Natsume,E,2000s,Other,1.9459101490553132,3.332204510175204
PS2,2000,Shooter,Midas Interactive Entertainment,0.29,66.0,11,7.7,20,Omega Force,T,2000s,Other,2.4849066497880004,3.044522437723423
PSP,2006,Shooter,Sony Computer Entertainment,0.29,87.0,58,9.0,118,Sony Bend,M,2000s,Other,4.07753744390572,4.77912349311153
DS,2008,Role-Playing,Nintendo,0.29,69.0,23,7.3,18,Paon Corporation,E10+,2000s,Other,3.1780538303479458,2.9444389791664403
X360,2009,Action,THQ,0.29,61.0,18,6.8,6,Heavy Iron Studios,E10+,2000s,Other,2.9444389791664403,1.9459101490553132
PSV,2012,Racing,Sony Computer Entertainment,0.29,62.0,51,6.4,69,SCEA,E,2010s,Other,3.9512437185814275,4.248495242049359
X360,2005,Sports,Electronic Arts,0.29,64.0,35,5.6,16,EA Canada,E,2000s,Other,3.58351893845611,2.833213344056216
Wii,2010,Sports,Namco Bandai Games,0.29,60.0,9,7.6,5,Namco Bandai Games,E,2010s,Other,2.302585092994046,1.791759469228055
PC,2005,Racing,Electronic Arts,0.29,82.0,19,8.5,525,Black Box,T,2000s,Other,2.995732273553991,6.26530121273771
PS3,2010,Shooter,Square Enix,0.29,58.0,42,6.0,30,Double Helix Games,T,2010s,Other,3.7612001156935624,3.4339872044851463
PSV,2011,Fighting,Capcom,0.29,80.0,48,7.7,93,Capcom,T,2010s,Other,3.8918202981106265,4.543294782270004
Wii,2009,Strategy,Rising Star Games,0.29,87.0,50,8.8,86,Cing,T,2000s,Other,3.9318256327243257,4.465908118654584
PS3,2009,Action,Tecmo Koei,0.29,64.0,27,7.3,15,Omega Force,T,2000s,Other,3.332204510175204,2.772588722239781
X360,2010,Role-Playing,Square Enix,0.29,67.0,60,8.3,126,Cavia Inc.,M,2010s,Other,4.110873864173311,4.844187086458591
DS,2008,Strategy,THQ,0.29,60.0,17,5.4,7,Altron,E,2000s,Other,2.8903717578961645,2.0794415416798357
XB,2005,Shooter,Midway Games,0.29,72.0,43,8.1,16,Midway Studios - Austin,M,2000s,Other,3.784189633918261,2.833213344056216
PS4,2015,Action,Activision,0.29,60.0,11,5.7,68,High Moon Studios,M,2010s,Other,2.4849066497880004,4.23410650459726
PS4,2016,Sports,Konami Digital Entertainment,0.29,72.0,7,6.6,8,Konami,E,2010s,Other,2.0794415416798357,2.1972245773362196
PS3,2009,Shooter,Warner Bros. Interactive Entertainment,0.29,61.0,56,7.1,25,GRIN,M,2000s,Other,4.04305126783455,3.258096538021482
PS2,2004,Platform,Capcom,0.29,68.0,23,8.5,63,"Valuewave Co.,Ltd.",E,2000s,Other,3.1780538303479458,4.1588830833596715
X360,2009,Shooter,Atari,0.29,82.0,67,8.2,73,Starbreeze,M,2000s,Other,4.219507705176107,4.304065093204169
PS2,2005,Racing,Take-Two Interactive,0.29,58.0,5,7.3,8,Eutechnyx,E,2000s,Other,1.791759469228055,2.1972245773362196
PSP,2008,Racing,Empire Interactive,0.29,74.0,28,8.2,21,Bugbear,T,2000s,Other,3.367295829986474,3.091042453358316
GBA,2003,Misc,Atari,0.29,69.0,19,8.0,5,Mistic Software,E,2000s,Other,2.995732273553991,1.791759469228055
DS,2007,Simulation,Ubisoft,0.29,43.0,7,7.5,27,Black Lantern Studios,E,2000s,Other,2.0794415416798357,3.332204510175204
Wii,2008,Simulation,Rising Star Games,0.29,69.0,14,8.8,17,Marvelous Entertainment,E,2000s,Other,2.70805020110221,2.8903717578961645
PS2,2005,Simulation,Codemasters,0.29,76.0,31,8.4,15,IR Gurus,T,2000s,Other,3.4657359027997265,2.772588722239781
Wii,2007,Action,Ubisoft,0.29,70.0,30,7.7,21,Ubisoft Montreal,T,2000s,Other,3.4339872044851463,3.091042453358316
GC,2004,Role-Playing,Electronic Arts,0.29,74.0,25,7.8,19,EA Games,T,2000s,Other,3.258096538021482,2.995732273553991
DS,2005,Adventure,Nintendo,0.29,70.0,51,8.1,42,Cing,T,2000s,Other,3.9512437185814275,3.7612001156935624
PSP,2005,Role-Playing,Activision,0.29,84.0,30,8.2,43,Vicarious Visions,T,2000s,Other,3.4339872044851463,3.784189633918261
PC,2014,Shooter,Take-Two Interactive,0.29,75.0,55,6.2,703,2K Australia,M,2010s,Other,4.02535169073515,6.556778356158042
XB,2007,Sports,Electronic Arts,0.29,76.0,6,6.0,4,EA Tiburon,E,2000s,Madden,1.9459101490553132,1.6094379124341003
Wii,2007,Simulation,Nintendo,0.29,77.0,43,8.0,20,Atlus,T,2000s,Other,3.784189633918261,3.044522437723423
PS3,2012,Action,Sony Computer Entertainment,0.29,77.0,71,7.8,188,LightBox Interactive,T,2010s,Other,4.276666119016055,5.241747015059643
XB,2003,Role-Playing,Ubisoft,0.29,65.0,30,7.4,27,Akella,T,2000s,Other,3.4339872044851463,3.332204510175204
3DS,2012,Action,Electronic Arts,0.29,68.0,4,3.7,16,Electronic Arts,E,2010s,FIFA,1.6094379124341003,2.833213344056216
PSP,2010,Simulation,Namco Bandai Games,0.29,71.0,30,7.2,12,Project Aces,T,2010s,Other,3.4339872044851463,2.5649493574615367
Wii,2009,Sports,Take-Two Interactive,0.29,68.0,5,8.5,6,Blue Castle Games,E10+,2000s,Other,1.791759469228055,1.9459101490553132
X360,2008,Shooter,Codemasters,0.29,43.0,44,6.8,87,Spark Unlimited,T,2000s,Other,3.8066624897703196,4.477336814478207
3DS,2014,Action,Sega,0.29,47.0,21,6.3,160,Sanzaru Games,E,2010s,Other,3.091042453358316,5.081404364984463
PS2,2002,Misc,TDK Mediactive,0.29,30.0,4,5.1,17,Mass Media,E,2000s,Other,1.6094379124341003,2.8903717578961645
Wii,2007,Sports,Konami Digital Entertainment,0.29,83.0,12,8.4,45,Konami,E,2000s,Other,2.5649493574615367,3.828641396489095
PS2,2005,Role-Playing,Sega,0.29,81.0,15,7.3,26,RED Entertainment,T,2000s,Other,2.772588722239781,3.295836866004329
PS2,2002,Strategy,Tecmo Koei,0.29,79.0,14,8.1,31,Koei,T,2000s,Other,2.70805020110221,3.4657359027997265
PS3,2011,Shooter,Ubisoft,0.29,45.0,42,5.5,74,Techland,M,2010s,Other,3.7612001156935624,4.31748811353631
PS3,2013,Strategy,Activision,0.29,49.0,6,3.6,23,Exient Entertainment,E,2010s,Other,1.9459101490553132,3.1780538303479458
XOne,2014,Action,Konami Digital Entertainment,0.29,76.0,13,5.4,348,Kojima Productions,M,2010s,Other,2.639057329615259,5.855071922202427
PC,2003,Simulation,Electronic Arts,0.29,84.0,36,8.7,268,Maxis,E,2000s,Other,3.6109179126442243,5.594711379601839
Wii,2007,Puzzle,D3Publisher,0.29,71.0,17,6.2,5,Vicious Cycle,E10+,2000s,Other,2.8903717578961645,1.791759469228055
PS2,2007,Sports,Ubisoft,0.29,60.0,4,7.5,27,Ubisoft Montreal,E10+,2000s,Other,1.6094379124341003,3.332204510175204
PS,2000,Racing,Infogrames,0.29,71.0,11,7.5,27,Circus Freak,E,2000s,Other,2.4849066497880004,3.332204510175204
PS4,2015,Role-Playing,Nippon Ichi Software,0.29,80.0,43,8.1,173,Nippon Ichi Software,T,2010s,Other,3.784189633918261,5.159055299214529
Wii,2010,Action,Capcom,0.29,65.0,18,8.8,13,Capcom,T,2010s,Other,2.9444389791664403,2.639057329615259
PS2,2003,Platform,Ubisoft,0.29,76.0,21,8.6,38,Ubisoft,E,2000s,Other,3.091042453358316,3.6635616461296463
PSP,2008,Action,Tecmo Koei,0.29,56.0,14,7.5,4,Omega Force,T,2000s,Other,2.70805020110221,1.6094379124341003
DS,2004,Puzzle,Sega,0.29,75.0,55,8.1,18,Sonic Team,T,2000s,Other,4.02535169073515,2.9444389791664403
PS2,2004,Shooter,Midway Games,0.29,84.0,46,8.9,27,Midway,M,2000s,Other,3.8501476017100584,3.332204510175204
DS,2008,Puzzle,Capcom,0.29,70.0,12,7.5,27,Infinite Interactive,E,2000s,Other,2.5649493574615367,3.332204510175204
Wii,2009,Action,Capcom,0.29,61.0,30,6.5,35,TOSE,M,2000s,Other,3.4339872044851463,3.58351893845611
GC,2004,Platform,Vivendi Games,0.29,62.0,13,8.3,10,Eurocom Entertainment Software,E,2000s,Other,2.639057329615259,2.3978952727983707
X360,2007,Racing,Electronic Arts,0.29,59.0,29,5.2,30,EA Tiburon,E,2000s,Other,3.4011973816621555,3.4339872044851463
PC,2011,Shooter,Wargaming.net,0.29,80.0,38,3.7,1466,Wargaming.net,T,2010s,Other,3.6635616461296463,7.2909747781429814
XB,2003,Sports,Microsoft Game Studios,0.29,80.0,41,9.0,9,Indie Built,E,2000s,Other,3.7376696182833684,2.302585092994046
PS3,2010,Adventure,Namco Bandai Games,0.29,72.0,49,7.9,35,Game Republic,T,2010s,Other,3.912023005428146,3.58351893845611
WiiU,2013,Action,Ubisoft,0.29,86.0,5,7.7,207,Ubisoft,M,2010s,Other,1.791759469228055,5.337538079701318
GBA,2001,Platform,Interplay,0.29,72.0,10,5.7,6,Game Titan,E,2000s,Other,2.3978952727983707,1.9459101490553132
GBA,2003,Role-Playing,Nintendo,0.29,76.0,29,8.1,24,Namco,E10+,2000s,Other,3.4011973816621555,3.2188758248682006
DS,2008,Action,THQ,0.28,50.0,4,7.5,27,Creat Studios,E,2000s,Other,1.6094379124341003,3.332204510175204
PS2,2003,Racing,Ubisoft,0.28,48.0,9,8.3,13,Ubisoft,E,2000s,Other,2.302585092994046,2.639057329615259
PS2,2008,Misc,Sony Computer Entertainment,0.28,75.0,13,7.5,27,SCEE London Studio,T,2000s,Other,2.639057329615259,3.332204510175204
GBA,2003,Sports,Activision,0.28,70.0,6,7.5,27,Vicarious Visions,E,2000s,Other,1.9459101490553132,3.332204510175204
GBA,2005,Action,Atari,0.28,69.0,12,8.2,26,Webfoot Technologies,E10+,2000s,Other,2.5649493574615367,3.295836866004329
PC,2014,Sports,Electronic Arts,0.28,82.0,9,4.2,383,EA Sports,E,2010s,FIFA,2.302585092994046,5.950642552587727
XB,2005,Action,Take-Two Interactive,0.28,85.0,55,8.2,21,Rockstar Toronto,M,2000s,Other,4.02535169073515,3.091042453358316
PS2,2001,Role-Playing,Midway Games,0.28,73.0,24,8.8,55,Sacnoth,M,2000s,Other,3.2188758248682006,4.02535169073515
Wii,2006,Fighting,Atari,0.28,72.0,37,8.5,40,Spike,T,2000s,Other,3.6375861597263857,3.713572066704308
XB,2002,Sports,Activision,0.28,58.0,22,8.0,4,Black Ops Entertainment,T,2000s,Other,3.1354942159291497,1.6094379124341003
GBA,2001,Action,Activision,0.28,61.0,10,7.5,27,Digital Eclipse,E,2000s,Other,2.3978952727983707,3.332204510175204
PS2,2003,Racing,Namco Bandai Games,0.28,66.0,35,6.2,5,Namco,T,2000s,Other,3.58351893845611,1.791759469228055
PS3,2007,Action,Sega,0.28,40.0,17,4.8,16,Shiny Entertainment,E10+,2000s,Other,2.8903717578961645,2.833213344056216
GC,2003,Racing,Acclaim Entertainment,0.28,70.0,18,9.0,4,Climax Group,E,2000s,Other,2.9444389791664403,1.6094379124341003
PS3,2013,Misc,Sega,0.28,73.0,10,8.4,108,Sega,T,2010s,Other,2.3978952727983707,4.6913478822291435
XB,2005,Fighting,Electronic Arts,0.28,58.0,34,7.5,20,"EA Canada, Nihilistic",T,2000s,Other,3.5553480614894135,3.044522437723423
GBA,2006,Role-Playing,Nintendo,0.28,92.0,25,8.4,190,TOSE,E10+,2000s,Final Fantasy,3.258096538021482,5.25227342804663
PSV,2012,Action,Warner Bros. Interactive Entertainment,0.28,54.0,8,5.6,35,TT Games,E10+,2010s,Other,2.1972245773362196,3.58351893845611
PS2,2004,Action,Capcom,0.28,90.0,34,8.5,35,Clover Studio,T,2000s,Other,3.5553480614894135,3.58351893845611
X360,2009,Shooter,Rising Star Games,0.28,76.0,29,8.4,47,Cave,T,2000s,Other,3.4011973816621555,3.8712010109078907
X360,2012,Role-Playing,Microsoft Game Studios,0.28,61.0,70,4.8,80,Lionhead Studios,T,2010s,Other,4.2626798770413155,4.394449154672439
PS3,2007,Action,Tecmo Koei,0.28,58.0,23,7.9,28,Omega Force,T,2000s,Other,3.1780538303479458,3.367295829986474
X360,2009,Action,Konami Digital Entertainment,0.28,59.0,39,7.4,50,Zombie Studios,M,2000s,Other,3.6888794541139363,3.9318256327243257
X360,2006,Simulation,Sega,0.28,71.0,60,7.0,72,From Software,T,2000s,Other,4.110873864173311,4.290459441148391
PS2,2003,Action,Electronic Arts,0.28,56.0,14,7.6,21,Warthog,E,2000s,Other,2.70805020110221,3.091042453358316
XB,2003,Fighting,Microsoft Game Studios,0.28,68.0,41,8.5,27,Just Add Monsters,T,2000s,Other,3.7376696182833684,3.332204510175204
Wii,2007,Action,Activision,0.28,57.0,28,6.7,7,Amaze Entertainment,E10+,2000s,Other,3.367295829986474,2.0794415416798357
PS2,2007,Action,Empire Interactive,0.28,58.0,24,6.6,14,Sidhe Interactive,M,2000s,Other,3.2188758248682006,2.70805020110221
PSP,2006,Adventure,Disney Interactive Studios,0.28,52.0,34,8.0,17,Griptonite Games,T,2000s,Other,3.5553480614894135,2.8903717578961645
PS2,2006,Puzzle,Xplosiv,0.28,75.0,4,7.5,27,Atomic Planet Entertainment,E,2000s,Other,1.6094379124341003,3.332204510175204
X360,2011,Shooter,Codemasters,0.28,69.0,64,6.1,29,Codemasters,M,2010s,Other,4.174387269895637,3.4011973816621555
X360,2011,Action,Activision,0.28,59.0,53,6.7,30,High Moon Studios,T,2010s,Other,3.9889840465642745,3.4339872044851463
DS,2007,Sports,Ubisoft,0.28,56.0,5,7.0,4,Ubisoft Quebec,E,2000s,Other,1.791759469228055,1.6094379124341003
DS,2009,Action,Ubisoft,0.28,69.0,20,7.3,22,Griptonite Games,T,2000s,Other,3.044522437723423,3.1354942159291497
PS2,2007,Shooter,Sony Computer Entertainment,0.28,70.0,24,7.8,12,Sony Bend,T,2000s,Other,3.2188758248682006,2.5649493574615367
PS2,2003,Platform,Atari,0.28,64.0,30,7.8,10,Paradigm Entertainment,T,2000s,Other,3.4339872044851463,2.3978952727983707
PSP,2007,Sports,Sony Computer Entertainment,0.28,82.0,12,7.2,10,SCEA San Diego Studios,E,2000s,Other,2.5649493574615367,2.3978952727983707
GBA,2001,Platform,Interplay,0.28,58.0,10,7.5,27,Pipe Dream Interactive,E,2000s,Other,2.3978952727983707,3.332204510175204
PS2,2006,Racing,Atari,0.28,69.0,41,6.9,74,Reflections Interactive,M,2000s,Other,3.7376696182833684,4.31748811353631
DS,2006,Platform,Capcom,0.28,76.0,37,8.3,32,Inti Creates,E,2000s,Other,3.6375861597263857,3.4965075614664802
PS2,2004,Fighting,Eidos Interactive,0.28,46.0,23,4.7,10,Paradox Development,M,2000s,Other,3.1780538303479458,2.3978952727983707
GBA,2002,Action,Ubisoft,0.28,68.0,6,7.5,27,Disney Interactive,E,2000s,Other,1.9459101490553132,3.332204510175204
Wii,2009,Misc,Activision,0.28,50.0,12,5.2,6,Neversoft Entertainment,T,2000s,Other,2.5649493574615367,1.9459101490553132
PS,1998,Fighting,Sony Computer Entertainment,0.28,84.0,10,8.6,18,Team Ninja,T,1990s,Other,2.3978952727983707,2.9444389791664403
PS3,2010,Shooter,Namco Bandai Games,0.28,60.0,44,5.9,27,Volatile Games,M,2010s,Other,3.8066624897703196,3.332204510175204
PS2,2006,Role-Playing,505 Games,0.28,71.0,26,7.5,22,Media Vision,T,2000s,Other,3.295836866004329,3.1354942159291497
PS2,2002,Sports,Midway Games,0.28,76.0,22,8.9,15,Midway,E,2000s,Other,3.1354942159291497,2.772588722239781
PS3,2011,Action,Ignition Entertainment,0.28,78.0,46,7.5,40,Ignition Entertainment,T,2010s,Other,3.8501476017100584,3.713572066704308
PS3,2010,Sports,Activision,0.28,56.0,5,6.7,6,Robomodo,E,2010s,Other,1.791759469228055,1.9459101490553132
XB,2004,Sports,Electronic Arts,0.28,80.0,18,7.8,4,EA Canada,E,2000s,Other,2.9444389791664403,1.6094379124341003
PSP,2008,Action,Spike,0.28,70.0,21,7.5,6,Bullets,T,2000s,Other,3.091042453358316,1.9459101490553132
GC,2004,Action,THQ,0.28,65.0,8,7.5,27,THQ,E,2000s,Other,2.1972245773362196,3.332204510175204
XB,2001,Action,Konami Digital Entertainment,0.28,84.0,23,8.3,39,KCET,M,2000s,Other,3.1780538303479458,3.6888794541139363
WiiU,2014,Action,Nintendo,0.28,71.0,34,7.1,133,Indies Zero,E,2010s,Other,3.5553480614894135,4.897839799950911
PS2,2001,Sports,THQ,0.28,57.0,11,5.8,4,THQ,E,2000s,Other,2.4849066497880004,1.6094379124341003
PS2,2002,Sports,Midway Games,0.28,82.0,19,8.4,11,Midway,E,2000s,Other,2.995732273553991,2.4849066497880004
X360,2009,Platform,Capcom,0.28,70.0,65,7.3,87,GRIN,M,2000s,Other,4.189654742026425,4.477336814478207
X360,2010,Misc,Electronic Arts,0.28,66.0,18,6.6,16,Electronic Arts,E,2010s,Other,2.9444389791664403,2.833213344056216
PS3,2009,Misc,Electronic Arts,0.28,66.0,13,7.1,7,EA Bright Light,E,2000s,Other,2.639057329615259,2.0794415416798357
PS3,2011,Action,Sony Computer Entertainment,0.28,61.0,41,6.5,17,Zindagi Games,E10+,2010s,Other,3.7376696182833684,2.8903717578961645
PS2,2000,Sports,Midas Interactive Entertainment,0.28,54.0,15,7.5,27,Takara,E,2000s,Other,2.772588722239781,3.332204510175204
PS2,2001,Shooter,Eidos Interactive,0.28,65.0,23,4.9,11,Zoom,T,2000s,Other,3.1780538303479458,2.4849066497880004
X360,2011,Sports,505 Games,0.28,55.0,14,3.9,13,HB Studios Multimedia,E,2010s,Other,2.70805020110221,2.639057329615259
XB,2005,Platform,Activision,0.28,71.0,28,7.5,27,Toys for Bob,E10+,2000s,Other,3.367295829986474,3.332204510175204
X360,2007,Fighting,Sega,0.28,89.0,36,7.6,62,Sega AM2,T,2000s,Other,3.6109179126442243,4.143134726391533
PS2,2009,Action,Activision,0.28,55.0,4,7.5,13,LucasArts,T,2000s,Other,1.6094379124341003,2.639057329615259
X360,2013,Strategy,Activision,0.28,59.0,3,5.6,25,Exient Entertainment,E,2010s,Other,1.3862943611198906,3.258096538021482
GC,2001,Sports,Acclaim Entertainment,0.28,78.0,15,7.7,10,"Z-Axis, Ltd.",T,2000s,Other,2.772588722239781,2.3978952727983707
PS3,2014,Action,Namco Bandai Games,0.28,71.0,28,7.3,46,Ganbarion,T,2010s,Other,3.367295829986474,3.8501476017100584
XB,2005,Action,Activision,0.28,60.0,43,7.8,17,Exakt,M,2000s,Other,3.784189633918261,2.8903717578961645
PS2,2003,Sports,Acclaim Entertainment,0.28,65.0,21,7.7,19,Acclaim Studios Cheltenham,T,2000s,Other,3.091042453358316,2.995732273553991
PS2,2008,Sports,Electronic Arts,0.28,55.0,4,7.5,27,EA Canada,E,2000s,Other,1.6094379124341003,3.332204510175204
Wii,2006,Adventure,THQ,0.28,56.0,15,5.8,8,AWE Games,E10+,2000s,Other,2.772588722239781,2.1972245773362196
GBA,2003,Platform,Konami Digital Entertainment,0.28,91.0,29,9.1,127,KCET,T,2000s,Other,3.4011973816621555,4.852030263919617
PS2,2002,Adventure,Ubisoft,0.28,57.0,9,7.0,4,Presto Studios,E,2000s,Other,2.302585092994046,1.6094379124341003
DS,2009,Role-Playing,Atlus,0.28,80.0,26,8.7,69,Atlus,M,2000s,Other,3.295836866004329,4.248495242049359
PS3,2013,Shooter,Electronic Arts,0.28,58.0,27,6.7,100,Visceral Games,M,2010s,Other,3.332204510175204,4.61512051684126
PSP,2011,Misc,Sony Computer Entertainment,0.27,74.0,41,7.2,35,SCE Japan Studio,E,2010s,Other,3.7376696182833684,3.58351893845611
Wii,2009,Action,Activision,0.27,75.0,12,8.3,6,Activision,E10+,2000s,Other,2.5649493574615367,1.9459101490553132
PS2,2000,Sports,Take-Two Interactive,0.27,65.0,9,7.5,27,Ornith,E,2000s,Other,2.302585092994046,3.332204510175204
XB,2003,Fighting,Microsoft Game Studios,0.27,65.0,32,6.5,8,Studio Gigante,M,2000s,Other,3.4965075614664802,2.1972245773362196
PS3,2009,Misc,Activision,0.27,59.0,33,4.7,9,Neversoft Entertainment,T,2000s,Other,3.5263605246161616,2.302585092994046
GC,2004,Fighting,Atari,0.27,66.0,9,5.8,12,Pyramid,T,2000s,Other,2.302585092994046,2.5649493574615367
DS,2006,Platform,Activision,0.27,71.0,17,6.4,9,Vicarious Visions,E,2000s,Other,2.8903717578961645,2.302585092994046
GBA,2002,Racing,Konami Digital Entertainment,0.27,69.0,11,7.5,27,Konami,E,2000s,Other,2.4849066497880004,3.332204510175204
PS3,2008,Action,Sony Computer Entertainment,0.27,78.0,42,8.1,87,SCE Japan Studio,M,2000s,Other,3.7612001156935624,4.477336814478207
XB,2001,Sports,Midway Games,0.27,79.0,20,8.7,11,Black Box,E,2000s,Other,3.044522437723423,2.4849066497880004
X360,2013,Racing,Codemasters,0.27,78.0,51,5.8,156,Codemasters,E,2010s,Other,3.9512437185814275,5.056245805348308
PS,2000,Adventure,THQ,0.27,51.0,8,6.0,7,Heavy Iron Studios,M,2000s,Other,2.1972245773362196,2.0794415416798357
Wii,2011,Action,Electronic Arts,0.27,64.0,6,3.6,21,Firebrand Games,E10+,2010s,Other,1.9459101490553132,3.091042453358316
PS,2001,Sports,Acclaim Entertainment,0.27,67.0,11,8.1,7,"Z-Axis, Ltd.",E,2000s,Other,2.4849066497880004,2.0794415416798357
PC,2014,Action,Bethesda Softworks,0.27,68.0,18,5.9,721,Tango Gameworks,M,2010s,Other,2.9444389791664403,6.582025138892826
X360,2008,Misc,Konami Digital Entertainment,0.27,38.0,28,5.1,17,"Zoe Mode, HB Studios Multimedia",T,2000s,Other,3.367295829986474,2.8903717578961645
X360,2011,Action,Capcom,0.27,72.0,48,7.5,60,Capcom Vancouver,M,2010s,Other,3.8918202981106265,4.110873864173311
Wii,2008,Simulation,Destineer,0.27,41.0,7,5.4,18,Arcade Moon,T,2000s,Other,2.0794415416798357,2.9444389791664403
PS2,2004,Sports,Sony Computer Entertainment,0.27,61.0,57,7.2,13,Eurocom Entertainment Software,E,2000s,Other,4.060443010546419,2.639057329615259
PS2,2002,Racing,Codemasters,0.27,81.0,22,8.5,20,Codemasters,T,2000s,Other,3.1354942159291497,3.044522437723423
PS,2000,Sports,Eidos Interactive,0.27,57.0,10,7.5,27,Attention To Detail,E,2000s,Other,2.3978952727983707,3.332204510175204
GC,2003,Role-Playing,Nintendo,0.27,80.0,48,9.0,59,Monolith Soft,T,2000s,Other,3.8918202981106265,4.0943445622221
X360,2010,Action,Sega,0.27,41.0,35,5.9,54,Sega Studios San Francisco,T,2010s,Other,3.58351893845611,4.007333185232471
PS2,2004,Action,Ubisoft,0.27,65.0,24,8.6,12,Venom Games,T,2000s,Other,3.2188758248682006,2.5649493574615367
GBA,2002,Racing,Infogrames,0.27,78.0,4,7.5,27,Crawfish Interactive,E,2000s,Other,1.6094379124341003,3.332204510175204
PSP,2007,Action,Take-Two Interactive,0.27,81.0,36,7.8,21,"Rockstar Toronto, Rockstar Leeds",M,2000s,Other,3.6109179126442243,3.091042453358316
PSP,2010,Simulation,Sony Computer Entertainment,0.27,57.0,19,7.5,27,SCEE London Studio,E,2010s,Other,2.995732273553991,3.332204510175204
XB,2004,Racing,Microsoft Game Studios,0.27,87.0,69,9.1,33,Digital Illusions,E,2000s,Other,4.248495242049359,3.5263605246161616
DS,2005,Puzzle,Namco Bandai Games,0.27,71.0,41,7.1,7,Namco,E,2000s,Other,3.7376696182833684,2.0794415416798357
X360,2012,Racing,Codemasters,0.27,64.0,33,5.7,22,Codemasters,E,2010s,Other,3.5263605246161616,3.1354942159291497
WiiU,2012,Misc,Nintendo,0.27,60.0,21,5.4,18,FreeStyleGames,E10+,2010s,Other,3.091042453358316,2.9444389791664403
GBA,2006,Platform,Activision,0.27,49.0,11,7.5,27,Vicarious Visions,E,2000s,Other,2.4849066497880004,3.332204510175204
PS2,2001,Racing,Eidos Interactive,0.27,62.0,17,7.5,27,Opus,E,2000s,Other,2.8903717578961645,3.332204510175204
GC,2005,Platform,Disney Interactive Studios,0.27,67.0,12,7.5,27,Avalanche Software,E10+,2000s,Other,2.5649493574615367,3.332204510175204
X360,2006,Sports,Electronic Arts,0.27,79.0,49,5.3,167,EA Sports,E10+,2000s,Other,3.912023005428146,5.123963979403259
PC,2004,Strategy,Atari,0.27,81.0,39,5.0,346,Frontier Developments,E,2000s,Other,3.6888794541139363,5.849324779946859
GC,2002,Platform,Electronic Arts,0.27,69.0,12,8.7,15,Krome Studios,E,2000s,Other,2.5649493574615367,2.772588722239781
GBA,2002,Fighting,THQ,0.27,73.0,10,7.5,6,Natsume,E,2000s,Other,2.3978952727983707,1.9459101490553132
PS2,2004,Role-Playing,Square Enix,0.27,67.0,21,8.4,20,Racjin,T,2000s,Other,3.091042453358316,3.044522437723423
XB,2005,Racing,Electronic Arts,0.27,79.0,25,5.9,7,EA Sports,E,2000s,Other,3.258096538021482,2.0794415416798357
PS2,2004,Shooter,THQ,0.27,70.0,26,8.5,21,Terminal Reality,M,2000s,Other,3.295836866004329,3.091042453358316
XOne,2015,Action,Electronic Arts,0.27,60.0,26,4.3,77,EA Tiburon,E,2010s,Other,3.295836866004329,4.356708826689592
X360,2008,Shooter,Sega,0.27,76.0,63,6.8,43,Bizarre Creations,M,2000s,Other,4.1588830833596715,3.784189633918261
XB,2001,Sports,Electronic Arts,0.27,89.0,17,8.8,5,EA Sports,E,2000s,Other,2.8903717578961645,1.791759469228055
XOne,2014,Action,Warner Bros. Interactive Entertainment,0.27,69.0,20,6.8,36,TT Games,E10+,2010s,Other,3.044522437723423,3.6109179126442243
X360,2013,Role-Playing,Square Enix,0.27,69.0,21,6.6,222,Square Enix,T,2010s,Final Fantasy,3.091042453358316,5.407171771460119
PSP,2006,Sports,Electronic Arts,0.27,78.0,23,7.5,27,Team Fusion,E,2000s,Other,3.1780538303479458,3.332204510175204
PS2,2005,Action,Capcom,0.27,75.0,52,8.3,62,Capcom,M,2000s,Other,3.970291913552122,4.143134726391533
PS3,2011,Racing,Activision,0.27,62.0,16,3.7,15,Eutechnyx,E,2010s,Other,2.833213344056216,2.772588722239781
PS2,2007,Action,Electronic Arts,0.27,61.0,17,8.0,28,EA Games,E10+,2000s,Other,2.8903717578961645,3.367295829986474
Wii,2010,Action,Activision,0.27,41.0,15,6.5,8,Next Level Games,T,2010s,Other,2.772588722239781,2.1972245773362196
PS2,2007,Racing,THQ,0.27,71.0,8,6.4,8,Paradigm Entertainment,T,2000s,Other,2.1972245773362196,2.1972245773362196
Wii,2010,Sports,Take-Two Interactive,0.27,62.0,12,5.8,4,Visual Concepts,E10+,2010s,Other,2.5649493574615367,1.6094379124341003
XB,2005,Action,Activision,0.27,62.0,46,6.6,8,7 Studios,T,2000s,Other,3.8501476017100584,2.1972245773362196
GBA,2001,Sports,Activision,0.27,71.0,11,7.5,27,HotGen,E,2000s,Other,2.4849066497880004,3.332204510175204
PS2,2000,Racing,Namco Bandai Games,0.27,77.0,16,6.0,5,Namco,E,2000s,Other,2.833213344056216,1.791759469228055
3DS,2013,Action,Warner Bros. Interactive Entertainment,0.27,68.0,7,6.8,38,Armature Studio,T,2010s,Other,2.0794415416798357,3.6635616461296463
PS3,2011,Action,Electronic Arts,0.27,77.0,56,8.1,124,Grasshopper Manufacture,M,2010s,Other,4.04305126783455,4.8283137373023015
PC,2010,Strategy,Ubisoft,0.27,76.0,33,8.1,176,Eugen Systems,T,2010s,Other,3.5263605246161616,5.176149732573829
GC,2003,Sports,Electronic Arts,0.27,84.0,17,9.0,4,EA Sports,E,2000s,Other,2.8903717578961645,1.6094379124341003
XB,2002,Racing,Electronic Arts,0.27,84.0,13,7.5,27,EA Sports,E,2000s,Other,2.639057329615259,3.332204510175204
PSP,2006,Sports,Electronic Arts,0.27,68.0,13,7.5,27,EA Tiburon,E,2000s,Other,2.639057329615259,3.332204510175204
PS2,2002,Shooter,BAM! Entertainment,0.27,56.0,16,7.0,4,Kuju Entertainment,M,2000s,Other,2.833213344056216,1.6094379124341003
DS,2010,Action,Konami Digital Entertainment,0.27,65.0,4,7.5,27,Amble,E,2010s,Other,1.6094379124341003,3.332204510175204
GC,2006,Simulation,Electronic Arts,0.27,66.0,15,7.3,8,Maxis,T,2000s,Other,2.772588722239781,2.1972245773362196
3DS,2014,Action,Unknown,0.27,69.0,16,7.6,32,Indies Zero,E,2010s,Other,2.833213344056216,3.4965075614664802
PC,2011,Strategy,Kalypso Media,0.27,78.0,46,7.7,359,Haemimont,T,2010s,Other,3.8501476017100584,5.886104031450156
X360,2007,Sports,Take-Two Interactive,0.27,79.0,23,8.4,21,Blue Castle Games,E,2000s,Other,3.1780538303479458,3.091042453358316
PS2,2003,Simulation,Konami Digital Entertainment,0.27,75.0,13,8.9,21,Blue Tongue Entertainment,T,2000s,Other,2.639057329615259,3.091042453358316
PS,2000,Sports,Sony Computer Entertainment,0.27,71.0,10,7.5,27,989 Sports,E,2000s,Other,2.3978952727983707,3.332204510175204
XB,2002,Sports,Electronic Arts,0.27,78.0,20,7.9,7,Electronic Arts,T,2000s,Other,3.044522437723423,2.0794415416798357
PS2,2005,Fighting,Namco Bandai Games,0.27,52.0,14,8.3,21,Eighting,T,2000s,Other,2.70805020110221,3.091042453358316
X360,2010,Strategy,Ubisoft,0.27,78.0,45,7.0,38,Eugen Systems,T,2010s,Other,3.828641396489095,3.6635616461296463
PS2,2004,Strategy,Atari,0.27,66.0,20,8.3,6,High Voltage Software,E,2000s,Other,3.044522437723423,1.9459101490553132
DS,2007,Puzzle,Mumbo Jumbo,0.27,71.0,10,7.5,27,"Mac Play, MacPlay",E,2000s,Other,2.3978952727983707,3.332204510175204
X360,2007,Action,THQ,0.27,56.0,14,7.5,27,Heavy Iron Studios,E,2000s,Other,2.70805020110221,3.332204510175204
X360,2011,Sports,Ubisoft,0.27,41.0,8,7.4,7,Ubisoft Vancouver,E,2010s,Other,2.1972245773362196,2.0794415416798357
DS,2007,Misc,Electronic Arts,0.27,58.0,11,7.5,27,EA Montreal,E10+,2000s,Other,2.4849066497880004,3.332204510175204
PS3,2006,Sports,Sony Computer Entertainment,0.27,63.0,24,6.3,10,SCEA,E,2000s,Other,3.2188758248682006,2.3978952727983707
X360,2011,Shooter,Ubisoft,0.27,47.0,62,5.7,109,Techland,M,2010s,Other,4.143134726391533,4.700480365792417
DS,2008,Misc,Ubisoft,0.27,59.0,4,6.7,6,"Ubisoft, Sensory Sweep",E,2000s,Other,1.6094379124341003,1.9459101490553132
DS,2005,Racing,Electronic Arts,0.27,45.0,4,6.1,22,EA Canada,E,2000s,Other,1.6094379124341003,3.1354942159291497
X360,2009,Shooter,SouthPeak Games,0.27,69.0,49,7.3,59,TimeGate Studios,T,2000s,Other,3.912023005428146,4.0943445622221
XB,2003,Sports,Sega,0.27,87.0,18,8.2,25,Visual Concepts,E,2000s,Other,2.9444389791664403,3.258096538021482
PS2,2002,Misc,Pacific Century Cyber Works,0.26,46.0,14,8.4,11,Pacific Century Cyber Works,T,2000s,Other,2.70805020110221,2.4849066497880004
PS3,2012,Action,Activision,0.26,40.0,9,6.4,31,Heavy Iron Studios,M,2010s,Other,2.302585092994046,3.4657359027997265
X360,2007,Sports,Take-Two Interactive,0.26,75.0,22,6.8,52,Visual Concepts,E10+,2000s,Other,3.1354942159291497,3.970291913552122
DS,2007,Simulation,Majesco Entertainment,0.26,46.0,9,7.0,6,"LDW, Big Fish Games",E,2000s,Other,2.302585092994046,1.9459101490553132
X360,2010,Strategy,PopCap Games,0.26,89.0,27,8.2,160,PopCap,E10+,2010s,Other,3.332204510175204,5.081404364984463
PS4,2016,Action,Warner Bros. Interactive Entertainment,0.26,73.0,28,8.5,79,"Rocksteady Studios, Virtuos",T,2010s,Other,3.367295829986474,4.382026634673881
PS2,2001,Action,Take-Two Interactive,0.26,53.0,16,7.3,11,Human Head Studios,M,2000s,Other,2.833213344056216,2.4849066497880004
X360,2008,Action,Sega,0.26,55.0,42,6.4,24,Edge of Reality,T,2000s,Other,3.7612001156935624,3.2188758248682006
XB,2002,Shooter,Sega,0.26,90.0,41,8.5,64,Smilebit,T,2000s,Other,3.7376696182833684,4.174387269895637
DS,2010,Simulation,Nintendo,0.26,87.0,4,5.6,9,Indies Zero,E,2010s,Other,1.6094379124341003,2.302585092994046
DS,2008,Role-Playing,Konami Digital Entertainment,0.26,76.0,24,7.4,37,Konami,E10+,2000s,Other,3.2188758248682006,3.6375861597263857
X360,2006,Action,Electronic Arts,0.26,51.0,48,6.2,49,EA Tiburon,T,2000s,Other,3.8918202981106265,3.912023005428146
DS,2009,Role-Playing,Atlus,0.26,84.0,28,8.8,79,Atlus,T,2000s,Other,3.367295829986474,4.382026634673881
PS4,2015,Platform,Sony Computer Entertainment,0.26,81.0,70,8.1,188,Media Molecule,E,2010s,Other,4.2626798770413155,5.241747015059643
PS2,2006,Sports,Midway Games,0.26,56.0,11,7.5,10,Blue Shift,E10+,2000s,Other,2.4849066497880004,2.3978952727983707
DS,2008,Role-Playing,Atlus,0.26,82.0,17,8.9,24,Atlus,E10+,2000s,Other,2.8903717578961645,3.2188758248682006
PS3,2008,Action,Sega,0.26,55.0,26,6.8,20,Edge of Reality,T,2000s,Other,3.295836866004329,3.044522437723423
X360,2010,Action,Rising Star Games,0.26,68.0,39,8.2,332,Access Games,M,2010s,Other,3.6888794541139363,5.808142489980444
Wii,2010,Action,THQ,0.26,49.0,6,7.5,27,THQ,E10+,2010s,Other,1.9459101490553132,3.332204510175204
PS2,2004,Racing,Take-Two Interactive,0.26,50.0,7,6.6,8,Razorworks Studios,E,2000s,Other,2.0794415416798357,2.1972245773362196
PS3,2011,Action,Ubisoft,0.26,59.0,27,5.7,13,Ubisoft Montpellier,E10+,2010s,Other,3.332204510175204,2.639057329615259
Wii,2010,Sports,Take-Two Interactive,0.26,53.0,4,7.5,27,Visual Concepts,E,2010s,Other,1.6094379124341003,3.332204510175204
GBA,2002,Action,THQ,0.26,55.0,5,7.5,27,Human Soft,E,2000s,Other,1.791759469228055,3.332204510175204
PSP,2010,Fighting,Namco Bandai Games,0.26,63.0,22,8.6,20,Spike,T,2010s,Other,3.1354942159291497,3.044522437723423
3DS,2013,Role-Playing,Atlus,0.26,80.0,41,8.2,89,Atlus,T,2010s,Other,3.7376696182833684,4.499809670330265
GBA,2006,Role-Playing,Nintendo,0.26,83.0,25,7.2,75,TOSE,E,2000s,Final Fantasy,3.258096538021482,4.330733340286331
PS,2000,Simulation,Activision,0.26,76.0,12,7.5,27,Warthog,E,2000s,Other,2.5649493574615367,3.332204510175204
GC,2002,Shooter,LucasArts,0.26,67.0,20,7.6,16,LucasArts,T,2000s,Other,3.044522437723423,2.833213344056216
PS3,2011,Action,Tecmo Koei,0.26,64.0,11,7.8,9,Omega Force,T,2010s,Other,2.4849066497880004,2.302585092994046
PSP,2006,Fighting,Namco Bandai Games,0.26,70.0,11,6.6,11,Bandai,T,2000s,Other,2.4849066497880004,2.4849066497880004
X360,2012,Action,Activision,0.26,63.0,13,3.5,27,"Rovio Mobile, Rovio Entertainment",E,2010s,Other,2.639057329615259,3.332204510175204
Wii,2009,Sports,Take-Two Interactive,0.26,61.0,5,4.5,10,2K Sports,E,2000s,Other,1.791759469228055,2.3978952727983707
XOne,2016,Sports,Take-Two Interactive,0.26,68.0,12,5.5,27,Yuke's,T,2010s,Other,2.5649493574615367,3.332204510175204
X360,2007,Strategy,Eidos Interactive,0.26,73.0,55,7.1,40,Eidos Interactive,T,2000s,Other,4.02535169073515,3.713572066704308
PS2,2002,Racing,BAM! Entertainment,0.26,59.0,14,9.0,17,Spike,E,2000s,Other,2.70805020110221,2.8903717578961645
XOne,2015,Racing,Slightly Mad Studios,0.26,81.0,16,5.8,135,Slightly Mad Studios,E,2010s,Other,2.833213344056216,4.912654885736052
PSP,2009,Sports,Sony Computer Entertainment,0.26,78.0,12,6.9,7,SCEA San Diego Studios,E,2000s,Other,2.5649493574615367,2.0794415416798357
PS,1999,Misc,Enix Corporation,0.26,66.0,8,8.9,35,Metro,E,1990s,Other,2.1972245773362196,3.58351893845611
Wii,2011,Role-Playing,Nintendo,0.26,59.0,16,7.9,10,Level 5,Unknown,2010s,Other,2.833213344056216,2.3978952727983707
PS2,2004,Simulation,Indie Games,0.26,73.0,19,8.7,7,From Software,T,2000s,Other,2.995732273553991,2.0794415416798357
PS2,2002,Sports,Konami Digital Entertainment,0.26,44.0,14,6.7,9,Konami,T,2000s,Other,2.70805020110221,2.302585092994046
Wii,2009,Misc,Konami Digital Entertainment,0.26,49.0,5,7.5,27,Artificial Mind and Movement,T,2000s,Other,1.791759469228055,3.332204510175204
XB,2003,Sports,TDK Mediactive,0.26,77.0,33,8.4,7,Hypnotix,M,2000s,Other,3.5263605246161616,2.0794415416798357
GC,2001,Adventure,Ubisoft,0.26,70.0,17,5.8,16,Ubisoft Montreal,T,2000s,Other,2.8903717578961645,2.833213344056216
PS3,2008,Action,Activision,0.26,67.0,44,7.9,34,"Treyarch, Shaba Games",T,2000s,Other,3.8066624897703196,3.5553480614894135
PS2,2001,Role-Playing,Eidos Interactive,0.26,67.0,21,8.4,43,Prokion,T,2000s,Other,3.091042453358316,3.784189633918261
GC,2003,Racing,Vivendi Games,0.26,66.0,10,7.4,8,Vicarious Visions,E,2000s,Other,2.3978952727983707,2.1972245773362196
Wii,2009,Sports,Take-Two Interactive,0.26,55.0,17,7.5,27,2K Shanghai,T,2000s,Other,2.8903717578961645,3.332204510175204
Wii,2009,Racing,Nintendo,0.26,77.0,29,8.6,26,Monster Games Inc.,E,2000s,Other,3.4011973816621555,3.295836866004329
GBA,2003,Action,Konami Digital Entertainment,0.26,59.0,6,7.5,27,Konami Computer Entertainment Hawaii,E,2000s,Other,1.9459101490553132,3.332204510175204
XB,2005,Adventure,Electronic Arts,0.26,88.0,65,9.1,58,Oddworld Inhabitants,T,2000s,Other,4.189654742026425,4.07753744390572
PS2,2004,Fighting,Ignition Entertainment,0.26,64.0,45,6.9,12,SNK Playmore,T,2000s,Other,3.828641396489095,2.5649493574615367
PS3,2012,Role-Playing,Tecmo Koei,0.26,70.0,17,6.6,120,Gust,T,2010s,Other,2.8903717578961645,4.795790545596741
PS4,2016,Shooter,Take-Two Interactive,0.26,68.0,55,6.8,402,Gearbox Software,T,2010s,Other,4.02535169073515,5.998936561946683
Wii,2009,Simulation,Namco Bandai Games,0.26,64.0,7,7.5,27,"Machatin, Inc.",E10+,2000s,Other,2.0794415416798357,3.332204510175204
PS2,2002,Adventure,Sony Computer Entertainment,0.26,78.0,31,9.0,39,Surreal Software,M,2000s,Other,3.4657359027997265,3.6888794541139363
X360,2013,Action,Capcom,0.26,75.0,30,7.4,170,Capcom,M,2010s,Other,3.4339872044851463,5.14166355650266
X360,2010,Sports,Activision,0.26,53.0,10,6.6,10,Robomodo,E,2010s,Other,2.3978952727983707,2.3978952727983707
PS3,2012,Action,Sony Computer Entertainment,0.26,74.0,60,8.4,89,Crispy's,T,2010s,Other,4.110873864173311,4.499809670330265
X360,2013,Shooter,Electronic Arts,0.26,54.0,55,6.2,195,Visceral Games,M,2010s,Other,4.02535169073515,5.278114659230518
PS3,2013,Platform,Sony Computer Entertainment Europe,0.26,80.0,75,8.5,236,SCE Japan Studio,E10+,2010s,Other,4.330733340286331,5.4680601411351315
PS3,2007,Action,Ubisoft,0.26,78.0,17,6.5,41,Ubisoft Shanghai,M,2000s,Other,2.8903717578961645,3.7376696182833684
DS,2006,Action,Capcom,0.26,71.0,41,8.4,36,Capcom,M,2000s,Other,3.7376696182833684,3.6109179126442243
X360,2008,Shooter,Atari,0.26,47.0,39,7.1,87,Spark Unlimited,M,2000s,Other,3.6888794541139363,4.477336814478207
X360,2005,Action,Ubisoft,0.26,80.0,57,7.5,79,Ubisoft Montpellier,T,2000s,Other,4.060443010546419,4.382026634673881
DS,2005,Platform,Ubisoft,0.26,58.0,20,7.6,19,DC Studios,E,2000s,Other,3.044522437723423,2.995732273553991
GBA,2002,Racing,Liquid Games,0.26,49.0,7,7.5,27,Tantalus Interactive,E,2000s,Other,2.0794415416798357,3.332204510175204
XB,2002,Sports,Acclaim Entertainment,0.26,79.0,15,8.1,7,Acclaim,E,2000s,Other,2.772588722239781,2.0794415416798357
PS2,2004,Racing,Activision,0.26,77.0,30,8.1,9,Left Field Productions,E,2000s,Other,3.4339872044851463,2.302585092994046
PS2,2003,Sports,Sony Computer Entertainment,0.26,58.0,19,7.8,8,989 Sports,E,2000s,Other,2.995732273553991,2.1972245773362196
DS,2008,Adventure,Codemasters,0.26,46.0,5,3.6,5,Gorilla Systems,E10+,2000s,Other,1.791759469228055,1.791759469228055
GBA,2002,Platform,Konami Digital Entertainment,0.26,87.0,27,8.2,39,KCET,T,2000s,Other,3.332204510175204,3.6888794541139363
PS2,2001,Racing,Sony Computer Entertainment,0.26,73.0,18,6.0,5,Studio Liverpool,E,2000s,Other,2.9444389791664403,1.791759469228055
DS,2006,Adventure,Disney Interactive Studios,0.26,63.0,11,8.6,7,Amaze Entertainment,T,2000s,Other,2.4849066497880004,2.0794415416798357
XB,2004,Role-Playing,Acclaim Entertainment,0.26,77.0,44,7.9,16,Black Isle Studios,T,2000s,Other,3.8066624897703196,2.833213344056216
DS,2004,Sports,Electronic Arts,0.26,68.0,25,7.7,7,Exient Entertainment,E,2000s,Madden,3.258096538021482,2.0794415416798357
GC,2004,Sports,Electronic Arts,0.26,89.0,25,8.5,11,EA Sports,E,2000s,Other,3.258096538021482,2.4849066497880004
DS,2004,Puzzle,Nintendo,0.26,73.0,34,8.4,17,Mitchell,E,2000s,Other,3.5553480614894135,2.8903717578961645
GBA,2001,Fighting,Ubisoft,0.25,84.0,17,7.4,10,Capcom,T,2000s,Other,2.8903717578961645,2.3978952727983707
XB,2003,Simulation,LucasArts,0.25,77.0,31,8.8,4,Totally Games,T,2000s,Other,3.4657359027997265,1.6094379124341003
PC,2006,Role-Playing,Take-Two Interactive,0.25,94.0,54,8.1,2454,Bethesda Softworks,M,2000s,Other,4.007333185232471,7.805882040228621
DS,2005,Misc,Nintendo,0.25,79.0,51,7.9,32,Fuse Games Limited,E,2000s,Other,3.9512437185814275,3.4965075614664802
PS2,2006,Action,THQ,0.25,56.0,12,8.6,17,Artificial Mind and Movement,E10+,2000s,Other,2.5649493574615367,2.8903717578961645
DS,2007,Sports,Electronic Arts,0.25,71.0,11,7.5,27,Exient Entertainment,E,2000s,Madden,2.4849066497880004,3.332204510175204
GC,2002,Adventure,Vivendi Games,0.25,81.0,19,8.5,15,Hudson,E,2000s,Other,2.995732273553991,2.772588722239781
PSP,2007,Racing,Sega,0.25,74.0,14,7.2,9,Bugbear,E,2000s,Other,2.70805020110221,2.302585092994046
PS2,2000,Sports,Take-Two Interactive,0.25,46.0,15,4.6,8,Opus,E,2000s,Other,2.772588722239781,2.1972245773362196
X360,2008,Racing,Electronic Arts,0.25,69.0,32,7.8,15,EA Games,E,2000s,Other,3.4965075614664802,2.772588722239781
XB,2005,Misc,Activision,0.25,52.0,14,7.5,27,Activision Value,E10+,2000s,Other,2.70805020110221,3.332204510175204
PS3,2008,Racing,Electronic Arts,0.25,65.0,22,7.5,10,EA Games,E,2000s,Other,3.1354942159291497,2.3978952727983707
X360,2012,Role-Playing,Focus Home Interactive,0.25,52.0,35,5.2,126,"Cyanide, Cyanide Studios",M,2010s,Other,3.58351893845611,4.844187086458591
PS2,2003,Misc,Disney Interactive Studios,0.25,56.0,6,7.5,27,Ubisoft Shanghai,E,2000s,Other,1.9459101490553132,3.332204510175204
XB,2002,Sports,Electronic Arts,0.25,64.0,17,7.5,27,Pandemic Studios,E,2000s,Other,2.8903717578961645,3.332204510175204
Wii,2009,Action,Activision,0.25,69.0,12,7.5,27,Beenox,E10+,2000s,Other,2.5649493574615367,3.332204510175204
PC,2010,Simulation,Ubisoft,0.25,62.0,26,3.5,104,Ubisoft Romania,T,2010s,Other,3.295836866004329,4.653960350157523
XB,2003,Sports,Microsoft Game Studios,0.25,80.0,34,7.7,20,Indie Built,E,2000s,Other,3.5553480614894135,3.044522437723423
Wii,2009,Role-Playing,Square Enix,0.25,64.0,29,5.6,11,Square Enix,E10+,2000s,Final Fantasy,3.4011973816621555,2.4849066497880004
PS3,2007,Action,Electronic Arts,0.25,86.0,23,6.9,23,EA Canada,E10+,2000s,Other,3.1780538303479458,3.1780538303479458
3DS,2015,Role-Playing,FuRyu,0.25,67.0,31,7.1,54,FuRyu,E10+,2010s,Other,3.4657359027997265,4.007333185232471
PS3,2007,Racing,THQ,0.25,71.0,10,6.4,5,Juice Games,T,2000s,Other,2.3978952727983707,1.791759469228055
PS,1996,Racing,Psygnosis,0.25,93.0,8,8.7,20,Psygnosis,Unknown,1990s,Other,2.1972245773362196,3.044522437723423
PC,2011,Action,LucasArts,0.25,76.0,14,7.5,44,Traveller's Tales,E10+,2010s,Other,2.70805020110221,3.8066624897703196
PS,2001,Action,BAM! Entertainment,0.25,30.0,6,6.3,4,VIS Entertainment,E,2000s,Other,1.9459101490553132,1.6094379124341003
X360,2006,Sports,Tecmo Koei,0.25,53.0,46,6.7,42,Team Ninja,M,2000s,Other,3.8501476017100584,3.7612001156935624
PS4,2016,Misc,Sony Computer Entertainment,0.25,59.0,48,7.1,73,Sony Interactive Entertainment,M,2010s,Other,3.8918202981106265,4.304065093204169
PS3,2011,Action,Bethesda Softworks,0.25,57.0,34,6.2,70,InXile Entertainment,M,2010s,Other,3.5553480614894135,4.2626798770413155
XB,2004,Shooter,Vivendi Games,0.25,73.0,47,8.0,8,2015,M,2000s,Other,3.8712010109078907,2.1972245773362196
GBA,2001,Puzzle,Activision,0.25,88.0,16,7.5,27,AI,E,2000s,Other,2.833213344056216,3.332204510175204
GC,2005,Shooter,Electronic Arts,0.25,71.0,22,7.9,14,EA LA,T,2000s,Other,3.1354942159291497,2.70805020110221
GC,2003,Platform,Sega,0.25,71.0,37,8.7,31,Sonic Team,E,2000s,Other,3.6375861597263857,3.4657359027997265
X360,2007,Action,Electronic Arts,0.25,85.0,44,8.2,44,EA Canada,E10+,2000s,Other,3.8066624897703196,3.8066624897703196
GBA,2001,Misc,Midway Games,0.25,48.0,9,7.5,27,Midway,E,2000s,Other,2.302585092994046,3.332204510175204
PS2,2002,Racing,Sony Computer Entertainment,0.25,83.0,21,8.5,43,Studio Liverpool,E,2000s,Other,3.091042453358316,3.784189633918261
PS3,2010,Action,Deep Silver,0.25,42.0,33,3.8,20,ZootFly,T,2010s,Other,3.5263605246161616,3.044522437723423
XB,2005,Sports,Electronic Arts,0.25,79.0,35,8.4,18,EA Canada,E10+,2000s,Other,3.58351893845611,2.9444389791664403
PC,2015,Strategy,Ubisoft,0.25,72.0,45,5.9,278,Blue Byte,E10+,2010s,Other,3.828641396489095,5.631211781821365
XB,2004,Misc,Atari,0.25,68.0,15,7.5,27,Digital Eclipse,E,2000s,Other,2.772588722239781,3.332204510175204
PS,2000,Fighting,Ubisoft,0.25,53.0,6,7.4,16,Opus,T,2000s,Other,1.9459101490553132,2.833213344056216
DS,2007,Simulation,Empire Interactive,0.25,49.0,7,7.5,27,Empire Interactive,E,2000s,Other,2.0794415416798357,3.332204510175204
XB,2003,Shooter,Ubisoft,0.25,74.0,38,8.3,15,Southend Interactive,M,2000s,Other,3.6635616461296463,2.772588722239781
PS3,2009,Action,THQ,0.25,65.0,5,6.5,4,Heavy Iron Studios,E10+,2000s,Other,1.791759469228055,1.6094379124341003
DS,2010,Misc,Ubisoft,0.25,64.0,5,6.6,5,Ubisoft,E10+,2010s,Other,1.791759469228055,1.791759469228055
X360,2007,Racing,THQ,0.25,78.0,20,7.3,11,"Climax Group, Climax Studios",E,2000s,Other,3.044522437723423,2.4849066497880004
X360,2006,Racing,THQ,0.25,65.0,16,6.1,8,Rainbow Studios,E,2000s,Other,2.833213344056216,2.1972245773362196
PS3,2014,Misc,Sega,0.25,78.0,15,8.6,49,Sega,T,2010s,Other,2.772588722239781,3.912023005428146
DS,2009,Role-Playing,Hudson Soft,0.25,36.0,4,7.5,27,Hudson Soft,E,2000s,Other,1.6094379124341003,3.332204510175204
X360,2008,Action,Activision,0.25,62.0,23,7.5,27,Toys for Bob,E10+,2000s,Other,3.1780538303479458,3.332204510175204
PC,2013,Racing,Electronic Arts,0.25,76.0,16,3.3,546,Ghost Games,E10+,2010s,Other,2.833213344056216,6.304448802421981
PS2,2008,Action,Vivendi Games,0.25,38.0,7,6.8,6,Eurocom Entertainment Software,T,2000s,Other,2.0794415416798357,1.9459101490553132
GC,2003,Fighting,Electronic Arts,0.25,81.0,22,8.5,8,Aki Corp.,T,2000s,Other,3.1354942159291497,2.1972245773362196
XB,2005,Simulation,Electronic Arts,0.25,75.0,31,7.1,8,Maxis,T,2000s,Other,3.4657359027997265,2.1972245773362196
Wii,2008,Action,Activision,0.25,63.0,20,6.9,13,"Treyarch, Shaba Games",T,2000s,Other,3.044522437723423,2.639057329615259
PS3,2013,Shooter,Take-Two Interactive,0.25,69.0,22,6.7,79,2K Marin,M,2010s,Other,3.1354942159291497,4.382026634673881
PS2,2003,Sports,Sega,0.25,87.0,21,8.7,19,Blue Shift,E,2000s,Other,3.091042453358316,2.995732273553991
Wii,2007,Sports,Activision,0.25,57.0,8,6.2,19,Page 44 Studios,T,2000s,Other,2.1972245773362196,2.995732273553991
PSP,2009,Action,Activision,0.25,63.0,10,7.8,17,Amaze,T,2000s,Other,2.3978952727983707,2.8903717578961645
X360,2006,Action,THQ,0.25,70.0,52,7.5,48,Relic,M,2000s,Other,3.970291913552122,3.8918202981106265
X360,2008,Sports,Take-Two Interactive,0.25,56.0,45,6.4,29,Venom Games,T,2000s,Other,3.828641396489095,3.4011973816621555
PS2,2005,Action,Capcom,0.25,64.0,27,7.4,12,Capcom,T,2000s,Other,3.332204510175204,2.5649493574615367
X360,2008,Adventure,Disney Interactive Studios,0.25,57.0,18,7.1,7,Avalanche Software,E10+,2000s,Other,2.9444389791664403,2.0794415416798357
X360,2011,Action,Activision,0.25,57.0,50,6.8,33,Beenox,T,2010s,Other,3.9318256327243257,3.5263605246161616
PC,2011,Adventure,Take-Two Interactive,0.25,83.0,28,7.9,903,Rockstar Leeds,M,2010s,Other,3.367295829986474,6.806829360392176
PS2,2008,Action,Tecmo Koei,0.25,43.0,7,5.4,14,"Koei, Omega Force",T,2000s,Other,2.0794415416798357,2.70805020110221
XB,2005,Shooter,Ubisoft,0.25,70.0,19,7.4,21,Secret Level,T,2000s,Other,2.995732273553991,3.091042453358316
PS,1999,Role-Playing,Ubisoft,0.25,89.0,14,6.6,77,Game Arts,E,1990s,Other,2.70805020110221,4.356708826689592
PS2,2006,Adventure,Ubisoft,0.25,51.0,32,7.5,13,7 Studios,T,2000s,Other,3.4965075614664802,2.639057329615259
GC,2005,Platform,Midway Games,0.25,55.0,4,7.9,10,Artificial Mind and Movement,E,2000s,Other,1.6094379124341003,2.3978952727983707
PS2,2007,Racing,THQ,0.25,67.0,4,7.5,27,Rainbow Studios,E,2000s,Other,1.6094379124341003,3.332204510175204
X360,2007,Simulation,505 Games,0.25,65.0,31,7.2,31,From Software,T,2000s,Other,3.4657359027997265,3.4657359027997265
PS3,2008,Racing,Black Bean Games,0.25,59.0,7,6.1,8,Milestone S.r.l,E10+,2000s,Other,2.0794415416798357,2.1972245773362196
DS,2009,Action,Activision,0.25,50.0,5,6.8,11,LucasArts,T,2000s,Other,1.791759469228055,2.4849066497880004
Wii,2009,Action,Activision,0.25,53.0,8,6.1,10,Amaze Entertainment,T,2000s,Other,2.1972245773362196,2.3978952727983707
PSP,2009,Role-Playing,Nippon Ichi Software,0.25,83.0,33,7.1,47,Nippon Ichi Software,T,2000s,Other,3.5263605246161616,3.8712010109078907
PS3,2007,Sports,Spike,0.25,74.0,19,4.7,7,Kush Games,E,2000s,Other,2.995732273553991,2.0794415416798357
PS2,2004,Role-Playing,Square Enix,0.25,77.0,13,8.0,10,Square Enix,T,2000s,Final Fantasy,2.639057329615259,2.3978952727983707
PS3,2009,Shooter,Vivendi Games,0.25,80.0,45,7.7,40,Starbreeze,M,2000s,Other,3.828641396489095,3.713572066704308
GC,2005,Role-Playing,Activision,0.25,82.0,34,6.2,26,Raven Software,T,2000s,Other,3.5553480614894135,3.295836866004329
GBA,2002,Action,Vivendi Games,0.25,63.0,6,7.5,27,Runecraft,E,2000s,Other,1.9459101490553132,3.332204510175204
PS3,2010,Misc,Sony Computer Entertainment,0.25,56.0,17,4.9,8,SCE Studio Cambridge,E,2010s,Other,2.8903717578961645,2.1972245773362196
X360,2012,Action,Activision,0.25,39.0,28,5.0,51,Heavy Iron Studios,M,2010s,Other,3.367295829986474,3.9512437185814275
X360,2012,Action,Tecmo Koei,0.25,58.0,39,4.4,136,Team Ninja,M,2010s,Other,3.6888794541139363,4.919980925828125
PC,2016,Strategy,Take-Two Interactive,0.25,88.0,81,7.3,684,Firaxis Games,E10+,2010s,Other,4.406719247264253,6.529418838262226
Wii,2010,Action,Electronic Arts,0.25,62.0,7,7.5,27,EA Bright Light,E,2010s,Other,2.0794415416798357,3.332204510175204
PS4,2015,Role-Playing,Namco Bandai Games,0.25,63.0,32,6.3,60,"Bandai Namco Games, Artdink",T,2010s,Other,3.4965075614664802,4.110873864173311
GC,2002,Sports,Nintendo,0.25,71.0,18,7.4,7,Left Field Productions,E,2000s,Other,2.9444389791664403,2.0794415416798357
XOne,2015,Racing,Codemasters,0.25,64.0,13,5.3,22,Codemasters,E,2010s,Other,2.639057329615259,3.1354942159291497
GBA,2004,Racing,Nintendo,0.25,66.0,12,7.5,27,Nintendo,E,2000s,Other,2.5649493574615367,3.332204510175204
PSV,2013,Platform,Sony Computer Entertainment Europe,0.25,75.0,15,8.2,148,Sanzaru Games,E10+,2010s,Other,2.772588722239781,5.003946305945459
PS2,2006,Role-Playing,Namco Bandai Games,0.24,43.0,12,8.0,20,Bec,E10+,2000s,Other,2.5649493574615367,3.044522437723423
PC,2012,Action,Square Enix,0.24,79.0,26,7.0,1327,"Io Interactive, Nixxes Software",M,2010s,Other,3.295836866004329,7.191429330036379
3DS,2015,Role-Playing,Atlus,0.24,79.0,32,8.7,82,"Image Epoch, Imageepoch",T,2010s,Other,3.4965075614664802,4.418840607796598
Wii,2010,Sports,Ubisoft,0.24,51.0,8,8.6,15,Asobo Studio,E,2010s,Other,2.1972245773362196,2.772588722239781
XOne,2014,Racing,Ubisoft,0.24,80.0,28,7.1,158,RedLynx,E10+,2010s,Other,3.367295829986474,5.0689042022202315
X360,2006,Shooter,Ubisoft,0.24,78.0,46,6.2,80,Ubisoft Montreal,M,2000s,Other,3.8501476017100584,4.394449154672439
PS4,2014,Action,Nippon Ichi Software,0.24,57.0,40,6.5,72,"Tamsoft, D3Publisher",M,2010s,Other,3.713572066704308,4.290459441148391
3DS,2013,Platform,Activision,0.24,68.0,12,6.4,13,n-Space,E10+,2010s,Other,2.5649493574615367,2.639057329615259
PS,2000,Shooter,3DO,0.24,48.0,8,7.3,7,3DO,T,2000s,Other,2.1972245773362196,2.0794415416798357
PSP,2005,Sports,Sony Computer Entertainment,0.24,80.0,26,7.9,18,989 Sports,E,2000s,Other,3.295836866004329,2.9444389791664403
XOne,2015,Action,Activision,0.24,76.0,15,5.5,17,Vicarious Visions,E10+,2010s,Other,2.772588722239781,2.8903717578961645
PSV,2012,Action,Nihon Falcom Corporation,0.24,82.0,56,8.8,237,Falcom,T,2010s,Other,4.04305126783455,5.472270673671475
PS2,2002,Misc,THQ,0.24,63.0,20,4.8,20,Metro Graphics,E,2000s,Other,3.044522437723423,3.044522437723423
PS2,2003,Platform,Acclaim Entertainment,0.24,63.0,20,7.6,11,Acclaim Studios Austin,T,2000s,Other,3.044522437723423,2.4849066497880004
PS4,2014,Action,Tecmo Koei,0.24,76.0,31,8.1,74,Omega Force,T,2010s,Other,3.4657359027997265,4.31748811353631
3DS,2011,Simulation,Namco Bandai Games,0.24,71.0,37,7.8,26,Project Aces,T,2010s,Other,3.6375861597263857,3.295836866004329
PS2,2005,Shooter,Electronic Arts,0.24,84.0,39,9.1,117,Free Radical Design,M,2000s,Other,3.6888794541139363,4.770684624465665
PSV,2011,Action,Tecmo Koei,0.24,67.0,35,7.5,73,Koei,T,2010s,Other,3.58351893845611,4.304065093204169
GC,2005,Simulation,Ubisoft,0.24,83.0,14,8.9,44,Marvelous,E,2000s,Other,2.70805020110221,3.8066624897703196
XB,2002,Action,Capcom,0.24,83.0,27,8.6,10,Capcom,M,2000s,Other,3.332204510175204,2.3978952727983707
GBA,2005,Platform,Nintendo,0.24,70.0,30,5.0,6,Paon Corporation,E,2000s,Other,3.4339872044851463,1.9459101490553132
PS3,2008,Shooter,Codemasters,0.24,42.0,28,5.5,33,Spark Unlimited,T,2000s,Other,3.367295829986474,3.5263605246161616
PC,2011,Shooter,THQ,0.24,70.0,36,5.5,531,Digital Extremes,M,2010s,Other,3.6109179126442243,6.2766434893416445
XB,2003,Racing,TDK Mediactive,0.24,53.0,4,8.6,12,Steel Monkeys,E,2000s,Other,1.6094379124341003,2.5649493574615367
DS,2010,Role-Playing,Activision,0.24,56.0,6,6.9,12,Griptonite Games,E10+,2010s,Other,1.9459101490553132,2.5649493574615367
PS3,2009,Racing,Codemasters,0.24,67.0,44,7.4,36,Asobo Studio,E,2000s,Other,3.8066624897703196,3.6109179126442243
PSP,2009,Sports,Electronic Arts,0.24,64.0,4,4.2,10,EA Canada,E,2000s,Other,1.6094379124341003,2.3978952727983707
XB,2003,Racing,Acclaim Entertainment,0.24,88.0,23,5.1,23,Criterion Games,E,2000s,Other,3.1780538303479458,3.1780538303479458
PS2,2005,Misc,Sega,0.24,78.0,25,7.7,13,Sega,E,2000s,Other,3.258096538021482,2.639057329615259
XB,2003,Shooter,Namco Bandai Games,0.24,75.0,26,8.0,7,Namco,T,2000s,Other,3.295836866004329,2.0794415416798357
PSP,2009,Role-Playing,GungHo,0.24,80.0,26,7.7,47,Game Arts,T,2000s,Other,3.295836866004329,3.8712010109078907
GC,2005,Action,Ubisoft,0.24,81.0,30,8.3,8,Ubisoft Montpellier,T,2000s,Other,3.4339872044851463,2.1972245773362196
Wii,2007,Misc,Activision,0.24,42.0,5,6.2,5,Zoe Mode,E10+,2000s,Other,1.791759469228055,1.791759469228055
GC,2001,Racing,Electronic Arts,0.24,67.0,16,7.7,12,Radical Entertainment,T,2000s,Other,2.833213344056216,2.5649493574615367
X360,2011,Action,Tecmo Koei,0.24,58.0,22,8.0,46,Omega Force,T,2010s,Other,3.1354942159291497,3.8501476017100584
PC,2015,Strategy,Sega,0.24,80.0,66,7.3,520,Creative Assembly,T,2010s,Other,4.204692619390966,6.255750041753367
XB,2001,Action,Microsoft Game Studios,0.24,52.0,26,8.5,14,Adrenium,T,2000s,Other,3.295836866004329,2.70805020110221
XB,2005,Fighting,Atari,0.24,51.0,11,6.1,8,Avalanche Software,T,2000s,Other,2.4849066497880004,2.1972245773362196
PS3,2008,Misc,MTV Games,0.24,60.0,12,5.3,14,Harmonix Music Systems,T,2000s,Other,2.5649493574615367,2.70805020110221
PSP,2005,Racing,Vivendi Games,0.24,68.0,9,7.1,25,Radical Entertainment,E10+,2000s,Other,2.302585092994046,3.258096538021482
X360,2012,Action,Capcom,0.24,71.0,54,6.5,131,CyberConnect2,T,2010s,Other,4.007333185232471,4.882801922586371
GC,2004,Role-Playing,Marvelous Interactive,0.24,70.0,12,9.2,60,Marvelous,E,2000s,Other,2.5649493574615367,4.110873864173311
DS,2006,Adventure,Ubisoft,0.24,75.0,42,7.4,28,h.a.n.d. Inc.,E,2000s,Final Fantasy,3.7612001156935624,3.367295829986474
PS2,2002,Sports,Sega,0.24,83.0,17,8.0,6,Kush Games,E,2000s,Other,2.8903717578961645,1.9459101490553132
XOne,2016,Sports,Electronic Arts,0.24,77.0,23,4.0,38,"EA Canada, EA Vancouver",E10+,2010s,Other,3.1780538303479458,3.6635616461296463
XB,2003,Sports,Electronic Arts,0.24,81.0,16,7.5,27,EA Sports,E,2000s,Other,2.833213344056216,3.332204510175204
X360,2009,Action,Activision,0.24,60.0,16,5.2,9,Now Production,E,2000s,Other,2.833213344056216,2.302585092994046
GC,2005,Action,Activision,0.24,61.0,32,4.0,6,7 Studios,T,2000s,Other,3.4965075614664802,1.9459101490553132
GBA,2005,Sports,Activision,0.24,64.0,7,5.4,5,Vicarious Visions,E,2000s,Other,2.0794415416798357,1.791759469228055
PC,2010,Shooter,THQ,0.24,81.0,40,8.1,1472,4A Games,M,2010s,Other,3.713572066704308,7.29505641646263
PSP,2006,Role-Playing,Rising Star Games,0.24,53.0,29,6.3,15,K2 LLC,E10+,2000s,Other,3.4011973816621555,2.772588722239781
PS2,2008,Simulation,Konami Digital Entertainment,0.24,61.0,9,7.5,27,Keen Games,E,2000s,Other,2.302585092994046,3.332204510175204
DS,2008,Action,Sega,0.24,50.0,15,7.5,27,Amaze Entertainment,E10+,2000s,Other,2.772588722239781,3.332204510175204
X360,2011,Action,Ubisoft,0.24,63.0,35,6.1,12,Ubisoft Montpellier,E10+,2010s,Other,3.58351893845611,2.5649493574615367
3DS,2015,Role-Playing,Nippon Ichi Software,0.24,77.0,44,7.9,49,Spike Chunsoft,E10+,2010s,Other,3.8066624897703196,3.912023005428146
XOne,2013,Misc,Majesco Entertainment,0.24,73.0,5,6.2,40,Zoe Mode,E,2010s,Other,1.791759469228055,3.713572066704308
DS,2007,Role-Playing,Rising Star Games,0.24,70.0,25,7.0,24,"Image Epoch, Imageepoch",T,2000s,Other,3.258096538021482,3.2188758248682006
XB,2001,Racing,Gathering of Developers,0.24,59.0,15,6.2,5,Terminal Reality,E,2000s,Other,2.772588722239781,1.791759469228055
DS,2007,Racing,THQ,0.24,72.0,7,7.5,27,Juice Games,T,2000s,Other,2.0794415416798357,3.332204510175204
DS,2008,Puzzle,Rising Star Games,0.24,63.0,20,7.5,27,Cerasus Media,E,2000s,Other,3.044522437723423,3.332204510175204
GBA,2004,Action,Take-Two Interactive,0.24,68.0,33,7.1,23,Digital Eclipse,M,2000s,Grand Theft Auto,3.5263605246161616,3.1780538303479458
DS,2008,Role-Playing,Rising Star Games,0.24,71.0,29,7.4,13,"Matrix Software, Marvelous Entertainment",E10+,2000s,Other,3.4011973816621555,2.639057329615259
X360,2011,Misc,Sega,0.24,53.0,31,5.2,10,Sega,T,2010s,Other,3.4657359027997265,2.3978952727983707
Wii,2008,Action,Capcom,0.24,62.0,17,8.2,37,Capcom,M,2000s,Other,2.8903717578961645,3.6375861597263857
XOne,2016,Sports,505 Games,0.24,87.0,22,8.3,194,Psyonix,E,2010s,Other,3.1354942159291497,5.272999558563747
PS2,2003,Misc,Sony Computer Entertainment,0.24,46.0,21,3.9,14,Idol Minds,E,2000s,Other,3.091042453358316,2.70805020110221
Wii,2010,Action,Activision,0.24,75.0,13,7.7,15,Beenox,T,2010s,Other,2.639057329615259,2.772588722239781
PSP,2007,Action,Take-Two Interactive,0.24,49.0,17,5.7,13,Climax Group,T,2000s,Other,2.8903717578961645,2.639057329615259
PS2,2004,Role-Playing,Midway Games,0.24,85.0,49,9.1,54,Nautilus,T,2000s,Other,3.912023005428146,4.007333185232471
PS3,2011,Action,Activision,0.24,50.0,33,4.8,37,Silicon Knights,T,2010s,Other,3.5263605246161616,3.6375861597263857
PSP,2007,Racing,Ubisoft,0.24,57.0,28,7.9,18,Sumo Digital,M,2000s,Other,3.367295829986474,2.9444389791664403
PS3,2007,Action,Electronic Arts,0.24,67.0,35,6.6,25,EA Games,E10+,2000s,Other,3.58351893845611,3.258096538021482
PSP,2005,Misc,Midway Games,0.24,63.0,24,7.8,8,Digital Eclipse,M,2000s,Other,3.2188758248682006,2.1972245773362196
X360,2009,Action,Tecmo Koei,0.24,59.0,24,7.3,28,Omega Force,T,2000s,Other,3.2188758248682006,3.367295829986474
PS3,2012,Adventure,Focus Home Interactive,0.24,65.0,16,7.4,34,Frogwares,M,2010s,Other,2.833213344056216,3.5553480614894135
XB,2006,Sports,Electronic Arts,0.24,77.0,22,8.4,9,EA Canada,E,2000s,FIFA,3.1354942159291497,2.302585092994046
PS4,2013,Sports,Electronic Arts,0.24,43.0,25,2.7,175,EA Sports,E,2010s,Other,3.258096538021482,5.170483995038151
X360,2009,Action,Electronic Arts,0.24,42.0,59,4.7,22,Double Helix Games,T,2000s,Other,4.0943445622221,3.1354942159291497
PS3,2012,Role-Playing,Focus Home Interactive,0.24,53.0,14,5.5,81,"Cyanide, Cyanide Studios",M,2010s,Other,2.70805020110221,4.406719247264253
WiiU,2016,Action,Warner Bros. Interactive Entertainment,0.24,69.0,4,6.8,15,TT Games,E10+,2010s,Other,1.6094379124341003,2.772588722239781
Wii,2008,Sports,Oxygen Interactive,0.24,51.0,18,5.4,7,Oxygen Interactive,E10+,2000s,Other,2.9444389791664403,2.0794415416798357
X360,2011,Action,Activision,0.24,47.0,51,5.0,72,Silicon Knights,T,2010s,Other,3.9512437185814275,4.290459441148391
X360,2011,Misc,THQ,0.24,53.0,4,7.5,27,Page 44 Studios,E,2010s,Other,1.6094379124341003,3.332204510175204
X360,2013,Action,Konami Digital Entertainment,0.24,80.0,23,4.3,113,Konami,E,2010s,Other,3.1780538303479458,4.736198448394496
PS3,2011,Misc,THQ,0.24,62.0,4,7.5,27,Page 44 Studios,E,2010s,Other,1.6094379124341003,3.332204510175204
PS3,2010,Sports,Ubisoft,0.24,46.0,12,7.5,30,Ubisoft Vancouver,E,2010s,Other,2.5649493574615367,3.4339872044851463
PSP,2009,Sports,Electronic Arts,0.24,70.0,7,7.5,27,EA Tiburon,E,2000s,Other,2.0794415416798357,3.332204510175204
Wii,2010,Platform,THQ,0.24,56.0,4,7.5,27,THQ,E,2010s,Other,1.6094379124341003,3.332204510175204
X360,2009,Action,Atari,0.24,65.0,70,6.2,57,"Namco Bandai Games America, Namco Bandai Games",M,2000s,Other,4.2626798770413155,4.060443010546419
PS3,2010,Role-Playing,Tecmo Koei,0.24,61.0,27,5.4,101,Gust,M,2010s,Other,3.332204510175204,4.624972813284271
PS2,2007,Racing,Electronic Arts,0.24,56.0,9,8.2,9,EA Tiburon,E,2000s,Other,2.302585092994046,2.302585092994046
Wii,2009,Adventure,Ubisoft,0.24,74.0,29,8.1,14,Revolution Software,T,2000s,Other,3.4011973816621555,2.70805020110221
X360,2009,Role-Playing,DTP Entertainment,0.24,62.0,37,6.4,36,Larian Studios,M,2000s,Other,3.6375861597263857,3.6109179126442243
PS3,2012,Simulation,Konami Digital Entertainment,0.23,73.0,27,8.4,18,Gaijin Entertainment,T,2010s,Other,3.332204510175204,2.9444389791664403
PC,2011,Role-Playing,Sony Online Entertainment,0.23,72.0,27,6.8,243,WBIE,T,2010s,Other,3.332204510175204,5.497168225293202
PS3,2009,Action,Activision,0.23,63.0,10,8.2,5,Now Production,E,2000s,Other,2.3978952727983707,1.791759469228055
DS,2006,Role-Playing,Takara Tomy,0.23,62.0,18,7.5,6,TOSE,E10+,2000s,Other,2.9444389791664403,1.9459101490553132
PS2,2004,Misc,Konami Digital Entertainment,0.23,76.0,26,7.0,4,Harmonix Music Systems,E,2000s,Other,3.295836866004329,1.6094379124341003
Wii,2010,Action,Ubisoft,0.23,77.0,24,8.1,31,Ubisoft Quebec,T,2010s,Other,3.2188758248682006,3.4657359027997265
DS,2009,Adventure,Disney Interactive Studios,0.23,66.0,7,6.5,4,Sumo Digital,E,2000s,Other,2.0794415416798357,1.6094379124341003
PS4,2014,Sports,Electronic Arts,0.23,59.0,24,5.6,86,EA Sports,E,2010s,Other,3.2188758248682006,4.465908118654584
XB,2003,Racing,Electronic Arts,0.23,85.0,14,9.1,15,EA Games,E,2000s,Other,2.70805020110221,2.772588722239781
XB,2002,Action,Electronic Arts,0.23,79.0,30,9.1,31,Double Helix Games,T,2000s,Other,3.4339872044851463,3.4657359027997265
XB,2005,Action,Electronic Arts,0.23,68.0,26,5.8,10,Electronic Arts,E10+,2000s,Other,3.295836866004329,2.3978952727983707
DS,2008,Role-Playing,Sega,0.23,63.0,20,7.9,18,"Image Epoch, Imageepoch",T,2000s,Other,3.044522437723423,2.9444389791664403
DS,2005,Action,Electronic Arts,0.23,68.0,15,6.0,6,Magic Pockets,E,2000s,Other,2.772588722239781,1.9459101490553132
X360,2007,Misc,Microsoft Game Studios,0.23,56.0,42,6.2,18,Krome Studios,E,2000s,Other,3.7612001156935624,2.9444389791664403
XB,2002,Sports,Sega,0.23,85.0,20,8.8,6,Blueshift,E,2000s,Other,3.044522437723423,1.9459101490553132
PS2,2004,Racing,Atari,0.23,73.0,34,9.1,23,Monster Games Inc.,T,2000s,Other,3.5553480614894135,3.1780538303479458
PS3,2013,Action,Tecmo Koei,0.23,64.0,35,7.5,25,Omega Force,T,2010s,Other,3.58351893845611,3.258096538021482
PSV,2012,Misc,Sega,0.23,81.0,10,8.0,90,Sega,T,2010s,Other,2.3978952727983707,4.51085950651685
PSV,2013,Role-Playing,Nippon Ichi Software,0.23,77.0,20,7.5,132,Falcom,T,2010s,Other,3.044522437723423,4.890349128221754
PS2,2001,Racing,Acclaim Entertainment,0.23,35.0,9,3.4,16,Acclaim,T,2000s,Other,2.302585092994046,2.833213344056216
PS2,2002,Action,Universal Interactive,0.23,47.0,12,7.2,6,VU Games,T,2000s,Other,2.5649493574615367,1.9459101490553132
X360,2009,Misc,MTV Games,0.23,66.0,4,7.5,27,Harmonix Music Systems,E10+,2000s,Other,1.6094379124341003,3.332204510175204
PS3,2008,Shooter,Sega,0.23,72.0,42,6.5,15,Bizarre Creations,M,2000s,Other,3.7612001156935624,2.772588722239781
DS,2005,Puzzle,Nintendo,0.23,88.0,49,7.5,164,Q Entertainment,E,2000s,Other,3.912023005428146,5.10594547390058
GC,2002,Shooter,Activision,0.23,75.0,17,7.8,19,Vicarious Visions,T,2000s,Other,2.8903717578961645,2.995732273553991
GC,2003,Action,Ubisoft,0.23,89.0,19,8.7,25,Ubisoft Shanghai,T,2000s,Other,2.995732273553991,3.258096538021482
X360,2011,Sports,Sega,0.23,70.0,37,6.2,12,Sega,E,2010s,Other,3.6375861597263857,2.5649493574615367
PS2,2003,Sports,Sega,0.23,90.0,19,7.0,22,Kush Games,E,2000s,Other,2.995732273553991,3.1354942159291497
X360,2012,Racing,Codemasters,0.23,75.0,53,6.4,53,Codemasters,E10+,2010s,Other,3.9889840465642745,3.9889840465642745
XB,2005,Action,Vivendi Games,0.23,84.0,47,8.0,22,Radical Entertainment,T,2000s,Other,3.8712010109078907,3.1354942159291497
PS2,2002,Sports,Sony Computer Entertainment,0.23,53.0,19,7.5,27,989 Sports,E,2000s,Other,2.995732273553991,3.332204510175204
PS,1998,Fighting,Namco Bandai Games,0.23,61.0,4,7.8,4,Natsume,T,1990s,Other,1.6094379124341003,1.6094379124341003
PC,2016,Strategy,Take-Two Interactive,0.23,88.0,104,7.1,1221,Firaxis Games,T,2010s,Other,4.653960350157523,7.108244139731541
GC,2002,Platform,THQ,0.23,53.0,6,7.5,27,Evolution Games,E,2000s,Other,1.9459101490553132,3.332204510175204
DS,2008,Sports,Ubisoft,0.23,63.0,4,7.5,27,Ubisoft,E,2000s,Other,1.6094379124341003,3.332204510175204
PS3,2008,Role-Playing,Nippon Ichi Software,0.23,52.0,32,7.2,82,Compile Heart,T,2000s,Other,3.4965075614664802,4.418840607796598
Wii,2010,Action,Warner Bros. Interactive Entertainment,0.23,58.0,21,7.8,5,Headstrong Games,T,2010s,Other,3.091042453358316,1.791759469228055
PS,2000,Sports,Sony Computer Entertainment,0.23,78.0,11,7.5,27,SolWorks,E,2000s,Other,2.4849066497880004,3.332204510175204
Wii,2007,Action,Warner Bros. Interactive Entertainment,0.23,27.0,7,5.1,14,Red Tribe,E10+,2000s,Other,2.0794415416798357,2.70805020110221
DS,2010,Adventure,Focus Home Interactive,0.23,48.0,11,7.5,27,Frogwares,E10+,2010s,Other,2.4849066497880004,3.332204510175204
GBA,2005,Sports,Electronic Arts,0.23,71.0,7,7.5,27,Exient Entertainment,E,2000s,Madden,2.0794415416798357,3.332204510175204
PS3,2008,Action,Activision,0.23,58.0,13,6.8,4,Toys for Bob,E10+,2000s,Other,2.639057329615259,1.6094379124341003
X360,2005,Action,Take-Two Interactive,0.23,81.0,33,8.6,31,Visual Concepts,E,2000s,Other,3.5263605246161616,3.4657359027997265
PS3,2007,Racing,Electronic Arts,0.23,57.0,21,5.0,14,EA Tiburon,E,2000s,Other,3.091042453358316,2.70805020110221
XB,2004,Action,Take-Two Interactive,0.23,66.0,33,7.7,22,Illusion Softworks,M,2000s,Other,3.5263605246161616,3.1354942159291497
PS3,2012,Sports,Electronic Arts,0.23,73.0,36,5.2,17,EA Sports,E,2010s,Other,3.6109179126442243,2.8903717578961645
X360,2009,Action,Tecmo Koei,0.23,59.0,18,5.7,12,Omega Force,T,2000s,Other,2.9444389791664403,2.5649493574615367
PS2,2001,Sports,Sony Computer Entertainment,0.23,70.0,18,5.8,12,Criterion Games,T,2000s,Other,2.9444389791664403,2.5649493574615367
WiiU,2012,Action,Disney Interactive Studios,0.23,57.0,14,5.6,46,Junction Point,E,2010s,Other,2.70805020110221,3.8501476017100584
PS3,2011,Misc,Sony Computer Entertainment,0.23,66.0,25,5.2,5,Magic Pixel Games,E,2010s,Other,3.258096538021482,1.791759469228055
PC,2015,Shooter,Ubisoft,0.23,79.0,37,6.9,734,Ubisoft Montreal,M,2010s,Other,3.6375861597263857,6.5998704992128365
PS2,2005,Action,Sony Computer Entertainment,0.23,74.0,49,8.3,19,Game Republic,M,2000s,Other,3.912023005428146,2.995732273553991
PS2,2003,Racing,Eidos Interactive,0.23,55.0,18,6.3,4,Climax Group,T,2000s,Other,2.9444389791664403,1.6094379124341003
Wii,2010,Racing,Focus Home Interactive,0.23,74.0,17,6.8,5,Firebrand Games,E,2010s,Other,2.8903717578961645,1.791759469228055
Wii,2008,Misc,Disney Interactive Studios,0.23,59.0,17,5.5,4,Disney Interactive Studios,E10+,2000s,Other,2.8903717578961645,1.6094379124341003
XB,2003,Shooter,Electronic Arts,0.23,82.0,23,8.2,23,Io Interactive,T,2000s,Other,3.1780538303479458,3.1780538303479458
XB,2003,Shooter,Activision,0.23,61.0,26,6.5,13,Gratuitous Games,M,2000s,Other,3.295836866004329,2.639057329615259
DS,2006,Role-Playing,Konami Digital Entertainment,0.23,82.0,39,7.8,25,Kojima Productions,E10+,2000s,Other,3.6888794541139363,3.258096538021482
PS2,2006,Role-Playing,Square Enix,0.23,87.0,4,7.1,13,Square Enix,T,2000s,Final Fantasy,1.6094379124341003,2.639057329615259
3DS,2011,Fighting,THQ,0.23,71.0,12,7.4,7,THQ,T,2010s,Other,2.5649493574615367,2.0794415416798357
PS,1997,Role-Playing,Psygnosis,0.23,86.0,9,9.0,41,Matrix Software,T,1990s,Other,2.302585092994046,3.7376696182833684
Wii,2007,Fighting,Midway Games,0.23,71.0,29,8.4,33,JGI Entertainment,M,2000s,Other,3.4011973816621555,3.5263605246161616
WiiU,2012,Sports,Electronic Arts,0.23,75.0,9,6.7,30,EA Tiburon,E,2010s,Madden,2.302585092994046,3.4339872044851463
PS4,2015,Action,Activision,0.23,77.0,50,7.5,160,PlatinumGames,T,2010s,Other,3.9318256327243257,5.081404364984463
PS2,2003,Shooter,Zoo Digital Publishing,0.23,58.0,12,6.2,5,Terminal Reality,T,2000s,Other,2.5649493574615367,1.791759469228055
PS2,2003,Sports,Midway Games,0.23,73.0,20,8.5,14,Midway,E,2000s,Other,3.044522437723423,2.70805020110221
GC,2002,Sports,Electronic Arts,0.23,90.0,10,8.0,5,EA Sports,E,2000s,Other,2.3978952727983707,1.791759469228055
PSP,2005,Misc,Play It,0.23,73.0,27,8.1,13,Farsight Studios,E,2000s,Other,3.332204510175204,2.639057329615259
PSP,2006,Role-Playing,Tecmo Koei,0.23,87.0,37,8.2,69,Nippon Ichi Software,T,2000s,Other,3.6375861597263857,4.248495242049359
PSV,2014,Action,Tecmo Koei,0.23,82.0,5,8.6,42,"Omega Force, Koei Tecmo Games",T,2010s,Other,1.791759469228055,3.7612001156935624
PSP,2005,Sports,Electronic Arts,0.23,79.0,23,8.1,44,EA Montreal,E,2000s,Other,3.1780538303479458,3.8066624897703196
PS3,2011,Role-Playing,Marvelous Interactive,0.23,55.0,12,7.9,44,Neverland,E10+,2010s,Other,2.5649493574615367,3.8066624897703196
PSP,2009,Role-Playing,Falcom Corporation,0.23,79.0,27,8.5,65,Falcom,T,2000s,Other,3.332204510175204,4.189654742026425
PS2,2003,Sports,Sony Computer Entertainment,0.23,61.0,15,7.5,27,989 Sports,E,2000s,Other,2.772588722239781,3.332204510175204
PSV,2012,Misc,Ubisoft,0.23,83.0,65,7.8,85,Q Entertainment,E,2010s,Other,4.189654742026425,4.454347296253507
DS,2007,Sports,Activision,0.23,79.0,21,6.7,6,Vicarious Visions,E10+,2000s,Other,3.091042453358316,1.9459101490553132
PS2,2004,Adventure,THQ,0.23,39.0,10,4.3,6,Blue Tongue,E,2000s,Other,2.3978952727983707,1.9459101490553132
X360,2008,Misc,MTV Games,0.23,63.0,16,4.9,10,Harmonix Music Systems,T,2000s,Other,2.833213344056216,2.3978952727983707
PSP,2008,Role-Playing,Rising Star Games,0.23,50.0,13,5.4,13,K2,E10+,2000s,Other,2.639057329615259,2.639057329615259
Wii,2010,Sports,Hudson Soft,0.23,41.0,7,7.5,27,"Hudson, NATSUME ATARI Inc.",E,2010s,Other,2.0794415416798357,3.332204510175204
PC,2012,Shooter,Take-Two Interactive,0.23,76.0,16,8.2,1237,Yager,M,2010s,Other,2.833213344056216,7.121252453244542
PS3,2011,Action,Namco Bandai Games,0.23,62.0,14,7.3,34,Dimps Corporation,Unknown,2010s,Other,2.70805020110221,3.5553480614894135
PS2,2002,Sports,Sony Computer Entertainment,0.23,62.0,22,5.9,8,SCEA,E,2000s,Other,3.1354942159291497,2.1972245773362196
PS2,2002,Sports,Sony Computer Entertainment,0.23,55.0,20,7.5,27,989 Sports,E,2000s,Other,3.044522437723423,3.332204510175204
DS,2008,Racing,Electronic Arts,0.23,59.0,7,6.7,6,Firebrand Games,E10+,2000s,Other,2.0794415416798357,1.9459101490553132
PS2,2003,Action,Kemco,0.23,61.0,26,9.2,6,Bits Studios,M,2000s,Other,3.295836866004329,1.9459101490553132
PS3,2013,Action,Deep Silver,0.23,64.0,39,7.9,215,Grasshopper Manufacture,M,2010s,Other,3.6888794541139363,5.375278407684165
X360,2014,Racing,Codemasters,0.23,64.0,14,4.1,20,Codemasters Birmingham,E,2010s,Other,2.70805020110221,3.044522437723423
PS2,2002,Action,Midway Games,0.22,51.0,21,7.0,6,7 Studios,M,2000s,Other,3.091042453358316,1.9459101490553132
PS2,2005,Action,Sega,0.22,74.0,33,8.4,65,Creative Assembly,M,2000s,Other,3.5263605246161616,4.189654742026425
PSP,2006,Role-Playing,Eidos Interactive,0.22,72.0,13,7.8,5,Snowblind Studios,T,2000s,Other,2.639057329615259,1.791759469228055
XB,2004,Shooter,SCi,0.22,60.0,40,7.3,9,Pivotal Games,M,2000s,Other,3.713572066704308,2.302585092994046
PS2,2002,Sports,Crave Entertainment,0.22,58.0,9,7.0,5,Papaya Studios,E,2000s,Other,2.302585092994046,1.791759469228055
PS2,2004,Shooter,Namco Bandai Games,0.22,66.0,38,7.5,27,Namco,T,2000s,Other,3.6635616461296463,3.332204510175204
PSP,2005,Sports,Electronic Arts,0.22,75.0,25,8.5,15,EA Canada,E,2000s,Other,3.258096538021482,2.772588722239781
Wii,2010,Sports,Konami Digital Entertainment,0.22,78.0,9,5.4,7,Konami,E,2010s,Other,2.302585092994046,2.0794415416798357
GC,2002,Role-Playing,Atari,0.22,84.0,31,9.2,95,Overworks,T,2000s,Other,3.4657359027997265,4.564348191467836
GBA,2001,Role-Playing,Ubisoft,0.22,79.0,17,8.8,9,Capcom,E,2000s,Other,2.8903717578961645,2.302585092994046
PC,2012,Role-Playing,Deep Silver,0.22,69.0,51,5.6,751,Piranha Bytes,M,2010s,Other,3.9512437185814275,6.62273632394984
GC,2004,Sports,Electronic Arts,0.22,88.0,18,9.0,5,EA Sports,E,2000s,Other,2.9444389791664403,1.791759469228055
GBA,2004,Sports,Nintendo,0.22,77.0,20,7.8,6,Alphadream Corporation,E,2000s,Other,3.044522437723423,1.9459101490553132
PSV,2014,Action,Sony Computer Entertainment,0.22,82.0,24,8.4,125,SCE Japan Studio,M,2010s,Other,3.2188758248682006,4.836281906951478
Wii,2011,Racing,Activision,0.22,42.0,5,3.1,9,Eutechnyx,E,2010s,Other,1.791759469228055,2.302585092994046
PS3,2011,Action,Activision,0.22,58.0,43,7.2,29,Beenox,T,2010s,Other,3.784189633918261,3.4011973816621555
PS4,2015,Racing,Milestone S.r.l.,0.22,66.0,30,7.0,47,Milestone S.r.l,E,2010s,Other,3.4339872044851463,3.8712010109078907
3DS,2012,Adventure,Nintendo,0.22,54.0,35,6.1,28,Tecmo Koei Games,T,2010s,Other,3.58351893845611,3.367295829986474
PS2,2004,Fighting,Namco Bandai Games,0.22,61.0,12,8.0,5,Aki Corp.,T,2000s,Other,2.5649493574615367,1.791759469228055
Wii,2008,Fighting,Electronic Arts,0.22,61.0,15,5.6,7,EA Canada,T,2000s,Other,2.772588722239781,2.0794415416798357
PS2,2002,Shooter,Capcom,0.22,50.0,18,6.3,8,Capcom,M,2000s,Other,2.9444389791664403,2.1972245773362196
Wii,2008,Sports,Activision,0.22,61.0,5,7.5,27,FUN Labs,E,2000s,Other,1.791759469228055,3.332204510175204
GBA,2004,Platform,Capcom,0.22,77.0,21,9.0,22,Inti,E,2000s,Other,3.091042453358316,3.1354942159291497
Wii,2006,Sports,Nintendo,0.22,72.0,44,7.8,15,"Tecmo, Ntreev Soft",E10+,2000s,Other,3.8066624897703196,2.772588722239781
PS3,2009,Action,Disney Interactive Studios,0.22,68.0,22,7.6,7,Eurocom Entertainment Software,E10+,2000s,Other,3.1354942159291497,2.0794415416798357
DS,2008,Role-Playing,Rising Star Games,0.22,73.0,19,7.7,14,"Image Epoch, Imageepoch",T,2000s,Other,2.995732273553991,2.70805020110221
3DS,2011,Platform,Sega,0.22,69.0,33,7.3,33,Griptonite Games,T,2010s,Other,3.5263605246161616,3.5263605246161616
DS,2006,Sports,Activision,0.22,76.0,34,7.0,7,Vicarious Visions,E,2000s,Other,3.5553480614894135,2.0794415416798357
PS3,2012,Role-Playing,Deep Silver,0.22,47.0,13,5.2,37,Piranha Bytes,M,2010s,Other,2.639057329615259,3.6375861597263857
DS,2006,Strategy,THQ,0.22,80.0,38,7.9,59,Backbone Entertainment,E10+,2000s,Other,3.6635616461296463,4.0943445622221
GBA,2004,Misc,Atari,0.22,66.0,10,7.5,27,Mistic Software,E,2000s,Other,2.3978952727983707,3.332204510175204
PS3,2010,Racing,Capcom,0.22,70.0,42,5.4,28,Monumental Games,E,2010s,Other,3.7612001156935624,3.367295829986474
GBA,2004,Role-Playing,Electronic Arts,0.22,67.0,7,8.5,12,Griptonite Games,T,2000s,Other,2.0794415416798357,2.5649493574615367
DS,2007,Strategy,Sega,0.22,61.0,13,8.0,9,Climax Entertainment,E,2000s,Other,2.639057329615259,2.302585092994046
XB,2004,Action,Midway Games,0.22,77.0,44,8.8,23,Surreal Software,M,2000s,Other,3.8066624897703196,3.1780538303479458
GC,2002,Puzzle,THQ,0.22,47.0,10,5.6,8,Radical Entertainment,E,2000s,Other,2.3978952727983707,2.1972245773362196
PC,2015,Simulation,Electronic Arts,0.22,72.0,16,7.3,117,Maxis,T,2010s,Other,2.833213344056216,4.770684624465665
GC,2004,Action,Capcom,0.22,86.0,39,8.3,19,Clover Studio,T,2000s,Other,3.6888794541139363,2.995732273553991
Wii,2008,Puzzle,Capcom,0.22,52.0,11,7.5,27,Infinite Interactive,E,2000s,Other,2.4849066497880004,3.332204510175204
PS3,2011,Shooter,Ubisoft,0.22,81.0,21,7.8,25,Q Entertainment,E10+,2010s,Other,3.091042453358316,3.258096538021482
Wii,2010,Action,THQ,0.22,46.0,4,7.5,27,THQ,E10+,2010s,Other,1.6094379124341003,3.332204510175204
DS,2007,Action,Nintendo,0.22,49.0,10,7.5,27,"Aspect, Takara Tomy",E10+,2000s,Other,2.3978952727983707,3.332204510175204
DS,2007,Shooter,Eidos Interactive,0.22,56.0,31,5.6,5,Secret Stash Games,M,2000s,Other,3.4657359027997265,1.791759469228055
Wii,2010,Strategy,THQ,0.22,58.0,13,7.5,27,Team 17,E10+,2010s,Other,2.639057329615259,3.332204510175204
XB,2002,Misc,Infogrames,0.22,19.0,4,4.3,7,Data Design Interactive,E,2000s,Other,1.6094379124341003,2.0794415416798357
PSP,2007,Action,Empire Interactive,0.22,58.0,21,7.0,12,Sidhe Interactive,M,2000s,Other,3.091042453358316,2.5649493574615367
DS,2008,Role-Playing,GungHo,0.22,53.0,19,5.8,17,GungHo,E10+,2000s,Other,2.995732273553991,2.8903717578961645
Wii,2009,Racing,Zoo Digital Publishing,0.22,33.0,4,7.5,27,Beyond Reality,E,2000s,Other,1.6094379124341003,3.332204510175204
XB,2004,Shooter,Eidos Interactive,0.22,58.0,37,7.0,14,Guerrilla,M,2000s,Other,3.6375861597263857,2.70805020110221
DS,2008,Misc,Disney Interactive Studios,0.22,69.0,11,7.5,27,Fall Line Studio,E,2000s,Other,2.4849066497880004,3.332204510175204
PS2,2004,Role-Playing,505 Games,0.22,66.0,34,7.0,22,SoftMax,T,2000s,Other,3.5553480614894135,3.1354942159291497
GC,2001,Sports,Acclaim Entertainment,0.22,66.0,17,5.6,9,Acclaim,E,2000s,Other,2.8903717578961645,2.302585092994046
PS2,2001,Simulation,Sammy Corporation,0.22,59.0,16,7.5,27,Bit Town,E,2000s,Other,2.833213344056216,3.332204510175204
DC,2000,Fighting,Virgin Interactive,0.22,80.0,17,9.0,24,Capcom,T,2000s,Other,2.8903717578961645,3.2188758248682006
PS3,2009,Misc,Crave Entertainment,0.22,82.0,16,7.9,8,Farsight Studios,E10+,2000s,Other,2.833213344056216,2.1972245773362196
PSP,2007,Action,Vivendi Games,0.22,49.0,34,5.6,19,Rebellion,T,2000s,Other,3.5553480614894135,2.995732273553991
XOne,2016,Action,Bethesda Softworks,0.22,88.0,22,6.8,156,Arkane Studios,M,2010s,Other,3.1354942159291497,5.056245805348308
PSV,2011,Action,Ubisoft,0.22,49.0,33,4.8,28,Ubisoft,E10+,2010s,Other,3.5263605246161616,3.367295829986474
GC,2005,Action,Electronic Arts,0.22,70.0,20,8.5,13,Electronic Arts,T,2000s,Other,3.044522437723423,2.639057329615259
PS2,2009,Misc,Activision,0.22,69.0,6,8.3,6,Beenox,T,2000s,Other,1.9459101490553132,1.9459101490553132
Wii,2008,Sports,Electronic Arts,0.22,51.0,11,5.9,14,EA Sports,E,2000s,Other,2.4849066497880004,2.70805020110221
PS2,2001,Sports,Acclaim Entertainment,0.22,67.0,12,7.8,6,Acclaim,E,2000s,Other,2.5649493574615367,1.9459101490553132
X360,2008,Sports,Electronic Arts,0.22,70.0,23,5.6,8,EA Canada,E,2000s,Other,3.1780538303479458,2.1972245773362196
PSP,2009,Role-Playing,Atlus,0.22,78.0,30,8.0,47,ITL,T,2000s,Other,3.4339872044851463,3.8712010109078907
XOne,2014,Role-Playing,Square Enix,0.22,71.0,13,6.7,166,"City Interactive, Deck 13",M,2010s,Other,2.639057329615259,5.117993812416755
PC,2012,Action,Warner Bros. Interactive Entertainment,0.22,80.0,6,8.2,127,TT Games,E10+,2010s,Other,1.9459101490553132,4.852030263919617
PS2,2006,Role-Playing,Rising Star Games,0.22,60.0,7,7.9,9,Career Soft,T,2000s,Other,2.0794415416798357,2.302585092994046
X360,2009,Action,D3Publisher,0.22,61.0,9,8.3,4,Papaya Studios,E10+,2000s,Other,2.302585092994046,1.6094379124341003
PS2,2003,Sports,Electronic Arts,0.22,61.0,13,6.8,65,HB Studios Multimedia,E,2000s,Other,2.639057329615259,4.189654742026425
3DS,2014,Action,Marvelous Entertainment,0.22,58.0,28,6.8,56,Tamsoft,M,2010s,Other,3.367295829986474,4.04305126783455
PSP,2005,Sports,Sony Computer Entertainment,0.22,72.0,19,5.4,8,SCEA Sports Studio,E,2000s,Other,2.995732273553991,2.1972245773362196
DS,2008,Misc,AQ Interactive,0.22,82.0,11,8.2,13,AQ Interactive,E,2000s,Other,2.4849066497880004,2.639057329615259
GBA,2003,Action,Tomy Corporation,0.22,60.0,12,7.1,9,Aspect,E10+,2000s,Other,2.5649493574615367,2.302585092994046
X360,2009,Strategy,Kalypso Media,0.22,75.0,33,6.6,22,Haemimont,T,2000s,Other,3.5263605246161616,3.1354942159291497
PS2,2002,Racing,Activision,0.22,60.0,16,7.5,27,Stealth Studios,T,2000s,Other,2.833213344056216,3.332204510175204
Wii,2009,Action,THQ,0.22,72.0,45,8.8,36,Rainbow Studios,T,2000s,Other,3.828641396489095,3.6109179126442243
X360,2014,Fighting,Namco Bandai Games,0.22,62.0,11,7.3,44,CyberConnect2,T,2010s,Other,2.4849066497880004,3.8066624897703196
PC,2011,Action,Deep Silver,0.22,80.0,24,6.8,1428,Techland,M,2010s,Other,3.2188758248682006,7.264730177929867
GC,2002,Sports,Sega,0.22,92.0,24,8.3,15,Visual Concepts,E,2000s,Other,3.2188758248682006,2.772588722239781
DS,2009,Puzzle,Electronic Arts,0.22,57.0,6,7.5,27,Electronic Arts,E,2000s,Other,1.9459101490553132,3.332204510175204
GBA,2003,Platform,Zoo Digital Publishing,0.22,63.0,13,7.5,27,Virtucraft,T,2000s,Other,2.639057329615259,3.332204510175204
X360,2011,Action,Bethesda Softworks,0.22,61.0,59,6.0,116,InXile Entertainment,M,2010s,Other,4.0943445622221,4.762173934797756
GBA,2002,Misc,THQ,0.22,53.0,14,7.4,5,Art,E,2000s,Other,2.70805020110221,1.791759469228055
GC,2005,Action,Activision,0.22,70.0,11,7.8,6,Shaba Games,E10+,2000s,Other,2.4849066497880004,1.9459101490553132
X360,2006,Shooter,Sega,0.22,70.0,63,7.8,36,Pseudo Interactive,T,2000s,Other,4.1588830833596715,3.6109179126442243
PS2,2002,Adventure,Eidos Interactive,0.22,69.0,24,5.0,12,Core Design Ltd.,E,2000s,Other,3.2188758248682006,2.5649493574615367
PS3,2008,Adventure,Unknown,0.22,63.0,12,6.2,34,Rhino Studios,E10+,2000s,Other,2.5649493574615367,3.5553480614894135
Wii,2009,Action,Electronic Arts,0.22,51.0,11,7.5,27,Double Helix Games,T,2000s,Other,2.4849066497880004,3.332204510175204
DS,2007,Puzzle,Avanquest,0.22,68.0,4,7.5,27,iWin,E,2000s,Other,1.6094379124341003,3.332204510175204
X360,2006,Simulation,Ubisoft,0.21,49.0,36,6.0,49,Taito Corporation,T,2000s,Other,3.6109179126442243,3.912023005428146
PS2,2001,Sports,THQ,0.21,67.0,11,7.5,27,Radical Entertainment,T,2000s,Other,2.4849066497880004,3.332204510175204
PS4,2013,Strategy,Activision,0.21,47.0,5,2.0,87,Exient Entertainment,E,2010s,Other,1.791759469228055,4.477336814478207
PSP,2010,Sports,Sony Computer Entertainment,0.21,80.0,27,8.0,17,Clap Hanz,E,2010s,Other,3.332204510175204,2.8903717578961645
Wii,2009,Simulation,Electronic Arts,0.21,56.0,16,7.5,27,EA Games,E,2000s,Other,2.833213344056216,3.332204510175204
DS,2010,Action,LucasArts,0.21,43.0,5,4.0,5,LucasArts,T,2010s,Other,1.791759469228055,1.791759469228055
PS2,2004,Racing,Ubisoft,0.21,52.0,17,6.8,8,Ratbag,E,2000s,Other,2.8903717578961645,2.1972245773362196
GC,2005,Misc,Namco Bandai Games,0.21,60.0,23,7.5,27,Backbone Vancouver,E10+,2000s,Other,3.1780538303479458,3.332204510175204
PS2,2004,Racing,Eidos Interactive,0.21,63.0,17,8.0,7,Climax Group,T,2000s,Other,2.8903717578961645,2.0794415416798357
PSP,2005,Sports,Sony Computer Entertainment,0.21,57.0,25,6.9,14,989 Sports,E,2000s,Other,3.258096538021482,2.70805020110221
PS2,2002,Action,Agetec,0.21,66.0,28,8.0,7,Irem,T,2000s,Other,3.367295829986474,2.0794415416798357
X360,2012,Simulation,Namco Bandai Games,0.21,68.0,37,7.2,37,From Software,T,2010s,Other,3.6375861597263857,3.6375861597263857
X360,2006,Sports,Take-Two Interactive,0.21,82.0,22,8.2,12,2K Sports,E,2000s,Other,3.1354942159291497,2.5649493574615367
X360,2007,Sports,Electronic Arts,0.21,69.0,22,7.5,27,EA Canada,E,2000s,Other,3.1354942159291497,3.332204510175204
PS,1999,Action,Electronic Arts,0.21,40.0,9,7.5,27,Kodiak Interactive,T,1990s,Other,2.302585092994046,3.332204510175204
Wii,2006,Action,Midway Games,0.21,46.0,21,5.6,19,"Pipeworks Software, Inc.",E10+,2000s,Other,3.091042453358316,2.995732273553991
PS2,2000,Racing,Interplay,0.21,64.0,13,7.5,27,Rage Software,E,2000s,Other,2.639057329615259,3.332204510175204
PS2,2004,Role-Playing,Ubisoft,0.21,76.0,44,8.6,14,InXile Entertainment,T,2000s,Other,3.8066624897703196,2.70805020110221
GBA,2002,Shooter,TDK Mediactive,0.21,61.0,8,6.5,4,Lucky Chicken,E,2000s,Other,2.1972245773362196,1.6094379124341003
PS2,2002,Strategy,Ubisoft,0.21,47.0,7,7.4,8,MASA Group,T,2000s,Other,2.0794415416798357,2.1972245773362196
3DS,2015,Strategy,Nintendo,0.21,69.0,69,7.7,125,Intelligent Systems,T,2010s,Other,4.248495242049359,4.836281906951478
X360,2013,Shooter,Take-Two Interactive,0.21,68.0,30,6.7,118,2K Marin,M,2010s,Other,3.4339872044851463,4.77912349311153
PC,2004,Shooter,LucasArts,0.21,72.0,19,3.5,1509,EA DICE,T,2000s,Other,2.995732273553991,7.31986492980897
XB,2002,Shooter,Universal Interactive,0.21,76.0,20,7.5,6,Terminal Reality,M,2000s,Other,3.044522437723423,1.9459101490553132
DS,2011,Action,Electronic Arts,0.21,55.0,5,7.5,27,Full Fat,E10+,2010s,Other,1.791759469228055,3.332204510175204
XB,2005,Sports,Take-Two Interactive,0.21,83.0,32,7.5,26,2K Sports,E10+,2000s,Other,3.4965075614664802,3.295836866004329
X360,2009,Adventure,Disney Interactive Studios,0.21,25.0,4,3.8,48,n-Space,E,2000s,Other,1.6094379124341003,3.8918202981106265
XB,2004,Action,Activision,0.21,70.0,55,7.0,6,K2 LLC,M,2000s,Other,4.02535169073515,1.9459101490553132
PS2,2005,Misc,Take-Two Interactive,0.21,60.0,17,8.6,5,Coresoft,T,2000s,Other,2.8903717578961645,1.791759469228055
PS2,2004,Shooter,Konami Digital Entertainment,0.21,65.0,37,7.1,8,KCET,M,2000s,Other,3.6375861597263857,2.1972245773362196
PSP,2005,Sports,Electronic Arts,0.21,67.0,21,7.7,16,EA Canada,E,2000s,Other,3.091042453358316,2.833213344056216
DS,2005,Sports,Activision,0.21,84.0,31,8.7,55,Vicarious Visions,E,2000s,Other,3.4657359027997265,4.02535169073515
PS2,2004,Action,Capcom,0.21,85.0,29,7.7,17,Clover Studio,T,2000s,Other,3.4011973816621555,2.8903717578961645
X360,2009,Sports,Take-Two Interactive,0.21,76.0,31,6.2,35,Blue Castle Games,E10+,2000s,Other,3.4657359027997265,3.58351893845611
PS2,2001,Shooter,Electronic Arts,0.21,84.0,18,7.2,11,Bullfrog Productions,M,2000s,Other,2.9444389791664403,2.4849066497880004
PS2,2005,Platform,Namco Bandai Games,0.21,63.0,22,5.2,13,Blitz Games,E,2000s,Other,3.1354942159291497,2.639057329615259
X360,2009,Shooter,THQ,0.21,71.0,54,6.4,64,Swordfish Studios,M,2000s,Other,4.007333185232471,4.174387269895637
PS3,2012,Adventure,Sony Computer Entertainment Europe,0.21,92.0,78,8.8,1381,ThatGameCompany,E,2010s,Other,4.3694478524670215,7.231287004327616
PS3,2010,Racing,Black Bean Games,0.21,73.0,4,7.5,4,Milestone S.r.l,E10+,2010s,Other,1.6094379124341003,1.6094379124341003
3DS,2016,Role-Playing,Namco Bandai Games,0.21,68.0,12,7.6,16,Ganbarion,T,2010s,Other,2.5649493574615367,2.833213344056216
DS,2006,Sports,Electronic Arts,0.21,70.0,9,6.5,10,Exient Entertainment,E,2000s,Madden,2.302585092994046,2.3978952727983707
PS,2000,Fighting,Acclaim Entertainment,0.21,26.0,7,4.0,5,Osiris Studios,E,2000s,Other,2.0794415416798357,1.791759469228055
X360,2009,Sports,XS Games,0.21,63.0,4,5.8,5,Piranha Games,E,2000s,Other,1.6094379124341003,1.791759469228055
XB,2005,Shooter,Ubisoft,0.21,75.0,43,8.1,21,High Moon Studios,M,2000s,Other,3.784189633918261,3.091042453358316
PS3,2013,Role-Playing,Nippon Ichi Software,0.21,74.0,37,8.1,61,Nippon Ichi Software,T,2010s,Other,3.6375861597263857,4.127134385045092
PS2,2003,Platform,Capcom,0.21,83.0,46,7.8,13,Capcom,T,2000s,Other,3.8501476017100584,2.639057329615259
PC,2015,Action,Ubisoft,0.21,74.0,14,5.9,544,Ubisoft Quebec,M,2010s,Other,2.70805020110221,6.300785794663244
DS,2008,Action,Disney Interactive Studios,0.21,54.0,12,7.5,27,Fall Line Studio,E10+,2000s,Other,2.5649493574615367,3.332204510175204
PS2,2002,Role-Playing,THQ,0.21,76.0,20,8.3,22,Volition Inc.,T,2000s,Other,3.044522437723423,3.1354942159291497
PS2,2001,Adventure,Konami Digital Entertainment,0.21,78.0,18,8.2,19,Konami,T,2000s,Other,2.9444389791664403,2.995732273553991
DS,2008,Action,Tecmo Koei,0.21,83.0,52,7.8,36,Team Ninja,T,2000s,Other,3.970291913552122,3.6109179126442243
XB,2003,Sports,Activision Value,0.21,65.0,5,8.4,16,FUN Labs,T,2000s,Other,1.791759469228055,2.833213344056216
PSV,2016,Role-Playing,Square Enix,0.21,77.0,5,8.6,46,Square Enix,E10+,2010s,Final Fantasy,1.791759469228055,3.8501476017100584
PSV,2014,Action,Nippon Ichi Software,0.21,72.0,35,8.4,77,Spike Chunsoft,M,2010s,Other,3.58351893845611,4.356708826689592
Wii,2011,Action,Konami Digital Entertainment,0.21,79.0,9,7.0,12,Konami,E,2010s,Other,2.302585092994046,2.5649493574615367
Wii,2007,Platform,Vivendi Games,0.21,60.0,8,6.4,15,Krome Studios,E10+,2000s,Other,2.1972245773362196,2.772588722239781
PS4,2014,Adventure,Telltale Games,0.21,83.0,6,8.4,259,Telltale Games,M,2010s,Other,1.9459101490553132,5.560681631015528
Wii,2009,Adventure,Deep Silver,0.21,67.0,51,7.6,33,"Deep Silver, Sproing Interactive Media, Sproing",M,2000s,Other,3.9512437185814275,3.5263605246161616
DS,2008,Strategy,THQ,0.21,78.0,28,6.9,20,Griptonite Games,E10+,2000s,Other,3.367295829986474,3.044522437723423
X360,2008,Racing,Black Bean Games,0.21,63.0,17,8.0,6,Milestone S.r.l,E10+,2000s,Other,2.8903717578961645,1.9459101490553132
GC,2003,Action,Electronic Arts,0.21,47.0,5,4.2,5,Argonaut Games,E,2000s,Other,1.791759469228055,1.791759469228055
3DS,2012,Role-Playing,Nintendo,0.21,69.0,53,7.4,50,n-Space,T,2010s,Other,3.9889840465642745,3.9318256327243257
Wii,2009,Platform,Majesco Entertainment,0.21,80.0,43,8.7,35,WayForward,E,2000s,Other,3.784189633918261,3.58351893845611
PS3,2008,Racing,THQ,0.21,61.0,21,5.0,11,2XL Games,E,2000s,Other,3.091042453358316,2.4849066497880004
PS3,2009,Action,Electronic Arts,0.21,43.0,32,4.8,13,Double Helix Games,T,2000s,Other,3.4965075614664802,2.639057329615259
PSP,2010,Fighting,THQ,0.21,74.0,27,7.0,13,Yuke's,T,2010s,Other,3.332204510175204,2.639057329615259
PSP,2005,Misc,Activision,0.21,37.0,6,6.4,20,Activision,E10+,2000s,Other,1.9459101490553132,3.044522437723423
X360,2007,Misc,Ubisoft,0.21,67.0,16,7.3,19,Ubisoft Montpellier,E,2000s,Other,2.833213344056216,2.995732273553991
PS2,2002,Action,Eidos Interactive,0.21,81.0,25,8.9,49,Ion Storm,M,2000s,Other,3.258096538021482,3.912023005428146
XB,2004,Shooter,Atari,0.21,64.0,27,5.3,20,Tantalus Interactive,M,2000s,Other,3.332204510175204,3.044522437723423
PS2,2001,Racing,Electronic Arts,0.21,85.0,17,8.2,9,Electronic Arts,E,2000s,Other,2.8903717578961645,2.302585092994046
PS2,2008,Action,Activision,0.21,69.0,4,4.1,16,"Treyarch, Shaba Games",E10+,2000s,Other,1.6094379124341003,2.833213344056216
X360,2007,Action,Microsoft Game Studios,0.21,38.0,45,2.9,44,Artoon,M,2000s,Other,3.828641396489095,3.8066624897703196
XB,2005,Action,Electronic Arts,0.21,65.0,56,7.1,21,Eurocom Entertainment Software,T,2000s,Other,4.04305126783455,3.091042453358316
XOne,2014,Sports,Electronic Arts,0.21,53.0,9,6.8,53,EA Sports,E,2010s,Other,2.302585092994046,3.9889840465642745
GBA,2003,Platform,TDK Mediactive,0.21,57.0,11,7.5,27,TOSE,E,2000s,Other,2.4849066497880004,3.332204510175204
XB,2002,Action,Sega,0.21,88.0,36,8.2,102,Smilebit,T,2000s,Other,3.6109179126442243,4.634728988229636
GC,2001,Sports,Midway Games,0.21,79.0,13,8.7,7,Midway,E,2000s,Other,2.639057329615259,2.0794415416798357
X360,2009,Action,Gamebridge,0.21,55.0,22,6.8,16,Acquire,M,2000s,Other,3.1354942159291497,2.833213344056216
GC,2002,Sports,Electronic Arts,0.21,91.0,11,8.1,9,EA Sports,E,2000s,Other,2.4849066497880004,2.302585092994046
PS3,2013,Action,Square Enix,0.21,71.0,20,7.6,46,Io Interactive,M,2010s,Other,3.044522437723423,3.8501476017100584
PSP,2009,Fighting,THQ,0.21,51.0,7,7.5,27,THQ,E10+,2000s,Other,2.0794415416798357,3.332204510175204
PSV,2014,Fighting,Namco Bandai Games,0.21,74.0,5,7.9,29,Bandai Namco Games,T,2010s,Other,1.791759469228055,3.4011973816621555
PS3,2011,Platform,THQ,0.21,74.0,50,7.1,34,Blue Tongue Entertainment,E10+,2010s,Other,3.9318256327243257,3.5553480614894135
PS2,2000,Sports,Konami Digital Entertainment,0.21,64.0,14,7.9,8,Konami,T,2000s,Other,2.70805020110221,2.1972245773362196
Wii,2007,Role-Playing,Square Enix,0.21,76.0,34,8.0,20,h.a.n.d. Inc.,E10+,2000s,Final Fantasy,3.5553480614894135,3.044522437723423
PS2,2005,Action,Eidos Interactive,0.21,78.0,54,8.3,23,Crystal Dynamics,T,2000s,Other,4.007333185232471,3.1780538303479458
X360,2010,Action,Deep Silver,0.21,40.0,37,4.7,19,ZootFly,T,2010s,Other,3.6375861597263857,2.995732273553991
Wii,2011,Misc,THQ,0.21,81.0,5,7.7,6,"Jellyvision, Iron Galaxy Studios",T,2010s,Other,1.791759469228055,1.9459101490553132
PS,2000,Fighting,Midway Games,0.21,28.0,7,2.4,17,Midway,M,2000s,Other,2.0794415416798357,2.8903717578961645
3DS,2016,Platform,Capcom,0.21,77.0,27,7.1,26,Digital Eclipse,E,2010s,Other,3.332204510175204,3.295836866004329
Wii,2010,Action,THQ,0.21,53.0,4,6.6,5,THQ,T,2010s,Other,1.6094379124341003,1.791759469228055
DS,2008,Sports,Activision,0.21,39.0,11,7.5,27,Creat Studios,E,2000s,Other,2.4849066497880004,3.332204510175204
X360,2007,Sports,Electronic Arts,0.21,67.0,33,7.1,15,EA Canada,E,2000s,Other,3.5263605246161616,2.772588722239781
X360,2009,Sports,Zushi Games,0.21,68.0,34,8.6,19,Bongfish,T,2000s,Other,3.5553480614894135,2.995732273553991
PS2,2005,Action,THQ,0.21,68.0,26,8.5,8,Cranky Pants Games,M,2000s,Other,3.295836866004329,2.1972245773362196
PC,2013,Shooter,Trion Worlds,0.21,64.0,40,6.5,661,Trion Worlds,M,2010s,Other,3.713572066704308,6.495265555937008
XB,2002,Sports,Electronic Arts,0.21,80.0,12,7.9,12,EA Sports,E,2000s,Other,2.5649493574615367,2.5649493574615367
PSP,2005,Sports,Electronic Arts,0.21,78.0,25,7.4,14,EA Canada,E,2000s,Other,3.258096538021482,2.70805020110221
PS2,2002,Sports,Sega,0.21,89.0,25,7.8,17,Treyarch,E,2000s,Other,3.258096538021482,2.8903717578961645
X360,2011,Misc,THQ,0.21,82.0,23,7.9,29,"Jellyvision, Iron Galaxy Studios",T,2010s,Other,3.1780538303479458,3.4011973816621555
GBA,2001,Fighting,Ubisoft,0.21,82.0,16,7.8,8,Sun-Tec,E,2000s,Other,2.833213344056216,2.1972245773362196
PS4,2015,Sports,Activision,0.21,32.0,43,1.5,427,Robomodo,T,2010s,Other,3.784189633918261,6.059123195581797
PSP,2010,Sports,Sony Computer Entertainment,0.21,79.0,11,6.6,8,SCEA,E,2010s,Other,2.4849066497880004,2.1972245773362196
PS2,2002,Sports,Zoo Digital Publishing,0.21,68.0,16,8.5,15,Tecmo,E,2000s,Other,2.833213344056216,2.772588722239781
3DS,2011,Action,Konami Digital Entertainment,0.21,54.0,11,5.5,8,Alpha Unit,E,2010s,Other,2.4849066497880004,2.1972245773362196
DS,2008,Role-Playing,Ignition Entertainment,0.21,69.0,46,6.5,15,Brownie Brown,E,2000s,Other,3.8501476017100584,2.772588722239781
XB,2004,Sports,Global Star,0.21,74.0,41,7.5,27,Hypnotix,M,2000s,Other,3.7376696182833684,3.332204510175204
GC,2002,Action,Atari,0.21,33.0,6,7.5,18,Takara,E,2000s,Other,1.9459101490553132,2.9444389791664403
X360,2010,Shooter,Namco Bandai Games,0.21,61.0,64,7.0,34,Volatile Games,M,2010s,Other,4.174387269895637,3.5553480614894135
GC,2005,Fighting,Atari,0.21,48.0,11,6.6,11,Avalanche Software,T,2000s,Other,2.4849066497880004,2.4849066497880004
XB,2003,Platform,Activision,0.21,58.0,27,6.4,9,GenePool,T,2000s,Other,3.332204510175204,2.302585092994046
GBA,2002,Action,THQ,0.21,55.0,4,6.9,8,Natsume,E,2000s,Other,1.6094379124341003,2.1972245773362196
Wii,2008,Action,Ubisoft,0.21,70.0,35,7.8,24,Acquire,M,2000s,Other,3.58351893845611,3.2188758248682006
PS3,2013,Shooter,Capcom,0.21,61.0,30,5.5,102,Spark Unlimited,T,2010s,Other,3.4339872044851463,4.634728988229636
GBA,2002,Misc,Acclaim Entertainment,0.2,75.0,5,7.5,27,Powerhead Games,E,2000s,Other,1.791759469228055,3.332204510175204
GBA,2004,Action,Atari,0.2,40.0,5,7.8,5,Full Fat,E,2000s,Other,1.791759469228055,1.791759469228055
PS2,2004,Fighting,Capcom,0.2,57.0,33,4.8,5,Capcom,T,2000s,Other,3.5263605246161616,1.791759469228055
PS4,2016,Action,Ubisoft,0.2,72.0,32,7.4,49,Ubisoft Montreal,M,2010s,Other,3.4965075614664802,3.912023005428146
PSV,2014,Action,Sony Computer Entertainment,0.2,73.0,28,7.4,133,"Sanzaru Games, Sanzaru Games, Inc.",M,2010s,Other,3.367295829986474,4.897839799950911
XB,2001,Racing,Infogrames,0.2,78.0,18,7.5,27,Monster Games Inc.,E,2000s,Other,2.9444389791664403,3.332204510175204
PS3,2012,Action,Sega,0.2,71.0,35,8.2,106,PlatinumGames,M,2010s,Other,3.58351893845611,4.672828834461906
PS3,2006,Simulation,Namco Bandai Games,0.2,33.0,31,5.1,47,Bec,T,2000s,Other,3.4657359027997265,3.8712010109078907
PS2,2005,Strategy,Konami Digital Entertainment,0.2,68.0,31,8.6,17,Konami,T,2000s,Other,3.4657359027997265,2.8903717578961645
XB,2005,Sports,Electronic Arts,0.2,76.0,21,7.2,5,EA Canada,E,2000s,Other,3.091042453358316,1.791759469228055
X360,2013,Shooter,City Interactive,0.2,52.0,33,5.7,110,City Interactive,M,2010s,Other,3.5263605246161616,4.709530201312334
PC,2003,Role-Playing,CCP,0.2,69.0,22,7.5,280,CCP,T,2000s,Other,3.1354942159291497,5.638354669333745
DC,2000,Role-Playing,Sega,0.2,89.0,21,9.1,33,Sonic Team,T,2000s,Other,3.091042453358316,3.5263605246161616
XB,2002,Racing,Sega,0.2,69.0,33,8.5,13,Hitmaker,T,2000s,Other,3.5263605246161616,2.639057329615259
XB,2006,Racing,Take-Two Interactive,0.2,87.0,16,5.3,18,Rockstar San Diego,E10+,2000s,Other,2.833213344056216,2.9444389791664403
PSP,2006,Strategy,Atari,0.2,72.0,13,2.8,39,Frontier Developments,E10+,2000s,Other,2.639057329615259,3.6888794541139363
PC,2011,Shooter,THQ,0.2,74.0,34,7.4,596,Relic,M,2010s,Other,3.5553480614894135,6.391917113392602
PS2,2006,Fighting,Ignition Entertainment,0.2,67.0,14,8.5,4,Terminal Reality,T,2000s,Other,2.70805020110221,1.6094379124341003
WiiU,2013,Simulation,Disney Interactive Studios,0.2,51.0,10,5.3,9,Behaviour Interactive,E,2010s,Other,2.3978952727983707,2.302585092994046
PS4,2015,Shooter,Rebellion Developments,0.2,62.0,26,6.8,88,Rebellion,Unknown,2010s,Other,3.295836866004329,4.48863636973214
XB,2002,Sports,Midway Games,0.2,79.0,9,7.8,5,Gratuitous Games,E,2000s,Other,2.302585092994046,1.791759469228055
PSP,2005,Fighting,Sony Computer Entertainment,0.2,63.0,37,7.3,16,"SCEA, Think and Feel",T,2000s,Other,3.6375861597263857,2.833213344056216
PS2,2004,Platform,Activision,0.2,70.0,34,8.9,12,Edge of Reality,E,2000s,Other,3.5553480614894135,2.5649493574615367
DS,2006,Racing,Electronic Arts,0.2,70.0,6,7.5,15,Exient Entertainment,E,2000s,Other,1.9459101490553132,2.772588722239781
PS3,2007,Role-Playing,Ubisoft,0.2,64.0,23,5.9,40,From Software,T,2000s,Other,3.1780538303479458,3.713572066704308
PS2,2001,Racing,Infogrames,0.2,75.0,19,7.6,9,Atari,E,2000s,Other,2.995732273553991,2.302585092994046
PS3,2013,Role-Playing,Nippon Ichi Software,0.2,53.0,44,7.5,80,Nippon Ichi Software,T,2010s,Other,3.8066624897703196,4.394449154672439
DS,2007,Role-Playing,Namco Bandai Games,0.2,57.0,16,6.2,10,Bec,E,2000s,Other,2.833213344056216,2.3978952727983707
GBA,2003,Simulation,Ubisoft,0.2,82.0,8,9.2,40,TOSE,E,2000s,Other,2.1972245773362196,3.713572066704308
GBA,2003,Platform,Activision,0.2,72.0,8,7.2,5,Vicarious Visions,E,2000s,Other,2.1972245773362196,1.791759469228055
XB,2002,Sports,Sega,0.2,90.0,17,7.6,5,Visual Concepts,E,2000s,Other,2.8903717578961645,1.791759469228055
3DS,2012,Action,Agatsuma Entertainment,0.2,67.0,38,7.6,73,Studio Saizensen,T,2010s,Other,3.6635616461296463,4.304065093204169
PS3,2011,Sports,Take-Two Interactive,0.2,72.0,13,6.3,9,Visual Concepts,E,2010s,Other,2.639057329615259,2.302585092994046
XB,2006,Racing,THQ,0.2,70.0,22,7.5,27,Rainbow Studios,E,2000s,Other,3.1354942159291497,3.332204510175204
GC,2002,Racing,Midway Games,0.2,71.0,16,7.5,27,Point of View,T,2000s,Other,2.833213344056216,3.332204510175204
X360,2008,Role-Playing,Ubisoft,0.2,52.0,27,7.0,48,Ubisoft Annecy,M,2000s,Other,3.332204510175204,3.8918202981106265
Wii,2009,Action,Sega,0.2,53.0,6,5.8,4,Pyro Studios,E,2000s,Other,1.9459101490553132,1.6094379124341003
PS2,2005,Shooter,Electronic Arts,0.2,51.0,32,5.3,7,WideScreen Games,M,2000s,Other,3.4965075614664802,2.0794415416798357
GBA,2001,Sports,Ubisoft,0.2,79.0,11,7.5,27,Atlus Co.,E,2000s,Other,2.4849066497880004,3.332204510175204
PC,2015,Sports,Electronic Arts,0.2,81.0,10,4.4,296,EA Sports,E,2010s,FIFA,2.3978952727983707,5.6937321388027
XOne,2013,Sports,Electronic Arts,0.2,36.0,14,3.1,88,EA Sports,E,2010s,Other,2.70805020110221,4.48863636973214
PS3,2010,Action,Sony Computer Entertainment,0.2,36.0,45,3.7,21,SCE Japan Studio,E10+,2010s,Other,3.828641396489095,3.091042453358316
X360,2010,Simulation,Kalypso Media,0.2,63.0,33,7.2,19,Gaming Minds Studios,T,2010s,Other,3.5263605246161616,2.995732273553991
XOne,2016,Action,Namco Bandai Games,0.2,73.0,8,7.3,29,Dimps Corporation,T,2010s,Other,2.1972245773362196,3.4011973816621555
PS4,2016,Role-Playing,Nippon Ichi Software,0.2,87.0,49,8.2,178,Vanillaware,T,2010s,Other,3.912023005428146,5.187385805840755
GC,2004,Platform,Electronic Arts,0.2,70.0,20,8.6,11,Krome Studios,E,2000s,Other,3.044522437723423,2.4849066497880004
X360,2010,Misc,Namco Bandai Games,0.2,57.0,33,4.8,4,Namco Bandai Games,E,2010s,Other,3.5263605246161616,1.6094379124341003
Wii,2009,Action,Namco Bandai Games,0.2,65.0,25,7.3,15,Media Vision,E10+,2000s,Other,3.258096538021482,2.772588722239781
PSP,2008,Action,Tecmo Koei,0.2,62.0,13,6.6,10,"Omega Force, Koei Canada",T,2000s,Other,2.639057329615259,2.3978952727983707
XB,2003,Sports,Electronic Arts,0.2,82.0,18,9.0,9,EA Sports,E,2000s,Other,2.9444389791664403,2.302585092994046
X360,2007,Racing,Activision,0.2,43.0,9,6.4,5,Torus Games,E,2000s,Other,2.302585092994046,1.791759469228055
DS,2009,Role-Playing,Sega,0.2,75.0,46,9.0,61,PlatinumGames,T,2000s,Other,3.8501476017100584,4.127134385045092
PS2,2003,Sports,Sony Computer Entertainment,0.2,45.0,16,7.5,27,989 Sports,E,2000s,Other,2.833213344056216,3.332204510175204
XB,2005,Action,Disney Interactive Studios,0.2,72.0,31,6.0,6,Traveller's Tales,T,2000s,Other,3.4657359027997265,1.9459101490553132
PSP,2006,Sports,Sony Computer Entertainment,0.2,68.0,24,7.0,5,SCEA,E,2000s,Other,3.2188758248682006,1.791759469228055
PC,2011,Role-Playing,Unknown,0.2,76.0,31,6.5,315,Reality Pump,M,2010s,Other,3.4657359027997265,5.755742213586912
XB,2003,Racing,Bethesda Softworks,0.2,40.0,5,7.4,7,Bethesda Softworks,E,2000s,Other,1.791759469228055,2.0794415416798357
PS3,2013,Role-Playing,Nippon Ichi Software,0.2,86.0,12,7.7,128,Falcom,T,2010s,Other,2.5649493574615367,4.859812404361672
PS3,2007,Shooter,Codemasters,0.2,60.0,34,7.1,52,"Mercury Steam, Alchemic Productions",M,2000s,Other,3.5553480614894135,3.970291913552122
3DS,2012,Fighting,Nintendo,0.2,64.0,42,5.9,39,Arika,T,2010s,Other,3.7612001156935624,3.6888794541139363
DS,2009,Role-Playing,Activision,0.2,65.0,7,6.7,9,n-Space,E10+,2000s,Other,2.0794415416798357,2.302585092994046
DS,2009,Simulation,Aspyr,0.2,68.0,14,7.5,27,Aspyr,E,2000s,Other,2.70805020110221,3.332204510175204
PS2,2008,Racing,Xplosiv,0.2,37.0,5,7.5,27,Razorworks Studios,E,2000s,Other,1.791759469228055,3.332204510175204
GBA,2005,Misc,Namco Bandai Games,0.2,60.0,7,7.5,27,Backbone Vancouver,E,2000s,Other,2.0794415416798357,3.332204510175204
X360,2010,Shooter,Square Enix,0.2,58.0,52,6.1,24,Double Helix Games,T,2010s,Other,3.970291913552122,3.2188758248682006
XB,2002,Sports,Activision,0.2,75.0,16,7.5,27,Rainbow Studios,T,2000s,Other,2.833213344056216,3.332204510175204
XB,2005,Action,Electronic Arts,0.2,71.0,34,8.8,12,Electronic Arts,T,2000s,Other,3.5553480614894135,2.5649493574615367
PS3,2010,Simulation,Activision,0.2,66.0,17,6.1,12,Gaijin Entertainment,T,2010s,Other,2.8903717578961645,2.5649493574615367
PC,2015,Action,Warner Bros. Interactive Entertainment,0.2,75.0,40,7.9,1295,Techland,M,2010s,Other,3.713572066704308,7.16703787691222
DC,2000,Role-Playing,Ubisoft,0.2,90.0,17,8.8,57,Game Arts,T,2000s,Other,2.8903717578961645,4.060443010546419
X360,2005,Racing,Namco Bandai Games,0.2,74.0,65,7.1,28,Namco,E,2000s,Other,4.189654742026425,3.367295829986474
XB,2004,Action,Activision,0.2,67.0,28,7.5,27,Edge of Reality,E,2000s,Other,3.367295829986474,3.332204510175204
GC,2004,Sports,Electronic Arts,0.2,77.0,24,7.5,27,EA Tiburon,E,2000s,Other,3.2188758248682006,3.332204510175204
PS2,2005,Action,Konami Digital Entertainment,0.2,53.0,20,7.0,10,KCE Studios,E10+,2000s,Other,3.044522437723423,2.3978952727983707
X360,2012,Simulation,Konami Digital Entertainment,0.2,75.0,21,8.8,20,High Voltage Software,M,2010s,Other,3.091042453358316,3.044522437723423
X360,2008,Role-Playing,Compile Heart,0.2,71.0,7,7.0,35,Compile Heart,T,2000s,Other,2.0794415416798357,3.58351893845611
PS2,2003,Strategy,Activision,0.2,78.0,27,8.0,22,LucasArts,T,2000s,Other,3.332204510175204,3.1354942159291497
PS3,2011,Shooter,D3Publisher,0.2,63.0,28,7.0,24,Vicious Cycle,T,2010s,Other,3.367295829986474,3.2188758248682006
XB,2001,Sports,Acclaim Entertainment,0.2,76.0,18,8.2,6,"Z-Axis, Ltd.",T,2000s,Other,2.9444389791664403,1.9459101490553132
GC,2002,Platform,THQ,0.2,66.0,4,8.3,10,Big Sky Software,E,2000s,Other,1.6094379124341003,2.3978952727983707
PS2,2004,Misc,Namco Bandai Games,0.2,77.0,35,8.1,8,Namco,E,2000s,Other,3.58351893845611,2.1972245773362196
XB,2003,Puzzle,THQ,0.2,62.0,13,7.5,27,Radical Entertainment,E,2000s,Other,2.639057329615259,3.332204510175204
PSV,2012,Action,Ubisoft,0.2,49.0,34,6.4,61,Ubisoft,T,2010s,Other,3.5553480614894135,4.127134385045092
PS2,2004,Action,Atari,0.2,71.0,40,6.8,18,Stormfront Studios,T,2000s,Other,3.713572066704308,2.9444389791664403
X360,2007,Shooter,Activision,0.2,50.0,35,5.6,20,Cauldron Ltd.,M,2000s,Other,3.58351893845611,3.044522437723423
PS3,2009,Action,Atari,0.2,65.0,52,6.1,27,"Namco Bandai Games America, Namco Bandai Games",M,2000s,Other,3.970291913552122,3.332204510175204
PS2,2002,Racing,Infogrames,0.2,62.0,14,7.5,27,Tantalus Interactive,E,2000s,Other,2.70805020110221,3.332204510175204
Wii,2009,Misc,THQ,0.2,49.0,6,7.5,27,Jet Black Games,E,2000s,Other,1.9459101490553132,3.332204510175204
PSV,2012,Action,Konami Digital Entertainment,0.2,58.0,57,5.1,102,WayForward,M,2010s,Other,4.060443010546419,4.634728988229636
PS2,2005,Simulation,Ubisoft,0.2,59.0,33,7.5,18,Cyberlore Studios,M,2000s,Other,3.5263605246161616,2.9444389791664403
X360,2008,Racing,THQ,0.2,65.0,35,7.1,18,2XL Games,E,2000s,Other,3.58351893845611,2.9444389791664403
PSP,2005,Sports,Electronic Arts,0.2,80.0,15,7.9,8,Team Fusion,E,2000s,Other,2.772588722239781,2.1972245773362196
GBA,2007,Action,THQ,0.2,65.0,4,7.5,27,Helixe,E,2000s,Other,1.6094379124341003,3.332204510175204
DS,2008,Role-Playing,Sega,0.2,59.0,28,8.0,10,"Sega, Tom Create",T,2000s,Other,3.367295829986474,2.3978952727983707
GC,2004,Misc,Mad Catz,0.2,42.0,8,6.8,9,Mad Catz,E,2000s,Other,2.1972245773362196,2.302585092994046
XB,2002,Adventure,Vivendi Games,0.2,78.0,21,6.6,14,Computer Artworks,M,2000s,Other,3.091042453358316,2.70805020110221
PS3,2006,Role-Playing,Electronic Arts,0.2,58.0,40,7.2,36,Sony Online Entertainment,T,2000s,Other,3.713572066704308,3.6109179126442243
PS3,2011,Strategy,PopCap Games,0.2,85.0,8,7.9,60,PopCap,E10+,2010s,Other,2.1972245773362196,4.110873864173311
XB,2002,Role-Playing,Virgin Interactive,0.2,83.0,25,8.3,26,Snowblind Studios,T,2000s,Other,3.258096538021482,3.295836866004329
GC,2004,Action,Ubisoft,0.2,83.0,31,8.6,20,Ubisoft,M,2000s,Other,3.4657359027997265,3.044522437723423
X360,2007,Action,Tecmo Koei,0.2,53.0,27,7.4,13,Omega Force,T,2000s,Other,3.332204510175204,2.639057329615259
PS2,2005,Action,Vivendi Games,0.2,47.0,14,8.8,76,Eurocom Entertainment Software,M,2000s,Other,2.70805020110221,4.343805421853684
PS3,2011,Fighting,PQube,0.2,73.0,10,7.5,27,Examu,T,2010s,Other,2.3978952727983707,3.332204510175204
DS,2009,Action,Activision,0.2,55.0,8,8.1,8,Griptonite Games,E10+,2000s,Other,2.1972245773362196,2.1972245773362196
PS2,2005,Racing,Xplosiv,0.2,51.0,26,2.1,9,Eutechnyx,M,2000s,Other,3.295836866004329,2.302585092994046
PS3,2006,Simulation,505 Games,0.2,65.0,36,6.8,25,From Software,T,2000s,Other,3.6109179126442243,3.258096538021482
DS,2010,Role-Playing,Nintendo,0.2,76.0,40,7.9,23,CyberConnect2,E10+,2010s,Other,3.713572066704308,3.1780538303479458
PS2,2001,Sports,Sony Computer Entertainment,0.2,57.0,11,4.0,4,989 Sports,E,2000s,Other,2.4849066497880004,1.6094379124341003
PS2,2008,Role-Playing,Gust,0.2,70.0,12,8.2,17,Gust,T,2000s,Other,2.5649493574615367,2.8903717578961645
PS2,2003,Action,SCi,0.2,57.0,19,8.0,21,Pivotal Games,T,2000s,Other,2.995732273553991,3.091042453358316
PS3,2014,Action,Konami Digital Entertainment,0.2,63.0,55,7.8,528,Mercury Steam,M,2010s,Other,4.02535169073515,6.270988431858299
XB,2002,Racing,Empire Interactive,0.19,59.0,12,4.3,9,Eutechnyx,T,2000s,Other,2.5649493574615367,2.302585092994046
PS3,2011,Action,Nippon Ichi Software,0.19,58.0,25,6.5,15,Acquire,M,2010s,Other,3.258096538021482,2.772588722239781
GBA,2003,Platform,Vivendi Games,0.19,67.0,6,9.2,17,Saffire,E,2000s,Other,1.9459101490553132,2.8903717578961645
PS2,2006,Fighting,Ignition Entertainment,0.19,75.0,30,8.5,15,SNK Playmore,T,2000s,Other,3.4339872044851463,2.772588722239781
PSP,2006,Shooter,Ubisoft,0.19,58.0,37,7.5,39,Ubisoft,M,2000s,Other,3.6375861597263857,3.6888794541139363
DS,2009,Adventure,City Interactive,0.19,57.0,7,7.5,27,City Interactive,E,2000s,Other,2.0794415416798357,3.332204510175204
PS3,2012,Sports,Take-Two Interactive,0.19,68.0,8,4.4,5,Visual Concepts,E,2010s,Other,2.1972245773362196,1.791759469228055
PSP,2006,Action,Take-Two Interactive,0.19,51.0,14,6.3,15,High Voltage Software,M,2000s,Other,2.70805020110221,2.772588722239781
PS2,2005,Shooter,Ubisoft,0.19,76.0,21,8.9,36,Rebellion,M,2000s,Other,3.091042453358316,3.6109179126442243
PSP,2005,Action,Electronic Arts,0.19,70.0,13,7.4,16,Electronic Arts,E10+,2000s,Other,2.639057329615259,2.833213344056216
GBA,2001,Role-Playing,Ubisoft,0.19,81.0,16,8.8,16,Capcom,E,2000s,Other,2.833213344056216,2.833213344056216
PS3,2011,Sports,THQ,0.19,65.0,8,2.4,5,THQ,E,2010s,Other,2.1972245773362196,1.791759469228055
GC,2006,Platform,Vivendi Games,0.19,67.0,9,7.5,27,Vivendi Games,E10+,2000s,Other,2.302585092994046,3.332204510175204
X360,2007,Action,THQ,0.19,69.0,49,7.3,67,Nihilistic,M,2000s,Other,3.912023005428146,4.219507705176107
GBA,2002,Action,TDK Core,0.19,64.0,9,7.5,27,RFX Interactive,E,2000s,Other,2.302585092994046,3.332204510175204
PS3,2010,Action,Konami Digital Entertainment,0.19,72.0,38,7.3,38,FeelPlus,M,2010s,Other,3.6635616461296463,3.6635616461296463
PC,2010,Shooter,Sega,0.19,68.0,35,7.4,985,Rebellion,M,2010s,Other,3.58351893845611,6.893656354602635
PS3,2011,Action,Sega,0.19,61.0,34,7.3,40,Next Level Games,T,2010s,Other,3.5553480614894135,3.713572066704308
XB,2004,Action,Take-Two Interactive,0.19,74.0,37,7.9,19,Rockstar North,M,2000s,Other,3.6375861597263857,2.995732273553991
PS2,2002,Sports,Sony Computer Entertainment,0.19,57.0,16,6.0,4,989 Sports,E,2000s,Other,2.833213344056216,1.6094379124341003
X360,2008,Action,Namco Bandai Games,0.19,49.0,30,7.0,18,Omega Force,T,2000s,Other,3.4339872044851463,2.9444389791664403
PS4,2014,Role-Playing,Focus Home Interactive,0.19,53.0,40,5.9,230,Spiders,M,2010s,Other,3.713572066704308,5.442417710521793
Wii,2009,Role-Playing,Disney Interactive Studios,0.19,71.0,22,8.4,16,Genki,E10+,2000s,Other,3.1354942159291497,2.833213344056216
X360,2010,Misc,Konami Digital Entertainment,0.19,63.0,30,5.9,7,GCP1,E10+,2010s,Other,3.4339872044851463,2.0794415416798357
PS2,2002,Role-Playing,Capcom,0.19,78.0,28,6.9,35,Capcom,T,2000s,Other,3.367295829986474,3.58351893845611
Wii,2008,Role-Playing,Sega,0.19,71.0,21,7.6,5,ChunSoft,T,2000s,Other,3.091042453358316,1.791759469228055
3DS,2016,Action,Warner Bros. Interactive Entertainment,0.19,60.0,4,7.1,15,TT Games,E10+,2010s,Other,1.6094379124341003,2.772588722239781
DS,2009,Simulation,Electronic Arts,0.19,49.0,11,2.6,8,Full Fat,E,2000s,Other,2.4849066497880004,2.1972245773362196
GC,2002,Adventure,Nintendo,0.19,50.0,9,8.9,10,Capcom,E,2000s,Other,2.302585092994046,2.3978952727983707
X360,2006,Role-Playing,Ubisoft,0.19,69.0,54,6.9,60,From Software,T,2000s,Other,4.007333185232471,4.110873864173311
X360,2008,Shooter,Eidos Interactive,0.19,52.0,35,4.9,22,Pivotal Games,M,2000s,Other,3.58351893845611,3.1354942159291497
PC,2016,Action,Take-Two Interactive,0.19,63.0,29,3.2,881,Hangar 13,M,2010s,Other,3.4011973816621555,6.782192056006791
PS2,2003,Shooter,Electronic Arts,0.19,62.0,19,8.3,7,Warthog,M,2000s,Other,2.995732273553991,2.0794415416798357
DS,2008,Puzzle,Nordcurrent,0.19,46.0,13,7.5,27,Nordcurrent,E,2000s,Other,2.639057329615259,3.332204510175204
XB,2003,Action,Eidos Interactive,0.19,74.0,30,7.9,21,Crystal Dynamics,M,2000s,Other,3.4339872044851463,3.091042453358316
X360,2006,Role-Playing,Square Enix,0.19,66.0,25,6.5,33,Square Enix,T,2000s,Final Fantasy,3.258096538021482,3.5263605246161616
PS2,2004,Misc,Atari,0.19,51.0,11,7.5,27,Artech Studios,T,2000s,Other,2.4849066497880004,3.332204510175204
PSP,2005,Action,Ubisoft,0.19,56.0,10,6.4,22,Phoenix Games Studio,T,2000s,Other,2.3978952727983707,3.1354942159291497
XOne,2013,Fighting,Ubisoft,0.19,23.0,39,3.0,211,Ubisoft,T,2010s,Other,3.6888794541139363,5.356586274672012
PS2,2003,Strategy,Electronic Arts,0.19,66.0,17,8.4,30,Zono Inc.,T,2000s,Other,2.8903717578961645,3.4339872044851463
PS3,2010,Platform,Activision,0.19,57.0,11,4.5,6,Xpec,E10+,2010s,Other,2.4849066497880004,1.9459101490553132
PS2,2001,Shooter,Konami Digital Entertainment,0.19,64.0,17,7.5,27,KCET,M,2000s,Other,2.8903717578961645,3.332204510175204
Wii,2008,Action,Vivendi Games,0.19,62.0,13,7.5,27,Stormfront Studios,E10+,2000s,Other,2.639057329615259,3.332204510175204
GBA,2001,Sports,Acclaim Entertainment,0.19,85.0,7,7.5,27,Full-Fat,E,2000s,Other,2.0794415416798357,3.332204510175204
PSP,2009,Action,Activision,0.19,60.0,6,7.5,12,Griptonite Games,T,2000s,Other,1.9459101490553132,2.5649493574615367
PS2,2003,Sports,Midway Games,0.19,79.0,23,8.9,13,Next Level Games,E,2000s,Other,3.1780538303479458,2.639057329615259
DS,2009,Shooter,Square Enix,0.19,82.0,38,7.1,8,Taito Corporation,E,2000s,Other,3.6635616461296463,2.1972245773362196
3DS,2011,Action,Electronic Arts,0.19,65.0,9,6.0,26,Firebrand Games,E10+,2010s,Other,2.302585092994046,3.295836866004329
PC,2010,Strategy,Square Enix,0.19,77.0,54,6.2,803,Gas Powered Games,E10+,2010s,Other,4.007333185232471,6.6895992691789665
PS3,2010,Shooter,Tecmo Koei,0.19,43.0,34,5.3,21,Tecmo,M,2010s,Other,3.5553480614894135,3.091042453358316
Wii,2009,Simulation,Ubisoft,0.19,81.0,24,8.5,15,Keen Games,E10+,2000s,Other,3.2188758248682006,2.772588722239781
WiiU,2015,Misc,Activision,0.19,84.0,4,6.1,36,"Activision, FreeStyleGames",T,2010s,Other,1.6094379124341003,3.6109179126442243
PS2,2008,Misc,Ignition Entertainment,0.19,69.0,16,7.5,27,SNK Playmore,T,2000s,Other,2.833213344056216,3.332204510175204
PS2,2001,Misc,Sony Computer Entertainment,0.19,83.0,26,9.0,29,Harmonix Music Systems,E,2000s,Other,3.295836866004329,3.4011973816621555
PS4,2014,Action,Tecmo Koei,0.19,63.0,30,7.5,42,Omega Force,T,2010s,Other,3.4339872044851463,3.7612001156935624
XB,2002,Sports,Electronic Arts,0.19,79.0,17,9.0,4,Software Creations,E,2000s,FIFA,2.8903717578961645,1.6094379124341003
3DS,2011,Misc,THQ,0.19,64.0,8,6.0,8,WayForward,E,2010s,Other,2.1972245773362196,2.1972245773362196
GBA,2002,Adventure,Konami Digital Entertainment,0.19,75.0,4,7.5,27,Konami,E,2000s,Other,1.6094379124341003,3.332204510175204
XB,2004,Role-Playing,Microsoft Game Studios,0.19,72.0,75,8.4,49,Climax Group,M,2000s,Other,4.330733340286331,3.912023005428146
X360,2010,Adventure,Namco Bandai Games,0.19,74.0,46,8.1,24,Game Republic,T,2010s,Other,3.8501476017100584,3.2188758248682006
X360,2012,Action,Konami Digital Entertainment,0.19,69.0,17,5.6,98,Konami,M,2010s,Other,2.8903717578961645,4.59511985013459
Wii,2009,Role-Playing,Marvelous Interactive,0.19,64.0,26,7.8,43,"Image Epoch, Imageepoch",T,2000s,Other,3.295836866004329,3.784189633918261
PC,2014,Role-Playing,Ubisoft,0.19,85.0,48,8.6,1739,Obsidian Entertainment,M,2010s,Other,3.8918202981106265,7.461640392208575
GC,2004,Action,Konami Digital Entertainment,0.19,49.0,16,4.6,7,Konami,T,2000s,Other,2.833213344056216,2.0794415416798357
PSV,2012,Sports,Sony Computer Entertainment,0.19,76.0,15,7.8,42,SCEA San Diego Studios,E,2010s,Other,2.772588722239781,3.7612001156935624
GBA,2002,Sports,Electronic Arts,0.19,66.0,9,7.5,27,Visual Impact,E,2000s,Other,2.302585092994046,3.332204510175204
PC,2010,Action,Take-Two Interactive,0.19,82.0,6,8.6,37,Visual Concepts,E,2010s,Other,1.9459101490553132,3.6375861597263857
Wii,2011,Fighting,THQ,0.19,68.0,11,7.0,8,THQ,T,2010s,Other,2.4849066497880004,2.1972245773362196
DS,2006,Fighting,Namco Bandai Games,0.19,61.0,22,4.4,10,Takara Tomy,T,2000s,Other,3.1354942159291497,2.3978952727983707
X360,2008,Fighting,Electronic Arts,0.19,54.0,57,6.3,19,EA Canada,T,2000s,Other,4.060443010546419,2.995732273553991
DS,2010,Action,Activision,0.19,73.0,13,7.0,6,Griptonite Games,E10+,2010s,Other,2.639057329615259,1.9459101490553132
GBA,2002,Role-Playing,Media Rings,0.19,79.0,20,7.8,8,Magic Rings,E,2000s,Other,3.044522437723423,2.1972245773362196
PS2,2005,Shooter,Eidos Interactive,0.19,62.0,15,8.5,10,Pivotal Games,M,2000s,Other,2.772588722239781,2.3978952727983707
PSP,2010,Action,Electronic Arts,0.19,70.0,14,8.1,46,"Artificial Mind and Movement, EA Redwood Shores",M,2010s,Other,2.70805020110221,3.8501476017100584
WiiU,2013,Fighting,Warner Bros. Interactive Entertainment,0.19,82.0,5,7.9,112,NetherRealm Studios,T,2010s,Other,1.791759469228055,4.727387818712341
DS,2008,Action,Eidos Interactive,0.19,70.0,9,8.4,10,Santa Cruz Games,T,2000s,Other,2.302585092994046,2.3978952727983707
PSP,2005,Platform,Konami Digital Entertainment,0.19,61.0,40,7.3,21,Backbone Entertainment,T,2000s,Other,3.713572066704308,3.091042453358316
GC,2003,Action,Universal Interactive,0.19,71.0,26,7.4,7,Radical Entertainment,T,2000s,Other,3.295836866004329,2.0794415416798357
PS2,2007,Misc,Electronic Arts,0.19,52.0,12,7.5,27,"Pipeworks Software, Inc.",E10+,2000s,Other,2.5649493574615367,3.332204510175204
PS2,2006,Role-Playing,Sega,0.19,68.0,18,8.5,23,Sonic Team,T,2000s,Other,2.9444389791664403,3.1780538303479458
PS2,2002,Shooter,Activision,0.19,65.0,28,8.6,16,Seta Corporation,M,2000s,Other,3.367295829986474,2.833213344056216
PS2,2002,Sports,Atari,0.19,76.0,15,8.5,6,Rockstar San Diego,T,2000s,Other,2.772588722239781,1.9459101490553132
PS2,2004,Action,Sega,0.19,58.0,33,8.0,24,K2 LLC,M,2000s,Other,3.5263605246161616,3.2188758248682006
PS3,2009,Shooter,THQ,0.19,72.0,37,7.2,57,Swordfish Studios,M,2000s,Other,3.6375861597263857,4.060443010546419
PC,2013,Action,Deep Silver,0.19,82.0,71,8.6,2654,4A Games,M,2010s,Other,4.276666119016055,7.884199933676039
PC,2015,Shooter,Take-Two Interactive,0.19,77.0,39,4.3,969,Turtle Rock Studios,M,2010s,Other,3.6888794541139363,6.877296071497429
WiiU,2013,Action,Capcom,0.19,80.0,19,7.5,146,Capcom,M,2010s,Other,2.995732273553991,4.990432586778736
Wii,2010,Misc,Namco Bandai Games,0.19,53.0,12,7.5,27,Namco Bandai Games,E,2010s,Other,2.5649493574615367,3.332204510175204
GC,2006,Platform,Vivendi Games,0.19,67.0,13,7.3,11,Krome Studios,E10+,2000s,Other,2.639057329615259,2.4849066497880004
PS3,2008,Simulation,Ubisoft,0.19,62.0,22,7.6,31,From Software,T,2000s,Other,3.1354942159291497,3.4657359027997265
XB,2004,Action,Electronic Arts,0.19,67.0,23,8.8,10,EA Games,E,2000s,Other,3.1780538303479458,2.3978952727983707
PS2,2009,Action,Activision,0.19,64.0,4,7.5,27,Beenox,E10+,2000s,Other,1.6094379124341003,3.332204510175204
PSV,2012,Fighting,Capcom,0.19,79.0,25,7.5,66,Capcom,T,2010s,Other,3.258096538021482,4.204692619390966
PSV,2014,Role-Playing,Nippon Ichi Software,0.19,80.0,23,7.3,73,Falcom,T,2010s,Other,3.1780538303479458,4.304065093204169
PS2,2005,Action,Sony Computer Entertainment,0.19,68.0,37,8.0,5,BottleRocket Entertainment,M,2000s,Other,3.6375861597263857,1.791759469228055
PS4,2014,Misc,Sony Computer Entertainment Europe,0.19,47.0,19,4.1,18,SCEE,Unknown,2010s,Other,2.995732273553991,2.9444389791664403
X360,2009,Role-Playing,Deep Silver,0.19,60.0,37,6.4,77,Piranha Bytes,M,2000s,Other,3.6375861597263857,4.356708826689592
DS,2008,Role-Playing,Tecmo Koei,0.19,72.0,36,7.6,19,Matrix Software,E10+,2000s,Other,3.6109179126442243,2.995732273553991
X360,2007,Action,Namco Bandai Games,0.19,55.0,34,6.8,20,"Koei, Omega Force",T,2000s,Other,3.5553480614894135,3.044522437723423
DS,2007,Adventure,Unknown,0.19,78.0,14,7.5,13,Skip Ltd.,E,2000s,Other,2.70805020110221,2.639057329615259
PS3,2010,Simulation,Konami Digital Entertainment,0.19,60.0,5,7.5,27,Konami,E10+,2010s,Other,1.791759469228055,3.332204510175204
PC,2013,Action,Ubisoft,0.19,82.0,13,7.4,754,Ubisoft Toronto,M,2010s,Other,2.639057329615259,6.626717749249025
Wii,2007,Adventure,Namco Bandai Games,0.19,67.0,17,8.5,32,Ganbarion,T,2000s,Other,2.8903717578961645,3.4965075614664802
PS3,2010,Sports,Ubisoft,0.19,61.0,26,6.5,8,Ubisoft Montreal,T,2010s,Other,3.295836866004329,2.1972245773362196
3DS,2011,Sports,Marvelous Interactive,0.19,57.0,5,7.5,27,Natsume,E,2010s,Other,1.791759469228055,3.332204510175204
PS3,2008,Shooter,Eidos Interactive,0.19,51.0,28,3.1,25,Pivotal Games,M,2000s,Other,3.367295829986474,3.258096538021482
X360,2012,Action,Sega,0.19,74.0,43,8.0,185,Sega,M,2010s,Other,3.784189633918261,5.225746673713202
GBA,2002,Action,Vivendi Games,0.19,72.0,14,7.5,27,WayForward,E,2000s,Other,2.70805020110221,3.332204510175204
PS3,2009,Action,Activision,0.19,67.0,23,7.3,7,Activision,E10+,2000s,Other,3.1780538303479458,2.0794415416798357
PS2,2000,Sports,Sony Computer Entertainment,0.19,49.0,10,7.5,27,989 Sports,E,2000s,Other,2.3978952727983707,3.332204510175204
PS2,2003,Strategy,Capcom,0.19,59.0,18,5.6,5,Cinemaware,T,2000s,Other,2.9444389791664403,1.791759469228055
PS2,2003,Shooter,Metro 3D,0.19,79.0,50,9.1,21,Irem,E,2000s,Other,3.9318256327243257,3.091042453358316
PS3,2008,Adventure,Disney Interactive Studios,0.19,59.0,11,6.8,6,Avalanche Software,E10+,2000s,Other,2.4849066497880004,1.9459101490553132
XB,2002,Racing,Sega,0.19,82.0,24,8.2,24,Wow Entertainment,E,2000s,Other,3.2188758248682006,3.2188758248682006
PC,2011,Racing,Codemasters,0.19,83.0,10,7.2,83,Codemasters,E,2010s,Other,2.3978952727983707,4.430816798843313
PS3,2011,Simulation,bitComposer Games,0.19,51.0,8,7.5,27,Games Farm,T,2010s,Other,2.1972245773362196,3.332204510175204
PS2,2005,Action,Activision,0.19,68.0,13,8.1,15,Krome Studios,E10+,2000s,Other,2.639057329615259,2.772588722239781
PS2,2006,Action,Tecmo Koei,0.19,55.0,20,7.3,7,Omega Force,T,2000s,Other,3.044522437723423,2.0794415416798357
XB,2002,Action,Eidos Interactive,0.19,76.0,22,9.0,9,Crystal Dynamics,M,2000s,Other,3.1354942159291497,2.302585092994046
X360,2011,Shooter,D3Publisher,0.19,68.0,40,8.2,45,Vicious Cycle,T,2010s,Other,3.713572066704308,3.828641396489095
PS3,2010,Sports,Take-Two Interactive,0.19,74.0,19,5.3,4,Visual Concepts,E,2010s,Other,2.995732273553991,1.6094379124341003
PC,2013,Action,Deep Silver,0.19,86.0,45,7.4,1543,Volition Inc.,M,2010s,Other,3.828641396489095,7.342131730584722
XB,2003,Sports,Electronic Arts,0.19,69.0,14,7.5,4,Electronic Arts,E,2000s,Other,2.70805020110221,1.6094379124341003
XOne,2014,Misc,Microsoft Game Studios,0.19,74.0,19,7.0,47,Harmonix Music Systems,T,2010s,Other,2.995732273553991,3.8712010109078907
PS3,2011,Action,Tecmo Koei,0.19,44.0,22,7.0,24,Tecmo Koei Canada,M,2010s,Other,3.1354942159291497,3.2188758248682006
PS2,2002,Role-Playing,Tecmo Koei,0.19,79.0,47,8.5,15,Nippon Ichi Software,T,2000s,Other,3.8712010109078907,2.772588722239781
PC,2010,Role-Playing,JoWood Productions,0.19,63.0,25,4.4,307,Spellbound,T,2010s,Other,3.258096538021482,5.730099782973575
X360,2008,Sports,Midway Games,0.19,55.0,42,4.2,15,Midway,E,2000s,Other,3.7612001156935624,2.772588722239781
XB,2006,Sports,Electronic Arts,0.19,81.0,21,6.8,6,EA Redwood Shores,E,2000s,Other,3.091042453358316,1.9459101490553132
Wii,2007,Action,Disney Interactive Studios,0.19,62.0,11,6.3,4,Buena Vista Games,E10+,2000s,Other,2.4849066497880004,1.6094379124341003
PS4,2016,Role-Playing,Namco Bandai Games,0.19,69.0,32,7.7,52,Bandai Namco Games,T,2010s,Other,3.4965075614664802,3.970291913552122
PC,2011,Action,Warner Bros. Interactive Entertainment,0.19,66.0,21,7.1,289,Snowblind Studios,M,2010s,Other,3.091042453358316,5.66988092298052
X360,2010,Racing,Black Bean Games,0.19,74.0,13,8.3,8,Milestone S.r.l,E10+,2010s,Other,2.639057329615259,2.1972245773362196
PS3,2011,Action,Electronic Arts,0.19,65.0,23,6.4,7,Behaviour Interactive,E10+,2010s,Other,3.1780538303479458,2.0794415416798357
PS2,2003,Role-Playing,Sony Online Entertainment,0.19,77.0,16,8.5,17,Sony Online Entertainment,T,2000s,Other,2.833213344056216,2.8903717578961645
PS3,2013,Role-Playing,Nippon Ichi Software,0.19,65.0,31,7.4,50,Compile Heart,T,2010s,Other,3.4657359027997265,3.9318256327243257
X360,2011,Action,Electronic Arts,0.19,76.0,76,8.4,139,Grasshopper Manufacture,M,2010s,Other,4.343805421853684,4.941642422609304
DC,2001,Role-Playing,Sega,0.19,80.0,10,8.9,18,Sonic Team,T,2000s,Other,2.3978952727983707,2.9444389791664403
PS2,2004,Fighting,Vivendi Games,0.18,36.0,28,4.4,22,Genuine Games,M,2000s,Other,3.367295829986474,3.1354942159291497
PSP,2005,Action,Tecmo Koei,0.18,64.0,30,6.4,8,Omega Force,T,2000s,Other,3.4339872044851463,2.1972245773362196
Wii,2007,Action,D3Publisher,0.18,51.0,19,7.5,17,D3Publisher,T,2000s,Other,2.995732273553991,2.8903717578961645
DS,2011,Simulation,505 Games,0.18,51.0,5,7.5,27,Racjin,E,2010s,Other,1.791759469228055,3.332204510175204
Wii,2009,Action,Namco Bandai Games,0.18,71.0,33,8.2,5,Now Production,E,2000s,Other,3.5263605246161616,1.791759469228055
XB,2005,Shooter,Take-Two Interactive,0.18,69.0,46,7.8,10,Destineer,T,2000s,Other,3.8501476017100584,2.3978952727983707
XB,2003,Action,LucasArts,0.18,73.0,43,8.6,17,Double Helix Games,T,2000s,Other,3.784189633918261,2.8903717578961645
PS2,2003,Action,Vivendi Games,0.18,72.0,27,8.9,47,Eurocom Entertainment Software,T,2000s,Other,3.332204510175204,3.8712010109078907
XB,2002,Platform,Electronic Arts,0.18,68.0,13,8.5,11,Krome Studios,E,2000s,Other,2.639057329615259,2.4849066497880004
PS2,2000,Racing,Electronic Arts,0.18,55.0,18,7.5,27,Escape,E,2000s,Other,2.9444389791664403,3.332204510175204
PS3,2011,Shooter,Unknown,0.18,39.0,5,3.3,16,Teyon,T,2010s,Other,1.791759469228055,2.833213344056216
PS2,2003,Adventure,Sony Computer Entertainment,0.18,72.0,48,7.8,41,SCE Japan Studio,M,2000s,Other,3.8918202981106265,3.7376696182833684
XB,2005,Shooter,Midway Games,0.18,51.0,27,2.8,6,Point of View,M,2000s,Other,3.332204510175204,1.9459101490553132
PC,2011,Racing,Ubisoft,0.18,80.0,11,7.0,332,Ubisoft Reflections,T,2010s,Other,2.4849066497880004,5.808142489980444
XOne,2014,Misc,Ubisoft,0.18,58.0,6,8.3,28,Ubisoft Montreal,E,2010s,Other,1.9459101490553132,3.367295829986474
PS3,2009,Racing,THQ,0.18,61.0,5,7.5,27,Incinerator Games,E,2000s,Other,1.791759469228055,3.332204510175204
GBA,2001,Adventure,Konami Digital Entertainment,0.18,57.0,6,7.5,27,Konami,E,2000s,Other,1.9459101490553132,3.332204510175204
PS2,2003,Misc,Sony Computer Entertainment,0.18,86.0,35,8.8,26,Harmonix Music Systems,T,2000s,Other,3.58351893845611,3.295836866004329
DS,2008,Role-Playing,Square Enix,0.18,82.0,32,7.5,35,Nippon Ichi Software,T,2000s,Other,3.4965075614664802,3.58351893845611
XB,2005,Role-Playing,Midway Games,0.18,61.0,36,7.8,4,Midway,T,2000s,Other,3.6109179126442243,1.6094379124341003
XB,2001,Shooter,Konami Digital Entertainment,0.18,61.0,21,7.1,7,KCE Studios,E,2000s,Other,3.091042453358316,2.0794415416798357
PS,2001,Action,Eidos Interactive,0.18,84.0,15,8.9,17,Kronos Digital Entertainment,M,2000s,Other,2.772588722239781,2.8903717578961645
PS3,2014,Role-Playing,Tecmo Koei,0.18,76.0,26,7.7,44,Gust,E10+,2010s,Other,3.295836866004329,3.8066624897703196
PC,2008,Shooter,Activision,0.18,83.0,36,7.5,721,Treyarch,M,2000s,Call of Duty,3.6109179126442243,6.582025138892826
PS3,2010,Adventure,Ubisoft,0.18,39.0,5,5.6,13,Telltale Games,M,2010s,Other,1.791759469228055,2.639057329615259
PS2,2004,Shooter,Gathering of Developers,0.18,48.0,11,4.3,6,Coyote Developments,M,2000s,Other,2.4849066497880004,1.9459101490553132
GBA,2002,Misc,Atari,0.18,75.0,7,7.5,27,Digital Eclipse,E,2000s,Other,2.0794415416798357,3.332204510175204
X360,2012,Shooter,Electronic Arts,0.18,74.0,65,7.1,174,Starbreeze,M,2010s,Other,4.189654742026425,5.1647859739235145
X360,2012,Sports,505 Games,0.18,73.0,7,6.2,5,"Majesco Games, Majesco",E10+,2010s,Other,2.0794415416798357,1.791759469228055
X360,2007,Shooter,Ubisoft,0.18,71.0,37,6.9,46,Techland,M,2000s,Other,3.6375861597263857,3.8501476017100584
PSP,2009,Action,Atari,0.18,54.0,13,4.7,13,Red Fly Studio,E10+,2000s,Other,2.639057329615259,2.639057329615259
GC,2002,Fighting,Activision,0.18,75.0,27,8.5,20,Eighting/Raizing,T,2000s,Other,3.332204510175204,3.044522437723423
Wii,2009,Racing,Capcom,0.18,44.0,10,5.4,11,Milestone S.r.l,E,2000s,Other,2.3978952727983707,2.4849066497880004
Wii,2008,Action,SouthPeak Games,0.18,72.0,37,8.7,33,Red Fly Studio,E10+,2000s,Other,3.6375861597263857,3.5263605246161616
PS4,2015,Fighting,Namco Bandai Games,0.18,59.0,30,7.8,45,Dimps Corporation,T,2010s,Other,3.4339872044851463,3.828641396489095
PS3,2010,Sports,505 Games,0.18,47.0,6,7.5,27,Farsight Studios,E,2010s,Other,1.9459101490553132,3.332204510175204
PSV,2012,Action,Warner Bros. Interactive Entertainment,0.18,64.0,19,6.8,21,Traveller's Tales,E10+,2010s,Other,2.995732273553991,3.091042453358316
PSV,2014,Adventure,Marvelous Interactive,0.18,60.0,19,7.4,58,5pb,M,2010s,Other,2.995732273553991,4.07753744390572
DS,2010,Action,THQ,0.18,69.0,6,7.0,4,THQ,E10+,2010s,Other,1.9459101490553132,1.6094379124341003
Wii,2011,Sports,THQ,0.18,54.0,5,7.5,27,THQ,E,2010s,Other,1.791759469228055,3.332204510175204
PS4,2014,Racing,Milestone S.r.l.,0.18,73.0,28,6.4,26,Milestone S.r.l,E,2010s,Other,3.367295829986474,3.295836866004329
Wii,2008,Adventure,Atari,0.18,39.0,10,4.4,34,Hydravision,M,2000s,Other,2.3978952727983707,3.5553480614894135
WiiU,2016,Platform,Activision,0.18,76.0,4,7.5,27,Toys for Bob,E10+,2010s,Other,1.6094379124341003,3.332204510175204
DS,2008,Misc,Brash Entertainment,0.18,34.0,4,7.0,4,Brash Entertainment,E,2000s,Other,1.6094379124341003,1.6094379124341003
XB,2001,Racing,Infogrames,0.18,64.0,21,8.3,9,Rockstar San Diego,E,2000s,Other,3.091042453358316,2.302585092994046
PSP,2011,Fighting,THQ,0.18,70.0,4,6.6,5,THQ,T,2010s,Other,1.6094379124341003,1.791759469228055
XB,2004,Shooter,Empire Interactive,0.18,35.0,20,5.9,9,Blitz Games,M,2000s,Other,3.044522437723423,2.302585092994046
PSV,2013,Role-Playing,Xseed Games,0.18,48.0,19,6.8,56,K2,M,2010s,Other,2.995732273553991,4.04305126783455
PS2,2004,Role-Playing,Capcom,0.18,69.0,27,7.1,18,"Valuewave Co.,Ltd.",E,2000s,Other,3.332204510175204,2.9444389791664403
PS2,2003,Racing,Genki,0.18,59.0,13,8.6,15,Genki,E,2000s,Other,2.639057329615259,2.772588722239781
DS,2005,Action,Disney Interactive Studios,0.18,65.0,20,7.5,4,Amaze Entertainment,E10+,2000s,Other,3.044522437723423,1.6094379124341003
XB,2004,Sports,Activision,0.18,65.0,5,8.3,6,FUN Labs,T,2000s,Other,1.791759469228055,1.9459101490553132
PSV,2015,Action,Marvelous Interactive,0.18,71.0,4,7.4,34,Marvelous Inc.,M,2010s,Other,1.6094379124341003,3.5553480614894135
PS3,2014,Racing,Codemasters,0.18,75.0,35,6.8,62,Codemasters,E,2010s,Other,3.58351893845611,4.143134726391533
PSP,2009,Role-Playing,Rising Star Games,0.18,84.0,41,7.8,38,Opus,E10+,2000s,Other,3.7376696182833684,3.6635616461296463
GC,2002,Action,Midway Games,0.18,60.0,20,9.1,16,Midway,T,2000s,Other,3.044522437723423,2.833213344056216
X360,2008,Action,Disney Interactive Studios,0.18,56.0,24,7.5,13,Traveller's Tales,T,2000s,Other,3.2188758248682006,2.639057329615259
XB,2005,Platform,Sega,0.18,49.0,24,5.5,36,Sega,E10+,2000s,Other,3.2188758248682006,3.6109179126442243
GBA,2001,Adventure,Ubisoft,0.18,68.0,8,7.5,27,Ubisoft Montreal,E,2000s,Other,2.1972245773362196,3.332204510175204
X360,2010,Racing,THQ,0.18,57.0,4,8.1,10,Big Ant Studios,E,2010s,Other,1.6094379124341003,2.3978952727983707
XB,2007,Action,Activision,0.18,63.0,32,7.6,8,Saffire,T,2000s,Other,3.4965075614664802,2.1972245773362196
X360,2012,Sports,Electronic Arts,0.18,71.0,45,5.1,14,EA Sports,E,2010s,Other,3.828641396489095,2.70805020110221
X360,2010,Platform,D3Publisher,0.18,51.0,5,5.3,4,Papaya Studios,E10+,2010s,Other,1.791759469228055,1.6094379124341003
X360,2010,Sports,Ubisoft,0.18,38.0,20,7.9,29,Ubisoft Vancouver,E,2010s,Other,3.044522437723423,3.4011973816621555
PSP,2007,Action,Activision,0.18,58.0,7,4.4,9,Artificial Mind and Movement,E10+,2000s,Other,2.0794415416798357,2.302585092994046
GC,2005,Shooter,Activision,0.18,77.0,27,8.6,8,Neversoft Entertainment,M,2000s,Other,3.332204510175204,2.1972245773362196
Wii,2007,Action,Namco Bandai Games,0.18,52.0,35,5.7,24,Namco Bandai Games,T,2000s,Other,3.58351893845611,3.2188758248682006
Wii,2009,Puzzle,Performance Designed Products,0.18,59.0,16,7.5,27,Performance Designed Products,E10+,2000s,Other,2.833213344056216,3.332204510175204
PC,2013,Shooter,Sega,0.18,45.0,40,3.5,1156,Gearbox Software,M,2010s,Other,3.713572066704308,7.053585727193677
GBA,2003,Sports,Electronic Arts,0.18,75.0,5,7.5,4,Backbone Emeryville,E,2000s,Other,1.791759469228055,1.6094379124341003
PC,2010,Sports,Electronic Arts,0.18,83.0,16,7.7,102,EA Sports,E,2010s,FIFA,2.833213344056216,4.634728988229636
PC,2009,Shooter,Take-Two Interactive,0.18,81.0,37,7.8,1363,Gearbox Software,M,2000s,Other,3.6375861597263857,7.218176838403408
Wii,2011,Platform,THQ,0.18,79.0,20,8.1,26,Blue Tongue Entertainment,E10+,2010s,Other,3.044522437723423,3.295836866004329
XB,2004,Action,Konami Digital Entertainment,0.18,76.0,43,8.3,26,KCET,M,2000s,Other,3.784189633918261,3.295836866004329
PS2,2002,Strategy,Eidos Interactive,0.18,67.0,19,6.8,11,Pyro Studios,T,2000s,Other,2.995732273553991,2.4849066497880004
X360,2013,Action,Capcom,0.18,70.0,42,7.5,267,DONTNOD Entertainment,M,2010s,Other,3.7612001156935624,5.5909869805108565
PC,2011,Shooter,Bethesda Softworks,0.18,70.0,38,6.0,547,Splash Damage,T,2010s,Other,3.6635616461296463,6.306275286948016
GC,2001,Sports,Electronic Arts,0.18,81.0,13,8.0,9,EA Sports,E,2000s,FIFA,2.639057329615259,2.302585092994046
PS,2000,Misc,Infogrames,0.18,72.0,5,7.5,27,Digital Eclipse,E,2000s,Other,1.791759469228055,3.332204510175204
X360,2010,Misc,Microsoft Game Studios,0.18,69.0,10,7.5,27,iNiS,T,2010s,Other,2.3978952727983707,3.332204510175204
GC,2001,Platform,Ubisoft,0.18,61.0,11,7.4,8,Ubisoft Montreal,E,2000s,Other,2.4849066497880004,2.1972245773362196
PS3,2009,Role-Playing,Nippon Ichi Software,0.18,62.0,25,7.2,28,"Gust, Idea Factory",T,2000s,Other,3.258096538021482,3.367295829986474
PS4,2015,Action,Marvelous Interactive,0.18,67.0,25,8.0,96,Marvelous Inc.,M,2010s,Other,3.258096538021482,4.574710978503383
PS,2000,Action,Take-Two Interactive,0.18,68.0,10,5.3,4,Lost Toys,E,2000s,Other,2.3978952727983707,1.6094379124341003
X360,2010,Action,Namco Bandai Games,0.18,62.0,51,7.6,60,"Namco Bandai Games America, Namco Bandai Games",M,2010s,Other,3.9512437185814275,4.110873864173311
PS2,2003,Misc,Sony Computer Entertainment,0.18,73.0,34,8.0,5,SCEE,E,2000s,Other,3.5553480614894135,1.791759469228055
PS3,2011,Misc,THQ,0.18,82.0,11,7.3,18,"Jellyvision, Iron Galaxy Studios",T,2010s,Other,2.4849066497880004,2.9444389791664403
GC,2005,Adventure,Global Star,0.18,39.0,16,3.2,6,"High Voltage Software, Backbone Entertainment",E,2000s,Other,2.833213344056216,1.9459101490553132
PS2,2005,Simulation,505 Games,0.18,59.0,16,8.9,14,From Software,T,2000s,Other,2.833213344056216,2.70805020110221
DS,2005,Racing,Electronic Arts,0.18,38.0,12,6.0,59,Visual Impact,E,2000s,Other,2.5649493574615367,4.0943445622221
PS3,2007,Sports,Take-Two Interactive,0.18,81.0,9,7.1,8,2K Sports,E,2000s,Other,2.302585092994046,2.1972245773362196
PS2,2002,Sports,Konami Digital Entertainment,0.18,67.0,24,9.0,7,Konami,T,2000s,Other,3.2188758248682006,2.0794415416798357
XB,2005,Racing,THQ,0.18,68.0,39,9.1,15,Juice Games,T,2000s,Other,3.6888794541139363,2.772588722239781
Wii,2009,Action,505 Games,0.18,38.0,14,3.0,12,"Eighting, Takara Tomy",E10+,2000s,Other,2.70805020110221,2.5649493574615367
GBA,2003,Platform,Electronic Arts,0.18,47.0,7,7.5,27,Warthog,E,2000s,Other,2.0794415416798357,3.332204510175204
Wii,2010,Sports,Ubisoft,0.18,59.0,6,7.5,27,Ubisoft Montreal,E10+,2010s,Other,1.9459101490553132,3.332204510175204
PS3,2012,Racing,Codemasters,0.18,75.0,27,6.3,43,Codemasters,E10+,2010s,Other,3.332204510175204,3.784189633918261
GBA,2002,Sports,Atari,0.18,83.0,14,7.5,27,Altron,E,2000s,Other,2.70805020110221,3.332204510175204
PS2,2008,Racing,Sega,0.18,56.0,16,8.3,27,Sonic Team,E,2000s,Other,2.833213344056216,3.332204510175204
PS2,2004,Fighting,Global Star,0.18,54.0,29,7.7,7,Opus,T,2000s,Other,3.4011973816621555,2.0794415416798357
PS2,2001,Sports,Midway Games,0.18,63.0,10,7.5,27,Eurocom Entertainment Software,E,2000s,Other,2.3978952727983707,3.332204510175204
PS,2000,Sports,Empire Interactive,0.18,60.0,5,7.5,27,Bitmap Brothers,E,2000s,Other,1.791759469228055,3.332204510175204
PS3,2006,Racing,Sega,0.18,67.0,43,7.6,25,Pseudo Interactive,T,2000s,Other,3.784189633918261,3.258096538021482
X360,2007,Sports,Take-Two Interactive,0.18,81.0,21,6.9,16,Visual Concepts,E,2000s,Other,3.091042453358316,2.833213344056216
PS3,2010,Action,Activision,0.18,51.0,18,7.0,6,Etranges Libellules,E10+,2010s,Other,2.9444389791664403,1.9459101490553132
X360,2010,Action,Tecmo Koei,0.18,65.0,27,7.8,20,Koei Tecmo Games,T,2010s,Other,3.332204510175204,3.044522437723423
XB,2003,Sports,Electronic Arts,0.18,85.0,21,6.5,31,EA Black Box,E,2000s,Other,3.091042453358316,3.4657359027997265
XB,2005,Misc,Namco Bandai Games,0.18,62.0,23,7.5,27,Backbone Vancouver,E10+,2000s,Other,3.1780538303479458,3.332204510175204
X360,2009,Shooter,DTP Entertainment,0.18,56.0,46,7.1,55,"Replay Studios, ML Enterprises",M,2000s,Other,3.8501476017100584,4.02535169073515
XB,2002,Sports,Sega,0.18,87.0,18,7.5,27,Visual Concepts,E,2000s,Other,2.9444389791664403,3.332204510175204
PS3,2011,Shooter,Square Enix,0.18,44.0,31,1.7,46,FeelPlus,M,2010s,Other,3.4657359027997265,3.8501476017100584
PS4,2015,Sports,Electronic Arts,0.18,59.0,27,6.1,70,EA Sports,E,2010s,Other,3.332204510175204,4.2626798770413155
DS,2008,Fighting,THQ,0.18,58.0,15,7.8,6,TOSE,T,2000s,Other,2.772588722239781,1.9459101490553132
PSP,2010,Misc,Ubisoft Annecy,0.18,38.0,34,5.6,37,"Team Ninja, Tecmo",M,2010s,Other,3.5553480614894135,3.6375861597263857
PC,2014,Role-Playing,Namco Bandai Games,0.17,91.0,36,7.1,2318,From Software,T,2010s,Other,3.6109179126442243,7.7488913372555315
PS2,2005,Action,Midway Games,0.17,75.0,37,8.0,23,Surreal Software,M,2000s,Other,3.6375861597263857,3.1780538303479458
PS2,2005,Sports,Sony Computer Entertainment,0.17,78.0,32,8.3,11,SCEE London Studio,E,2000s,Other,3.4965075614664802,2.4849066497880004
XOne,2014,Misc,Microsoft Game Studios,0.17,73.0,26,7.0,151,Microsoft Game Studios,E10+,2010s,Other,3.295836866004329,5.0238805208462765
PS2,2001,Shooter,Midas Interactive Entertainment,0.17,54.0,15,4.6,5,3DO,T,2000s,Other,2.772588722239781,1.791759469228055
PS2,2002,Sports,Sega,0.17,68.0,13,7.5,27,Wow Entertainment,E,2000s,Other,2.639057329615259,3.332204510175204
GBA,2001,Sports,BAM! Entertainment,0.17,39.0,4,7.5,27,Sennari Interactive,E,2000s,Other,1.6094379124341003,3.332204510175204
DS,2006,Sports,Konami Digital Entertainment,0.17,63.0,5,7.9,12,KCET,E,2000s,Other,1.791759469228055,2.5649493574615367
PS2,2001,Adventure,3DO,0.17,49.0,12,4.5,6,3DO,T,2000s,Other,2.5649493574615367,1.9459101490553132
PS3,2008,Sports,Activision,0.17,31.0,4,4.4,9,FUN Labs,E,2000s,Other,1.6094379124341003,2.302585092994046
GC,2006,Platform,Ubisoft,0.17,59.0,6,7.5,27,Ubisoft,E10+,2000s,Other,1.9459101490553132,3.332204510175204
PSV,2011,Racing,Namco Bandai Games,0.17,44.0,39,3.7,59,"Namco Bandai Games, Cellius",E10+,2010s,Other,3.6888794541139363,4.0943445622221
PS3,2009,Sports,Spike,0.17,61.0,19,4.0,6,2K Sports,E,2000s,Other,2.995732273553991,1.9459101490553132
GBA,2004,Misc,Crave Entertainment,0.17,66.0,5,7.5,27,Sensory Sweep,E,2000s,Other,1.791759469228055,3.332204510175204
GC,2006,Sports,Take-Two Interactive,0.17,66.0,8,7.5,27,Kush Games,E,2000s,Other,2.1972245773362196,3.332204510175204
PS2,2002,Sports,Sony Computer Entertainment,0.17,73.0,15,7.4,10,Namco,E,2000s,Other,2.772588722239781,2.3978952727983707
X360,2009,Racing,Atari,0.17,72.0,54,7.0,60,SimBin,E,2000s,Other,4.007333185232471,4.110873864173311
XB,2003,Sports,Microsoft Game Studios,0.17,71.0,31,8.2,11,High Voltage Software,E,2000s,Other,3.4657359027997265,2.4849066497880004
PS2,2004,Sports,Sony Computer Entertainment,0.17,66.0,24,9.1,14,Page 44 Studios,E,2000s,Other,3.2188758248682006,2.70805020110221
PC,2011,Role-Playing,Square Enix,0.17,72.0,37,4.7,399,Obsidian Entertainment,T,2010s,Other,3.6375861597263857,5.991464547107982
GC,2003,Platform,Vivendi Games,0.17,61.0,17,7.3,8,Inevitable Entertainment,E,2000s,Other,2.8903717578961645,2.1972245773362196
PS4,2015,Racing,Milestone S.r.l.,0.17,66.0,15,7.5,27,Milestone S.r.l,Unknown,2010s,Other,2.772588722239781,3.332204510175204
DS,2008,Sports,Electronic Arts,0.17,72.0,13,7.8,12,Exient Entertainment,E,2000s,Other,2.639057329615259,2.5649493574615367
GC,2005,Action,Activision,0.17,59.0,25,8.8,24,Exakt,M,2000s,Other,3.258096538021482,3.2188758248682006
XB,2003,Shooter,Vivendi Games,0.17,82.0,35,8.7,15,Swingin' Ape,T,2000s,Other,3.58351893845611,2.772588722239781
PS4,2015,Action,Tecmo Koei,0.17,74.0,35,7.6,74,Koei Tecmo Games,T,2010s,Other,3.58351893845611,4.31748811353631
PC,2012,Role-Playing,Funcom,0.17,74.0,55,8.2,1326,Funcom,M,2010s,Other,4.02535169073515,7.190676034332207
GBA,2001,Sports,Konami Digital Entertainment,0.17,70.0,10,7.5,27,Konami Computer Entertainment Nagoya,E,2000s,Other,2.3978952727983707,3.332204510175204
Wii,2008,Simulation,Destineer,0.17,42.0,4,7.5,27,Black Lantern Studios,E10+,2000s,Other,1.6094379124341003,3.332204510175204
PS2,2001,Shooter,Virgin Interactive,0.17,80.0,19,8.3,11,BioWare,T,2000s,Other,2.995732273553991,2.4849066497880004
X360,2008,Sports,Take-Two Interactive,0.17,69.0,33,6.7,7,Visual Concepts,E10+,2000s,Other,3.5263605246161616,2.0794415416798357
GC,2005,Fighting,Electronic Arts,0.17,87.0,32,7.9,7,EA Sports,T,2000s,Other,3.4965075614664802,2.0794415416798357
PS,2001,Platform,Sony Computer Entertainment,0.17,73.0,7,8.5,6,Eurocom Entertainment Software,E,2000s,Other,2.0794415416798357,1.9459101490553132
DS,2007,Adventure,Konami Digital Entertainment,0.17,59.0,19,7.5,27,Matrix Software,E10+,2000s,Other,2.995732273553991,3.332204510175204
PS3,2009,Strategy,Sega,0.17,51.0,28,5.3,20,Creative Assembly,M,2000s,Other,3.367295829986474,3.044522437723423
XB,2004,Shooter,Midway Games,0.17,84.0,55,7.9,18,Midway,M,2000s,Other,4.02535169073515,2.9444389791664403
X360,2006,Action,Activision,0.17,52.0,57,6.1,20,"Z-Axis, Ltd.",T,2000s,Other,4.060443010546419,3.044522437723423
XB,2003,Shooter,Vivendi Games,0.17,69.0,22,6.3,7,Argonaut Games,M,2000s,Other,3.1354942159291497,2.0794415416798357
X360,2013,Action,Square Enix,0.17,69.0,14,7.2,45,Io Interactive,M,2010s,Other,2.70805020110221,3.828641396489095
PS2,2005,Racing,Play It,0.17,52.0,4,7.5,27,Impulse Games,E,2000s,Other,1.6094379124341003,3.332204510175204
PS2,2003,Strategy,Jaleco,0.17,68.0,21,8.7,14,Jaleco Entertainment,T,2000s,Other,3.091042453358316,2.70805020110221
PS2,2000,Action,3DO,0.17,65.0,16,5.9,7,3DO,T,2000s,Other,2.833213344056216,2.0794415416798357
PC,2012,Shooter,Ubisoft,0.17,71.0,13,4.9,368,Ubisoft Paris,M,2010s,Other,2.639057329615259,5.910796644040527
PS3,2011,Platform,Sony Computer Entertainment,0.17,53.0,39,6.1,16,Nihilistic,E10+,2010s,Other,3.6888794541139363,2.833213344056216
PS2,2003,Action,Midway Games,0.17,71.0,27,7.9,11,Terminal Reality,M,2000s,Other,3.332204510175204,2.4849066497880004
GC,2003,Platform,Warner Bros. Interactive Entertainment,0.17,64.0,6,5.0,4,Warthog,E,2000s,Other,1.9459101490553132,1.6094379124341003
PS3,2010,Action,THQ,0.17,54.0,6,7.5,27,THQ,E10+,2010s,Other,1.9459101490553132,3.332204510175204
PS3,2008,Action,Disney Interactive Studios,0.17,56.0,16,5.6,8,Traveller's Tales,T,2000s,Other,2.833213344056216,2.1972245773362196
GBA,2005,Platform,THQ,0.17,52.0,6,7.5,27,WayForward,E,2000s,Other,1.9459101490553132,3.332204510175204
X360,2006,Sports,Take-Two Interactive,0.17,75.0,52,6.8,25,Pam Development,E,2000s,Other,3.970291913552122,3.258096538021482
XB,2003,Action,Interplay,0.17,72.0,26,8.6,5,High Voltage Software,M,2000s,Other,3.295836866004329,1.791759469228055
X360,2011,Action,Sega,0.17,60.0,48,6.4,37,Next Level Games,T,2010s,Other,3.8918202981106265,3.6375861597263857
PSV,2014,Misc,Nippon Ichi Software,0.17,81.0,50,8.7,140,Spike Chunsoft,M,2010s,Other,3.9318256327243257,4.948759890378168
XB,2004,Action,Eidos Interactive,0.17,82.0,61,7.3,12,Ion Storm,M,2000s,Other,4.127134385045092,2.5649493574615367
PS3,2011,Racing,Capcom,0.17,68.0,32,6.1,23,Monumental Games,E,2010s,Other,3.4965075614664802,3.1780538303479458
PSP,2008,Sports,Sony Computer Entertainment,0.17,79.0,9,7.4,7,SCEA San Diego Studios,E,2000s,Other,2.302585092994046,2.0794415416798357
GBA,2005,Action,Electronic Arts,0.17,61.0,5,6.9,9,Vicarious Visions,E10+,2000s,Other,1.791759469228055,2.302585092994046
Wii,2007,Action,Ignition Entertainment,0.17,77.0,41,7.4,16,Ignition Entertainment,E,2000s,Other,3.7376696182833684,2.833213344056216
Wii,2008,Misc,Sega,0.17,70.0,47,6.6,11,Prope,E,2000s,Other,3.8712010109078907,2.4849066497880004
PS3,2010,Action,Warner Bros. Interactive Entertainment,0.17,58.0,12,6.0,8,TT Fusion,T,2010s,Other,2.5649493574615367,2.1972245773362196
XB,2003,Action,Electronic Arts,0.17,57.0,27,9.2,5,Point of View,M,2000s,Other,3.332204510175204,1.791759469228055
X360,2007,Action,Activision,0.17,71.0,25,5.8,13,Beenox,E,2000s,Other,3.258096538021482,2.639057329615259
GBA,2004,Action,Disney Interactive Studios,0.17,65.0,4,7.5,27,Artificial Mind and Movement,E,2000s,Other,1.6094379124341003,3.332204510175204
PSV,2013,Role-Playing,Screenlife,0.17,62.0,24,7.6,118,Spike,M,2010s,Other,3.2188758248682006,4.77912349311153
XOne,2016,Role-Playing,Square Enix,0.17,83.0,18,7.2,175,Eidos Montreal,M,2010s,Other,2.9444389791664403,5.170483995038151
Wii,2008,Puzzle,Deep Silver,0.17,63.0,12,7.7,7,Deep Silver,E,2000s,Other,2.5649493574615367,2.0794415416798357
PS3,2008,Fighting,Electronic Arts,0.17,53.0,37,3.8,20,EA Canada,T,2000s,Other,3.6375861597263857,3.044522437723423
PC,2005,Shooter,LucasArts,0.17,78.0,23,8.8,431,Pandemic Studios,T,2000s,Other,3.1780538303479458,6.068425588244111
PS2,2001,Sports,Tecmo Koei,0.17,71.0,11,9.1,56,Tecmo,E,2000s,Other,2.4849066497880004,4.04305126783455
PS3,2008,Action,Konami Digital Entertainment,0.17,47.0,23,6.1,10,Krome Studios,T,2000s,Other,3.1780538303479458,2.3978952727983707
X360,2010,Racing,Capcom,0.17,69.0,41,5.7,41,Monumental Games,E,2010s,Other,3.7376696182833684,3.7376696182833684
PS2,2004,Action,Electronic Arts,0.17,46.0,35,6.9,13,Argonaut Games,T,2000s,Other,3.58351893845611,2.639057329615259
X360,2009,Action,Activision,0.17,63.0,31,6.6,7,Beenox,E10+,2000s,Other,3.4657359027997265,2.0794415416798357
PS2,2005,Action,Capcom,0.17,48.0,33,8.1,12,Cavia Inc.,M,2000s,Other,3.5263605246161616,2.5649493574615367
PS,2000,Action,3DO,0.17,35.0,4,1.2,6,3DO,T,2000s,Other,1.6094379124341003,1.9459101490553132
PS2,2004,Shooter,Atari,0.17,68.0,29,8.0,11,Paradigm Entertainment,T,2000s,Other,3.4011973816621555,2.4849066497880004
X360,2012,Action,Sega,0.17,73.0,38,7.9,105,PlatinumGames,M,2010s,Other,3.6635616461296463,4.663439094112067
GC,2005,Sports,Electronic Arts,0.17,80.0,27,7.5,14,EA Canada,E,2000s,Other,3.332204510175204,2.70805020110221
PS4,2015,Action,Tecmo Koei,0.17,58.0,33,6.5,21,Omega Force,T,2010s,Other,3.5263605246161616,3.091042453358316
X360,2009,Action,Playlogic Game Factory,0.17,51.0,47,6.2,12,"Playlogic, The Game Factory",M,2000s,Other,3.8712010109078907,2.5649493574615367
PC,2013,Action,Warner Bros. Interactive Entertainment,0.17,78.0,7,8.1,124,TT Games,E10+,2010s,Other,2.0794415416798357,4.8283137373023015
GBA,2003,Shooter,Electronic Arts,0.17,73.0,17,8.3,11,Griptonite Games,T,2000s,Other,2.8903717578961645,2.4849066497880004
GC,2002,Platform,TDK Mediactive,0.17,36.0,6,5.6,23,Digital Illusions,T,2000s,Other,1.9459101490553132,3.1780538303479458
PS2,2004,Sports,Sony Computer Entertainment,0.17,56.0,20,6.0,7,SCEE London Studio,E,2000s,Other,3.044522437723423,2.0794415416798357
XB,2002,Shooter,Infogrames,0.17,73.0,28,7.3,10,Smilebit,T,2000s,Other,3.367295829986474,2.3978952727983707
XB,2003,Action,Take-Two Interactive,0.17,67.0,21,6.3,11,VIS Entertainment,M,2000s,Other,3.091042453358316,2.4849066497880004
PS2,2002,Sports,Electronic Arts,0.17,72.0,10,8.3,7,T&E Soft,E,2000s,Other,2.3978952727983707,2.0794415416798357
X360,2007,Misc,Microsoft Game Studios,0.17,49.0,47,5.2,31,Hudson Soft,E10+,2000s,Other,3.8712010109078907,3.4657359027997265
PSV,2013,Role-Playing,Nippon Ichi Software,0.17,70.0,38,7.4,129,Experience Inc.,T,2010s,Other,3.6635616461296463,4.867534450455582
PS,1998,Adventure,Human Entertainment,0.17,49.0,5,5.7,7,Human Entertainment,M,1990s,Other,1.791759469228055,2.0794415416798357
X360,2010,Adventure,Ubisoft,0.17,42.0,9,4.8,4,Telltale Games,M,2010s,Other,2.302585092994046,1.6094379124341003
GC,2003,Platform,Capcom,0.17,65.0,28,7.6,13,Arika,E,2000s,Other,3.367295829986474,2.639057329615259
PS3,2009,Action,Playlogic Game Factory,0.17,53.0,34,6.0,22,"Playlogic, The Game Factory",M,2000s,Other,3.5553480614894135,3.1354942159291497
PS2,2000,Racing,Acclaim Entertainment,0.17,49.0,13,7.6,7,Acclaim,E,2000s,Other,2.639057329615259,2.0794415416798357
X360,2009,Action,Disney Interactive Studios,0.17,68.0,33,7.0,9,Eurocom Entertainment Software,E10+,2000s,Other,3.5263605246161616,2.302585092994046
Wii,2007,Sports,Ubisoft,0.17,64.0,9,7.5,27,Ubisoft Montreal,E10+,2000s,Other,2.302585092994046,3.332204510175204
XB,2003,Fighting,Eidos Interactive,0.17,50.0,15,5.0,7,Paradox Development,M,2000s,Other,2.772588722239781,2.0794415416798357
XB,2002,Action,Midway Games,0.17,54.0,9,8.9,10,Midway,T,2000s,Other,2.302585092994046,2.3978952727983707
PS3,2012,Role-Playing,Nippon Ichi Software,0.17,42.0,40,5.0,78,"Image Epoch, Imageepoch",T,2010s,Other,3.713572066704308,4.3694478524670215
GC,2002,Role-Playing,Activision,0.17,72.0,22,8.0,15,From Software,T,2000s,Other,3.1354942159291497,2.772588722239781
PSP,2007,Action,Sony Computer Entertainment,0.17,73.0,44,7.6,11,Bigbig Studios,T,2000s,Other,3.8066624897703196,2.4849066497880004
PS3,2010,Misc,Disney Interactive Studios,0.17,72.0,4,7.5,27,Disney Interactive Studios,E,2010s,Other,1.6094379124341003,3.332204510175204
PS3,2011,Action,DTP Entertainment,0.17,45.0,17,5.0,26,Kylotonn,M,2010s,Other,2.8903717578961645,3.295836866004329
PS3,2012,Racing,Namco Bandai Games,0.17,72.0,20,6.0,29,Bugbear,T,2010s,Other,3.044522437723423,3.4011973816621555
GBA,2002,Shooter,BAM! Entertainment,0.17,57.0,9,6.0,7,Stalker Entertainment,M,2000s,Other,2.302585092994046,2.0794415416798357
PSP,2006,Sports,Electronic Arts,0.17,76.0,7,6.6,23,EA Sports,E10+,2000s,Other,2.0794415416798357,3.1780538303479458
DS,2007,Shooter,SouthPeak Games,0.17,72.0,48,7.9,37,Renegade Kid,M,2000s,Other,3.8918202981106265,3.6375861597263857
PSV,2015,Action,Namco Bandai Games,0.17,57.0,25,7.3,15,Bandai Namco Games,E10+,2010s,Other,3.258096538021482,2.772588722239781
DS,2010,Action,Disney Interactive Studios,0.17,58.0,5,7.5,27,n-Space,E10+,2010s,Other,1.791759469228055,3.332204510175204
DS,2006,Puzzle,Nintendo,0.17,62.0,14,7.5,27,AI,E,2000s,Other,2.70805020110221,3.332204510175204
X360,2014,Racing,Deep Silver,0.17,65.0,4,5.1,14,Deep Silver,E,2010s,Other,1.6094379124341003,2.70805020110221
PS3,2010,Action,Activision,0.17,50.0,7,7.5,27,Now Production,E10+,2010s,Other,2.0794415416798357,3.332204510175204
PS3,2011,Action,Warner Bros. Interactive Entertainment,0.17,61.0,12,6.7,17,Double Helix Games,T,2010s,Other,2.5649493574615367,2.8903717578961645
XB,2006,Shooter,Eidos Interactive,0.17,41.0,20,7.2,13,"Ritual Entertainment, Avalanche Software",M,2000s,Other,3.044522437723423,2.639057329615259
X360,2010,Simulation,505 Games,0.17,40.0,11,4.2,5,Artech Studios,T,2010s,Other,2.4849066497880004,1.791759469228055
PS3,2008,Sports,Electronic Arts,0.17,68.0,17,7.5,27,EA Canada,E,2000s,Other,2.8903717578961645,3.332204510175204
PS2,2004,Misc,Sega,0.17,72.0,28,7.0,5,Sonic Team,T,2000s,Other,3.367295829986474,1.791759469228055
PSP,2011,Sports,Sony Computer Entertainment,0.17,77.0,9,6.0,5,SCEA San Diego Studios,E,2010s,Other,2.302585092994046,1.791759469228055
Wii,2007,Misc,Rising Star Games,0.17,57.0,23,8.0,10,Racjin,E,2000s,Other,3.1780538303479458,2.3978952727983707
GC,2003,Misc,Midway Games,0.17,72.0,11,8.2,5,Midway,T,2000s,Other,2.4849066497880004,1.791759469228055
XB,2004,Adventure,Vivendi Games,0.17,62.0,49,6.4,13,High Voltage Software,M,2000s,Other,3.912023005428146,2.639057329615259
DS,2005,Platform,Namco Bandai Games,0.17,44.0,8,7.5,27,"Blitz Games, Human Soft",E,2000s,Other,2.1972245773362196,3.332204510175204
PSV,2015,Action,Namco Bandai Games,0.17,76.0,4,6.3,17,Omega Force,T,2010s,Other,1.6094379124341003,2.8903717578961645
GC,2002,Adventure,Nintendo,0.17,71.0,12,8.5,21,Nintendo,E,2000s,Other,2.5649493574615367,3.091042453358316
3DS,2015,Role-Playing,Sega,0.17,77.0,26,8.2,38,Sega,T,2010s,Other,3.295836866004329,3.6635616461296463
XB,2004,Racing,Empire Interactive,0.17,71.0,39,8.2,21,Bugbear,T,2000s,Other,3.6888794541139363,3.091042453358316
DS,2009,Misc,Game Life,0.16,52.0,4,7.5,27,Game Life,E,2000s,Other,1.6094379124341003,3.332204510175204
X360,2009,Sports,Focus Home Interactive,0.16,61.0,28,5.1,19,Cyanide,T,2000s,Other,3.367295829986474,2.995732273553991
PS2,2002,Platform,Atari,0.16,65.0,7,8.7,9,Blitz Games,E,2000s,Other,2.0794415416798357,2.302585092994046
PC,2016,Action,Ubisoft,0.16,74.0,18,4.8,368,Ubisoft Montreal,M,2010s,Other,2.9444389791664403,5.910796644040527
PC,2005,Strategy,Take-Two Interactive,0.16,94.0,50,8.3,909,Firaxis Games,E10+,2000s,Other,3.9318256327243257,6.813444599510896
DS,2004,Puzzle,Ignition Entertainment,0.16,74.0,40,7.5,13,"Buddiez, Inc.",E,2000s,Other,3.713572066704308,2.639057329615259
PSP,2005,Racing,Sony Computer Entertainment,0.16,75.0,59,7.8,26,Bigbig Studios,T,2000s,Other,4.0943445622221,3.295836866004329
PS2,2001,Racing,LucasArts,0.16,71.0,21,4.9,8,Lucas Learning,E,2000s,Other,3.091042453358316,2.1972245773362196
DS,2008,Action,Activision,0.16,69.0,15,7.5,27,Artificial Mind and Movement,E,2000s,Other,2.772588722239781,3.332204510175204
Wii,2011,Racing,Ubisoft,0.16,64.0,7,6.2,10,Ubisoft Reflections,T,2010s,Other,2.0794415416798357,2.3978952727983707
PS,2000,Shooter,Fox Interactive,0.16,61.0,12,7.5,15,Argonaut Games,M,2000s,Other,2.5649493574615367,2.772588722239781
PS2,2004,Sports,Sony Computer Entertainment,0.16,68.0,28,9.0,6,SCEE London Studio,E,2000s,Other,3.367295829986474,1.9459101490553132
PS2,2003,Sports,Sega,0.16,83.0,14,8.5,8,Visual Concepts,E,2000s,Other,2.70805020110221,2.1972245773362196
PS3,2014,Fighting,Sega,0.16,66.0,13,8.2,29,"Sega, French-Bread",T,2010s,Other,2.639057329615259,3.4011973816621555
PS2,2000,Racing,Electronic Arts,0.16,71.0,11,7.5,27,EA Sports,E,2000s,Other,2.4849066497880004,3.332204510175204
X360,2009,Adventure,Codemasters,0.16,25.0,27,2.5,41,Team 17,M,2000s,Other,3.332204510175204,3.7376696182833684
GC,2002,Shooter,TDK Mediactive,0.16,74.0,11,8.4,5,Vicious Cycle,T,2000s,Other,2.4849066497880004,1.791759469228055
X360,2010,Action,Namco Bandai Games,0.16,42.0,31,4.1,17,Game Republic,T,2010s,Other,3.4657359027997265,2.8903717578961645
PS2,2003,Adventure,Atari,0.16,69.0,25,8.9,28,Eden Studios,T,2000s,Other,3.258096538021482,3.367295829986474
XOne,2016,Platform,Electronic Arts,0.16,72.0,46,4.4,266,EA DICE,T,2010s,Other,3.8501476017100584,5.58724865840025
GBA,2006,Action,Namco Bandai Games,0.16,65.0,5,7.5,27,Torus Games,E,2000s,Other,1.791759469228055,3.332204510175204
PC,2011,Strategy,Unknown,0.16,47.0,29,3.0,350,FireFly Studios,T,2010s,Other,3.4011973816621555,5.860786223465865
PS2,2003,Simulation,Sammy Corporation,0.16,73.0,26,7.5,27,"Asmik Ace Entertainment, Inc",T,2000s,Other,3.295836866004329,3.332204510175204
3DS,2011,Racing,Codemasters,0.16,59.0,15,6.8,13,Codemasters,E,2010s,Other,2.772588722239781,2.639057329615259
PSP,2006,Fighting,Majesco Entertainment,0.16,77.0,17,6.6,8,Arc System Works,T,2000s,Other,2.8903717578961645,2.1972245773362196
Wii,2008,Sports,Electronic Arts,0.16,49.0,5,5.8,32,EA Canada,E,2000s,Other,1.791759469228055,3.4965075614664802
3DS,2011,Adventure,Konami Digital Entertainment,0.16,53.0,19,6.1,8,WinkySoft,E10+,2010s,Other,2.995732273553991,2.1972245773362196
GC,2004,Misc,Midway Games,0.16,74.0,21,7.5,27,Backbone Entertainment,M,2000s,Other,3.091042453358316,3.332204510175204
GC,2003,Racing,THQ,0.16,59.0,5,7.0,5,Climax Group,E,2000s,Other,1.791759469228055,1.791759469228055
Wii,2008,Fighting,Konami Digital Entertainment,0.16,49.0,33,5.9,56,Eighting,T,2000s,Other,3.5263605246161616,4.04305126783455
X360,2010,Simulation,Activision,0.16,70.0,26,6.4,31,Gaijin Entertainment,T,2010s,Other,3.295836866004329,3.4657359027997265
DS,2011,Action,Sega,0.16,76.0,43,8.2,29,"Gearbox Software, WayForward",T,2010s,Other,3.784189633918261,3.4011973816621555
3DS,2015,Simulation,Marvelous Entertainment,0.16,72.0,28,6.8,15,Marvelous Inc.,E10+,2010s,Other,3.367295829986474,2.772588722239781
PS3,2012,Action,Activision,0.16,66.0,8,3.7,20,"Rovio Mobile, Rovio Entertainment",E,2010s,Other,2.1972245773362196,3.044522437723423
GC,2005,Racing,Vivendi Games,0.16,66.0,14,7.3,11,Radical Entertainment,E10+,2000s,Other,2.70805020110221,2.4849066497880004
X360,2011,Action,Ignition Entertainment,0.16,75.0,44,7.0,47,Ignition Entertainment,T,2010s,Other,3.8066624897703196,3.8712010109078907
PS3,2008,Shooter,Activision Value,0.16,45.0,9,7.4,10,FUN Labs,E10+,2000s,Other,2.302585092994046,2.3978952727983707
DS,2005,Sports,Nintendo,0.16,66.0,32,7.7,11,T&E Soft,E,2000s,Other,3.4965075614664802,2.4849066497880004
XB,2005,Shooter,Electronic Arts,0.16,83.0,54,8.9,35,Free Radical Design,M,2000s,Other,4.007333185232471,3.58351893845611
Wii,2008,Simulation,Majesco Entertainment,0.16,61.0,4,7.5,27,Torus Games,E,2000s,Other,1.6094379124341003,3.332204510175204
PS2,2005,Misc,Midway Games,0.16,67.0,23,7.5,27,Digital Eclipse,E,2000s,Other,3.1780538303479458,3.332204510175204
Wii,2008,Adventure,Scholastic Inc.,0.16,37.0,4,3.5,8,SScholastic Media,E10+,2000s,Other,1.6094379124341003,2.1972245773362196
X360,2007,Strategy,LucasArts,0.16,73.0,24,2.8,34,Frontier Developments,E10+,2000s,Other,3.2188758248682006,3.5553480614894135
PS2,2003,Action,Ubisoft,0.16,81.0,40,9.2,100,Tecmo,M,2000s,Other,3.713572066704308,4.61512051684126
XOne,2014,Action,Square Enix,0.16,51.0,17,7.0,130,Airtight Games,M,2010s,Other,2.8903717578961645,4.875197323201151
PS2,2002,Adventure,Acclaim Entertainment,0.16,68.0,24,7.6,8,Acclaim,M,2000s,Other,3.2188758248682006,2.1972245773362196
XB,2003,Action,Tecmo Koei,0.16,75.0,18,8.8,18,Omega Force,T,2000s,Other,2.9444389791664403,2.9444389791664403
X360,2011,Action,Ubisoft Annecy,0.16,71.0,9,8.1,19,Omega Force,T,2010s,Other,2.302585092994046,2.995732273553991
PS2,2003,Sports,Activision,0.16,83.0,23,9.0,12,Shaba Games,E,2000s,Other,3.1780538303479458,2.5649493574615367
GC,2005,Action,THQ,0.16,67.0,7,6.6,7,Heavy Iron Studios,E10+,2000s,Other,2.0794415416798357,2.0794415416798357
PS3,2007,Action,Ubisoft,0.16,51.0,18,5.2,17,Ubisoft,M,2000s,Other,2.9444389791664403,2.8903717578961645
Wii,2007,Platform,Konami Digital Entertainment,0.16,67.0,29,6.3,15,Konami,E,2000s,Other,3.4011973816621555,2.772588722239781
PS3,2007,Sports,Take-Two Interactive,0.16,77.0,19,7.2,12,Blue Castle Games,E,2000s,Other,2.995732273553991,2.5649493574615367
PS3,2008,Shooter,LucasArts,0.16,62.0,40,5.8,18,Day 1 Studios,T,2000s,Other,3.713572066704308,2.9444389791664403
GC,2006,Platform,D3Publisher,0.16,47.0,4,7.5,27,Monkey Bar Games,E,2000s,Other,1.6094379124341003,3.332204510175204
Wii,2007,Sports,Electronic Arts,0.16,52.0,11,7.1,21,EA Canada,E,2000s,Other,2.4849066497880004,3.091042453358316
PS3,2012,Role-Playing,Compile Heart,0.16,55.0,19,7.8,94,"Idea Factory, Compile Heart",T,2010s,Other,2.995732273553991,4.553876891600541
PS2,2002,Shooter,Konami Digital Entertainment,0.16,61.0,12,7.5,27,KCET,M,2000s,Other,2.5649493574615367,3.332204510175204
GBA,2002,Racing,Infogrames,0.16,52.0,4,7.5,27,Crawfish Interactive,E,2000s,Other,1.6094379124341003,3.332204510175204
Wii,2009,Puzzle,Konami Digital Entertainment,0.16,74.0,16,7.3,6,Hudson Entertainment,E,2000s,Other,2.833213344056216,1.9459101490553132
GC,2005,Action,Vivendi Games,0.16,56.0,4,7.5,27,Eurocom Entertainment Software,E,2000s,Other,1.6094379124341003,3.332204510175204
PS3,2009,Fighting,Ignition Entertainment,0.16,57.0,48,5.3,46,SNK Playmore,T,2000s,Other,3.8918202981106265,3.8501476017100584
PSP,2006,Role-Playing,Take-Two Interactive,0.16,74.0,32,8.1,21,SuperVillain Studios,T,2000s,Other,3.4965075614664802,3.091042453358316
DS,2011,Misc,THQ,0.16,59.0,5,7.5,27,THQ,E,2010s,Other,1.791759469228055,3.332204510175204
DS,2006,Action,THQ,0.16,66.0,5,7.5,27,Altron,E,2000s,Other,1.791759469228055,3.332204510175204
X360,2006,Role-Playing,Namco Bandai Games,0.16,75.0,33,8.7,49,"Omiya Soft, Jamsworks",T,2000s,Other,3.5263605246161616,3.912023005428146
PC,2014,Racing,Ubisoft,0.16,71.0,12,6.4,463,"Ubisoft Reflections, Ivory Tower",T,2010s,Other,2.5649493574615367,6.139884552226255
Wii,2009,Sports,Atari,0.16,37.0,31,7.5,27,10tacle Studios,T,2000s,Other,3.4657359027997265,3.332204510175204
PS3,2010,Action,Electronic Arts,0.16,61.0,23,5.2,5,EA Bright Light,E,2010s,Other,3.1780538303479458,1.791759469228055
DS,2006,Action,Vivendi Games,0.16,63.0,17,7.6,13,Amaze Entertainment,T,2000s,Other,2.8903717578961645,2.639057329615259
PS3,2007,Shooter,Vivendi Games,0.16,70.0,16,6.3,27,Saber Interactive,M,2000s,Other,2.833213344056216,3.332204510175204
XB,2004,Sports,Zoo Digital Publishing,0.16,59.0,7,7.5,27,FUN Labs,E,2000s,Other,2.0794415416798357,3.332204510175204
DS,2005,Action,Vivendi Games,0.16,50.0,18,5.7,16,Amaze Entertainment,E,2000s,Other,2.9444389791664403,2.833213344056216
PC,2012,Simulation,Electronic Arts,0.16,73.0,12,7.5,48,The Sims Studio,T,2010s,Other,2.5649493574615367,3.8918202981106265
PSP,2006,Strategy,Vivendi Games,0.16,58.0,12,3.1,15,Radical Entertainment,M,2000s,Other,2.5649493574615367,2.772588722239781
XOne,2013,Strategy,Activision,0.16,53.0,4,6.9,63,Exient Entertainment,E,2010s,Other,1.6094379124341003,4.1588830833596715
X360,2006,Sports,Midway Games,0.16,69.0,23,6.5,14,Midway,M,2000s,Other,3.1780538303479458,2.70805020110221
PC,2011,Sports,Take-Two Interactive,0.16,86.0,5,7.1,66,Visual Concepts,E,2010s,Other,1.791759469228055,4.204692619390966
PS2,2006,Racing,Empire Interactive,0.16,73.0,44,7.5,27,Bugbear,T,2000s,Other,3.8066624897703196,3.332204510175204
PSP,2006,Fighting,Atari,0.16,64.0,20,7.8,17,CyberConnect2,T,2000s,Other,3.044522437723423,2.8903717578961645
PS,2000,Sports,Sony Computer Entertainment,0.16,55.0,7,7.5,27,989 Sports,E,2000s,Other,2.0794415416798357,3.332204510175204
PS3,2009,Simulation,Ubisoft,0.16,62.0,34,7.0,16,"Atari, Transmission Games, Atari SA",T,2000s,Other,3.5553480614894135,2.833213344056216
GBA,2001,Racing,Konami Digital Entertainment,0.16,78.0,9,7.5,27,KCEK,E,2000s,Other,2.302585092994046,3.332204510175204
XOne,2016,Shooter,Take-Two Interactive,0.16,84.0,16,8.3,79,2K Games,M,2010s,Other,2.833213344056216,4.382026634673881
GBA,2003,Racing,Nintendo,0.16,77.0,31,8.5,18,Suzak,E,2000s,Other,3.4657359027997265,2.9444389791664403
GBA,2001,Puzzle,Namco Bandai Games,0.16,62.0,16,7.5,27,Namco,E,2000s,Other,2.833213344056216,3.332204510175204
Wii,2008,Platform,Namco Bandai Games,0.16,77.0,37,8.6,39,Paon Corporation,E10+,2000s,Other,3.6375861597263857,3.6888794541139363
PC,2011,Shooter,Electronic Arts,0.16,82.0,34,7.7,768,"Epic Games, People Can Fly",M,2010s,Other,3.5553480614894135,6.645090969505644
PS4,2013,Platform,System 3,0.16,38.0,8,2.9,52,System 3,E10+,2010s,Other,2.1972245773362196,3.970291913552122
PSP,2006,Strategy,Sony Online Entertainment,0.16,77.0,53,7.8,31,"Sony Online Entertainment, Mind Control Software",T,2000s,Other,3.9889840465642745,3.4657359027997265
DS,2006,Fighting,Nintendo,0.16,74.0,22,8.3,27,Noise Inc.,E10+,2000s,Other,3.1354942159291497,3.332204510175204
PS3,2014,Role-Playing,Tecmo Koei,0.16,67.0,23,7.8,49,Gust,T,2010s,Other,3.1780538303479458,3.912023005428146
X360,2010,Sports,Ubisoft,0.16,61.0,34,5.3,7,Ubisoft Montreal,T,2010s,Other,3.5553480614894135,2.0794415416798357
DS,2010,Action,Namco Bandai Games,0.16,70.0,22,7.5,27,Game Republic,T,2010s,Other,3.1354942159291497,3.332204510175204
PS2,2004,Shooter,Play It,0.16,32.0,4,4.8,16,Point of View,T,2000s,Other,1.6094379124341003,2.833213344056216
PC,2014,Role-Playing,NCSoft,0.16,82.0,52,7.4,965,Carbine Studios,T,2010s,Other,3.970291913552122,6.873163834212518
GC,2003,Sports,Electronic Arts,0.16,89.0,16,7.8,6,EA Sports,E,2000s,Other,2.833213344056216,1.9459101490553132
X360,2005,Sports,Take-Two Interactive,0.16,72.0,49,7.1,36,2K Sports,T,2000s,Other,3.912023005428146,3.6109179126442243
PSP,2006,Simulation,Rising Star Games,0.16,67.0,22,7.8,23,ArtePiazza,E,2000s,Other,3.1354942159291497,3.1780538303479458
GC,2002,Sports,Sega,0.16,84.0,11,7.5,27,Visual Concepts,E,2000s,Other,2.4849066497880004,3.332204510175204
XB,2004,Sports,Electronic Arts,0.16,77.0,27,6.2,11,EA Sports,E,2000s,Other,3.332204510175204,2.4849066497880004
PS2,2007,Fighting,AQ Interactive,0.16,77.0,12,8.1,8,Examu,T,2000s,Other,2.5649493574615367,2.1972245773362196
PS2,2003,Shooter,Vivendi Games,0.16,66.0,22,6.8,6,Warthog,T,2000s,Other,3.1354942159291497,1.9459101490553132
DS,2008,Adventure,Konami Digital Entertainment,0.16,64.0,24,7.8,21,Tenky,T,2000s,Other,3.2188758248682006,3.091042453358316
Wii,2008,Action,THQ,0.16,63.0,5,8.0,5,THQ,E10+,2000s,Other,1.791759469228055,1.791759469228055
DS,2006,Adventure,THQ,0.16,62.0,14,7.5,27,Artificial Mind and Movement,E,2000s,Other,2.70805020110221,3.332204510175204
PS3,2013,Action,Tecmo Koei,0.16,68.0,4,6.8,9,Omega Force,T,2010s,Other,1.6094379124341003,2.302585092994046
Wii,2007,Fighting,Atari,0.16,44.0,31,7.2,37,"Pipeworks Software, Inc.",E10+,2000s,Other,3.4657359027997265,3.6375861597263857
GBA,2002,Action,TDK Mediactive,0.16,50.0,8,7.5,27,Taniko,E,2000s,Other,2.1972245773362196,3.332204510175204
X360,2009,Adventure,Focus Home Interactive,0.16,62.0,24,6.8,14,Frogwares,T,2000s,Other,3.2188758248682006,2.70805020110221
PC,2010,Shooter,City Interactive,0.16,55.0,23,5.5,267,City Interactive,M,2010s,Other,3.1780538303479458,5.5909869805108565
PS,2000,Racing,Vatical Entertainment,0.16,57.0,6,7.5,27,Vicarious Visions,E,2000s,Other,1.9459101490553132,3.332204510175204
GBA,2002,Sports,Activision,0.16,82.0,5,7.5,27,HotGen,E,2000s,Other,1.791759469228055,3.332204510175204
X360,2010,Action,Ubisoft Annecy,0.16,59.0,38,7.3,23,Koei,M,2010s,Other,3.6635616461296463,3.1780538303479458
X360,2009,Action,Activision,0.16,60.0,4,5.0,4,FUN Labs,E10+,2000s,Other,1.6094379124341003,1.6094379124341003
GBA,2003,Fighting,Namco Bandai Games,0.15,63.0,5,7.5,27,Dimps Corporation,E,2000s,Other,1.791759469228055,3.332204510175204
PS2,2001,Racing,BAM! Entertainment,0.15,38.0,10,3.4,5,Bam Entertainment,T,2000s,Other,2.3978952727983707,1.791759469228055
3DS,2011,Adventure,Ubisoft,0.15,60.0,22,6.6,5,Ubisoft,T,2010s,Other,3.1354942159291497,1.791759469228055
PS2,2003,Shooter,THQ,0.15,64.0,23,8.3,63,Kuju Entertainment,M,2000s,Other,3.1780538303479458,4.1588830833596715
PS3,2007,Sports,Take-Two Interactive,0.15,73.0,23,7.3,21,Visual Concepts,E10+,2000s,Other,3.1780538303479458,3.091042453358316
DS,2010,Role-Playing,Square Enix,0.15,80.0,8,8.0,13,Neverland,E10+,2010s,Other,2.1972245773362196,2.639057329615259
PS2,2001,Misc,Codemasters,0.15,77.0,16,8.5,11,Jester Interactive,T,2000s,Other,2.833213344056216,2.4849066497880004
PS3,2012,Role-Playing,Nippon Ichi Software,0.15,55.0,24,7.3,35,"Compile Heart, GCREST",T,2010s,Other,3.2188758248682006,3.58351893845611
DS,2005,Action,Activision,0.15,78.0,17,7.7,10,Vicarious Visions,E10+,2000s,Other,2.8903717578961645,2.3978952727983707
GC,2003,Racing,Acclaim Entertainment,0.15,89.0,24,8.5,18,Criterion Games,E,2000s,Other,3.2188758248682006,2.9444389791664403
PS2,2001,Racing,Acclaim Entertainment,0.15,36.0,6,3.9,15,Broadsword Interactive,E,2000s,Other,1.9459101490553132,2.772588722239781
PS2,2004,Role-Playing,Tecmo Koei,0.15,74.0,38,7.7,38,Gust,T,2000s,Other,3.6635616461296463,3.6635616461296463
PC,2011,Shooter,Warner Bros. Interactive Entertainment,0.15,74.0,34,5.9,420,Day 1 Studios,M,2010s,Other,3.5553480614894135,6.042632833682381
GC,2005,Platform,THQ,0.15,75.0,17,9.3,4,Avalanche Software,E,2000s,Other,2.8903717578961645,1.6094379124341003
XOne,2014,Misc,Disney Interactive Studios,0.15,77.0,48,7.5,67,Harmonix Music Systems,E10+,2010s,Other,3.8918202981106265,4.219507705176107
GC,2002,Sports,Electronic Arts,0.15,78.0,13,6.5,4,EA Sports,T,2000s,Other,2.639057329615259,1.6094379124341003
PSP,2006,Puzzle,Konami Digital Entertainment,0.15,73.0,30,7.0,7,Hudson,E,2000s,Other,3.4339872044851463,2.0794415416798357
GC,2003,Sports,Electronic Arts,0.15,89.0,16,7.5,6,EA Sports,E,2000s,Other,2.833213344056216,1.9459101490553132
GC,2001,Racing,Acclaim Entertainment,0.15,83.0,21,7.8,14,Acclaim,E,2000s,Other,3.091042453358316,2.70805020110221
PS2,2005,Role-Playing,Atari,0.15,48.0,7,6.9,37,Bandai,E,2000s,Other,2.0794415416798357,3.6375861597263857
X360,2009,Strategy,Sega,0.15,48.0,36,6.8,17,Creative Assembly,M,2000s,Other,3.6109179126442243,2.8903717578961645
Wii,2007,Adventure,Electronic Arts,0.15,77.0,38,8.5,48,EA Redwood Shores,M,2000s,Other,3.6635616461296463,3.8918202981106265
XOne,2015,Action,Bethesda Softworks,0.15,75.0,23,8.0,101,MachineGames,Unknown,2010s,Other,3.1780538303479458,4.624972813284271
3DS,2012,Platform,Namco Bandai Games,0.15,71.0,13,5.4,19,Inti Creates,E10+,2010s,Other,2.639057329615259,2.995732273553991
XB,2004,Racing,Zoo Digital Publishing,0.15,44.0,6,5.9,9,Creat Studios,T,2000s,Other,1.9459101490553132,2.302585092994046
3DS,2011,Action,Ubisoft,0.15,56.0,8,5.7,12,Ubisoft Montpellier,E10+,2010s,Other,2.1972245773362196,2.5649493574615367
X360,2013,Action,Tecmo Koei,0.15,65.0,21,7.5,35,Omega Force,T,2010s,Other,3.091042453358316,3.58351893845611
XB,2005,Strategy,Deep Silver,0.15,78.0,55,7.5,23,Phantagram,M,2000s,Other,4.02535169073515,3.1780538303479458
XB,2002,Action,Atari,0.15,53.0,19,5.2,5,Paradigm Entertainment,T,2000s,Other,2.995732273553991,1.791759469228055
PSP,2005,Shooter,THQ,0.15,74.0,49,8.3,30,Planet Moon Studios,M,2000s,Other,3.912023005428146,3.4339872044851463
X360,2012,Simulation,Konami Digital Entertainment,0.15,77.0,18,8.9,18,Gaijin Entertainment,T,2010s,Other,2.9444389791664403,2.9444389791664403
X360,2009,Racing,THQ,0.15,54.0,8,5.8,5,Incinerator Games,E,2000s,Other,2.1972245773362196,1.791759469228055
PS3,2007,Sports,Electronic Arts,0.15,81.0,31,6.5,16,EA Canada,E,2000s,Other,3.4657359027997265,2.833213344056216
PC,2012,Action,Nordic Games,0.15,81.0,23,7.8,653,Vigil Games,M,2010s,Other,3.1780538303479458,6.483107351457199
PS2,2005,Racing,Konami Digital Entertainment,0.15,70.0,43,7.6,17,Konami,E,2000s,Other,3.784189633918261,2.8903717578961645
PC,2011,Racing,Codemasters,0.15,86.0,23,6.9,433,Codemasters,T,2010s,Other,3.1780538303479458,6.073044534100405
PS2,2000,Sports,Sony Computer Entertainment,0.15,57.0,9,7.5,27,989 Sports,E,2000s,Other,2.302585092994046,3.332204510175204
PS2,2004,Misc,Eidos Interactive,0.15,49.0,29,6.3,7,Artificial Mind and Movement,T,2000s,Other,3.4011973816621555,2.0794415416798357
WiiU,2012,Action,THQ,0.15,85.0,36,8.2,153,Vigil Games,M,2010s,Other,3.6109179126442243,5.0369526024136295
GC,2004,Shooter,Global Star,0.15,56.0,11,6.7,7,3DO,T,2000s,Other,2.4849066497880004,2.0794415416798357
PS3,2008,Sports,Midway Games,0.15,62.0,25,7.5,15,Unknown,Unknown,2000s,Other,3.258096538021482,2.772588722239781
X360,2006,Shooter,Microsoft Game Studios,0.15,64.0,45,8.6,24,"Game Arts, Seta Corporation",T,2000s,Other,3.828641396489095,3.2188758248682006
DS,2009,Racing,Zoo Digital Publishing,0.15,26.0,4,7.5,27,Destination Software,E,2000s,Other,1.6094379124341003,3.332204510175204
GC,2003,Platform,Konami Digital Entertainment,0.15,61.0,4,7.5,27,Konami,E,2000s,Other,1.6094379124341003,3.332204510175204
PS3,2009,Sports,Take-Two Interactive,0.15,66.0,23,7.1,8,Take-Two Interactive,E10+,2000s,Other,3.1780538303479458,2.1972245773362196
PS2,2008,Sports,Konami Digital Entertainment,0.15,67.0,9,8.5,8,Konami,E,2000s,Other,2.302585092994046,2.1972245773362196
DS,2007,Puzzle,White Park Bay Software,0.15,77.0,9,7.7,9,Magellan Interactive,E,2000s,Other,2.302585092994046,2.302585092994046
PS3,2013,Role-Playing,Nippon Ichi Software,0.15,65.0,18,8.7,41,Aqua Plus,T,2010s,Other,2.9444389791664403,3.7376696182833684
DS,2009,Puzzle,D3Publisher,0.15,75.0,33,6.7,6,Infinite Interactive,E10+,2000s,Other,3.5263605246161616,1.9459101490553132
X360,2011,Platform,THQ,0.15,77.0,54,7.5,23,Blue Tongue Entertainment,E10+,2010s,Other,4.007333185232471,3.1780538303479458
PS,2000,Action,Activision,0.15,30.0,5,6.9,9,Paradox Development,E,2000s,Other,1.791759469228055,2.302585092994046
Wii,2007,Action,Tecmo Koei,0.15,53.0,30,6.8,6,"Koei, Omega Force",T,2000s,Other,3.4339872044851463,1.9459101490553132
PS3,2008,Sports,Sony Computer Entertainment,0.15,63.0,17,5.1,7,SCEA San Diego Studios,E,2000s,Other,2.8903717578961645,2.0794415416798357
PSP,2005,Role-Playing,Sony Computer Entertainment,0.15,72.0,38,7.5,19,Climax Entertainment,T,2000s,Other,3.6635616461296463,2.995732273553991
PSP,2009,Fighting,Namco Bandai Games,0.15,60.0,15,6.2,10,Racjin,T,2000s,Other,2.772588722239781,2.3978952727983707
X360,2010,Action,THQ,0.15,55.0,10,6.3,6,THQ,E10+,2010s,Other,2.3978952727983707,1.9459101490553132
DS,2007,Fighting,Sega,0.15,82.0,28,7.9,14,Treasure,T,2000s,Other,3.367295829986474,2.70805020110221
GBA,2003,Action,Ubisoft,0.15,75.0,25,8.8,5,Ubisoft Montreal,T,2000s,Other,3.258096538021482,1.791759469228055
DS,2010,Action,Ubisoft,0.15,57.0,7,6.3,6,Ubisoft Casablanca,E10+,2010s,Other,2.0794415416798357,1.9459101490553132
XB,2003,Sports,Sega,0.15,89.0,22,8.6,14,Blue Shift,E,2000s,Other,3.1354942159291497,2.70805020110221
XB,2002,Shooter,Take-Two Interactive,0.15,75.0,22,8.2,16,Croteam,M,2000s,Other,3.1354942159291497,2.833213344056216
DS,2005,Puzzle,Ubisoft,0.15,75.0,30,7.0,12,Racjin,E,2000s,Other,3.4339872044851463,2.5649493574615367
GC,2005,Action,Capcom,0.15,74.0,57,8.5,64,Grasshopper Manufacture,M,2000s,Other,4.060443010546419,4.174387269895637
GC,2006,Platform,Sega,0.15,51.0,24,7.2,9,TT Games,E,2000s,Other,3.2188758248682006,2.302585092994046
PS,2001,Sports,Electronic Arts,0.15,81.0,8,6.4,5,EA Sports,E,2000s,FIFA,2.1972245773362196,1.791759469228055
XB,2004,Fighting,Capcom,0.15,79.0,33,6.4,9,Capcom,T,2000s,Other,3.5263605246161616,2.302585092994046
XB,2004,Shooter,Atari,0.15,61.0,45,6.1,14,Zombie,T,2000s,Other,3.828641396489095,2.70805020110221
PS2,2005,Adventure,Atari,0.15,83.0,47,7.8,104,Quantic Dream,M,2000s,Other,3.8712010109078907,4.653960350157523
X360,2005,Sports,Electronic Arts,0.15,62.0,39,6.0,34,EA Canada,E,2000s,FIFA,3.6888794541139363,3.5553480614894135
PS2,2001,Sports,Sony Computer Entertainment,0.15,54.0,12,7.5,27,989 Sports,E,2000s,Other,2.5649493574615367,3.332204510175204
PS2,2005,Role-Playing,Atari,0.15,64.0,47,8.9,9,Square Enix,T,2000s,Other,3.8712010109078907,2.302585092994046
PSV,2014,Role-Playing,Sony Computer Entertainment,0.15,78.0,26,8.0,84,Alfa System,T,2010s,Other,3.295836866004329,4.442651256490317
PS2,2001,Racing,Electronic Arts,0.15,83.0,13,8.3,9,EA Sports,E,2000s,Other,2.639057329615259,2.302585092994046
PC,2010,Action,THQ,0.15,83.0,18,7.8,603,Vigil Games,M,2010s,Other,2.9444389791664403,6.403574197934815
GC,2002,Simulation,Titus,0.15,59.0,10,7.1,7,Titus Software,E,2000s,Other,2.3978952727983707,2.0794415416798357
PS3,2007,Action,Take-Two Interactive,0.15,47.0,26,6.2,10,Visual Concepts,T,2000s,Other,3.295836866004329,2.3978952727983707
GC,2002,Sports,Acclaim Entertainment,0.15,83.0,16,8.0,6,Acclaim,E,2000s,Other,2.833213344056216,1.9459101490553132
XB,2002,Fighting,Rage Software,0.15,74.0,22,7.3,6,Rage Software,T,2000s,Other,3.1354942159291497,1.9459101490553132
XB,2003,Racing,Empire Interactive,0.15,62.0,11,7.5,27,Razorworks Studios,E,2000s,Other,2.4849066497880004,3.332204510175204
PS3,2010,Action,THQ,0.15,43.0,5,4.2,6,THQ Australia,E10+,2010s,Other,1.791759469228055,1.9459101490553132
DS,2008,Shooter,Square Enix,0.15,85.0,41,7.6,16,Taito Corporation,E,2000s,Other,3.7376696182833684,2.833213344056216
Wii,2011,Action,Sega,0.15,56.0,14,8.0,9,Red Fly Studio,T,2010s,Other,2.70805020110221,2.302585092994046
XB,2004,Shooter,THQ,0.15,71.0,35,8.5,4,Terminal Reality,M,2000s,Other,3.58351893845611,1.6094379124341003
XB,2006,Action,THQ,0.15,51.0,29,6.2,9,Appaloosa Interactive,M,2000s,Other,3.4011973816621555,2.302585092994046
PS2,2001,Shooter,Codemasters,0.15,52.0,12,6.4,5,Pipe Dream Interactive,T,2000s,Other,2.5649493574615367,1.791759469228055
GC,2006,Action,Activision,0.15,50.0,31,6.3,8,Hypnos,T,2000s,Other,3.4657359027997265,2.1972245773362196
DS,2005,Puzzle,505 Games,0.15,40.0,12,7.5,27,Interchannel,E,2000s,Other,2.5649493574615367,3.332204510175204
GBA,2002,Sports,Acclaim Entertainment,0.15,77.0,6,7.5,27,Software Creations,E,2000s,Other,1.9459101490553132,3.332204510175204
PS2,2005,Racing,Ubisoft,0.15,52.0,33,6.8,12,Ubisoft,M,2000s,Other,3.5263605246161616,2.5649493574615367
XOne,2016,Shooter,Take-Two Interactive,0.15,71.0,20,7.2,171,Gearbox Software,T,2010s,Other,3.044522437723423,5.147494476813453
GC,2005,Adventure,Nintendo,0.15,66.0,43,8.5,23,n-Space,M,2000s,Other,3.784189633918261,3.1780538303479458
PS4,2016,Fighting,Deep Silver,0.15,79.0,54,8.7,208,SNK Playmore,T,2010s,Other,4.007333185232471,5.342334251964811
PSV,2016,Role-Playing,Namco Bandai Games,0.15,60.0,5,7.0,8,Bandai Namco Games,T,2010s,Other,1.791759469228055,2.1972245773362196
DS,2005,Action,THQ,0.15,54.0,6,7.5,27,Helixe,E10+,2000s,Other,1.9459101490553132,3.332204510175204
GBA,2002,Fighting,Capcom,0.15,83.0,17,7.8,10,Crawfish Interactive,T,2000s,Other,2.8903717578961645,2.3978952727983707
PC,2012,Adventure,Daedalic,0.15,74.0,33,8.2,307,Daedalic Entertainment,Unknown,2010s,Other,3.5263605246161616,5.730099782973575
DS,2004,Racing,Namco Bandai Games,0.15,63.0,35,6.7,7,Namco,E,2000s,Other,3.58351893845611,2.0794415416798357
PS3,2010,Sports,Sony Computer Entertainment,0.15,66.0,14,8.1,23,SCEA,E10+,2010s,Other,2.70805020110221,3.1780538303479458
PS4,2016,Action,Warner Bros. Interactive Entertainment,0.15,73.0,16,8.1,7,Warner Bros. Interactive Entertainment,E10+,2010s,Other,2.833213344056216,2.0794415416798357
DS,2005,Puzzle,505 Games,0.15,39.0,12,2.5,4,Interchannel,E,2000s,Other,2.5649493574615367,1.6094379124341003
DC,2001,Adventure,Sega,0.15,88.0,9,9.4,201,Sega AM2,T,2000s,Other,2.302585092994046,5.308267697401205
X360,2008,Simulation,Ubisoft,0.15,64.0,22,7.7,38,From Software,T,2000s,Other,3.1354942159291497,3.6635616461296463
XB,2005,Misc,Capcom,0.15,81.0,23,7.5,27,Digital Eclipse,T,2000s,Other,3.1780538303479458,3.332204510175204
PS2,2003,Shooter,Play It,0.15,35.0,15,5.0,23,Black Ops Entertainment,M,2000s,Other,2.772588722239781,3.1780538303479458
GC,2005,Action,Vivendi Games,0.15,84.0,30,9.1,14,Radical Entertainment,T,2000s,Other,3.4339872044851463,2.70805020110221
GC,2005,Action,Ubisoft,0.15,84.0,34,8.1,22,Ubisoft,M,2000s,Other,3.5553480614894135,3.1354942159291497
PS3,2007,Simulation,Ubisoft,0.15,70.0,10,7.2,12,Ubisoft Romania,T,2000s,Other,2.3978952727983707,2.5649493574615367
XB,2005,Platform,Namco Bandai Games,0.15,65.0,16,7.5,27,Blitz Games,E,2000s,Other,2.833213344056216,3.332204510175204
PSP,2008,Misc,Ignition Entertainment,0.15,68.0,13,7.5,27,Terminal Reality,T,2000s,Other,2.639057329615259,3.332204510175204
PS3,2014,Role-Playing,Nippon Ichi Software,0.15,90.0,4,7.8,71,Falcom,T,2010s,Other,1.6094379124341003,4.276666119016055
GC,2005,Action,Electronic Arts,0.15,66.0,38,7.2,10,Eurocom Entertainment Software,T,2000s,Other,3.6635616461296463,2.3978952727983707
Wii,2008,Adventure,Sega,0.15,67.0,9,7.5,27,Her Interactive,E,2000s,Other,2.302585092994046,3.332204510175204
PS,2001,Racing,Activision,0.15,76.0,8,8.7,9,Traveller's Tales,E,2000s,Other,2.1972245773362196,2.302585092994046
PS,2000,Platform,Ubisoft,0.15,65.0,4,7.0,10,Ubisoft Shanghai,E,2000s,Other,1.6094379124341003,2.3978952727983707
PSP,2010,Role-Playing,Falcom Corporation,0.15,80.0,25,8.3,57,Falcom,T,2010s,Other,3.258096538021482,4.060443010546419
XB,2004,Platform,Vivendi Games,0.15,66.0,30,8.7,29,Traveller's Tales,E,2000s,Other,3.4339872044851463,3.4011973816621555
XB,2006,Sports,Electronic Arts,0.15,65.0,17,8.5,10,EA Tiburon,E10+,2000s,Other,2.8903717578961645,2.3978952727983707
GBA,2003,Shooter,Electronic Arts,0.15,80.0,19,7.2,12,Netherock Ltd.,T,2000s,Other,2.995732273553991,2.5649493574615367
WiiU,2016,Action,Warner Bros. Interactive Entertainment,0.15,74.0,6,8.0,11,TT Games,E10+,2010s,Other,1.9459101490553132,2.4849066497880004
DS,2008,Role-Playing,D3Publisher,0.15,68.0,18,6.0,4,Media Vision,E,2000s,Other,2.9444389791664403,1.6094379124341003
XB,2005,Misc,Sega,0.15,81.0,25,8.2,9,Sega,E,2000s,Other,3.258096538021482,2.302585092994046
X360,2011,Action,DTP Entertainment,0.15,39.0,27,4.4,29,Kylotonn,M,2010s,Other,3.332204510175204,3.4011973816621555
X360,2013,Shooter,D3Publisher,0.15,68.0,25,8.1,63,Sandlot,M,2010s,Other,3.258096538021482,4.1588830833596715
X360,2009,Sports,Take-Two Interactive,0.15,69.0,31,7.9,15,Take-Two Interactive,E10+,2000s,Other,3.4657359027997265,2.772588722239781
GC,2003,Shooter,Ubisoft,0.15,59.0,15,5.4,17,Red Storm Entertainment,M,2000s,Other,2.772588722239781,2.8903717578961645
3DS,2011,Misc,Namco Bandai Games,0.15,43.0,11,5.4,11,Namco Bandai Games,E,2010s,Other,2.4849066497880004,2.4849066497880004
PSP,2004,Fighting,Capcom,0.15,74.0,27,7.9,25,Capcom,T,2000s,Other,3.332204510175204,3.258096538021482
Wii,2012,Action,THQ,0.15,74.0,4,6.0,9,THQ,T,2010s,Other,1.6094379124341003,2.302585092994046
XB,2001,Racing,Eidos Interactive,0.15,65.0,21,7.7,6,Crystal Dynamics,T,2000s,Other,3.091042453358316,1.9459101490553132
X360,2010,Action,Activision,0.15,62.0,10,7.5,27,Now Production,E10+,2010s,Other,2.3978952727983707,3.332204510175204
3DS,2012,Platform,Ubisoft,0.15,71.0,8,6.3,65,UBlart Montpellier,E10+,2010s,Other,2.1972245773362196,4.189654742026425
PSP,2013,Role-Playing,Namco Bandai Games,0.15,74.0,7,8.3,6,Felistella,T,2010s,Other,2.0794415416798357,1.9459101490553132
PSP,2011,Role-Playing,Unknown,0.15,66.0,19,7.2,39,"Image Epoch, Imageepoch",T,2010s,Other,2.995732273553991,3.6888794541139363
PS2,2002,Sports,Acclaim Entertainment,0.15,54.0,14,4.6,17,"Z-Axis, Ltd.",M,2000s,Other,2.70805020110221,2.8903717578961645
GBA,2003,Role-Playing,Konami Digital Entertainment,0.15,83.0,31,9.6,16,KCEJ,E,2000s,Other,3.4657359027997265,2.833213344056216
XB,2004,Fighting,Zoo Digital Publishing,0.15,86.0,34,7.6,12,Arc System Works,T,2000s,Other,3.5553480614894135,2.5649493574615367
XOne,2016,Action,Microsoft Game Studios,0.15,63.0,75,6.6,445,"Armature Studio, comcept",T,2010s,Other,4.330733340286331,6.100318952020064
PS3,2007,Shooter,Activision,0.15,50.0,14,5.4,13,Cauldron Ltd.,M,2000s,Other,2.70805020110221,2.639057329615259
PC,2012,Racing,Codemasters,0.15,80.0,15,6.9,115,Codemasters,E,2010s,Other,2.772588722239781,4.7535901911063645
GC,2002,Sports,Midway Games,0.15,80.0,10,7.5,4,Gratuitous Games,E,2000s,Other,2.3978952727983707,1.6094379124341003
DS,2004,Sports,Electronic Arts,0.14,64.0,21,7.4,7,Sensory Sweep,E,2000s,Other,3.091042453358316,2.0794415416798357
XB,2003,Action,Microsoft Game Studios,0.14,66.0,42,7.3,28,Rare Ltd.,E,2000s,Other,3.7612001156935624,3.367295829986474
X360,2007,Racing,THQ,0.14,58.0,9,7.8,6,Rainbow Studios,E,2000s,Other,2.302585092994046,1.9459101490553132
PS2,2005,Role-Playing,Ghostlight,0.14,76.0,42,8.2,33,Nautilus,T,2000s,Other,3.7612001156935624,3.5263605246161616
DS,2007,Misc,Ubisoft,0.14,56.0,13,6.1,8,Ubisoft Bulgaria,E,2000s,Other,2.639057329615259,2.1972245773362196
PC,2011,Action,Unknown,0.14,83.0,29,8.5,1613,Re-Logic,T,2010s,Other,3.4011973816621555,7.3864708488298945
PS2,2002,Fighting,Titus,0.14,63.0,22,7.5,27,Saffire,T,2000s,Other,3.1354942159291497,3.332204510175204
XB,2005,Racing,Midway Games,0.14,59.0,36,3.0,4,Midway,T,2000s,Other,3.6109179126442243,1.6094379124341003
Wii,2008,Puzzle,Game Factory,0.14,64.0,9,7.5,27,Two Tribes,E,2000s,Other,2.302585092994046,3.332204510175204
PS3,2010,Role-Playing,Compile Heart,0.14,56.0,6,7.2,36,"Idea Factory, Compile Heart",T,2010s,Other,1.9459101490553132,3.6109179126442243
DS,2006,Misc,Namco Bandai Games,0.14,68.0,18,7.5,27,Namco,E10+,2000s,Other,2.9444389791664403,3.332204510175204
3DS,2012,Action,Activision,0.14,59.0,9,5.0,13,n-Space,E10+,2010s,Other,2.302585092994046,2.639057329615259
Wii,2007,Action,Activision,0.14,59.0,29,8.0,6,Next Level Games,E10+,2000s,Other,3.4011973816621555,1.9459101490553132
PS2,2001,Action,Wanadoo,0.14,74.0,22,8.9,72,Tecmo,T,2000s,Other,3.1354942159291497,4.290459441148391
GBA,2003,Platform,Ubisoft,0.14,83.0,21,7.8,8,Ubisoft,E,2000s,Other,3.091042453358316,2.1972245773362196
PS4,2015,Action,PQube,0.14,80.0,10,7.7,31,Arc System Works,T,2010s,Other,2.3978952727983707,3.4657359027997265
PS2,2005,Role-Playing,505 Games,0.14,69.0,38,7.3,17,Media Vision,T,2000s,Other,3.6635616461296463,2.8903717578961645
GC,2007,Action,THQ,0.14,60.0,7,5.6,7,Asobo Studio,E,2000s,Other,2.0794415416798357,2.0794415416798357
PS2,2009,Action,Electronic Arts,0.14,50.0,4,2.3,6,Double Helix Games,T,2000s,Other,1.6094379124341003,1.9459101490553132
PS2,2001,Platform,TDK Mediactive,0.14,58.0,7,3.5,6,Lucky Chicken,E,2000s,Other,2.0794415416798357,1.9459101490553132
DS,2009,Puzzle,The Adventure Company,0.14,43.0,4,7.5,27,Firehazard Studio,E,2000s,Other,1.6094379124341003,3.332204510175204
DS,2007,Shooter,Vivendi Games,0.14,79.0,36,7.9,26,Kuju Entertainment,E,2000s,Other,3.6109179126442243,3.295836866004329
PS3,2012,Shooter,EA Games,0.14,75.0,29,6.5,106,Starbreeze,M,2010s,Other,3.4011973816621555,4.672828834461906
X360,2010,Racing,Konami Digital Entertainment,0.14,50.0,32,7.5,27,Konami,E,2010s,Other,3.4965075614664802,3.332204510175204
3DS,2011,Platform,Nippon Ichi Software,0.14,82.0,29,7.7,72,Nicalis,E10+,2010s,Other,3.4011973816621555,4.290459441148391
PSP,2006,Platform,Capcom,0.14,82.0,28,7.5,36,Capcom,E,2000s,Other,3.367295829986474,3.6109179126442243
PSP,2008,Role-Playing,Acquire,0.14,61.0,12,7.1,12,Zerodiv,T,2000s,Other,2.5649493574615367,2.5649493574615367
PS2,2004,Adventure,Codemasters,0.14,76.0,48,8.0,23,Free Radical Design,T,2000s,Other,3.8918202981106265,3.1780538303479458
DS,2007,Strategy,Square Enix,0.14,66.0,32,7.5,27,Brownie Brown,E10+,2000s,Other,3.4965075614664802,3.332204510175204
PC,2014,Shooter,Sega,0.14,81.0,41,8.4,1588,Creative Assembly,M,2010s,Other,3.7376696182833684,7.370860166536716
PC,2015,Action,Square Enix,0.14,74.0,50,5.3,529,Avalanche Studios,M,2010s,Other,3.9318256327243257,6.272877006546167
PS2,2006,Adventure,THQ,0.14,59.0,27,7.5,27,Artificial Mind and Movement,E10+,2000s,Other,3.332204510175204,3.332204510175204
PS2,2004,Role-Playing,Tecmo Koei,0.14,81.0,40,7.9,22,Nippon Ichi Software,T,2000s,Other,3.713572066704308,3.1354942159291497
X360,2011,Action,Sega,0.14,38.0,40,5.7,22,Liquid Entertainment,T,2010s,Other,3.713572066704308,3.1354942159291497
PS,2001,Racing,THQ,0.14,70.0,8,7.5,27,Funcom,T,2000s,Other,2.1972245773362196,3.332204510175204
GC,2004,Sports,Electronic Arts,0.14,78.0,22,8.5,6,EA Canada,E,2000s,FIFA,3.1354942159291497,1.9459101490553132
PSP,2009,Simulation,Rising Star Games,0.14,74.0,6,7.9,12,Marvelous Entertainment,E,2000s,Other,1.9459101490553132,2.5649493574615367
PSP,2009,Role-Playing,Atlus,0.14,68.0,13,7.3,21,Sting,T,2000s,Other,2.639057329615259,3.091042453358316
PS2,2001,Sports,3DO,0.14,44.0,14,5.7,6,3DO,T,2000s,Other,2.70805020110221,1.9459101490553132
PS2,2004,Misc,Codemasters,0.14,79.0,28,8.6,8,Mix Max,T,2000s,Other,3.367295829986474,2.1972245773362196
XB,2003,Action,Atari,0.14,35.0,24,2.0,10,Black Ops Entertainment,T,2000s,Other,3.2188758248682006,2.3978952727983707
XB,2005,Sports,Electronic Arts,0.14,81.0,35,8.1,10,EA Canada,E,2000s,Other,3.58351893845611,2.3978952727983707
XB,2002,Sports,Sega,0.14,84.0,12,8.4,5,Kush Games,E,2000s,Other,2.5649493574615367,1.791759469228055
Wii,2007,Fighting,Ubisoft,0.14,59.0,26,5.4,8,Cavia Inc.,T,2000s,Other,3.295836866004329,2.1972245773362196
PS3,2013,Simulation,Focus Home Interactive,0.14,40.0,17,2.9,9,Giants Software,E,2010s,Other,2.8903717578961645,2.302585092994046
PSP,2004,Role-Playing,Namco Bandai Games,0.14,63.0,25,6.9,11,Microvision,E10+,2000s,Other,3.258096538021482,2.4849066497880004
GBA,2001,Shooter,Activision,0.14,81.0,24,8.5,15,David A. Palmer Productions,T,2000s,Other,3.2188758248682006,2.772588722239781
PS2,2001,Misc,Sony Computer Entertainment,0.14,67.0,26,6.6,26,NanaOn-Sha,E,2000s,Other,3.295836866004329,3.295836866004329
DS,2008,Sports,Arc System Works,0.14,65.0,12,7.5,27,Million,E,2000s,Other,2.5649493574615367,3.332204510175204
PS3,2008,Sports,Electronic Arts,0.14,64.0,12,7.1,12,EA Tiburon,E,2000s,Other,2.5649493574615367,2.5649493574615367
XB,2006,Action,Eidos Interactive,0.14,81.0,27,9.1,32,Io Interactive,M,2000s,Other,3.332204510175204,3.4965075614664802
PSP,2009,Sports,Takara Tomy,0.14,77.0,16,7.0,13,Ntreev Soft,E10+,2000s,Other,2.833213344056216,2.639057329615259
PS2,2008,Puzzle,Empire Interactive,0.14,68.0,4,7.5,27,Razorworks Studios,E,2000s,Other,1.6094379124341003,3.332204510175204
PSP,2005,Sports,Sony Computer Entertainment,0.14,65.0,22,6.8,4,Page 44 Studios,E10+,2000s,Other,3.1354942159291497,1.6094379124341003
XB,2002,Sports,Midway Games,0.14,72.0,12,7.8,4,Point of View,E,2000s,Other,2.5649493574615367,1.6094379124341003
PSP,2006,Misc,Sony Computer Entertainment,0.14,67.0,43,5.2,16,Epics,E,2000s,Other,3.784189633918261,2.833213344056216
PS2,2002,Adventure,Electronic Arts,0.14,72.0,24,7.9,8,Westwood Studios,T,2000s,Other,3.2188758248682006,2.1972245773362196
PS2,2001,Action,Acclaim Entertainment,0.14,64.0,15,7.3,37,Bizarre Creations,T,2000s,Other,2.772588722239781,3.6375861597263857
PS3,2011,Action,Sega,0.14,39.0,35,4.4,19,Liquid Entertainment,T,2010s,Other,3.58351893845611,2.995732273553991
PS4,2016,Platform,Activision,0.14,80.0,47,5.5,17,Toys for Bob,E10+,2010s,Other,3.8712010109078907,2.8903717578961645
PS2,2006,Action,Take-Two Interactive,0.14,54.0,43,8.0,24,Double Helix Games,T,2000s,Other,3.784189633918261,3.2188758248682006
PSP,2008,Racing,Xplosiv,0.14,47.0,6,7.5,27,Razorworks,E,2000s,Other,1.9459101490553132,3.332204510175204
DS,2007,Action,Zoo Digital Publishing,0.14,19.0,4,3.1,7,FrontLine Studios,E10+,2000s,Other,1.6094379124341003,2.0794415416798357
GC,2002,Shooter,Electronic Arts,0.14,77.0,16,8.7,7,Namco,M,2000s,Other,2.833213344056216,2.0794415416798357
Wii,2007,Action,Vivendi Games,0.14,71.0,23,8.4,29,Radical Entertainment,M,2000s,Other,3.1780538303479458,3.4011973816621555
Wii,2011,Sports,Take-Two Interactive,0.14,54.0,8,7.4,7,2K Games,E,2010s,Other,2.1972245773362196,2.0794415416798357
GC,2003,Action,THQ,0.14,79.0,22,8.8,12,Eurocom Entertainment Software,T,2000s,Other,3.1354942159291497,2.5649493574615367
DS,2008,Role-Playing,GungHo,0.14,62.0,10,7.5,27,GungHo,T,2000s,Other,2.3978952727983707,3.332204510175204
Wii,2007,Misc,Ubisoft,0.14,64.0,9,5.4,13,Ubisoft Quebec,E,2000s,Other,2.302585092994046,2.639057329615259
PS4,2016,Strategy,Take-Two Interactive,0.14,88.0,28,8.0,116,Firaxis Games,T,2010s,Other,3.367295829986474,4.762173934797756
XOne,2014,Sports,Konami Digital Entertainment,0.14,79.0,9,7.3,65,Konami,E,2010s,Other,2.302585092994046,4.189654742026425
PS,2000,Racing,Sony Computer Entertainment,0.14,69.0,9,7.3,14,Studio 33,E,2000s,Other,2.302585092994046,2.70805020110221
X360,2012,Role-Playing,Deep Silver,0.14,60.0,18,6.0,58,Piranha Bytes,M,2010s,Other,2.9444389791664403,4.07753744390572
PS2,2002,Sports,Sony Computer Entertainment,0.14,78.0,21,8.3,7,SCEE London Studio,E,2000s,Other,3.091042453358316,2.0794415416798357
DS,2007,Adventure,Zoo Digital Publishing,0.14,38.0,4,7.5,27,Atomic Planet Entertainment,E,2000s,Other,1.6094379124341003,3.332204510175204
PC,2009,Shooter,505 Games,0.14,77.0,38,7.5,589,Bohemia Interactive,M,2000s,Other,3.6635616461296463,6.380122536899765
XB,2004,Platform,Vivendi Games,0.14,64.0,17,9.1,10,Eurocom Entertainment Software,E,2000s,Other,2.8903717578961645,2.3978952727983707
PC,2015,Simulation,Paradox Interactive,0.14,85.0,60,8.9,1404,Colossal Order,E,2010s,Other,4.110873864173311,7.247792581767846
PS2,2008,Role-Playing,Banpresto,0.14,65.0,11,8.2,9,Flight-Plan,T,2000s,Other,2.4849066497880004,2.302585092994046
PS2,2005,Sports,Sony Computer Entertainment,0.14,62.0,24,7.5,27,Page 44 Studios,E10+,2000s,Other,3.2188758248682006,3.332204510175204
PS2,2004,Shooter,Play It,0.14,68.0,50,8.7,12,Seta Corporation,M,2000s,Other,3.9318256327243257,2.5649493574615367
Wii,2006,Shooter,Ignition Entertainment,0.14,73.0,38,8.0,22,Terminal Reality,T,2000s,Other,3.6635616461296463,3.1354942159291497
PC,2007,Shooter,Electronic Arts,0.14,96.0,34,9.3,1495,Valve Software,M,2000s,Other,3.5553480614894135,7.310550158534422
3DS,2015,Platform,Yacht Club Games,0.14,90.0,9,8.2,225,Yacht Club Games,E,2010s,Other,2.302585092994046,5.420534999272286
PS,2001,Sports,Sony Computer Entertainment,0.14,53.0,10,7.5,27,989 Sports,E,2000s,Other,2.3978952727983707,3.332204510175204
PS3,2010,Misc,Unknown,0.14,36.0,10,0.5,4,Seven45 Studios,T,2010s,Other,2.3978952727983707,1.6094379124341003
DS,2004,Puzzle,Nintendo,0.14,70.0,35,8.9,9,Namco,E,2000s,Other,3.58351893845611,2.302585092994046
GC,2002,Role-Playing,Virgin Interactive,0.14,79.0,10,7.7,22,High Voltage Software,T,2000s,Other,2.3978952727983707,3.1354942159291497
Wii,2008,Misc,SouthPeak Games,0.14,54.0,8,7.6,7,TopWare Interactive,E10+,2000s,Other,2.1972245773362196,2.0794415416798357
PC,2003,Role-Playing,LucasArts,0.14,93.0,33,9.0,1497,BioWare,T,2000s,Other,3.5263605246161616,7.311886164077165
PS2,2002,Shooter,Electronic Arts,0.14,67.0,23,8.0,16,Monolith Productions,T,2000s,Other,3.1780538303479458,2.833213344056216
GC,2006,Adventure,THQ,0.14,60.0,18,7.5,27,Artificial Mind and Movement,E10+,2000s,Other,2.9444389791664403,3.332204510175204
X360,2006,Sports,Activision Value,0.14,53.0,4,5.0,8,FUN Labs,T,2000s,Other,1.6094379124341003,2.1972245773362196
PS2,2002,Adventure,Sony Computer Entertainment,0.14,71.0,17,8.5,11,Appaloosa Interactive,E,2000s,Other,2.8903717578961645,2.4849066497880004
X360,2006,Action,Eidos Interactive,0.14,73.0,57,7.2,52,Avalanche Studios,M,2000s,Other,4.060443010546419,3.970291913552122
X360,2009,Action,SouthPeak Games,0.14,50.0,39,5.4,14,Gaijin Entertainment,M,2000s,Other,3.6888794541139363,2.70805020110221
PSV,2016,Role-Playing,Nippon Ichi Software,0.14,93.0,5,7.9,83,Vanillaware,T,2010s,Other,1.791759469228055,4.430816798843313
XOne,2016,Shooter,Deep Silver,0.14,49.0,12,4.1,106,Deep Silver Dambuster Studios,M,2010s,Other,2.5649493574615367,4.672828834461906
XB,2004,Fighting,Atari,0.14,63.0,22,8.2,6,"Pipeworks Software, Inc.",T,2000s,Other,3.1354942159291497,1.9459101490553132
PS2,2002,Racing,Atari,0.14,54.0,6,7.5,27,Atari,E,2000s,Other,1.9459101490553132,3.332204510175204
PS3,2010,Role-Playing,Ubisoft Annecy,0.14,55.0,34,6.2,33,Omega Force,T,2010s,Other,3.5553480614894135,3.5263605246161616
Wii,2011,Sports,Sega,0.14,65.0,15,7.5,4,Sega,E,2010s,Other,2.772588722239781,1.6094379124341003
GBA,2005,Platform,Disney Interactive Studios,0.14,71.0,5,5.5,6,TOSE,E10+,2000s,Other,1.791759469228055,1.9459101490553132
XB,2002,Adventure,Swing! Entertainment,0.14,66.0,28,8.4,13,Starbreeze,M,2000s,Other,3.367295829986474,2.639057329615259
PSP,2007,Role-Playing,505 Games,0.14,64.0,22,6.6,19,Media Vision,E10+,2000s,Other,3.1354942159291497,2.995732273553991
PS4,2016,Action,Telltale Games,0.14,45.0,16,5.9,140,The Fun Pimps Entertainment LLC,M,2010s,Other,2.833213344056216,4.948759890378168
PSV,2014,Platform,Ubisoft,0.14,87.0,8,8.4,159,Ubisoft Montpellier,E10+,2010s,Other,2.1972245773362196,5.075173815233827
XB,2003,Action,Capcom,0.14,51.0,28,4.1,22,Capcom,M,2000s,Other,3.367295829986474,3.1354942159291497
GC,2002,Sports,Midway Games,0.14,72.0,11,7.5,27,Point of View,E,2000s,Other,2.4849066497880004,3.332204510175204
PS3,2007,Sports,Take-Two Interactive,0.14,82.0,18,5.2,6,Visual Concepts,E,2000s,Other,2.9444389791664403,1.9459101490553132
PC,2009,Role-Playing,Deep Silver,0.14,77.0,32,8.1,676,Piranha Bytes,M,2000s,Other,3.4965075614664802,6.517671272912275
XB,2005,Platform,Disney Interactive Studios,0.14,68.0,15,7.5,27,Avalanche Software,E10+,2000s,Other,2.772588722239781,3.332204510175204
XOne,2015,Action,Activision,0.14,75.0,25,7.9,55,PlatinumGames,T,2010s,Other,3.258096538021482,4.02535169073515
PC,2012,Shooter,Take-Two Interactive,0.14,77.0,20,7.6,448,Digital Extremes,M,2010s,Other,3.044522437723423,6.1070228877422545
X360,2006,Action,Vivendi Games,0.14,48.0,32,5.7,24,Stormfront Studios,T,2000s,Other,3.4965075614664802,3.2188758248682006
PS3,2012,Action,Ubisoft Annecy,0.14,63.0,20,8.0,22,Omega Force,T,2010s,Other,3.044522437723423,3.1354942159291497
PS,1996,Puzzle,Virgin Interactive,0.14,83.0,9,7.4,5,Capcom,E,1990s,Other,2.302585092994046,1.791759469228055
GBA,2002,Action,THQ,0.14,58.0,8,7.5,27,HotGen,T,2000s,Other,2.1972245773362196,3.332204510175204
PS4,2016,Action,Deep Silver,0.14,63.0,32,6.4,45,Techland,M,2010s,Other,3.4965075614664802,3.828641396489095
DS,2006,Misc,505 Games,0.14,38.0,4,7.5,27,Astroll,E,2000s,Other,1.6094379124341003,3.332204510175204
X360,2007,Simulation,Ubisoft,0.14,72.0,24,7.8,12,Ubisoft Romania,T,2000s,Other,3.2188758248682006,2.5649493574615367
GC,2002,Racing,Ubisoft,0.14,60.0,10,7.2,6,Ubisoft,E,2000s,Other,2.3978952727983707,1.9459101490553132
X360,2010,Action,Activision,0.14,58.0,23,7.6,10,Etranges Libellules,E10+,2010s,Other,3.1780538303479458,2.3978952727983707
GC,2002,Racing,Vivendi Games,0.14,56.0,7,7.5,27,Terminal Reality,E,2000s,Other,2.0794415416798357,3.332204510175204
PC,2015,Shooter,Electronic Arts,0.14,71.0,31,3.8,773,Visceral Games,M,2010s,Other,3.4657359027997265,6.651571873589727
GBA,2002,Role-Playing,Atari,0.14,58.0,13,8.5,8,Next Entertainment,E,2000s,Other,2.639057329615259,2.1972245773362196
PS4,2015,Adventure,505 Games,0.14,81.0,10,8.6,73,Starbreeze,T,2010s,Other,2.3978952727983707,4.304065093204169
DS,2008,Role-Playing,Eidos Interactive,0.14,75.0,8,7.5,27,Backbone Entertainment,E10+,2000s,Other,2.1972245773362196,3.332204510175204
PC,2010,Action,Capcom,0.14,78.0,17,6.3,211,Blue Castle Games,M,2010s,Other,2.8903717578961645,5.356586274672012
GBA,2004,Action,Hip Interactive,0.14,30.0,15,3.0,4,DC Studios,T,2000s,Other,2.772588722239781,1.6094379124341003
PSP,2007,Misc,Oxygen Interactive,0.14,44.0,8,7.5,27,Farsight Studios,T,2000s,Other,2.1972245773362196,3.332204510175204
PSP,2006,Puzzle,505 Games,0.14,67.0,7,7.5,27,Taito Corporation,E,2000s,Other,2.0794415416798357,3.332204510175204
X360,2009,Simulation,Ubisoft,0.14,62.0,39,8.1,9,Transmission Games,T,2000s,Other,3.6888794541139363,2.302585092994046
X360,2010,Action,Electronic Arts,0.14,60.0,19,5.8,10,EA Bright Light,E,2010s,Other,2.995732273553991,2.3978952727983707
PS2,2004,Sports,Electronic Arts,0.14,76.0,21,6.4,18,EA Canada,E,2000s,Other,3.091042453358316,2.9444389791664403
Wii,2006,Action,Midway Games,0.14,46.0,11,6.7,16,Artificial Mind and Movement,E,2000s,Other,2.4849066497880004,2.833213344056216
XB,2003,Sports,Acclaim Entertainment,0.14,68.0,17,9.1,7,Acclaim,E,2000s,Other,2.8903717578961645,2.0794415416798357
PS2,2001,Sports,Sony Computer Entertainment,0.14,77.0,21,7.5,10,SCEE London Studio,E,2000s,Other,3.091042453358316,2.3978952727983707
PS3,2008,Sports,Midway Games,0.14,54.0,23,6.5,4,Midway,E,2000s,Other,3.1780538303479458,1.6094379124341003
X360,2011,Adventure,Ubisoft,0.14,35.0,11,4.7,7,Ubisoft,T,2010s,Other,2.4849066497880004,2.0794415416798357
DS,2008,Misc,Electronic Arts,0.14,62.0,5,7.5,27,Electronic Arts,E,2000s,Other,1.791759469228055,3.332204510175204
XB,2003,Racing,Atari,0.14,74.0,26,9.1,7,Milestone S.r.l,E,2000s,Other,3.295836866004329,2.0794415416798357
PS3,2014,Fighting,Atlus,0.14,84.0,38,8.1,85,Arc System Works,T,2010s,Other,3.6635616461296463,4.454347296253507
GBA,2002,Action,Ubisoft,0.14,66.0,20,8.8,13,Ubisoft Milan,T,2000s,Other,3.044522437723423,2.639057329615259
PS2,2001,Shooter,Sony Computer Entertainment,0.14,65.0,18,8.0,5,Wow Entertainment,T,2000s,Other,2.9444389791664403,1.791759469228055
Wii,2009,Role-Playing,Rising Star Games,0.14,35.0,17,6.7,19,"K2, Kurogane",T,2000s,Other,2.8903717578961645,2.995732273553991
PS3,2011,Misc,THQ,0.14,65.0,8,7.5,27,Eurocom Entertainment Software,E10+,2010s,Other,2.1972245773362196,3.332204510175204
PSP,2005,Misc,505 Games,0.14,65.0,17,2.8,17,Crave,T,2000s,Other,2.8903717578961645,2.8903717578961645
3DS,2011,Misc,Rising Star Games,0.14,75.0,21,7.8,24,Gaijin Games,E,2010s,Other,3.091042453358316,3.2188758248682006
DS,2008,Shooter,Ignition Entertainment,0.14,70.0,38,7.4,13,SNK Playmore,T,2000s,Other,3.6635616461296463,2.639057329615259
PC,2016,Shooter,Activision,0.14,73.0,16,3.0,440,Infinity Ward,M,2010s,Call of Duty,2.833213344056216,6.089044875446846
X360,2006,Racing,THQ,0.14,80.0,50,7.7,13,"Climax Group, Climax Studios",E,2000s,Other,3.9318256327243257,2.639057329615259
GC,2004,Sports,Electronic Arts,0.14,88.0,18,7.5,27,EA Sports,E,2000s,Other,2.9444389791664403,3.332204510175204
DS,2009,Action,Electronic Arts,0.14,47.0,16,7.5,4,Backbone Entertainment,E10+,2000s,Other,2.833213344056216,1.6094379124341003
DS,2011,Action,Activision,0.14,50.0,6,7.5,27,"Beenox, Other Ocean Interactive",E10+,2010s,Other,1.9459101490553132,3.332204510175204
PS2,2002,Sports,Eidos Interactive,0.14,49.0,11,3.5,6,Attention To Detail,E,2000s,Other,2.4849066497880004,1.9459101490553132
XB,2003,Strategy,Activision,0.14,79.0,31,8.5,22,LucasArts,T,2000s,Other,3.4657359027997265,3.1354942159291497
XB,2002,Fighting,Acclaim Entertainment,0.14,65.0,10,5.8,4,Acclaim,T,2000s,Other,2.3978952727983707,1.6094379124341003
DS,2006,Puzzle,Nintendo,0.14,68.0,33,8.1,11,Mitchell,E,2000s,Other,3.5263605246161616,2.4849066497880004
PC,2011,Shooter,Tripwire Interactive,0.14,76.0,49,7.3,729,Tripwire Interactive,M,2010s,Other,3.912023005428146,6.593044534142437
XB,2003,Racing,Midway Games,0.13,57.0,22,7.5,27,Midway,T,2000s,Other,3.1354942159291497,3.332204510175204
DS,2006,Platform,Ubisoft,0.13,72.0,4,7.5,27,Ubisoft Quebec,E,2000s,Other,1.6094379124341003,3.332204510175204
WiiU,2012,Action,Ubisoft,0.13,76.0,8,6.3,16,Blue Byte,E10+,2010s,Other,2.1972245773362196,2.833213344056216
GBA,2003,Shooter,Electronic Arts,0.13,66.0,6,8.1,9,JV Games Inc.,T,2000s,Other,1.9459101490553132,2.302585092994046
DS,2008,Sports,THQ,0.13,49.0,4,7.5,27,THQ,E,2000s,Other,1.6094379124341003,3.332204510175204
PS,2001,Platform,Konami Digital Entertainment,0.13,69.0,16,7.0,13,Konami,T,2000s,Other,2.833213344056216,2.639057329615259
PS2,2004,Action,Konami Digital Entertainment,0.13,59.0,22,8.0,10,Krome Studios,T,2000s,Other,3.1354942159291497,2.3978952727983707
PSP,2006,Sports,Electronic Arts,0.13,58.0,6,6.9,17,EA Canada,E,2000s,FIFA,1.9459101490553132,2.8903717578961645
PS2,2004,Misc,Gathering of Developers,0.13,48.0,20,6.7,13,Top Heavy Studios,M,2000s,Other,3.044522437723423,2.639057329615259
XB,2002,Action,Activision,0.13,53.0,20,4.0,4,Mucky Foot Productions,M,2000s,Other,3.044522437723423,1.6094379124341003
PS3,2009,Shooter,Bethesda Softworks,0.13,27.0,24,2.8,66,Rebellion,M,2000s,Other,3.2188758248682006,4.204692619390966
GBA,2002,Sports,Sega,0.13,80.0,16,7.8,5,Smilebit,E,2000s,Other,2.833213344056216,1.791759469228055
Wii,2008,Racing,Ubisoft,0.13,49.0,22,7.1,7,Left Field Productions,E10+,2000s,Other,3.1354942159291497,2.0794415416798357
DS,2010,Adventure,City Interactive,0.13,50.0,8,7.5,27,City Interactive,E,2010s,Other,2.1972245773362196,3.332204510175204
X360,2011,Fighting,505 Games,0.13,26.0,4,2.2,20,Panic Button,T,2010s,Other,1.6094379124341003,3.044522437723423
XB,2004,Platform,THQ,0.13,73.0,25,7.5,27,Avalanche Software,E,2000s,Other,3.258096538021482,3.332204510175204
DS,2005,Misc,Atari,0.13,51.0,17,3.7,7,Taniko,E,2000s,Other,2.8903717578961645,2.0794415416798357
DS,2005,Racing,Electronic Arts,0.13,65.0,13,7.0,25,EA Canada,E,2000s,Other,2.639057329615259,3.258096538021482
PS2,2005,Role-Playing,Konami Digital Entertainment,0.13,72.0,35,8.8,14,Falcom,T,2000s,Other,3.58351893845611,2.70805020110221
X360,2010,Role-Playing,Focus Home Interactive,0.13,72.0,13,7.8,50,Larian Studios,M,2010s,Other,2.639057329615259,3.9318256327243257
X360,2007,Sports,Take-Two Interactive,0.13,71.0,43,7.4,16,Kush Games,E10+,2000s,Other,3.784189633918261,2.833213344056216
Wii,2010,Action,Atari,0.13,41.0,6,7.5,27,"Atari, Atari SA",E10+,2010s,Other,1.9459101490553132,3.332204510175204
DS,2008,Action,D3Publisher,0.13,65.0,12,7.5,27,"Pam Development, 2K Sports",E,2000s,Other,2.5649493574615367,3.332204510175204
DS,2008,Action,Mindscape,0.13,52.0,10,7.5,27,"Microids, Dreamcatcher",T,2000s,Other,2.3978952727983707,3.332204510175204
DS,2009,Puzzle,Zoo Digital Publishing,0.13,64.0,12,6.3,4,Infinite Interactive,E10+,2000s,Other,2.5649493574615367,1.6094379124341003
XOne,2016,Adventure,Square Enix,0.13,85.0,4,8.7,123,DONTNOD Entertainment,M,2010s,Other,1.6094379124341003,4.820281565605037
PS2,2008,Role-Playing,Atlus,0.13,79.0,23,8.7,26,Atlus Co.,M,2000s,Other,3.1780538303479458,3.295836866004329
XB,2003,Action,Kemco,0.13,63.0,24,7.5,27,Bits Studios,M,2000s,Other,3.2188758248682006,3.332204510175204
PS3,2009,Action,SouthPeak Games,0.13,50.0,31,5.9,15,Gaijin Entertainment,M,2000s,Other,3.4657359027997265,2.772588722239781
PS2,2001,Action,3DO,0.13,39.0,13,3.8,4,3DO,T,2000s,Other,2.639057329615259,1.6094379124341003
XB,2004,Misc,Ubisoft,0.13,79.0,12,9.0,6,Ubisoft,E,2000s,Other,2.5649493574615367,1.9459101490553132
DS,2007,Misc,Sega,0.13,53.0,17,7.5,27,Sega,E,2000s,Other,2.8903717578961645,3.332204510175204
DS,2008,Role-Playing,Tecmo Koei,0.13,58.0,4,7.5,27,Cing,E,2000s,Other,1.6094379124341003,3.332204510175204
DS,2005,Action,Ubisoft,0.13,28.0,5,3.2,32,Ubisoft Casablanca,T,2000s,Other,1.791759469228055,3.4965075614664802
XB,2002,Action,Atari,0.13,44.0,19,6.0,11,Circus Freak,T,2000s,Other,2.995732273553991,2.4849066497880004
Wii,2006,Puzzle,Nintendo,0.13,69.0,39,8.7,21,Hudson,E,2000s,Other,3.6888794541139363,3.091042453358316
GC,2002,Sports,Electronic Arts,0.13,79.0,13,6.3,4,EA Sports,E,2000s,Other,2.639057329615259,1.6094379124341003
PS,2000,Adventure,Eidos Interactive,0.13,75.0,7,6.2,6,Blitz Games,E,2000s,Other,2.0794415416798357,1.9459101490553132
X360,2007,Racing,Tecmo Koei,0.13,61.0,30,4.2,19,Koei,E10+,2000s,Other,3.4339872044851463,2.995732273553991
Wii,2009,Role-Playing,Nippon Ichi Software,0.13,76.0,12,7.1,15,Nippon Ichi Software,T,2000s,Other,2.5649493574615367,2.772588722239781
PS3,2008,Sports,Take-Two Interactive,0.13,70.0,21,7.5,27,Visual Concepts,E10+,2000s,Other,3.091042453358316,3.332204510175204
GBA,2004,Fighting,THQ,0.13,55.0,12,8.2,5,Natsume,T,2000s,Other,2.5649493574615367,1.791759469228055
X360,2011,Action,Black Bean Games,0.13,56.0,18,7.8,20,Virtual Air Guitar Company,T,2010s,Other,2.9444389791664403,3.044522437723423
PC,2012,Action,SCS Software,0.13,79.0,17,8.7,992,SCS Software,Unknown,2010s,Other,2.8903717578961645,6.900730664045173
XB,2006,Action,Eidos Interactive,0.13,82.0,40,7.2,13,Crystal Dynamics,T,2000s,Other,3.713572066704308,2.639057329615259
DS,2008,Strategy,SouthPeak Games,0.13,80.0,40,8.3,21,"Venan Entertainment, Cashmere Prod.",E,2000s,Other,3.713572066704308,3.091042453358316
PC,2002,Strategy,Vivendi Games,0.13,92.0,40,9.1,1023,Blizzard Entertainment,T,2000s,Other,3.713572066704308,6.931471805599453
GC,2002,Platform,Konami Digital Entertainment,0.13,60.0,6,7.2,5,Konami,E,2000s,Other,1.9459101490553132,1.791759469228055
PS2,2002,Role-Playing,Enterbrain,0.13,65.0,9,8.8,77,Kuusou Kagaku,E,2000s,Other,2.302585092994046,4.356708826689592
PS3,2008,Adventure,Atari,0.13,69.0,25,5.6,50,Eden Studios,M,2000s,Other,3.258096538021482,3.9318256327243257
PS4,2015,Action,Sony Computer Entertainment,0.13,80.0,62,8.2,153,Bluepoint Games,T,2010s,Other,4.143134726391533,5.0369526024136295
PS2,2004,Racing,Sony Computer Entertainment,0.13,57.0,27,7.8,14,Studio 33,T,2000s,Other,3.332204510175204,2.70805020110221
PSV,2014,Fighting,Sega,0.13,75.0,7,8.5,28,Sega,T,2010s,Other,2.0794415416798357,3.367295829986474
Wii,2008,Sports,Konami Digital Entertainment,0.13,79.0,16,8.7,21,Konami,E,2000s,Other,2.833213344056216,3.091042453358316
X360,2008,Sports,Activision,0.13,42.0,4,7.5,27,FUN Labs,T,2000s,Other,1.6094379124341003,3.332204510175204
X360,2006,Fighting,Konami Digital Entertainment,0.13,62.0,54,6.6,28,Konami,M,2000s,Other,4.007333185232471,3.367295829986474
PC,2016,Strategy,Sega,0.13,86.0,77,7.3,556,Creative Assembly,T,2010s,Other,4.356708826689592,6.322565239927284
PS2,2004,Adventure,Konami Digital Entertainment,0.13,54.0,9,8.2,17,WinkySoft,T,2000s,Other,2.302585092994046,2.8903717578961645
DS,2007,Simulation,Touchstone,0.13,78.0,14,7.5,19,Sunflowers Interactive,E,2000s,Other,2.70805020110221,2.995732273553991
PS3,2009,Sports,Take-Two Interactive,0.13,80.0,18,7.6,16,Blue Castle Games,E10+,2000s,Other,2.9444389791664403,2.833213344056216
PSV,2013,Adventure,Warner Bros. Interactive Entertainment,0.13,64.0,5,6.6,8,TT Games,E10+,2010s,Other,1.791759469228055,2.1972245773362196
PSP,2005,Shooter,Electronic Arts,0.13,54.0,26,7.2,22,Rebellion,M,2000s,Other,3.295836866004329,3.1354942159291497
PS3,2007,Sports,Sony Computer Entertainment,0.13,63.0,37,6.0,4,SCEA San Diego Studios,E,2000s,Other,3.6375861597263857,1.6094379124341003
XB,2003,Platform,Atari,0.13,67.0,27,6.8,4,Paradigm Entertainment,T,2000s,Other,3.332204510175204,1.6094379124341003
PS3,2008,Shooter,Atari,0.13,50.0,31,7.1,31,Spark Unlimited,M,2000s,Other,3.4657359027997265,3.4657359027997265
XB,2001,Racing,THQ,0.13,74.0,15,7.5,27,Pacific Coast Power & Light,E,2000s,Other,2.772588722239781,3.332204510175204
PC,2015,Action,Warner Bros. Interactive Entertainment,0.13,70.0,14,2.5,1967,"Rocksteady Studios, Iron Galaxy Studios",M,2010s,Other,2.70805020110221,7.584773077612199
DS,2005,Platform,Disney Interactive Studios,0.13,61.0,14,7.5,4,Artificial Mind and Movement,E,2000s,Other,2.70805020110221,1.6094379124341003
XB,2005,Platform,Capcom,0.13,80.0,12,9.2,5,Atomic Planet Entertainment,E,2000s,Other,2.5649493574615367,1.791759469228055
PC,2000,Role-Playing,Havas Interactive,0.13,88.0,34,8.8,1056,Blizzard North,M,2000s,Other,3.5553480614894135,6.963189985870238
PSV,2011,Racing,Codemasters,0.13,66.0,27,6.2,25,Codemasters,E,2010s,Other,3.332204510175204,3.258096538021482
PS2,2005,Role-Playing,Ubisoft,0.13,58.0,34,5.5,49,Cavia Inc.,M,2000s,Other,3.5553480614894135,3.912023005428146
XB,2006,Racing,Sega,0.13,56.0,33,8.1,7,Sonic Team,E,2000s,Other,3.5263605246161616,2.0794415416798357
XB,2002,Misc,TDK Mediactive,0.13,33.0,9,8.0,11,Mass Media,E,2000s,Other,2.302585092994046,2.4849066497880004
X360,2010,Role-Playing,DTP Entertainment,0.13,42.0,14,7.3,18,Deck 13,T,2010s,Other,2.70805020110221,2.9444389791664403
PS2,2002,Racing,Activision,0.13,73.0,19,7.5,27,Climax Group,E,2000s,Other,2.995732273553991,3.332204510175204
X360,2012,Fighting,Atlus,0.13,83.0,21,7.3,60,Arc System Works,T,2010s,Other,3.091042453358316,4.110873864173311
X360,2006,Sports,Activision,0.13,48.0,11,5.6,17,FUN Labs,T,2000s,Other,2.4849066497880004,2.8903717578961645
XB,2005,Simulation,Codemasters,0.13,76.0,33,8.2,5,IR Gurus Interactive Ltd.,T,2000s,Other,3.5263605246161616,1.791759469228055
XB,2003,Strategy,Atari,0.13,62.0,8,8.3,12,Atari,E,2000s,Other,2.1972245773362196,2.5649493574615367
XB,2002,Action,Microsoft Game Studios,0.13,61.0,27,5.7,7,Jaleco Entertainment,T,2000s,Other,3.332204510175204,2.0794415416798357
GC,2006,Sports,Electronic Arts,0.13,76.0,17,6.2,5,EA Canada,E,2000s,FIFA,2.8903717578961645,1.791759469228055
GC,2003,Action,Eidos Interactive,0.13,83.0,17,5.5,8,Io Interactive,M,2000s,Other,2.8903717578961645,2.1972245773362196
GBA,2004,Racing,Namco Bandai Games,0.13,62.0,10,7.5,27,Griptonite Games,E,2000s,Other,2.3978952727983707,3.332204510175204
PS2,2005,Platform,Sony Computer Entertainment,0.13,77.0,51,8.5,22,SCE Japan Studio,E10+,2000s,Other,3.9512437185814275,3.1354942159291497
PS2,2003,Action,Ubisoft,0.13,48.0,26,3.7,6,Light Weight,T,2000s,Other,3.295836866004329,1.9459101490553132
PS4,2015,Action,Square Enix,0.13,86.0,20,7.6,225,Square Enix,T,2010s,Final Fantasy,3.044522437723423,5.420534999272286
PSP,2008,Platform,Sony Computer Entertainment,0.13,72.0,56,7.8,35,High Impact Games,E10+,2000s,Other,4.04305126783455,3.58351893845611
GBA,2003,Shooter,Vivendi Games,0.13,78.0,13,7.5,27,Shin'en,E,2000s,Other,2.639057329615259,3.332204510175204
PS2,2003,Racing,Eidos Interactive,0.13,66.0,32,8.7,15,Crystal Dynamics,T,2000s,Other,3.4965075614664802,2.772588722239781
DS,2008,Action,Activision,0.13,65.0,10,7.5,27,Vicarious Visions,T,2000s,Other,2.3978952727983707,3.332204510175204
WiiU,2014,Action,Ubisoft,0.13,62.0,15,6.4,162,Ubisoft Romania,M,2010s,Other,2.772588722239781,5.093750200806762
PSP,2011,Fighting,PQube,0.13,77.0,8,6.8,10,Arc System Works,T,2010s,Other,2.1972245773362196,2.3978952727983707
DS,2007,Role-Playing,Banpresto,0.13,73.0,21,7.2,11,Flight-Plan,E10+,2000s,Other,3.091042453358316,2.4849066497880004
DS,2006,Platform,Activision,0.13,68.0,13,6.9,8,Torus Games,E10+,2000s,Other,2.639057329615259,2.1972245773362196
WiiU,2012,Action,Warner Bros. Interactive Entertainment,0.13,24.0,8,3.5,21,"Phosphor Games Studio, LLC",E,2010s,Other,2.1972245773362196,3.091042453358316
XB,2002,Action,Sega,0.13,80.0,40,8.5,28,From Software,T,2000s,Other,3.713572066704308,3.367295829986474
PS2,2003,Shooter,THQ,0.13,62.0,26,7.0,9,Outrage Games,T,2000s,Other,3.295836866004329,2.302585092994046
3DS,2011,Action,Warner Bros. Interactive Entertainment,0.13,42.0,6,3.9,7,Griptonite Games,E10+,2010s,Other,1.9459101490553132,2.0794415416798357
DS,2007,Puzzle,Natsume,0.13,41.0,5,6.3,4,Platinum Egg,E,2000s,Other,1.791759469228055,1.6094379124341003
PS2,2007,Sports,Sony Computer Entertainment,0.13,59.0,16,7.5,27,SCEA San Diego Studios,E,2000s,Other,2.833213344056216,3.332204510175204
PS2,2004,Role-Playing,Ghostlight,0.13,78.0,42,8.2,48,Atlus Co.,M,2000s,Other,3.7612001156935624,3.8918202981106265
PSV,2014,Action,Tecmo Koei,0.13,67.0,19,7.5,61,Koei Tecmo Games,M,2010s,Other,2.995732273553991,4.127134385045092
X360,2011,Action,Electronic Arts,0.13,68.0,25,8.0,9,Behaviour Interactive,E10+,2010s,Other,3.258096538021482,2.302585092994046
PSV,2014,Action,Namco Bandai Games,0.13,67.0,4,7.8,25,Ganbarion,T,2010s,Other,1.6094379124341003,3.258096538021482
PS3,2008,Sports,Activision Value,0.13,39.0,6,1.8,10,FUN Labs,T,2000s,Other,1.9459101490553132,2.3978952727983707
GBA,2004,Platform,Electronic Arts,0.13,63.0,7,7.5,27,Krome Studios,E,2000s,Other,2.0794415416798357,3.332204510175204
XB,2004,Action,Konami Digital Entertainment,0.13,48.0,20,5.6,8,Konami,T,2000s,Other,3.044522437723423,2.1972245773362196
Wii,2006,Action,Ubisoft,0.13,61.0,12,7.4,16,Ubisoft Shanghai,M,2000s,Other,2.5649493574615367,2.833213344056216
PS2,2001,Racing,Electronic Arts,0.13,58.0,4,7.5,27,Attention Software,E,2000s,Other,1.6094379124341003,3.332204510175204
PS3,2009,Shooter,D3Publisher,0.13,51.0,38,6.5,21,Vicious Cycle,T,2000s,Other,3.6635616461296463,3.091042453358316
GC,2003,Sports,Infogrames,0.13,70.0,4,9.4,5,Humongous Entertainment,E,2000s,Other,1.6094379124341003,1.791759469228055
PSP,2006,Action,Ubisoft,0.13,61.0,31,7.0,7,Ubisoft Montreal,T,2000s,Other,3.4657359027997265,2.0794415416798357
PSP,2010,Action,Namco Bandai Games,0.13,57.0,22,5.0,6,Premium Agency,T,2010s,Other,3.1354942159291497,1.9459101490553132
DC,2000,Racing,Sega,0.13,84.0,25,7.7,11,TOSE,E,2000s,Other,3.258096538021482,2.4849066497880004
X360,2012,Misc,Capcom,0.13,38.0,58,2.4,92,From Software,M,2010s,Other,4.07753744390572,4.532599493153256
X360,2011,Action,Warner Bros. Interactive Entertainment,0.13,59.0,17,7.2,23,Double Helix Games,T,2010s,Other,2.8903717578961645,3.1780538303479458
GC,2002,Fighting,Acclaim Entertainment,0.13,50.0,18,6.8,4,Acclaim,T,2000s,Other,2.9444389791664403,1.6094379124341003
XB,2003,Sports,Acclaim Entertainment,0.13,74.0,20,8.4,7,Acclaim,E,2000s,Other,3.044522437723423,2.0794415416798357
Wii,2008,Role-Playing,Sting,0.13,73.0,11,8.3,17,Sting,E10+,2000s,Other,2.4849066497880004,2.8903717578961645
X360,2006,Action,D3Publisher,0.13,39.0,39,6.4,55,Tamsoft,M,2000s,Other,3.6888794541139363,4.02535169073515
PS2,2001,Platform,3DO,0.13,53.0,18,6.7,6,3DO,E,2000s,Other,2.9444389791664403,1.9459101490553132
PS2,2008,Action,Tecmo Koei,0.13,52.0,9,8.5,13,Omega Force,T,2000s,Other,2.302585092994046,2.639057329615259
PSV,2014,Role-Playing,Idea Factory,0.13,68.0,24,7.1,36,Sting,T,2010s,Other,3.2188758248682006,3.6109179126442243
XB,2005,Action,Sega,0.13,73.0,36,8.8,12,Creative Assembly,M,2000s,Other,3.6109179126442243,2.5649493574615367
PS2,2001,Simulation,Take-Two Interactive,0.13,63.0,20,6.2,5,Syscom,E,2000s,Other,3.044522437723423,1.791759469228055
XB,2005,Action,THQ,0.13,68.0,50,7.5,68,GlyphX Games,T,2000s,Other,3.9318256327243257,4.23410650459726
PS,1999,Sports,Ubisoft,0.13,64.0,6,7.5,27,ACOT,E,1990s,Other,1.9459101490553132,3.332204510175204
GBA,2001,Puzzle,"Destination Software, Inc",0.13,68.0,4,7.5,27,Rebellion,E,2000s,Other,1.6094379124341003,3.332204510175204
WiiU,2012,Sports,Take-Two Interactive,0.13,85.0,17,7.0,43,Visual Concepts,E,2010s,Other,2.8903717578961645,3.784189633918261
DS,2007,Puzzle,Funsta,0.13,60.0,7,8.3,48,Hot Lava Games,E,2000s,Other,2.0794415416798357,3.8918202981106265
GBA,2002,Sports,Activision,0.13,72.0,4,7.5,27,HotGen,E,2000s,Other,1.6094379124341003,3.332204510175204
PS2,2002,Racing,Electronic Arts,0.13,57.0,10,7.5,27,Attention To Detail,E,2000s,Other,2.3978952727983707,3.332204510175204
GC,2002,Fighting,Activision,0.13,63.0,17,8.2,11,Exakt,T,2000s,Other,2.8903717578961645,2.4849066497880004
X360,2006,Action,Tecmo Koei,0.13,61.0,40,8.2,19,Omega Force,T,2000s,Other,3.713572066704308,2.995732273553991
XB,2002,Racing,Acclaim Entertainment,0.13,75.0,13,6.6,12,Criterion Games,E,2000s,Other,2.639057329615259,2.5649493574615367
PS2,2007,Role-Playing,Rising Star Games,0.13,60.0,6,8.8,44,Sting,T,2000s,Other,1.9459101490553132,3.8066624897703196
X360,2009,Shooter,Activision,0.13,60.0,4,7.2,21,Activision,T,2000s,Other,1.6094379124341003,3.091042453358316
X360,2007,Shooter,Midway Games,0.13,37.0,33,3.0,40,Nfusion,T,2000s,Other,3.5263605246161616,3.713572066704308
Wii,2007,Racing,Destineer,0.13,47.0,10,6.7,7,Torus Games,E,2000s,Other,2.3978952727983707,2.0794415416798357
XB,2006,Sports,Midway Games,0.13,70.0,23,7.5,27,Midway,E,2000s,Other,3.1780538303479458,3.332204510175204
XB,2005,Racing,Vivendi Games,0.13,69.0,17,7.8,11,Radical Entertainment,E10+,2000s,Other,2.8903717578961645,2.4849066497880004
GC,2003,Shooter,Electronic Arts,0.13,83.0,15,7.8,12,Io Interactive,T,2000s,Other,2.772588722239781,2.5649493574615367
GC,2006,Misc,Capcom,0.13,75.0,23,9.2,12,Capcom,E,2000s,Other,3.1780538303479458,2.5649493574615367
DS,2008,Misc,Majesco Entertainment,0.13,51.0,4,7.5,27,Kokolo Corporation,E,2000s,Other,1.6094379124341003,3.332204510175204
XB,2002,Racing,Microsoft Game Studios,0.13,70.0,21,8.1,15,Curly Monsters,T,2000s,Other,3.091042453358316,2.772588722239781
PS2,2004,Sports,Sony Computer Entertainment,0.13,74.0,41,9.1,12,Namco,E,2000s,Other,3.7376696182833684,2.5649493574615367
Wii,2008,Shooter,Ubisoft,0.13,45.0,13,6.6,17,Gearbox Software,M,2000s,Other,2.639057329615259,2.8903717578961645
XB,2002,Fighting,Acclaim Entertainment,0.13,62.0,14,7.5,27,Acclaim,T,2000s,Other,2.70805020110221,3.332204510175204
XB,2003,Shooter,LucasArts,0.13,79.0,41,7.2,15,Planet Moon Studios,T,2000s,Other,3.7376696182833684,2.772588722239781
PC,2015,Racing,Slightly Mad Studios,0.13,83.0,48,7.1,418,Slightly Mad Studios,E,2010s,Other,3.8918202981106265,6.037870919922137
DS,2009,Action,Ubisoft,0.13,36.0,8,4.8,4,Ubisoft,E10+,2000s,Other,2.1972245773362196,1.6094379124341003
GBA,2003,Racing,THQ,0.12,75.0,10,7.5,27,Tantalus Interactive,E,2000s,Other,2.3978952727983707,3.332204510175204
DS,2008,Puzzle,Square Enix,0.12,71.0,20,7.5,27,Taito Corporation,E,2000s,Other,3.044522437723423,3.332204510175204
PC,2010,Action,Square Enix,0.12,84.0,33,7.7,838,Avalanche Studios,M,2010s,Other,3.5263605246161616,6.732210706467206
3DS,2012,Platform,Sega,0.12,71.0,32,7.4,16,Zoe Mode,E10+,2010s,Other,3.4965075614664802,2.833213344056216
PS3,2012,Shooter,Konami Digital Entertainment,0.12,50.0,32,4.7,47,Rebellion,M,2010s,Other,3.4965075614664802,3.8712010109078907
GC,2004,Role-Playing,Capcom,0.12,67.0,21,7.3,12,Capcom,E,2000s,Other,3.091042453358316,2.5649493574615367
DS,2007,Racing,Electronic Arts,0.12,74.0,8,7.4,10,Exient Entertainment,E,2000s,Other,2.1972245773362196,2.3978952727983707
XOne,2016,Racing,Codemasters,0.12,86.0,17,8.0,60,Codemasters,E,2010s,Other,2.8903717578961645,4.110873864173311
PS3,2006,Sports,Take-Two Interactive,0.12,79.0,24,6.6,5,Kush Games,E10+,2000s,Other,3.2188758248682006,1.791759469228055
PS2,2003,Strategy,Sega,0.12,70.0,31,7.8,22,Team 17,T,2000s,Other,3.4657359027997265,3.1354942159291497
PSP,2010,Action,PQube,0.12,59.0,9,8.0,14,Acquire,M,2010s,Other,2.302585092994046,2.70805020110221
PC,2012,Action,Square Enix ,0.12,81.0,23,8.2,1209,United Front Games,M,2010s,Other,3.1780538303479458,7.098375638590786
DS,2007,Platform,System 3 Arcade Software,0.12,61.0,8,4.8,6,System 3,E,2000s,Other,2.1972245773362196,1.9459101490553132
PS,1998,Shooter,Midas Interactive Entertainment,0.12,63.0,5,8.2,6,Psikyo,E,1990s,Other,1.791759469228055,1.9459101490553132
GBA,2002,Action,Electronic Arts,0.12,53.0,5,7.5,27,Tiertex Design Studios,E,2000s,Other,1.791759469228055,3.332204510175204
PS2,2002,Adventure,TDK Mediactive,0.12,59.0,8,5.2,6,Digital Illusions,T,2000s,Other,2.1972245773362196,1.9459101490553132
X360,2009,Shooter,D3Publisher,0.12,53.0,53,7.0,27,Vicious Cycle,T,2000s,Other,3.9889840465642745,3.332204510175204
X360,2009,Misc,Konami Digital Entertainment,0.12,62.0,5,7.5,27,Blitz Games Studios,T,2000s,Other,1.791759469228055,3.332204510175204
PS2,2001,Fighting,Sammy Corporation,0.12,79.0,15,7.8,16,Arc System Works,T,2000s,Other,2.772588722239781,2.833213344056216
Wii,2008,Action,Playlogic Game Factory,0.12,53.0,19,8.1,14,Hydravision,M,2000s,Other,2.995732273553991,2.70805020110221
PS2,2002,Platform,Ubisoft,0.12,49.0,14,5.0,4,Ubisoft,E,2000s,Other,2.70805020110221,1.6094379124341003
Wii,2008,Simulation,Majesco Entertainment,0.12,60.0,7,7.5,27,Super X Studios,E,2000s,Other,2.0794415416798357,3.332204510175204
3DS,2013,Role-Playing,Screenlife,0.12,62.0,11,7.7,44,Spike,M,2010s,Other,2.4849066497880004,3.8066624897703196
PS2,2007,Puzzle,D3Publisher,0.12,78.0,11,7.0,6,Infinite Interactive,E10+,2000s,Other,2.4849066497880004,1.9459101490553132
PSP,2008,Misc,Ubisoft,0.12,64.0,4,8.4,18,Ubisoft,E,2000s,Other,1.6094379124341003,2.9444389791664403
PS2,2005,Role-Playing,Tecmo Koei,0.12,77.0,41,7.3,12,Nippon Ichi Software,T,2000s,Other,3.7376696182833684,2.5649493574615367
XB,2004,Platform,Activision,0.12,70.0,17,7.2,5,Activision,E,2000s,Other,2.8903717578961645,1.791759469228055
PSP,2006,Adventure,Sony Computer Entertainment,0.12,66.0,21,7.7,6,SCEA,E,2000s,Other,3.091042453358316,1.9459101490553132
GC,2006,Platform,Midway Games,0.12,51.0,8,7.5,27,Artificial Mind and Movement,E10+,2000s,Other,2.1972245773362196,3.332204510175204
PS,1998,Puzzle,Virgin Interactive,0.12,79.0,6,8.3,6,Metro,E,1990s,Other,1.9459101490553132,1.9459101490553132
X360,2009,Action,Activision,0.12,68.0,28,7.5,6,Activision,E10+,2000s,Other,3.367295829986474,1.9459101490553132
Wii,2007,Strategy,Bethesda Softworks,0.12,49.0,18,4.9,11,4J Studios,E,2000s,Other,2.9444389791664403,2.4849066497880004
DS,2008,Sports,Take-Two Interactive,0.12,59.0,8,7.0,6,Deep Fried Entertainment,E,2000s,Other,2.1972245773362196,1.9459101490553132
DS,2005,Sports,Electronic Arts,0.12,66.0,9,6.3,12,Exient Entertainment,E,2000s,Madden,2.302585092994046,2.5649493574615367
Wii,2011,Action,Electronic Arts,0.12,52.0,8,7.5,27,Behaviour Interactive,E10+,2010s,Other,2.1972245773362196,3.332204510175204
DS,2005,Puzzle,D3Publisher,0.12,68.0,22,7.5,27,Warashi,E,2000s,Other,3.1354942159291497,3.332204510175204
XB,2003,Shooter,THQ,0.12,74.0,20,5.8,11,Outrage Games,M,2000s,Other,3.044522437723423,2.4849066497880004
XB,2003,Platform,Microsoft Game Studios,0.12,73.0,38,8.4,22,Beep Industries,T,2000s,Other,3.6635616461296463,3.1354942159291497
PS3,2011,Misc,Sony Computer Entertainment,0.12,66.0,5,6.8,8,SCEE,T,2010s,Other,1.791759469228055,2.1972245773362196
X360,2011,Shooter,505 Games,0.12,37.0,12,4.5,14,Zombie Studios,T,2010s,Other,2.5649493574615367,2.70805020110221
Wii,2010,Shooter,Ubisoft,0.12,46.0,21,6.8,8,Next Level Games,T,2010s,Other,3.091042453358316,2.1972245773362196
XB,2002,Racing,BAM! Entertainment,0.12,60.0,14,7.4,5,I-Imagine,T,2000s,Other,2.70805020110221,1.791759469228055
DS,2011,Action,Sega,0.12,64.0,18,7.2,9,WayForward,E10+,2010s,Other,2.9444389791664403,2.302585092994046
PS2,2004,Adventure,Vivendi Games,0.12,67.0,31,8.4,8,Black Ops Entertainment,M,2000s,Other,3.4657359027997265,2.1972245773362196
PSV,2011,Puzzle,Namco Bandai Games,0.12,69.0,41,7.4,51,Bandai Namco Games,E10+,2010s,Other,3.7376696182833684,3.9512437185814275
PSP,2010,Strategy,Sony Computer Entertainment,0.12,86.0,27,7.9,32,Q-Games,E,2010s,Other,3.332204510175204,3.4965075614664802
DS,2010,Action,Warner Bros. Interactive Entertainment,0.12,33.0,5,7.5,27,Tantatus,E10+,2010s,Other,1.791759469228055,3.332204510175204
PS2,2006,Action,Namco Bandai Games,0.12,53.0,13,7.7,6,Monkey Bar Games,E,2000s,Other,2.639057329615259,1.9459101490553132
X360,2013,Action,Deep Silver,0.12,64.0,38,7.2,144,Grasshopper Manufacture,M,2010s,Other,3.6635616461296463,4.976733742420574
PS4,2015,Sports,Tru Blu Entertainment,0.12,76.0,4,7.4,19,Big Ant Studios,E,2010s,Other,1.6094379124341003,2.995732273553991
X360,2010,Action,THQ,0.12,33.0,7,4.3,6,THQ Australia,E10+,2010s,Other,2.0794415416798357,1.9459101490553132
PS2,2005,Adventure,Take-Two Interactive,0.12,43.0,16,2.0,5,High Voltage Software,E10+,2000s,Other,2.833213344056216,1.791759469228055
PS4,2015,Role-Playing,Tecmo Koei,0.12,75.0,32,8.1,47,Gust,Unknown,2010s,Other,3.4965075614664802,3.8712010109078907
PSP,2009,Strategy,Deep Silver,0.12,68.0,16,8.8,4,Stormregion,T,2000s,Other,2.833213344056216,1.6094379124341003
PS3,2011,Adventure,Ubisoft,0.12,50.0,4,4.0,4,Ubisoft,T,2010s,Other,1.6094379124341003,1.6094379124341003
PSP,2009,Action,Ubisoft Annecy,0.12,63.0,27,8.0,13,Now Production,M,2000s,Other,3.332204510175204,2.639057329615259
Wii,2008,Action,Electronic Arts,0.12,49.0,26,6.0,11,Sanzaru Games,E10+,2000s,Other,3.295836866004329,2.4849066497880004
XB,2001,Racing,Electronic Arts,0.12,65.0,24,8.4,7,Pseudo Interactive,T,2000s,Other,3.2188758248682006,2.0794415416798357
X360,2010,Misc,Mindscape,0.12,59.0,11,7.5,27,"Mindscape Inc., Mindscape",T,2010s,Other,2.4849066497880004,3.332204510175204
GBA,2003,Sports,Electronic Arts,0.12,63.0,14,7.5,27,Visual Impact,E,2000s,Other,2.70805020110221,3.332204510175204
PS3,2011,Fighting,505 Games,0.12,47.0,17,6.5,4,Kung Fu Factory,M,2010s,Other,2.8903717578961645,1.6094379124341003
DS,2005,Role-Playing,Rising Star Games,0.12,59.0,30,6.2,17,"Game Arts, Japan Art Media (JAM)",E10+,2000s,Other,3.4339872044851463,2.8903717578961645
XB,2004,Adventure,Electronic Arts,0.12,71.0,62,8.2,17,Namco,M,2000s,Other,4.143134726391533,2.8903717578961645
PSP,2006,Racing,Midway Games,0.12,55.0,12,7.5,27,Midway Studios - Newcastle,T,2000s,Other,2.5649493574615367,3.332204510175204
PS3,2010,Role-Playing,DTP Entertainment,0.12,47.0,14,6.5,6,Deck 13,T,2010s,Other,2.70805020110221,1.9459101490553132
PS,2001,Platform,Infogrames,0.12,72.0,12,8.8,25,Infogrames,E,2000s,Other,2.5649493574615367,3.258096538021482
DS,2007,Simulation,Game Life,0.12,68.0,9,7.5,27,Neko Entertainment,E,2000s,Other,2.302585092994046,3.332204510175204
Wii,2007,Shooter,Vivendi Games,0.12,80.0,55,8.2,26,Kuju Entertainment,E,2000s,Other,4.02535169073515,3.295836866004329
PS4,2016,Action,Crytek,0.12,65.0,40,6.9,62,Crytek,Unknown,2010s,Other,3.713572066704308,4.143134726391533
Wii,2011,Shooter,Sega,0.12,64.0,51,7.6,60,High Voltage Software,T,2010s,Other,3.9512437185814275,4.110873864173311
DS,2008,Puzzle,Game Factory,0.12,59.0,4,7.5,27,Shin'en,E,2000s,Other,1.6094379124341003,3.332204510175204
PC,2016,Adventure,Square Enix,0.12,86.0,45,7.9,915,"Crystal Dynamics, Nixxes Software",M,2010s,Other,3.828641396489095,6.82001636467413
GC,2003,Platform,Activision,0.12,62.0,21,6.6,8,GenePool,T,2000s,Other,3.091042453358316,2.1972245773362196
PSV,2016,Misc,Sega,0.12,83.0,5,8.0,22,Sega,T,2010s,Other,1.791759469228055,3.1354942159291497
XB,2004,Fighting,Acclaim Entertainment,0.12,57.0,33,7.5,27,Acclaim,T,2000s,Other,3.5263605246161616,3.332204510175204
DS,2007,Action,Atari,0.12,28.0,18,4.9,8,Santa Cruz Games,E,2000s,Other,2.9444389791664403,2.1972245773362196
XOne,2016,Simulation,Focus Home Interactive,0.12,65.0,9,7.5,27,Giants Software,E,2010s,Other,2.302585092994046,3.332204510175204
PC,2016,Action,Bethesda Softworks,0.12,86.0,37,6.0,383,Arkane Studios,M,2010s,Other,3.6375861597263857,5.950642552587727
X360,2008,Shooter,Activision Value,0.12,44.0,9,7.3,9,FUN Labs,E10+,2000s,Other,2.302585092994046,2.302585092994046
DS,2009,Role-Playing,Gust,0.12,70.0,11,6.7,15,Gust,E10+,2000s,Other,2.4849066497880004,2.772588722239781
DS,2007,Fighting,THQ,0.12,61.0,12,6.6,13,Amaze Entertainment,T,2000s,Other,2.5649493574615367,2.639057329615259
X360,2006,Sports,Take-Two Interactive,0.12,70.0,17,7.3,11,2K Sports,E,2000s,Other,2.8903717578961645,2.4849066497880004
PS2,2002,Sports,Sega,0.12,66.0,9,7.5,27,Black Box,E,2000s,Other,2.302585092994046,3.332204510175204
DS,2009,Racing,Codemasters,0.12,73.0,7,7.5,27,Firebrand Games,E,2000s,Other,2.0794415416798357,3.332204510175204
PSP,2010,Action,Sony Computer Entertainment,0.12,74.0,33,8.7,25,SuperVillain Studios,T,2010s,Other,3.5263605246161616,3.258096538021482
PS,2000,Sports,THQ,0.12,70.0,9,7.5,27,Radical Entertainment,Unknown,2000s,Other,2.302585092994046,3.332204510175204
DC,2001,Platform,Sega,0.12,89.0,18,8.6,236,Sonic Team,E,2000s,Other,2.9444389791664403,5.4680601411351315
PS2,2003,Racing,Codemasters,0.12,69.0,20,7.5,27,Codemasters,E,2000s,Other,3.044522437723423,3.332204510175204
XOne,2015,Sports,Activision,0.12,39.0,18,2.1,132,Robomodo,T,2010s,Other,2.9444389791664403,4.890349128221754
PS2,2003,Action,Acclaim Entertainment,0.12,65.0,19,5.8,8,Acclaim Studios Manchester,M,2000s,Other,2.995732273553991,2.1972245773362196
WiiU,2015,Action,Nippon Ichi Software,0.12,45.0,31,6.5,81,"Prope, Kadokawa",E10+,2010s,Other,3.4657359027997265,4.406719247264253
X360,2009,Misc,Crave Entertainment,0.12,83.0,18,8.3,16,Farsight Studios,E10+,2000s,Other,2.9444389791664403,2.833213344056216
GBA,2003,Misc,Telegames,0.12,87.0,9,7.5,27,Cosmigo,E,2000s,Other,2.302585092994046,3.332204510175204
Wii,2009,Sports,Ubisoft,0.12,64.0,20,6.8,14,Ubisoft Vancouver,E,2000s,Other,3.044522437723423,2.70805020110221
PS3,2008,Action,Codemasters,0.12,72.0,35,7.7,27,4J Studios,T,2000s,Other,3.58351893845611,3.332204510175204
X360,2010,Misc,Unknown,0.12,36.0,20,2.1,17,Seven45 Studios,T,2010s,Other,3.044522437723423,2.8903717578961645
Wii,2009,Puzzle,Zoo Digital Publishing,0.12,63.0,11,7.5,27,Infinite Interactive,E,2000s,Other,2.4849066497880004,3.332204510175204
XB,2006,Sports,Electronic Arts,0.12,69.0,26,7.1,9,EA Tiburon,E,2000s,Other,3.295836866004329,2.302585092994046
3DS,2011,Sports,Hudson Soft,0.12,52.0,6,7.5,27,Hudson Soft,E,2010s,Other,1.9459101490553132,3.332204510175204
PS2,2003,Fighting,Capcom,0.12,65.0,33,6.9,7,Capcom,T,2000s,Other,3.5263605246161616,2.0794415416798357
GC,2003,Sports,Activision,0.12,76.0,18,7.6,5,Toys for Bob,E,2000s,Other,2.9444389791664403,1.791759469228055
GC,2002,Sports,Sega,0.12,90.0,13,8.0,4,Visual Concepts,E,2000s,Other,2.639057329615259,1.6094379124341003
XB,2005,Platform,THQ,0.12,88.0,54,9.0,71,Double Fine Productions,T,2000s,Other,4.007333185232471,4.276666119016055
GC,2002,Racing,Acclaim Entertainment,0.12,36.0,14,5.6,5,Acclaim,E,2000s,Other,2.70805020110221,1.791759469228055
PS2,2005,Shooter,Playlogic Game Factory,0.12,39.0,4,8.1,9,WideScreen Games,T,2000s,Other,1.6094379124341003,2.302585092994046
Wii,2008,Sports,Zoo Digital Publishing,0.12,59.0,6,7.5,27,Zeroscale,E,2000s,Other,1.9459101490553132,3.332204510175204
Wii,2008,Simulation,Namco Bandai Games,0.12,74.0,42,7.9,13,Access Games,T,2000s,Other,3.7612001156935624,2.639057329615259
PS3,2010,Racing,Deep Silver,0.12,66.0,36,6.2,13,Techland,E10+,2010s,Other,3.6109179126442243,2.639057329615259
GC,2002,Fighting,Acclaim Entertainment,0.12,59.0,14,7.5,27,Acclaim,T,2000s,Other,2.70805020110221,3.332204510175204
DS,2006,Role-Playing,Ubisoft,0.12,68.0,44,8.2,32,Taito Corporation,E,2000s,Other,3.8066624897703196,3.4965075614664802
WiiU,2012,Action,Ubisoft,0.12,50.0,10,5.0,25,Ubisoft Quebec,T,2010s,Other,2.3978952727983707,3.258096538021482
PC,2011,Adventure,Electronic Arts,0.12,75.0,29,8.4,559,Spicy Horse,M,2010s,Other,3.4011973816621555,6.327936783729195
XB,2004,Fighting,Eidos Interactive,0.12,43.0,17,7.5,27,Paradox Development,M,2000s,Other,2.8903717578961645,3.332204510175204
X360,2008,Shooter,Moss,0.12,63.0,4,7.8,10,Moss,E10+,2000s,Other,1.6094379124341003,2.3978952727983707
DS,2007,Racing,THQ,0.12,61.0,14,7.5,27,Rainbow Studios,E,2000s,Other,2.70805020110221,3.332204510175204
WiiU,2013,Action,Ubisoft,0.12,75.0,5,7.8,148,Ubisoft Toronto,M,2010s,Other,1.791759469228055,5.003946305945459
DS,2008,Puzzle,Game Factory,0.12,66.0,8,7.5,27,Two Tribes,E,2000s,Other,2.1972245773362196,3.332204510175204
DS,2008,Puzzle,Game Factory,0.12,56.0,5,7.5,27,Shin'en,E,2000s,Other,1.791759469228055,3.332204510175204
X360,2006,Role-Playing,Sega,0.12,64.0,34,7.4,42,Sonic Team,T,2000s,Other,3.5553480614894135,3.7612001156935624
DS,2009,Puzzle,PopCap Games,0.12,84.0,17,8.2,21,Q Entertainment,E,2000s,Other,2.8903717578961645,3.091042453358316
3DS,2011,Action,Activision,0.12,50.0,7,6.4,12,Beenox,T,2010s,Other,2.0794415416798357,2.5649493574615367
Wii,2007,Racing,Midway Games,0.12,25.0,7,3.7,18,Midway Studios - San Diego,E,2000s,Other,2.0794415416798357,2.9444389791664403
PS4,2015,Action,Tecmo Koei,0.12,73.0,26,7.3,24,Omega Force,T,2010s,Other,3.295836866004329,3.2188758248682006
XB,2005,Action,Konami Digital Entertainment,0.12,74.0,26,7.0,13,Konami,M,2000s,Other,3.295836866004329,2.639057329615259
Wii,2009,Simulation,Electronic Arts,0.12,53.0,7,7.5,27,Electronic Arts,E,2000s,Other,2.0794415416798357,3.332204510175204
X360,2013,Shooter,Capcom,0.12,58.0,43,5.8,142,Spark Unlimited,T,2010s,Other,3.784189633918261,4.962844630259907
DS,2005,Strategy,Ubisoft,0.12,64.0,16,7.7,14,Ubisoft Montreal,E10+,2000s,Other,2.833213344056216,2.70805020110221
GBA,2002,Shooter,Acclaim Entertainment,0.12,72.0,8,7.0,5,RFX Interactive,T,2000s,Other,2.1972245773362196,1.791759469228055
DS,2007,Misc,Konami Digital Entertainment,0.12,61.0,17,4.9,7,1st Playable Productions,T,2000s,Other,2.8903717578961645,2.0794415416798357
PS2,2003,Action,Sega,0.12,68.0,39,7.7,20,Wow Entertainment,M,2000s,Other,3.6888794541139363,3.044522437723423
XB,2004,Adventure,Ubisoft,0.12,45.0,14,7.3,4,369 Interactive,M,2000s,Other,2.70805020110221,1.6094379124341003
WiiU,2013,Action,Warner Bros. Interactive Entertainment,0.12,77.0,7,7.3,31,TT Games,E10+,2010s,Other,2.0794415416798357,3.4657359027997265
XB,2003,Action,Vivendi Games,0.12,73.0,26,8.4,14,Eurocom Entertainment Software,T,2000s,Other,3.295836866004329,2.70805020110221
Wii,2008,Action,D3Publisher,0.12,55.0,24,8.0,20,Tamsoft,M,2000s,Other,3.2188758248682006,3.044522437723423
PC,2014,Simulation,Kalypso Media,0.12,75.0,51,7.0,351,Haemimont,T,2010s,Other,3.9512437185814275,5.863631175598097
GC,2005,Action,Konami Digital Entertainment,0.12,57.0,10,7.5,27,Konami,E10+,2000s,Other,2.3978952727983707,3.332204510175204
PSV,2012,Fighting,Sony Computer Entertainment,0.12,54.0,39,3.8,30,Novarama,T,2010s,Other,3.6888794541139363,3.4339872044851463
DS,2008,Action,Atari,0.12,78.0,18,7.5,15,Game Republic,T,2000s,Other,2.9444389791664403,2.772588722239781
PC,2016,Sports,Electronic Arts,0.12,84.0,12,4.2,160,"EA Sports, EA Vancouver",E,2010s,FIFA,2.5649493574615367,5.081404364984463
XB,2001,Racing,Midway Games,0.12,57.0,17,7.5,27,Inland Productions,T,2000s,Other,2.8903717578961645,3.332204510175204
GC,2006,Action,THQ,0.12,66.0,12,7.5,27,Blue Tongue Entertainment,E10+,2000s,Other,2.5649493574615367,3.332204510175204
PS3,2013,Simulation,From Software,0.12,66.0,18,7.4,28,From Software,T,2010s,Other,2.9444389791664403,3.367295829986474
PS2,2008,Adventure,Capcom,0.12,63.0,21,7.5,27,High Voltage Software,T,2000s,Other,3.091042453358316,3.332204510175204
Wii,2010,Platform,Konami Digital Entertainment,0.12,68.0,38,8.7,18,Hudson Soft,E10+,2010s,Other,3.6635616461296463,2.9444389791664403
Wii,2010,Action,Warner Bros. Interactive Entertainment,0.12,54.0,5,7.5,27,Tantatus,E10+,2010s,Other,1.791759469228055,3.332204510175204
Wii,2009,Platform,Warner Bros. Interactive Entertainment,0.12,65.0,6,7.5,27,Griptonite Games,E10+,2000s,Other,1.9459101490553132,3.332204510175204
XB,2002,Sports,Sega,0.12,89.0,17,7.1,14,Treyarch,E,2000s,Other,2.8903717578961645,2.70805020110221
GC,2002,Shooter,NDA Productions,0.12,54.0,23,7.0,10,Bits Studios,M,2000s,Other,3.1780538303479458,2.3978952727983707
PS2,2002,Racing,Electronic Arts,0.12,81.0,11,6.4,10,Visual Sciences,E,2000s,Other,2.4849066497880004,2.3978952727983707
PSP,2006,Shooter,Disney Interactive Studios,0.12,74.0,45,7.3,9,Q Entertainment,E,2000s,Other,3.828641396489095,2.302585092994046
PSP,2005,Sports,Electronic Arts,0.12,73.0,23,7.7,22,EA Canada,E,2000s,FIFA,3.1780538303479458,3.1354942159291497
PC,2011,Role-Playing,Electronic Arts,0.12,65.0,52,6.0,133,Maxis,T,2010s,Other,3.970291913552122,4.897839799950911
X360,2011,Sports,Ubisoft,0.12,21.0,5,5.0,25,Ubisoft,T,2010s,Other,1.791759469228055,3.258096538021482
XB,2003,Action,THQ,0.12,79.0,21,9.1,11,Eurocom Entertainment Software,T,2000s,Other,3.091042453358316,2.4849066497880004
DS,2010,Adventure,Foreign Media Games,0.12,55.0,4,7.5,27,MumboJumbo,T,2010s,Other,1.6094379124341003,3.332204510175204
GBA,2001,Racing,THQ,0.11,77.0,12,6.0,4,MTO,E,2000s,Other,2.5649493574615367,1.6094379124341003
PS3,2014,Action,Tecmo Koei,0.11,70.0,19,8.2,27,Koei Tecmo Games,M,2010s,Other,2.995732273553991,3.332204510175204
PSP,2009,Action,Ubisoft,0.11,68.0,18,7.4,18,From Software,M,2000s,Other,2.9444389791664403,2.9444389791664403
XB,2004,Sports,Activision,0.11,59.0,5,7.5,6,Sand Grain Studios,T,2000s,Other,1.791759469228055,1.9459101490553132
XB,2002,Racing,Atari,0.11,78.0,15,7.5,27,Rainbow Studios,E,2000s,Other,2.772588722239781,3.332204510175204
XB,2004,Shooter,Atari,0.11,62.0,31,8.1,9,Human Head Studios,T,2000s,Other,3.4657359027997265,2.302585092994046
PS2,2003,Racing,Metro 3D,0.11,67.0,15,9.0,5,Creat Studios,E,2000s,Other,2.772588722239781,1.791759469228055
PS2,2006,Racing,Electronic Arts,0.11,68.0,26,8.9,16,EA Tiburon,E,2000s,Other,3.295836866004329,2.833213344056216
DS,2008,Sports,Tecmo Koei,0.11,66.0,21,7.3,8,Polygon Magic,E,2000s,Other,3.091042453358316,2.1972245773362196
PC,2010,Adventure,Deep Silver,0.11,77.0,24,7.9,27,Animation Arts,T,2010s,Other,3.2188758248682006,3.332204510175204
PS3,2008,Sports,Electronic Arts,0.11,45.0,24,7.5,27,EA Tiburon,E,2000s,Other,3.2188758248682006,3.332204510175204
PS4,2015,Sports,Bigben Interactive,0.11,19.0,5,3.4,65,HB Studios Multimedia,E,2010s,Other,1.791759469228055,4.189654742026425
PS2,2007,Role-Playing,Sting,0.11,61.0,8,6.5,8,Sting,E10+,2000s,Other,2.1972245773362196,2.1972245773362196
DS,2010,Puzzle,D3Publisher,0.11,74.0,27,5.8,11,Infinite Interactive,E10+,2010s,Other,3.332204510175204,2.4849066497880004
GBA,2002,Role-Playing,Atari,0.11,76.0,20,8.1,7,Digital Eclipse,E,2000s,Other,3.044522437723423,2.0794415416798357
GBA,2004,Action,THQ,0.11,62.0,4,7.5,27,Razorback Developments,E,2000s,Other,1.6094379124341003,3.332204510175204
3DS,2016,Action,Nintendo,0.11,72.0,16,6.8,5,Headstrong Games,E,2010s,Other,2.833213344056216,1.791759469228055
DS,2009,Role-Playing,Nippon Ichi Software,0.11,50.0,17,6.2,9,"Nippon Ichi Software, Hit Maker",E10+,2000s,Other,2.8903717578961645,2.302585092994046
PS3,2010,Action,Electronic Arts,0.11,62.0,16,7.5,27,Electronic Arts,E10+,2010s,Other,2.833213344056216,3.332204510175204
PSV,2014,Action,Idea Factory International,0.11,71.0,20,6.8,44,Tamsoft,T,2010s,Other,3.044522437723423,3.8066624897703196
DS,2007,Action,Namco Bandai Games,0.11,77.0,30,7.3,15,Indies Zero,E,2000s,Other,3.4339872044851463,2.772588722239781
GBA,2002,Sports,Acclaim Entertainment,0.11,49.0,11,7.5,27,DC Studios,E,2000s,Other,2.4849066497880004,3.332204510175204
PS2,2005,Role-Playing,Sega,0.11,69.0,12,8.1,20,Neverland,T,2000s,Other,2.5649493574615367,3.044522437723423
XB,2004,Shooter,Global Star,0.11,44.0,26,7.5,27,Tactical Development,T,2000s,Other,3.295836866004329,3.332204510175204
GC,2006,Sports,Electronic Arts,0.11,63.0,16,5.7,7,EA Canada,E,2000s,FIFA,2.833213344056216,2.0794415416798357
X360,2007,Action,Take-Two Interactive,0.11,45.0,30,5.4,16,Visual Concepts,T,2000s,Other,3.4339872044851463,2.833213344056216
X360,2007,Shooter,SouthPeak Games,0.11,55.0,29,5.2,18,"Artificial Studios, Immersion Software & Graphics",T,2000s,Other,3.4011973816621555,2.9444389791664403
PS2,2005,Misc,Empire Interactive,0.11,68.0,18,7.5,27,Empire Oxford,T,2000s,Other,2.9444389791664403,3.332204510175204
DS,2008,Puzzle,Midway Games,0.11,76.0,9,7.5,27,Most Wanted Entertainment,E,2000s,Other,2.302585092994046,3.332204510175204
PSP,2008,Strategy,Ubisoft,0.11,68.0,7,5.9,8,"Funatics Software, Funatics",T,2000s,Other,2.0794415416798357,2.1972245773362196
GBA,2002,Shooter,Ubisoft,0.11,76.0,7,7.5,27,Ubisoft Milan,T,2000s,Other,2.0794415416798357,3.332204510175204
DS,2005,Platform,Namco Bandai Games,0.11,72.0,35,7.5,27,Namco,E,2000s,Other,3.58351893845611,3.332204510175204
X360,2008,Sports,Electronic Arts,0.11,67.0,14,8.4,28,EA Tiburon,E,2000s,Other,2.70805020110221,3.367295829986474
X360,2010,Racing,Activision,0.11,40.0,21,6.5,10,Sidhe Interactive,M,2010s,Other,3.091042453358316,2.3978952727983707
XB,2004,Action,Microsoft Game Studios,0.11,81.0,37,8.5,35,Microsoft Game Studios Japan,T,2000s,Other,3.6375861597263857,3.58351893845611
PS2,2003,Role-Playing,Atlus,0.11,81.0,19,7.7,19,Career Soft,T,2000s,Other,2.995732273553991,2.995732273553991
GBA,2003,Misc,Capcom,0.11,54.0,25,8.3,8,Capcom,E,2000s,Other,3.258096538021482,2.1972245773362196
WiiU,2014,Action,Nintendo,0.11,67.0,58,7.6,226,Koei Tecmo Games,M,2010s,Other,4.07753744390572,5.424950017481403
PSP,2007,Action,Ubisoft,0.11,74.0,16,8.2,19,"Pipeworks Software, Inc.",T,2000s,Other,2.833213344056216,2.995732273553991
PS2,2005,Shooter,Vivendi Games,0.11,73.0,41,8.2,23,Swordfish Studios,M,2000s,Other,3.7376696182833684,3.1780538303479458
PS2,2000,Strategy,Konami Digital Entertainment,0.11,82.0,15,8.7,11,Konami,T,2000s,Other,2.772588722239781,2.4849066497880004
XB,2005,Action,THQ,0.11,75.0,55,8.1,16,Wideload Games Inc.,M,2000s,Other,4.02535169073515,2.833213344056216
XB,2003,Action,Kemco,0.11,25.0,13,3.6,18,HotGen,T,2000s,Other,2.639057329615259,2.9444389791664403
DS,2004,Misc,THQ,0.11,28.0,17,3.9,26,WayForward,E,2000s,Other,2.8903717578961645,3.295836866004329
PSV,2013,Sports,Sony Computer Entertainment,0.11,75.0,7,7.5,21,SCEA San Diego Studios,E,2010s,Other,2.0794415416798357,3.091042453358316
GC,2002,Racing,Acclaim Entertainment,0.11,52.0,17,6.8,8,Acclaim Studios Cheltenham,E,2000s,Other,2.8903717578961645,2.1972245773362196
PSP,2010,Racing,Disney Interactive Studios,0.11,63.0,16,6.7,15,Black Rock Studio,E10+,2010s,Other,2.833213344056216,2.772588722239781
X360,2008,Strategy,Deep Silver,0.11,55.0,30,6.7,20,Black Hole Games,M,2000s,Other,3.4339872044851463,3.044522437723423
XB,2003,Action,Ubisoft,0.11,67.0,17,7.7,6,Ubisoft Montreal,T,2000s,Other,2.8903717578961645,1.9459101490553132
X360,2009,Fighting,Ignition Entertainment,0.11,63.0,57,4.2,33,SNK Playmore,T,2000s,Other,4.060443010546419,3.5263605246161616
Wii,2007,Sports,Rising Star Games,0.11,70.0,17,7.5,27,"Tecmo, Ntreev Soft",E10+,2000s,Other,2.8903717578961645,3.332204510175204
DS,2008,Platform,Zoo Digital Publishing,0.11,44.0,5,7.5,27,Black Lantern Studios,E,2000s,Other,1.791759469228055,3.332204510175204
XB,2005,Action,Global Star,0.11,53.0,34,8.0,8,Vicious Cycle,T,2000s,Other,3.5553480614894135,2.1972245773362196
PS2,2009,Action,D3Publisher,0.11,39.0,5,2.0,6,Papaya Studios,E10+,2000s,Other,1.791759469228055,1.9459101490553132
PS2,2005,Action,Ubisoft,0.11,68.0,39,7.7,27,Darkworks,M,2000s,Other,3.6888794541139363,3.332204510175204
DS,2008,Misc,Electronic Arts,0.11,75.0,19,7.6,75,EA Bright Light,E10+,2000s,Other,2.995732273553991,4.330733340286331
XB,2002,Sports,Midway Games,0.11,81.0,19,8.5,13,Black Box,E,2000s,Other,2.995732273553991,2.639057329615259
XB,2002,Shooter,From Software,0.11,48.0,18,7.5,4,From Software,T,2000s,Other,2.9444389791664403,1.6094379124341003
DS,2009,Adventure,Sega,0.11,65.0,9,7.5,27,Her Interactive,E,2000s,Other,2.302585092994046,3.332204510175204
XB,2002,Shooter,Rage Software,0.11,63.0,17,7.6,8,Rage Software,T,2000s,Other,2.8903717578961645,2.1972245773362196
GC,2002,Shooter,Universal Interactive,0.11,73.0,17,8.5,4,Terminal Reality,M,2000s,Other,2.8903717578961645,1.6094379124341003
PS,1999,Fighting,Acclaim Entertainment,0.11,43.0,7,6.3,4,Acclaim,E,1990s,Other,2.0794415416798357,1.6094379124341003
PS,2002,Fighting,Namco Bandai Games,0.11,69.0,5,9.0,74,Dimps Corporation,T,2000s,Other,1.791759469228055,4.31748811353631
X360,2009,Platform,Warner Bros. Interactive Entertainment,0.11,51.0,10,5.4,5,Griptonite Games,E10+,2000s,Other,2.3978952727983707,1.791759469228055
PSP,2007,Action,Ubisoft,0.11,37.0,7,4.1,12,Ubisoft Montreal,E10+,2000s,Other,2.0794415416798357,2.5649493574615367
GBA,2002,Action,Ubisoft,0.11,63.0,5,2.8,6,Ubisoft,E,2000s,Other,1.791759469228055,1.9459101490553132
GBA,2005,Misc,Zoo Digital Publishing,0.11,52.0,6,7.5,27,Human Soft,E,2000s,Other,1.9459101490553132,3.332204510175204
GC,2002,Sports,Sega,0.11,66.0,18,7.5,27,Wow Entertainment,E,2000s,Other,2.9444389791664403,3.332204510175204
PS2,2007,Sports,Konami Digital Entertainment,0.11,80.0,10,8.8,11,Konami,E,2000s,Other,2.3978952727983707,2.4849066497880004
DS,2010,Shooter,SouthPeak Games,0.11,75.0,25,8.3,31,Renegade Kid,M,2010s,Other,3.258096538021482,3.4657359027997265
DS,2005,Shooter,Electronic Arts,0.11,58.0,25,7.5,18,"EA Tiburon, n-Space",T,2000s,Other,3.258096538021482,2.9444389791664403
PSP,2010,Fighting,PQube,0.11,82.0,14,7.8,18,Arc System Works,T,2010s,Other,2.70805020110221,2.9444389791664403
PS2,2004,Simulation,Konami Digital Entertainment,0.11,66.0,22,7.0,6,KCE Studios,T,2000s,Other,3.1354942159291497,1.9459101490553132
Wii,2008,Racing,Activision,0.11,26.0,4,3.8,8,Eutechnyx,T,2000s,Other,1.6094379124341003,2.1972245773362196
GC,2002,Fighting,Capcom,0.11,68.0,20,8.9,27,Capcom,T,2000s,Other,3.044522437723423,3.332204510175204
GC,2002,Racing,THQ,0.11,55.0,4,6.4,5,Beyond Games,E,2000s,Other,1.6094379124341003,1.791759469228055
X360,2006,Platform,Ubisoft,0.11,59.0,15,7.3,9,Ubisoft,E10+,2000s,Other,2.772588722239781,2.302585092994046
DS,2011,Platform,THQ,0.11,75.0,11,8.2,6,Halfbrick Studios,E,2010s,Other,2.4849066497880004,1.9459101490553132
PC,2011,Shooter,Ubisoft,0.11,51.0,12,3.3,126,Ubisoft,M,2010s,Other,2.5649493574615367,4.844187086458591
PSP,2006,Action,Electronic Arts,0.11,56.0,19,7.5,27,Team Fusion,T,2000s,Other,2.995732273553991,3.332204510175204
GBA,2002,Shooter,Konami Digital Entertainment,0.11,70.0,16,7.5,27,Konami,E,2000s,Other,2.833213344056216,3.332204510175204
DS,2007,Adventure,PQube,0.11,72.0,5,7.5,27,WorkJam,T,2000s,Other,1.791759469228055,3.332204510175204
PSV,2015,Action,Warner Bros. Interactive Entertainment,0.11,70.0,5,7.5,27,TT Fusion,E10+,2010s,Other,1.791759469228055,3.332204510175204
X360,2008,Platform,Brash Entertainment,0.11,57.0,7,5.3,12,Red Tribe,E10+,2000s,Other,2.0794415416798357,2.5649493574615367
PSP,2005,Sports,Electronic Arts,0.11,77.0,17,7.7,20,EA Sports,E,2000s,FIFA,2.8903717578961645,3.044522437723423
PS3,2011,Simulation,Deep Silver,0.11,41.0,7,3.1,7,Trickstar Games,T,2010s,Other,2.0794415416798357,2.0794415416798357
PS2,2002,Strategy,3DO,0.11,68.0,14,7.5,27,Pandemic Studios,T,2000s,Other,2.70805020110221,3.332204510175204
PS4,2016,Role-Playing,Namco Bandai Games,0.11,75.0,45,8.5,289,Media Vision,T,2010s,Other,3.828641396489095,5.66988092298052
Wii,2009,Platform,Ubisoft,0.11,68.0,4,5.3,4,Ubisoft Shanghai,E,2000s,Other,1.6094379124341003,1.6094379124341003
DS,2007,Action,Ubisoft,0.11,39.0,6,5.6,7,Blue Byte,E,2000s,Other,1.9459101490553132,2.0794415416798357
PC,2001,Strategy,Gathering of Developers,0.11,81.0,19,8.9,224,FireFly Studios,T,2000s,Other,2.995732273553991,5.41610040220442
X360,2012,Racing,Namco Bandai Games,0.11,71.0,59,7.7,56,Bugbear,T,2010s,Other,4.0943445622221,4.04305126783455
GC,2005,Fighting,Midway Games,0.11,77.0,14,8.9,15,Midway,M,2000s,Other,2.70805020110221,2.772588722239781
XB,2003,Sports,Sega,0.11,88.0,25,8.4,24,Kush Games,E,2000s,Other,3.258096538021482,3.2188758248682006
PS3,2010,Sports,O-Games,0.11,58.0,23,4.1,8,Gusto Games,E,2010s,Other,3.1780538303479458,2.1972245773362196
GBA,2002,Action,Activision,0.11,50.0,13,5.0,4,Digital Eclipse,E,2000s,Other,2.639057329615259,1.6094379124341003
X360,2010,Misc,THQ,0.11,28.0,6,5.2,6,THQ,T,2010s,Other,1.9459101490553132,1.9459101490553132
PS2,2004,Strategy,Acclaim Entertainment,0.11,63.0,21,8.0,15,Team 17,T,2000s,Other,3.091042453358316,2.772588722239781
DS,2007,Misc,Gameloft,0.11,60.0,8,7.5,27,Ubisoft,E10+,2000s,Other,2.1972245773362196,3.332204510175204
XB,2005,Action,Eidos Interactive,0.11,79.0,44,7.0,10,Crystal Dynamics,T,2000s,Other,3.8066624897703196,2.3978952727983707
PS2,2009,Action,D3Publisher,0.11,56.0,4,5.0,4,High Voltage Software,E10+,2000s,Other,1.6094379124341003,1.6094379124341003
3DS,2011,Adventure,Funbox Media,0.11,62.0,9,7.4,9,Santa Entertainment,E,2010s,Other,2.302585092994046,2.302585092994046
DS,2007,Puzzle,Majesco Entertainment,0.11,55.0,23,6.1,7,Digital Embryo,E,2000s,Other,3.1780538303479458,2.0794415416798357
XB,2003,Sports,Activision,0.11,76.0,15,8.3,7,Toys for Bob,E,2000s,Other,2.772588722239781,2.0794415416798357
GC,2006,Misc,Nintendo,0.11,62.0,42,8.0,17,Vivarium,E10+,2000s,Other,3.7612001156935624,2.8903717578961645
X360,2008,Misc,Konami Digital Entertainment,0.11,70.0,7,7.0,6,Blitz Games,E,2000s,Other,2.0794415416798357,1.9459101490553132
PS2,2002,Shooter,Taito,0.11,59.0,9,7.5,27,Alfa System,E,2000s,Other,2.302585092994046,3.332204510175204
PS2,2003,Simulation,Tecmo Koei,0.11,67.0,17,8.9,23,Micro Cabin,T,2000s,Other,2.8903717578961645,3.1780538303479458
GC,2006,Shooter,Eidos Interactive,0.11,51.0,4,5.2,5,Traveller's Tales,E10+,2000s,Other,1.6094379124341003,1.791759469228055
PS2,2003,Fighting,Ignition Entertainment,0.11,71.0,31,8.6,17,SNK Playmore,T,2000s,Other,3.4657359027997265,2.8903717578961645
PSV,2015,Action,PQube,0.11,72.0,7,8.5,11,Marvelous Inc.,M,2010s,Other,2.0794415416798357,2.4849066497880004
3DS,2011,Sports,Namco Bandai Games,0.11,58.0,11,7.5,27,Indies Zero,E10+,2010s,Other,2.4849066497880004,3.332204510175204
Wii,2008,Fighting,Ignition Entertainment,0.11,70.0,15,7.5,27,SNK Playmore,T,2000s,Other,2.772588722239781,3.332204510175204
X360,2008,Action,Vivendi Games,0.11,59.0,40,7.5,27,Stormfront Studios,E10+,2000s,Other,3.713572066704308,3.332204510175204
PS3,2011,Shooter,Codemasters,0.11,50.0,40,3.5,28,Guildford Studio,M,2010s,Other,3.713572066704308,3.367295829986474
PS2,2002,Shooter,Namco Bandai Games,0.11,60.0,17,5.3,4,Namco,T,2000s,Other,2.8903717578961645,1.6094379124341003
PSV,2014,Action,Tecmo Koei,0.11,76.0,5,8.6,18,Omega Force,T,2010s,Other,1.791759469228055,2.9444389791664403
PS3,2009,Action,Sega,0.11,50.0,11,7.5,27,Pyro Studios,E,2000s,Other,2.4849066497880004,3.332204510175204
PS2,2000,Simulation,Swing! Entertainment,0.11,73.0,16,7.5,27,Game Arts,T,2000s,Other,2.833213344056216,3.332204510175204
DS,2008,Shooter,Zoo Games,0.11,35.0,4,7.5,27,Big Blue Entertainment,E,2000s,Other,1.6094379124341003,3.332204510175204
PSP,2006,Action,Vivendi Games,0.11,59.0,15,7.5,27,"Amaze Entertainment, Vivendi Games",T,2000s,Other,2.772588722239781,3.332204510175204
PS2,2004,Action,Acclaim Entertainment,0.11,64.0,31,8.0,10,Acclaim Studios Cheltenham,T,2000s,Other,3.4657359027997265,2.3978952727983707
Wii,2009,Adventure,Konami Digital Entertainment,0.11,49.0,28,6.7,16,Hudson Entertainment,T,2000s,Other,3.367295829986474,2.833213344056216
X360,2009,Action,Majesco Entertainment,0.11,50.0,15,7.1,8,"Majesco Games, Majesco",E10+,2000s,Other,2.772588722239781,2.1972245773362196
PSP,2008,Misc,System 3 Arcade Software,0.11,78.0,4,7.5,27,Farsight Studios,E10+,2000s,Other,1.6094379124341003,3.332204510175204
Wii,2009,Action,Capcom,0.11,66.0,30,6.3,6,Bionic Games,T,2000s,Other,3.4339872044851463,1.9459101490553132
XB,2003,Sports,Microsoft Game Studios,0.11,65.0,39,8.8,20,Microsoft Game Studios,E,2000s,Other,3.6888794541139363,3.044522437723423
X360,2011,Shooter,Codemasters,0.11,53.0,61,4.7,73,Guildford Studio,M,2010s,Other,4.127134385045092,4.304065093204169
XB,2002,Fighting,Activision,0.11,56.0,12,7.5,27,Paradox Development,T,2000s,Other,2.5649493574615367,3.332204510175204
PC,2009,Adventure,Daedalic,0.11,85.0,47,8.8,526,Amanita Design,Unknown,2000s,Other,3.8712010109078907,6.267200548541362
PSP,2006,Adventure,THQ,0.11,57.0,9,6.3,10,TOSE,E10+,2000s,Other,2.302585092994046,2.3978952727983707
Wii,2008,Platform,Eidos Interactive,0.11,71.0,14,8.1,14,Backbone Entertainment,T,2000s,Other,2.70805020110221,2.70805020110221
X360,2011,Sports,505 Games,0.11,48.0,10,3.5,6,Blitz Games,E,2010s,Other,2.3978952727983707,1.9459101490553132
DS,2005,Adventure,Konami Digital Entertainment,0.11,69.0,33,7.8,21,Konami Computer Entertainment Hawaii,E10+,2000s,Other,3.5263605246161616,3.091042453358316
X360,2007,Sports,Atari,0.11,55.0,32,7.5,27,Bandai Namco Games,E,2000s,Other,3.4965075614664802,3.332204510175204
XOne,2016,Action,Warner Bros. Interactive Entertainment,0.11,77.0,6,8.2,43,"Rocksteady Studios, Virtuos",T,2010s,Other,1.9459101490553132,3.784189633918261
GC,2002,Action,Universal Interactive,0.11,49.0,7,7.5,27,Point of View,T,2000s,Other,2.0794415416798357,3.332204510175204
PS2,2005,Action,SCi,0.11,58.0,29,7.4,24,Bits Studios,M,2000s,Other,3.4011973816621555,3.2188758248682006
XB,2005,Adventure,Global Star,0.11,39.0,20,0.5,8,"High Voltage Software, Backbone Entertainment",E,2000s,Other,3.044522437723423,2.1972245773362196
PS2,2003,Strategy,Tecmo Koei,0.11,78.0,18,9.1,13,Koei,T,2000s,Other,2.9444389791664403,2.639057329615259
PS2,2005,Sports,Valcon Games,0.11,73.0,11,6.3,4,"Aqua Pacific, In2Games",E,2000s,Other,2.4849066497880004,1.6094379124341003
XB,2004,Platform,Electronic Arts,0.11,69.0,29,8.8,4,Krome Studios,E,2000s,Other,3.4011973816621555,1.6094379124341003
GC,2002,Misc,Midway Games,0.11,66.0,14,7.5,27,Inevitable Entertainment,T,2000s,Other,2.70805020110221,3.332204510175204
PSV,2011,Fighting,PQube,0.11,83.0,28,7.5,97,Arc System Works,T,2010s,Other,3.367295829986474,4.584967478670572
DS,2008,Action,SouthPeak Games,0.11,45.0,16,7.3,4,Red Fly Studio,E,2000s,Other,2.833213344056216,1.6094379124341003
GC,2004,Adventure,THQ,0.11,40.0,7,4.7,9,Blue Tongue Entertainment,E,2000s,Other,2.0794415416798357,2.302585092994046
XB,2002,Sports,Acclaim Entertainment,0.11,58.0,26,7.8,9,"Z-Axis, Ltd.",M,2000s,Other,3.295836866004329,2.302585092994046
DS,2005,Racing,Majesco Entertainment,0.11,35.0,5,7.5,27,Skyworks Technologies,E,2000s,Other,1.791759469228055,3.332204510175204
DS,2007,Adventure,505 Games,0.11,67.0,13,7.5,27,BeeWorks,E,2000s,Other,2.639057329615259,3.332204510175204
PSP,2005,Platform,Konami Digital Entertainment,0.11,66.0,18,6.4,5,Konami Computer Entertainment Hawaii,E,2000s,Other,2.9444389791664403,1.791759469228055
X360,2006,Racing,Activision,0.11,38.0,14,3.8,29,Eutechnyx,T,2000s,Other,2.70805020110221,3.4011973816621555
GBA,2001,Platform,TDK Mediactive,0.11,73.0,8,7.5,27,RFX Interactive,E,2000s,Other,2.1972245773362196,3.332204510175204
PS2,2004,Shooter,Global Star,0.11,57.0,33,7.5,27,Vicious Cycle,T,2000s,Other,3.5263605246161616,3.332204510175204
XB,2003,Misc,Vivendi Games,0.11,56.0,6,7.5,27,Magenta Software,E,2000s,Other,1.9459101490553132,3.332204510175204
PS4,2016,Action,Sony Computer Entertainment,0.11,79.0,42,7.9,76,Guerilla Cambridge,T,2010s,Other,3.7612001156935624,4.343805421853684
X360,2008,Action,Konami Digital Entertainment,0.11,44.0,31,5.7,9,Krome Studios,T,2000s,Other,3.4657359027997265,2.302585092994046
DS,2010,Racing,Storm City Games,0.11,47.0,4,7.5,27,Beyond Reality,E,2010s,Other,1.6094379124341003,3.332204510175204
XOne,2015,Sports,Electronic Arts,0.11,60.0,17,5.6,62,EA Sports,E,2010s,Other,2.8903717578961645,4.143134726391533
PC,2011,Platform,Sega,0.11,77.0,11,8.3,337,Sega,E,2010s,Other,2.4849066497880004,5.823045895483019
Wii,2009,Action,D3Publisher,0.11,48.0,17,3.5,4,High Voltage Software,E10+,2000s,Other,2.8903717578961645,1.6094379124341003
X360,2009,Action,Sega,0.11,53.0,13,7.5,27,Pyro Studios,E,2000s,Other,2.639057329615259,3.332204510175204
PSP,2007,Sports,Take-Two Interactive,0.11,72.0,9,7.5,27,Blue Castle Games,E,2000s,Other,2.302585092994046,3.332204510175204
PC,2012,Action,Activision,0.11,76.0,12,6.4,389,Radical Entertainment,M,2010s,Other,2.5649493574615367,5.966146739123692
XOne,2015,Shooter,Rebellion Developments,0.11,62.0,10,7.2,40,Rebellion,Unknown,2010s,Other,2.3978952727983707,3.713572066704308
X360,2010,Sports,Activision,0.11,51.0,5,9.0,4,FUN Labs,T,2010s,Other,1.791759469228055,1.6094379124341003
PSP,2005,Action,Konami Digital Entertainment,0.11,43.0,30,5.6,22,Neverland,M,2000s,Other,3.4339872044851463,3.1354942159291497
DS,2005,Puzzle,505 Games,0.11,75.0,14,7.0,6,Happy Happening,E,2000s,Other,2.70805020110221,1.9459101490553132
GBA,2005,Action,Nintendo,0.11,56.0,22,7.5,27,Koei,E,2000s,Other,3.1354942159291497,3.332204510175204
PS4,2015,Role-Playing,Namco Bandai Games,0.11,69.0,35,8.0,79,Shift,T,2010s,Other,3.58351893845611,4.382026634673881
PS2,2000,Puzzle,3DO,0.11,79.0,14,7.5,27,Zed Two Limited,E,2000s,Other,2.70805020110221,3.332204510175204
3DS,2011,Fighting,PQube,0.11,64.0,14,6.1,19,Arc System Works,T,2010s,Other,2.70805020110221,2.995732273553991
GBA,2005,Platform,Capcom,0.11,77.0,17,9.1,21,Inti,E,2000s,Other,2.8903717578961645,3.091042453358316
PS3,2014,Racing,Deep Silver,0.11,67.0,7,4.6,20,Eutechnyx,E,2010s,Other,2.0794415416798357,3.044522437723423
PS3,2009,Platform,Warner Bros. Interactive Entertainment,0.11,53.0,8,4.8,4,Griptonite Games,E10+,2000s,Other,2.1972245773362196,1.6094379124341003
PSP,2009,Misc,PM Studios,0.11,77.0,5,6.5,13,Pentavision Entertainment,T,2000s,Other,1.791759469228055,2.639057329615259
X360,2010,Platform,Activision,0.11,62.0,22,6.2,9,Xpec,E10+,2010s,Other,3.1354942159291497,2.302585092994046
DS,2009,Simulation,Ubisoft,0.11,82.0,11,7.3,7,Keen Games,E,2000s,Other,2.4849066497880004,2.0794415416798357
XOne,2015,Sports,Konami Digital Entertainment,0.11,85.0,14,6.2,144,Konami,E,2010s,Other,2.70805020110221,4.976733742420574
GC,2005,Sports,Electronic Arts,0.11,82.0,19,4.8,4,EA Sports,E,2000s,Other,2.995732273553991,1.6094379124341003
PC,2013,Shooter,Bohemia Interactive,0.11,74.0,38,7.4,866,Bohemia Interactive,M,2010s,Other,3.6635616461296463,6.7650389767805414
X360,2007,Puzzle,THQ,0.11,52.0,21,7.5,27,Mass Media,E,2000s,Other,3.091042453358316,3.332204510175204
PSP,2006,Sports,Electronic Arts,0.11,72.0,15,7.3,8,EA Canada,E,2000s,FIFA,2.772588722239781,2.1972245773362196
GC,2002,Shooter,BAM! Entertainment,0.11,54.0,9,5.9,7,Kuju Entertainment,T,2000s,Other,2.302585092994046,2.0794415416798357
DS,2008,Action,Takara Tomy,0.11,64.0,7,7.5,27,Takara Tomy,E10+,2000s,Other,2.0794415416798357,3.332204510175204
PSV,2014,Sports,Sony Computer Entertainment America,0.11,68.0,6,7.0,25,SCEA San Diego Studios,E,2010s,Other,1.9459101490553132,3.258096538021482
X360,2009,Shooter,Bethesda Softworks,0.11,28.0,33,2.8,64,Rebellion,M,2000s,Other,3.5263605246161616,4.174387269895637
Wii,2010,Shooter,Reef Entertainment,0.11,71.0,4,7.5,27,Rebellion,M,2010s,Other,1.6094379124341003,3.332204510175204
XB,2003,Shooter,Electronic Arts,0.11,64.0,27,8.2,11,Warthog,M,2000s,Other,3.332204510175204,2.4849066497880004
PS,1999,Racing,Konami Digital Entertainment,0.11,46.0,4,7.5,27,VU Games,E,1990s,Other,1.6094379124341003,3.332204510175204
PS,2001,Adventure,Take-Two Interactive,0.11,64.0,4,6.1,16,Coyote Developments,M,2000s,Other,1.6094379124341003,2.833213344056216
XB,2004,Fighting,Vivendi Games,0.11,37.0,29,4.7,13,Genuine Games,M,2000s,Other,3.4011973816621555,2.639057329615259
PC,2010,Action,Ubisoft,0.11,83.0,20,5.2,672,Ubisoft Montreal,M,2010s,Other,3.044522437723423,6.511745329644728
PS2,2002,Racing,Empire Interactive,0.11,59.0,7,7.5,27,Razorworks Studios,E,2000s,Other,2.0794415416798357,3.332204510175204
Wii,2009,Adventure,The Adventure Company,0.11,50.0,5,7.5,27,XPEC Entertainment Inc.,E10+,2000s,Other,1.791759469228055,3.332204510175204
DS,2011,Action,Electronic Arts,0.11,55.0,4,7.5,27,Behavior Studios,E,2010s,Other,1.6094379124341003,3.332204510175204
X360,2007,Racing,Empire Interactive,0.11,80.0,44,8.8,66,Bugbear,T,2000s,Other,3.8066624897703196,4.204692619390966
PS,1999,Strategy,Namco Bandai Games,0.11,51.0,5,9.0,44,Bandai,T,1990s,Other,1.791759469228055,3.8066624897703196
PSV,2014,Fighting,Namco Bandai Games,0.11,66.0,7,7.5,54,Artdink,T,2010s,Other,2.0794415416798357,4.007333185232471
PS3,2012,Fighting,Aqua Plus,0.11,75.0,13,7.8,20,Examu,T,2010s,Other,2.639057329615259,3.044522437723423
PC,2011,Strategy,DTP Entertainment,0.11,75.0,4,4.9,89,FireFly Studios,Unknown,2010s,Other,1.6094379124341003,4.499809670330265
PS3,2010,Fighting,Konami Digital Entertainment,0.11,54.0,6,7.1,10,Immersion Software & Graphics,T,2010s,Other,1.9459101490553132,2.3978952727983707
XB,2005,Shooter,Electronic Arts,0.11,54.0,35,7.4,5,Namco,M,2000s,Other,3.58351893845611,1.791759469228055
DS,2009,Action,Oxygen Interactive,0.11,45.0,12,7.5,27,Gameinvest,E,2000s,Other,2.5649493574615367,3.332204510175204
X360,2014,Adventure,Namco Bandai Games,0.11,60.0,7,6.5,10,Vicious Cycle,E10+,2010s,Other,2.0794415416798357,2.3978952727983707
DS,2008,Simulation,Atlus,0.11,79.0,29,8.5,11,Vanguard,T,2000s,Other,3.4011973816621555,2.4849066497880004
XB,2005,Sports,Activision,0.11,63.0,4,7.5,27,Sand Grain Studios,T,2000s,Other,1.6094379124341003,3.332204510175204
GBA,2003,Simulation,Zoo Digital Publishing,0.11,62.0,9,7.8,11,Full-Fat,E,2000s,Other,2.302585092994046,2.4849066497880004
DS,2006,Action,Activision,0.1,50.0,17,7.8,6,Amaze Entertainment,E10+,2000s,Other,2.8903717578961645,1.9459101490553132
Wii,2010,Role-Playing,Ackkstudios,0.1,75.0,30,7.3,31,Idea Factory,T,2010s,Other,3.4339872044851463,3.4657359027997265
PSV,2013,Role-Playing,GungHo,0.1,59.0,13,6.0,72,Zerodiv,T,2010s,Other,2.639057329615259,4.290459441148391
PSP,2007,Sports,Ubisoft,0.1,58.0,17,6.6,11,Ubisoft,T,2000s,Other,2.8903717578961645,2.4849066497880004
PS2,2002,Sports,Midway Games,0.1,24.0,12,4.1,27,Midway,T,2000s,Other,2.5649493574615367,3.332204510175204
PS2,2005,Sports,Take-Two Interactive,0.1,67.0,28,7.8,12,Pam Development,E,2000s,Other,3.367295829986474,2.5649493574615367
X360,2011,Misc,Ubisoft,0.1,47.0,4,5.3,6,Ubisoft,E10+,2010s,Other,1.6094379124341003,1.9459101490553132
XB,2003,Fighting,Capcom,0.1,66.0,14,7.3,4,DreamFactory,T,2000s,Other,2.70805020110221,1.6094379124341003
PC,2009,Adventure,HMH Interactive,0.1,82.0,32,8.2,144,KING Art,T,2000s,Other,3.4965075614664802,4.976733742420574
PSP,2006,Action,Electronic Arts,0.1,59.0,34,7.9,16,Page 44 Studios,M,2000s,Other,3.5553480614894135,2.833213344056216
XB,2003,Platform,Acclaim Entertainment,0.1,70.0,21,8.5,10,Acclaim,T,2000s,Other,3.091042453358316,2.3978952727983707
PS2,2003,Racing,Electronic Arts,0.1,70.0,15,7.7,15,Electronic Arts,E,2000s,Other,2.772588722239781,2.772588722239781
XB,2005,Action,Hip Interactive,0.1,70.0,52,7.4,19,Digital Extremes,M,2000s,Other,3.970291913552122,2.995732273553991
XB,2004,Shooter,Ignition Entertainment,0.1,76.0,56,5.1,15,SNK,T,2000s,Other,4.04305126783455,2.772588722239781
PS3,2014,Role-Playing,Deep Silver,0.1,56.0,13,3.4,46,"Deep Silver, Keen Games",M,2010s,Other,2.639057329615259,3.8501476017100584
PS3,2011,Misc,Unknown,0.1,54.0,15,7.5,27,Blitz Games Studios,T,2010s,Other,2.772588722239781,3.332204510175204
X360,2006,Sports,Konami Digital Entertainment,0.1,79.0,22,6.5,33,KCET,E,2000s,Other,3.1354942159291497,3.5263605246161616
GBA,2005,Racing,THQ,0.1,68.0,22,5.9,9,Rare Ltd.,E,2000s,Other,3.1354942159291497,2.302585092994046
PS2,2005,Sports,Tecmo Koei,0.1,69.0,15,8.3,8,Tecmo,E,2000s,Other,2.772588722239781,2.1972245773362196
PC,2015,Role-Playing,inXile Entertainment,0.1,81.0,65,7.3,1170,InXile Entertainment,M,2010s,Other,4.189654742026425,7.065613363597717
X360,2011,Action,Kalypso Media,0.1,52.0,21,6.3,26,Haemimont,T,2010s,Other,3.091042453358316,3.295836866004329
PSP,2008,Misc,Sony Computer Entertainment,0.1,81.0,49,8.3,62,SCE Japan Studio,E,2000s,Other,3.912023005428146,4.143134726391533
PS2,2005,Platform,Konami Digital Entertainment,0.1,54.0,17,4.0,5,Hudson Soft,E,2000s,Other,2.8903717578961645,1.791759469228055
DS,2008,Misc,Cave,0.1,71.0,6,7.4,7,Cave,E,2000s,Other,1.9459101490553132,2.0794415416798357
PC,2013,Action,Konami Digital Entertainment,0.1,74.0,9,4.4,239,Konami,E,2010s,Other,2.302585092994046,5.480638923341991
GC,2003,Shooter,Vivendi Games,0.1,83.0,30,9.3,19,Swingin' Ape,T,2000s,Other,3.4339872044851463,2.995732273553991
GC,2005,Action,Ubisoft,0.1,81.0,28,8.5,15,Ubisoft Montreal,M,2000s,Other,3.367295829986474,2.772588722239781
PS2,2001,Adventure,LucasArts,0.1,84.0,21,8.2,11,LucasArts,T,2000s,Other,3.091042453358316,2.4849066497880004
DS,2009,Action,Electronic Arts,0.1,61.0,9,7.8,6,Artificial Mind and Movement,E10+,2000s,Other,2.302585092994046,1.9459101490553132
PSP,2005,Sports,Sony Computer Entertainment,0.1,61.0,23,7.4,10,Page 44 Studios,E,2000s,Other,3.1780538303479458,2.3978952727983707
PS2,2002,Simulation,Sony Computer Entertainment,0.1,78.0,17,8.6,10,SCEE,T,2000s,Other,2.8903717578961645,2.3978952727983707
GBA,2003,Racing,Zoo Digital Publishing,0.1,78.0,15,9.3,23,Magic Pockets,T,2000s,Other,2.772588722239781,3.1780538303479458
XB,2003,Action,Microids,0.1,72.0,17,7.0,5,Microids,T,2000s,Other,2.8903717578961645,1.791759469228055
PSP,2007,Strategy,LucasArts,0.1,72.0,7,0.6,24,Frontier Developments,E10+,2000s,Other,2.0794415416798357,3.2188758248682006
PS3,2009,Platform,Ubisoft,0.1,66.0,9,6.0,5,Ubisoft Shanghai,E,2000s,Other,2.302585092994046,1.791759469228055
PS2,2002,Sports,THQ,0.1,71.0,12,9.0,10,Koei/Inis,E,2000s,Other,2.5649493574615367,2.3978952727983707
DS,2008,Puzzle,Square Enix,0.1,64.0,25,6.7,6,Moss,E,2000s,Other,3.258096538021482,1.9459101490553132
GBA,2004,Role-Playing,Sting,0.1,76.0,26,9.2,21,Sting,T,2000s,Other,3.295836866004329,3.091042453358316
X360,2012,Action,Konami Digital Entertainment,0.1,52.0,23,6.5,30,Gaijin Entertainment,M,2010s,Other,3.1780538303479458,3.4339872044851463
PSP,2008,Role-Playing,Sting,0.1,73.0,17,7.9,18,Sting,T,2000s,Other,2.8903717578961645,2.9444389791664403
PSP,2007,Simulation,Konami Digital Entertainment,0.1,51.0,25,7.5,27,Backbone Entertainment,T,2000s,Other,3.258096538021482,3.332204510175204
PS2,2003,Fighting,505 Games,0.1,72.0,28,7.5,14,Taito Corporation,T,2000s,Other,3.367295829986474,2.70805020110221
X360,2008,Action,Sega,0.1,66.0,44,8.3,57,Petroglyph,T,2000s,Other,3.8066624897703196,4.060443010546419
PS2,2005,Action,Sony Computer Entertainment,0.1,51.0,45,6.2,24,Namco,M,2000s,Other,3.828641396489095,3.2188758248682006
PC,2004,Strategy,Activision,0.1,92.0,58,9.1,1050,Creative Assembly,T,2000s,Other,4.07753744390572,6.957497370876951
PC,2004,Shooter,Activision,0.1,87.0,83,7.6,896,id Software,M,2000s,Other,4.430816798843313,6.799055862058796
DS,2009,Adventure,Konami Digital Entertainment,0.1,62.0,9,7.5,27,Konami,E,2000s,Other,2.302585092994046,3.332204510175204
DS,2009,Action,D3Publisher,0.1,34.0,9,7.5,27,Art,E,2000s,Other,2.302585092994046,3.332204510175204
DS,2006,Misc,Zoo Digital Publishing,0.1,59.0,5,7.5,27,Black Lantern Studios,E,2000s,Other,1.791759469228055,3.332204510175204
XOne,2015,Racing,Milestone S.r.l.,0.1,54.0,9,5.3,17,Milestone S.r.l,E,2010s,Other,2.302585092994046,2.8903717578961645
X360,2012,Racing,Activision,0.1,72.0,7,3.4,27,Eutechnyx,E,2010s,Other,2.0794415416798357,3.332204510175204
Wii,2009,Action,Rising Star Games,0.1,39.0,32,5.6,34,FeelPlus,M,2000s,Other,3.4965075614664802,3.5553480614894135
XB,2004,Racing,Codemasters,0.1,84.0,33,8.1,19,Codemasters,E,2000s,Other,3.5263605246161616,2.995732273553991
GBA,2002,Racing,Ubisoft,0.1,58.0,8,7.5,27,UDS,E,2000s,Other,2.1972245773362196,3.332204510175204
XB,2005,Sports,Electronic Arts,0.1,60.0,21,8.0,9,EA Canada,E,2000s,FIFA,3.091042453358316,2.302585092994046
PC,2016,Simulation,Electronic Arts,0.1,77.0,10,5.7,30,Maxis,T,2010s,Other,2.3978952727983707,3.4339872044851463
XB,2004,Racing,THQ,0.1,63.0,11,6.2,5,Climax Group,E,2000s,Other,2.4849066497880004,1.791759469228055
X360,2008,Sports,Midway Games,0.1,68.0,34,7.2,13,Midway,M,2000s,Other,3.5553480614894135,2.639057329615259
DS,2009,Adventure,Konami Digital Entertainment,0.1,56.0,14,8.8,4,Hudson Entertainment,T,2000s,Other,2.70805020110221,1.6094379124341003
PSP,2007,Action,Activision,0.1,60.0,6,7.5,27,Raylight Studios,E,2000s,Other,1.9459101490553132,3.332204510175204
XB,2003,Fighting,Capcom,0.1,80.0,26,8.7,13,Capcom,T,2000s,Other,3.295836866004329,2.639057329615259
GC,2002,Action,Virgin Interactive,0.1,70.0,13,7.6,7,High Voltage Software,M,2000s,Other,2.639057329615259,2.0794415416798357
DS,2007,Puzzle,Sega,0.1,61.0,11,7.5,27,Sega,E,2000s,Other,2.4849066497880004,3.332204510175204
PS2,2003,Racing,Midway Games,0.1,66.0,20,7.5,27,Midway Studios - San Diego,T,2000s,Other,3.044522437723423,3.332204510175204
GC,2006,Role-Playing,Unknown,0.1,75.0,21,8.9,23,"Monolith Soft, Namco Bandai Games",T,2000s,Other,3.091042453358316,3.1780538303479458
PS2,2002,Fighting,Eidos Interactive,0.1,57.0,28,7.2,6,Yuke's,T,2000s,Other,3.367295829986474,1.9459101490553132
XB,2001,Sports,THQ,0.1,71.0,26,7.5,27,Radical Entertainment,T,2000s,Other,3.295836866004329,3.332204510175204
GC,2003,Sports,Electronic Arts,0.1,85.0,18,8.4,7,EA Sports,E,2000s,Other,2.9444389791664403,2.0794415416798357
X360,2007,Sports,Ubisoft,0.1,61.0,15,6.1,9,Ubisoft,E10+,2000s,Other,2.772588722239781,2.302585092994046
XB,2006,Action,Activision,0.1,53.0,38,8.1,7,"Z-Axis, Ltd.",T,2000s,Other,3.6635616461296463,2.0794415416798357
PS2,2002,Shooter,Virgin Interactive,0.1,58.0,27,8.2,9,Digital Mayhem,M,2000s,Other,3.332204510175204,2.302585092994046
WiiU,2013,Puzzle,Warner Bros. Interactive Entertainment,0.1,71.0,17,6.3,39,5TH Cell,E10+,2010s,Other,2.8903717578961645,3.6888794541139363
PS2,2006,Platform,Midway Games,0.1,52.0,19,4.2,6,Artificial Mind and Movement,E10+,2000s,Other,2.995732273553991,1.9459101490553132
XB,2005,Shooter,SCi,0.1,62.0,24,7.9,8,Pivotal Games,M,2000s,Other,3.2188758248682006,2.1972245773362196
GC,2002,Action,Activision,0.1,53.0,19,7.5,27,Treyarch,T,2000s,Other,2.995732273553991,3.332204510175204
PS2,2005,Role-Playing,Tecmo Koei,0.1,58.0,16,6.8,8,Tecmo,E10+,2000s,Other,2.833213344056216,2.1972245773362196
PS3,2009,Misc,Konami Digital Entertainment,0.1,66.0,8,7.5,27,Blitz Games Studios,T,2000s,Other,2.1972245773362196,3.332204510175204
PSV,2013,Action,Screenlife,0.1,85.0,17,7.8,112,Engine Software,T,2010s,Other,2.8903717578961645,4.727387818712341
PC,2009,Adventure,Deep Silver,0.1,70.0,41,7.6,77,Daedalic Entertainment,E,2000s,Other,3.7376696182833684,4.356708826689592
DS,2009,Adventure,JoWood Productions,0.1,53.0,11,6.5,4,Dreamcatcher,T,2000s,Other,2.4849066497880004,1.6094379124341003
Wii,2008,Simulation,Hudson Soft,0.1,65.0,12,7.0,5,Hudson Soft,E10+,2000s,Other,2.5649493574615367,1.791759469228055
GC,2002,Sports,Sega,0.1,76.0,31,8.1,9,Sega AM2,E,2000s,Other,3.4657359027997265,2.302585092994046
DS,2007,Fighting,505 Games,0.1,71.0,23,7.5,4,Dimps Corporation,E10+,2000s,Other,3.1780538303479458,1.6094379124341003
3DS,2013,Puzzle,Warner Bros. Interactive Entertainment,0.1,68.0,7,6.2,20,5TH Cell,E10+,2010s,Other,2.0794415416798357,3.044522437723423
PS,2000,Misc,Vivendi Games,0.1,82.0,6,7.5,27,Jellyvision,E,2000s,Other,1.9459101490553132,3.332204510175204
PS2,2001,Role-Playing,Ubisoft,0.1,76.0,16,7.8,22,Genki,T,2000s,Other,2.833213344056216,3.1354942159291497
PSP,2008,Role-Playing,Nippon Ichi Software,0.1,41.0,19,5.3,37,Gust,E10+,2000s,Other,2.995732273553991,3.6375861597263857
GBA,2004,Action,Activision,0.1,33.0,11,6.3,6,Saffire,T,2000s,Other,2.4849066497880004,1.9459101490553132
PS2,2007,Action,Activision,0.1,65.0,11,7.5,4,Beenox,E,2000s,Other,2.4849066497880004,1.6094379124341003
PSV,2015,Action,Capcom,0.1,65.0,12,7.8,63,Frima Studio,M,2010s,Other,2.5649493574615367,4.1588830833596715
XB,2002,Sports,Activision,0.1,80.0,15,8.0,5,Treyarch,E,2000s,Other,2.772588722239781,1.791759469228055
X360,2008,Sports,Electronic Arts,0.1,49.0,35,3.1,45,EA Tiburon,E,2000s,Other,3.58351893845611,3.828641396489095
DS,2007,Role-Playing,Rising Star Games,0.1,56.0,8,7.5,27,Global A,E10+,2000s,Other,2.1972245773362196,3.332204510175204
PC,2010,Action,Electronic Arts,0.1,37.0,5,4.1,33,EA Bright Light,T,2010s,Other,1.791759469228055,3.5263605246161616
DS,2006,Puzzle,Zoo Digital Publishing,0.1,25.0,4,3.5,4,FrontLine Studios,E,2000s,Other,1.6094379124341003,1.6094379124341003
PS2,2005,Platform,Global Star,0.1,49.0,9,8.0,11,High Voltage Software,E10+,2000s,Other,2.302585092994046,2.4849066497880004
XOne,2015,Action,Capcom,0.1,75.0,22,7.5,106,Capcom,M,2010s,Other,3.1354942159291497,4.672828834461906
PS,2001,Racing,Acclaim Entertainment,0.1,68.0,11,7.5,27,Clockwork Games,E,2000s,Other,2.4849066497880004,3.332204510175204
XB,2004,Role-Playing,Ubisoft,0.1,75.0,50,8.8,4,InXile Entertainment,T,2000s,Other,3.9318256327243257,1.6094379124341003
PS2,2004,Shooter,Zoo Digital Publishing,0.1,78.0,47,8.3,13,The Behemoth,T,2000s,Other,3.8712010109078907,2.639057329615259
DS,2007,Adventure,Midway Games,0.1,43.0,25,3.5,6,Hoplite Research,E,2000s,Other,3.258096538021482,1.9459101490553132
GBA,2002,Platform,Ubisoft,0.1,60.0,4,7.5,27,Visual Impact,E,2000s,Other,1.6094379124341003,3.332204510175204
PSP,2010,Shooter,Ubisoft,0.1,54.0,15,7.5,27,Virtuos,T,2010s,Other,2.772588722239781,3.332204510175204
DS,2009,Sports,Hudson Soft,0.1,57.0,10,7.5,27,Hudson Soft,E,2000s,Other,2.3978952727983707,3.332204510175204
X360,2010,Racing,Deep Silver,0.1,64.0,49,7.1,16,Techland,E10+,2010s,Other,3.912023005428146,2.833213344056216
GBA,2003,Action,Ubisoft,0.1,77.0,21,8.6,8,Ubisoft Montreal,T,2000s,Other,3.091042453358316,2.1972245773362196
X360,2006,Shooter,Atari,0.1,55.0,59,6.1,41,Cavia Inc.,M,2000s,Other,4.0943445622221,3.7376696182833684
DS,2008,Action,Activision,0.1,77.0,12,7.5,14,Griptonite Games,E10+,2000s,Other,2.5649493574615367,2.70805020110221
3DS,2011,Misc,Crave Entertainment,0.1,67.0,5,7.3,8,Crave,E10+,2010s,Other,1.791759469228055,2.1972245773362196
Wii,2009,Misc,505 Games,0.1,32.0,4,1.8,4,505 Games,T,2000s,Other,1.6094379124341003,1.6094379124341003
PSP,2006,Sports,Midway Games,0.1,69.0,17,7.7,7,Backbone Entertainment,E,2000s,Other,2.8903717578961645,2.0794415416798357
XB,2004,Shooter,Konami Digital Entertainment,0.1,69.0,25,7.4,5,Konami,M,2000s,Other,3.258096538021482,1.791759469228055
PS2,2001,Role-Playing,Metro 3D,0.1,60.0,14,8.5,13,From Software,T,2000s,Other,2.70805020110221,2.639057329615259
PS3,2009,Adventure,Codemasters,0.1,17.0,11,1.7,37,Team 17,M,2000s,Other,2.4849066497880004,3.6375861597263857
Wii,2010,Shooter,Majesco Entertainment,0.1,39.0,6,7.5,27,"Majesco Games, Majesco",T,2010s,Other,1.9459101490553132,3.332204510175204
X360,2010,Sports,Activision,0.1,55.0,4,7.5,27,Now Production,E,2010s,Other,1.6094379124341003,3.332204510175204
XB,2005,Adventure,Atari,0.1,84.0,51,7.7,39,Quantic Dream,M,2000s,Other,3.9512437185814275,3.6888794541139363
XB,2006,Platform,Activision,0.1,61.0,26,7.5,27,Edge of Reality,E10+,2000s,Other,3.295836866004329,3.332204510175204
PS3,2007,Misc,Activision,0.1,75.0,6,7.5,27,Left Field Productions,T,2000s,Other,1.9459101490553132,3.332204510175204
XB,2002,Puzzle,Microsoft Game Studios,0.1,28.0,13,4.6,8,Media Vision,E,2000s,Other,2.639057329615259,2.1972245773362196
X360,2005,Sports,Take-Two Interactive,0.1,75.0,37,6.1,24,2K Sports,E10+,2000s,Other,3.6375861597263857,3.2188758248682006
Wii,2011,Action,Activision,0.1,36.0,10,4.5,15,Silicon Knights,T,2010s,Other,2.3978952727983707,2.772588722239781
XB,2005,Sports,Take-Two Interactive,0.1,82.0,17,9.2,6,2K Sports,E,2000s,Other,2.8903717578961645,1.9459101490553132
DS,2006,Role-Playing,Rising Star Games,0.1,73.0,36,8.2,35,Grasshopper Manufacture,E10+,2000s,Other,3.6109179126442243,3.58351893845611
3DS,2011,Action,THQ,0.1,54.0,4,7.5,27,THQ,E10+,2010s,Other,1.6094379124341003,3.332204510175204
PSP,2008,Adventure,Capcom,0.1,62.0,19,8.0,8,High Voltage Software,T,2000s,Other,2.995732273553991,2.1972245773362196
PC,2011,Action,Electronic Arts,0.1,43.0,12,5.0,56,Unknown,Unknown,2010s,Other,2.5649493574615367,4.04305126783455
Wii,2010,Action,Ubisoft,0.1,47.0,11,7.5,27,Ubisoft,T,2010s,Other,2.4849066497880004,3.332204510175204
XB,2005,Action,Vivendi Games,0.1,46.0,17,8.0,10,Eurocom Entertainment Software,M,2000s,Other,2.8903717578961645,2.3978952727983707
Wii,2007,Role-Playing,Tecmo Koei,0.1,65.0,33,7.7,14,ArtePiazza,E10+,2000s,Other,3.5263605246161616,2.70805020110221
GC,2001,Misc,Kemco,0.1,39.0,11,2.9,11,Kemco,T,2000s,Other,2.4849066497880004,2.4849066497880004
PSV,2013,Adventure,PQube,0.1,83.0,16,9.2,87,5pb,M,2010s,Other,2.833213344056216,4.477336814478207
XB,2004,Action,Ubisoft,0.1,67.0,21,5.2,6,Venom Games,T,2000s,Other,3.091042453358316,1.9459101490553132
PSP,2009,Sports,Take-Two Interactive,0.1,67.0,5,7.5,27,Blue Castle Games,E10+,2000s,Other,1.791759469228055,3.332204510175204
DS,2008,Adventure,Oxygen Interactive,0.1,68.0,4,7.5,27,Magellan Interactive,E10+,2000s,Other,1.6094379124341003,3.332204510175204
PS2,2004,Simulation,Global Star,0.1,42.0,19,8.3,18,Starsphere Interactive,E,2000s,Other,2.995732273553991,2.9444389791664403
PS4,2015,Fighting,Capcom,0.1,71.0,28,5.9,94,Other Ocean Interactive,T,2010s,Other,3.367295829986474,4.553876891600541
PS4,2016,Shooter,CCP,0.1,73.0,26,6.3,37,CCP,T,2010s,Other,3.295836866004329,3.6375861597263857
PSP,2009,Fighting,Namco Bandai Games,0.1,28.0,16,0.9,50,Dimps Corporation,T,2000s,Other,2.833213344056216,3.9318256327243257
PS4,2015,Action,Ubisoft,0.1,73.0,13,6.8,50,Ivory Tower,T,2010s,Other,2.639057329615259,3.9318256327243257
XB,2004,Racing,Activision,0.1,79.0,39,7.5,27,Left Field Productions,E,2000s,Other,3.6888794541139363,3.332204510175204
PS4,2014,Role-Playing,Nippon Ichi Software,0.1,53.0,31,6.0,79,Kadokawa,M,2010s,Other,3.4657359027997265,4.382026634673881
X360,2012,Shooter,Konami Digital Entertainment,0.1,52.0,46,5.5,65,Rebellion,M,2010s,Other,3.8501476017100584,4.189654742026425
PS2,2005,Action,Sony Computer Entertainment,0.1,53.0,23,7.5,27,SCEE London Studio,E,2000s,Other,3.1780538303479458,3.332204510175204
PS2,2007,Racing,Capcom,0.1,62.0,26,9.1,7,Milestone,E,2000s,Other,3.295836866004329,2.0794415416798357
PS3,2012,Action,Konami Digital Entertainment,0.1,53.0,19,7.2,22,Gaijin Entertainment,M,2010s,Other,2.995732273553991,3.1354942159291497
3DS,2011,Action,Sega,0.1,55.0,10,4.2,5,Red Fly Studio,T,2010s,Other,2.3978952727983707,1.791759469228055
3DS,2011,Platform,Ubisoft,0.1,51.0,15,5.9,14,AQ Interactive,E,2010s,Other,2.772588722239781,2.70805020110221
XB,2002,Shooter,BAM! Entertainment,0.1,54.0,13,7.5,27,Bam Entertainment,M,2000s,Other,2.639057329615259,3.332204510175204
PC,2014,Racing,Codemasters,0.1,61.0,20,4.8,65,Codemasters Birmingham,E,2010s,Other,3.044522437723423,4.189654742026425
DS,2009,Puzzle,Rising Star Games,0.1,72.0,7,6.8,6,Natsume,E,2000s,Other,2.0794415416798357,1.9459101490553132
DS,2009,Role-Playing,Namco Bandai Games,0.1,63.0,27,6.6,10,Tri-Crescendo,E10+,2000s,Other,3.332204510175204,2.3978952727983707
DS,2006,Action,Ubisoft,0.1,57.0,15,7.5,27,Ubisoft Casablanca,E10+,2000s,Other,2.772588722239781,3.332204510175204
PS2,2007,Role-Playing,Sega,0.1,64.0,24,7.3,17,Neverland,E10+,2000s,Other,3.2188758248682006,2.8903717578961645
DS,2006,Role-Playing,Namco Bandai Games,0.1,71.0,8,7.6,27,Bec,E10+,2000s,Other,2.1972245773362196,3.332204510175204
X360,2010,Action,Electronic Arts,0.1,56.0,15,5.5,4,Behaviour Interactive,E10+,2010s,Other,2.772588722239781,1.6094379124341003
DS,2005,Racing,Zoo Digital Publishing,0.1,49.0,5,7.5,27,Visual Impact,E,2000s,Other,1.791759469228055,3.332204510175204
XB,2006,Platform,Vivendi Games,0.1,68.0,16,7.5,27,Vivendi Games,E10+,2000s,Other,2.833213344056216,3.332204510175204
PS2,2004,Fighting,505 Games,0.1,73.0,39,7.5,13,Arc System Works,T,2000s,Other,3.6888794541139363,2.639057329615259
Wii,2009,Action,D3Publisher,0.1,60.0,8,7.5,27,High Voltage Software,E10+,2000s,Other,2.1972245773362196,3.332204510175204
Wii,2009,Action,Konami Digital Entertainment,0.1,71.0,7,8.2,5,Loose Cannon Studios,E10+,2000s,Other,2.0794415416798357,1.791759469228055
PS2,2001,Racing,Rage Software,0.1,64.0,12,7.5,27,Rage Software,E,2000s,Other,2.5649493574615367,3.332204510175204
WiiU,2015,Platform,Yacht Club Games,0.1,88.0,24,8.3,280,Yacht Club Games,E,2010s,Other,3.2188758248682006,5.638354669333745
PSV,2014,Role-Playing,Nippon Ichi Software,0.1,66.0,25,7.3,24,Experience Inc.,M,2010s,Other,3.258096538021482,3.2188758248682006
XB,2003,Racing,THQ,0.1,87.0,23,8.5,14,Climax Group,E,2000s,Other,3.1780538303479458,2.70805020110221
Wii,2007,Action,Codemasters,0.1,62.0,25,6.2,32,IR Gurus,T,2000s,Other,3.258096538021482,3.4965075614664802
PS2,2006,Role-Playing,505 Games,0.1,71.0,30,7.7,43,Gust,T,2000s,Other,3.4339872044851463,3.784189633918261
GBA,2006,Platform,Konami Digital Entertainment,0.1,86.0,4,8.4,12,KCET,T,2000s,Other,1.6094379124341003,2.5649493574615367
PS4,2015,Action,Tecmo Koei,0.1,71.0,29,6.5,15,Omega Force,T,2010s,Other,3.4011973816621555,2.772588722239781
DS,2008,Action,Electronic Arts,0.1,54.0,13,7.5,27,Sanzaru Games,E10+,2000s,Other,2.639057329615259,3.332204510175204
XB,2002,Simulation,Microsoft Game Studios,0.1,83.0,20,8.5,20,Capcom,T,2000s,Other,3.044522437723423,3.044522437723423
PSP,2006,Action,Capcom,0.1,74.0,34,6.8,6,Capcom,T,2000s,Other,3.5553480614894135,1.9459101490553132
3DS,2011,Fighting,Deep Silver,0.1,58.0,16,5.9,28,Papaya Studios,E10+,2010s,Other,2.833213344056216,3.367295829986474
DS,2010,Puzzle,PopCap Games,0.1,77.0,10,7.5,27,Griptonite Games,E,2010s,Other,2.3978952727983707,3.332204510175204
Wii,2008,Shooter,Eidos Interactive,0.1,78.0,30,7.7,17,BudCat,E,2000s,Other,3.4339872044851463,2.8903717578961645
DS,2006,Strategy,Ignition Entertainment,0.1,48.0,19,4.8,6,SNK Playmore,T,2000s,Other,2.995732273553991,1.9459101490553132
PC,2006,Strategy,Sega,0.1,88.0,39,8.9,648,Creative Assembly,T,2000s,Other,3.6888794541139363,6.47543271670409
X360,2009,Shooter,Phantom EFX,0.1,44.0,25,4.8,76,8Monkey Labs,M,2000s,Other,3.258096538021482,4.343805421853684
XOne,2016,Platform,Activision,0.1,78.0,14,6.0,8,Toys for Bob,E10+,2010s,Other,2.70805020110221,2.1972245773362196
XB,2002,Action,Activision,0.1,54.0,18,5.0,4,Treyarch,T,2000s,Other,2.9444389791664403,1.6094379124341003
PSP,2006,Racing,Electronic Arts,0.1,66.0,13,5.3,6,Exient Entertainment,E,2000s,Other,2.639057329615259,1.9459101490553132
PSV,2016,Fighting,Namco Bandai Games,0.1,62.0,4,7.8,10,Spike Chunsoft,T,2010s,Other,1.6094379124341003,2.3978952727983707
PS2,2002,Racing,Electronic Arts,0.09,78.0,16,7.5,27,Electronic Arts,E,2000s,Other,2.833213344056216,3.332204510175204
X360,2011,Misc,THQ,0.09,60.0,16,7.0,7,Eurocom Entertainment Software,E10+,2010s,Other,2.833213344056216,2.0794415416798357
XB,2005,Simulation,Ubisoft,0.09,61.0,43,4.1,9,Cyberlore Studios,M,2000s,Other,3.784189633918261,2.302585092994046
PS,2000,Action,Sony Computer Entertainment,0.09,61.0,11,8.3,7,Argonaut Games,E,2000s,Other,2.4849066497880004,2.0794415416798357
PS2,2006,Action,THQ,0.09,62.0,13,8.7,10,Blue Tongue Entertainment,E10+,2000s,Other,2.639057329615259,2.3978952727983707
PS3,2011,Fighting,Capcom,0.09,80.0,36,6.2,114,Capcom,T,2010s,Other,3.6109179126442243,4.74493212836325
X360,2011,Shooter,Square Enix,0.09,43.0,42,1.2,116,FeelPlus,M,2010s,Other,3.7612001156935624,4.762173934797756
GC,2005,Platform,Namco Bandai Games,0.09,66.0,17,7.3,10,Blitz Games,E,2000s,Other,2.8903717578961645,2.3978952727983707
GC,2002,Fighting,Rage Software,0.09,74.0,17,7.5,27,Rage Software,T,2000s,Other,2.8903717578961645,3.332204510175204
DS,2007,Strategy,Ghostlight,0.09,73.0,28,7.3,6,odenis studio,E10+,2000s,Other,3.367295829986474,1.9459101490553132
3DS,2012,Puzzle,Nintendo,0.09,71.0,11,7.9,17,Nintendo,E,2010s,Other,2.4849066497880004,2.8903717578961645
XB,2004,Racing,Eidos Interactive,0.09,65.0,25,6.4,7,Climax Group,T,2000s,Other,3.258096538021482,2.0794415416798357
XB,2002,Sports,Midway Games,0.09,77.0,17,7.5,27,Point of View,E,2000s,Other,2.8903717578961645,3.332204510175204
XB,2005,Action,Vivendi Games,0.09,60.0,4,7.5,27,Eurocom Entertainment Software,E,2000s,Other,1.6094379124341003,3.332204510175204
PS3,2014,Adventure,Namco Bandai Games,0.09,59.0,11,6.3,4,Vicious Cycle,E10+,2010s,Other,2.4849066497880004,1.6094379124341003
PSP,2009,Adventure,Idea Factory,0.09,79.0,4,8.3,30,Idea Factory,M,2000s,Other,1.6094379124341003,3.4339872044851463
PS2,2003,Racing,Acclaim Entertainment,0.09,61.0,13,7.8,6,Climax Group,E,2000s,Other,2.639057329615259,1.9459101490553132
PC,2011,Strategy,Kalypso Media,0.09,65.0,35,4.6,106,Realmforge Studios,M,2010s,Other,3.58351893845611,4.672828834461906
Wii,2008,Sports,Activision,0.09,70.0,8,8.0,6,Now Production,E,2000s,Other,2.1972245773362196,1.9459101490553132
X360,2011,Sports,Deep Silver,0.09,46.0,9,6.5,4,49Games,E,2010s,Other,2.302585092994046,1.6094379124341003
X360,2007,Action,Tecmo Koei,0.09,63.0,26,6.8,16,Omega Force,T,2000s,Other,3.295836866004329,2.833213344056216
PC,2009,Racing,Electronic Arts,0.09,87.0,26,7.5,435,Criterion Games,E10+,2000s,Other,3.295836866004329,6.077642243349034
PS2,2001,Role-Playing,From Software,0.09,64.0,13,7.8,6,From Software,T,2000s,Other,2.639057329615259,1.9459101490553132
GBA,2002,Action,THQ,0.09,63.0,13,4.8,4,3d6 Games,T,2000s,Other,2.639057329615259,1.6094379124341003
DS,2008,Strategy,Rising Star Games,0.09,60.0,20,7.5,27,Genki,E10+,2000s,Other,3.044522437723423,3.332204510175204
PSP,2005,Role-Playing,Namco Bandai Games,0.09,68.0,24,7.7,26,Microvision,T,2000s,Other,3.2188758248682006,3.295836866004329
X360,2009,Shooter,Evolved Games,0.09,38.0,22,3.5,37,Atomic Motion,T,2000s,Other,3.1354942159291497,3.6375861597263857
PC,1999,Strategy,Microsoft Game Studios,0.09,92.0,21,9.0,801,Ensemble Studios,T,1990s,Other,3.091042453358316,6.687108607866515
Wii,2008,Misc,D3Publisher,0.09,42.0,10,1.0,7,Tamsoft,E10+,2000s,Other,2.3978952727983707,2.0794415416798357
PS2,2004,Role-Playing,Sega,0.09,61.0,14,6.5,11,Nex Entertainment,T,2000s,Other,2.70805020110221,2.4849066497880004
XB,2002,Racing,THQ,0.09,84.0,18,8.4,16,Climax Group,E,2000s,Other,2.9444389791664403,2.833213344056216
PS2,2004,Platform,Take-Two Interactive,0.09,70.0,20,8.6,18,Artificial Mind and Movement,E,2000s,Other,3.044522437723423,2.9444389791664403
PC,2007,Shooter,Microsoft Game Studios,0.09,72.0,32,5.6,216,Microsoft Game Studios,M,2000s,Other,3.4965075614664802,5.37989735354046
PS2,2004,Shooter,Konami Digital Entertainment,0.09,82.0,46,8.5,13,Treasure,T,2000s,Other,3.8501476017100584,2.639057329615259
Wii,2007,Shooter,Electronic Arts,0.09,56.0,29,7.0,24,BudCat,T,2000s,Other,3.4011973816621555,3.2188758248682006
XB,2003,Sports,Midway Games,0.09,76.0,16,7.5,27,Midway,E,2000s,Other,2.833213344056216,3.332204510175204
PSP,2009,Misc,Take-Two Interactive,0.09,80.0,44,7.8,12,Rockstar Leeds,E,2000s,Other,3.8066624897703196,2.5649493574615367
DS,2008,Strategy,Zoo Digital Publishing,0.09,57.0,5,7.5,27,Sarbakan Inc.,E,2000s,Other,1.791759469228055,3.332204510175204
X360,2010,Role-Playing,JoWood Productions,0.09,64.0,21,5.2,52,Spellbound,T,2010s,Other,3.091042453358316,3.970291913552122
PS2,2005,Platform,Majesco Entertainment,0.09,86.0,33,8.7,61,BudCat,T,2000s,Other,3.5263605246161616,4.127134385045092
Wii,2007,Action,Game Factory,0.09,58.0,15,8.5,8,The Game Factory,E10+,2000s,Other,2.772588722239781,2.1972245773362196
PS2,2000,Sports,Konami Digital Entertainment,0.09,62.0,8,7.5,27,Konami,E,2000s,Other,2.1972245773362196,3.332204510175204
XB,2005,Racing,Take-Two Interactive,0.09,55.0,13,7.5,27,Eutechnyx,E,2000s,Other,2.639057329615259,3.332204510175204
GC,2002,Racing,Electronic Arts,0.09,78.0,11,7.5,27,Page 44 Studios,E,2000s,Other,2.4849066497880004,3.332204510175204
PS2,2004,Fighting,Atari,0.09,63.0,9,7.3,23,Black Ship Games,T,2000s,Other,2.302585092994046,3.1780538303479458
PS4,2016,Action,Activision,0.09,44.0,49,5.5,163,PlatinumGames,T,2010s,Other,3.912023005428146,5.099866427824199
PS2,2003,Sports,Atari,0.09,58.0,10,6.5,4,Bandai,E,2000s,Other,2.3978952727983707,1.6094379124341003
GC,2004,Shooter,O3 Entertainment,0.09,78.0,28,8.5,15,The Behemoth,T,2000s,Other,3.367295829986474,2.772588722239781
XB,2005,Misc,Crave Entertainment,0.09,71.0,9,7.5,27,Crave,T,2000s,Other,2.302585092994046,3.332204510175204
Wii,2008,Action,Rising Star Games,0.09,52.0,29,7.0,4,Tecmo,T,2000s,Other,3.4011973816621555,1.6094379124341003
DS,2005,Puzzle,Zoo Digital Publishing,0.09,46.0,4,7.5,27,Gravity-I,E,2000s,Other,1.6094379124341003,3.332204510175204
XB,2005,Action,Microsoft Game Studios,0.09,94.0,32,8.7,121,Team Ninja,M,2000s,Other,3.4965075614664802,4.804021044733257
DS,2006,Adventure,505 Games,0.09,60.0,25,6.8,6,BeeWorks,E10+,2000s,Other,3.258096538021482,1.9459101490553132
XB,2004,Misc,Atari,0.09,58.0,10,8.0,4,Artech Studios,T,2000s,Other,2.3978952727983707,1.6094379124341003
PS3,2007,Sports,Electronic Arts,0.09,67.0,15,3.8,4,EA Canada,E,2000s,Other,2.772588722239781,1.6094379124341003
DS,2007,Role-Playing,Namco Bandai Games,0.09,46.0,13,7.6,17,Art,E10+,2000s,Other,2.639057329615259,2.8903717578961645
GBA,2002,Platform,Atari,0.09,51.0,11,7.5,27,3d6 Games,E,2000s,Other,2.4849066497880004,3.332204510175204
PS2,2003,Fighting,Konami Digital Entertainment,0.09,59.0,25,8.6,43,Eighting,M,2000s,Other,3.258096538021482,3.784189633918261
PSP,2007,Misc,Atari,0.09,64.0,17,6.0,4,Stainless Games,E,2000s,Other,2.8903717578961645,1.6094379124341003
GC,2003,Platform,Namco Bandai Games,0.09,77.0,18,7.6,8,Argonaut Games,T,2000s,Other,2.9444389791664403,2.1972245773362196
DS,2005,Platform,THQ,0.09,66.0,13,7.5,27,Altron,E,2000s,Other,2.639057329615259,3.332204510175204
PSV,2015,Adventure,PQube,0.09,86.0,7,9.3,20,5pb,M,2010s,Other,2.0794415416798357,3.044522437723423
PC,2016,Simulation,Sega,0.09,81.0,41,4.3,57,Sports Interactive,E,2010s,Other,3.7376696182833684,4.060443010546419
PS2,2003,Role-Playing,Sony Computer Entertainment,0.09,73.0,25,8.3,26,Media Vision,T,2000s,Other,3.258096538021482,3.295836866004329
PSV,2011,Action,Square Enix,0.09,57.0,43,6.6,28,"Entersphere, Inc.",M,2010s,Other,3.784189633918261,3.367295829986474
GBA,2002,Puzzle,Vivendi Games,0.09,75.0,10,7.5,27,Hudson,E,2000s,Other,2.3978952727983707,3.332204510175204
XB,2005,Action,Activision,0.09,71.0,20,9.3,4,Shaba Games,E10+,2000s,Other,3.044522437723423,1.6094379124341003
DS,2007,Fighting,Midway Games,0.09,73.0,26,8.6,22,Other Ocean Interactive,M,2000s,Other,3.295836866004329,3.1354942159291497
XB,2002,Action,THQ,0.09,56.0,22,7.5,27,Infinite Machine,T,2000s,Other,3.1354942159291497,3.332204510175204
PS2,2005,Shooter,Eidos Interactive,0.09,71.0,36,9.0,25,Deadline Games,M,2000s,Other,3.6109179126442243,3.258096538021482
PS2,2002,Action,Electronic Arts,0.09,63.0,4,7.5,27,Silicon Dreams,E,2000s,Other,1.6094379124341003,3.332204510175204
PS,2001,Shooter,Virgin Interactive,0.09,85.0,9,8.8,31,ProSoft,T,2000s,Other,2.302585092994046,3.4657359027997265
PS2,2005,Strategy,Tecmo Koei,0.09,71.0,13,8.5,10,Koei,T,2000s,Other,2.639057329615259,2.3978952727983707
PSP,2008,Platform,Tecmo Koei,0.09,72.0,45,7.0,41,Nippon Ichi Software,T,2000s,Other,3.828641396489095,3.7376696182833684
Wii,2011,Action,Warner Bros. Interactive Entertainment,0.09,46.0,4,7.5,27,Double Helix Games,E10+,2010s,Other,1.6094379124341003,3.332204510175204
PSP,2005,Racing,Ubisoft,0.09,70.0,37,8.7,22,Sidhe Interactive,E,2000s,Other,3.6375861597263857,3.1354942159291497
DS,2007,Misc,Atari,0.09,32.0,7,7.5,27,Atomic Planet Entertainment,E,2000s,Other,2.0794415416798357,3.332204510175204
DS,2009,Role-Playing,Aspyr,0.09,45.0,10,8.1,31,Big Blue Bubble Inc.,T,2000s,Other,2.3978952727983707,3.4657359027997265
PS3,2007,Sports,Take-Two Interactive,0.09,74.0,24,7.5,27,Kush Games,E10+,2000s,Other,3.2188758248682006,3.332204510175204
PSP,2007,Action,Ubisoft,0.09,44.0,4,5.4,7,Virtuos,M,2000s,Other,1.6094379124341003,2.0794415416798357
DC,2000,Role-Playing,Sega,0.09,93.0,21,9.4,98,Overworks,T,2000s,Other,3.091042453358316,4.59511985013459
GC,2002,Racing,Infogrames,0.09,85.0,8,7.3,7,Monster Games Inc.,E,2000s,Other,2.1972245773362196,2.0794415416798357
PS2,2002,Racing,Play It,0.09,80.0,4,9.0,41,Takara,E,2000s,Other,1.6094379124341003,3.7376696182833684
X360,2011,Racing,Konami Digital Entertainment,0.09,65.0,5,8.8,8,Isopod Labs,E10+,2010s,Other,1.791759469228055,2.1972245773362196
PSP,2008,Puzzle,Sony Computer Entertainment,0.09,79.0,28,7.7,13,"SCE/WWS, SCE Japan Studio",E,2000s,Other,3.367295829986474,2.639057329615259
PS2,2001,Action,Eidos Interactive,0.09,71.0,20,7.8,8,Core Design Ltd.,T,2000s,Other,3.044522437723423,2.1972245773362196
PSP,2006,Role-Playing,505 Games,0.09,68.0,11,7.7,17,Sting,T,2000s,Other,2.4849066497880004,2.8903717578961645
PS3,2014,Fighting,Namco Bandai Games,0.09,49.0,12,5.8,32,Prope,E10+,2010s,Other,2.5649493574615367,3.4965075614664802
3DS,2011,Racing,Ubisoft,0.09,48.0,13,5.0,20,Ubisoft,M,2010s,Other,2.639057329615259,3.044522437723423
DS,2011,Puzzle,Mastertronic,0.09,70.0,5,7.5,27,"Mastertronic, V5 Play Studio",E,2010s,Other,1.791759469228055,3.332204510175204
PS3,2014,Action,Tecmo Koei,0.09,43.0,46,4.5,84,"Spark Unlimited, comcept",M,2010s,Other,3.8501476017100584,4.442651256490317
X360,2014,Action,Konami Digital Entertainment,0.09,70.0,22,7.8,239,Mercury Steam,M,2010s,Other,3.1354942159291497,5.480638923341991
PS2,2003,Action,Sony Computer Entertainment,0.09,69.0,44,8.7,22,SCE Studio Cambridge,T,2000s,Other,3.8066624897703196,3.1354942159291497
PSP,2009,Adventure,Konami Digital Entertainment,0.09,54.0,6,8.2,5,Konami,T,2000s,Other,1.9459101490553132,1.791759469228055
PC,2011,Action,Konami Digital Entertainment,0.09,77.0,13,6.4,88,Konami,Unknown,2010s,Other,2.639057329615259,4.48863636973214
PSP,2009,Role-Playing,GungHo,0.09,45.0,6,5.8,8,GungHo,T,2000s,Other,1.9459101490553132,2.1972245773362196
PSV,2011,Misc,Ubisoft,0.09,57.0,27,5.8,19,Ubisoft,E10+,2010s,Other,3.332204510175204,2.995732273553991
PSP,2006,Action,Electronic Arts,0.09,79.0,25,8.2,16,Aki Corp.,M,2000s,Other,3.258096538021482,2.833213344056216
DS,2008,Strategy,Ubisoft,0.09,69.0,11,5.8,4,"Funatics Software, Funatics",T,2000s,Other,2.4849066497880004,1.6094379124341003
X360,2011,Simulation,Deep Silver,0.09,45.0,5,4.5,8,Trickstar Games,T,2010s,Other,1.791759469228055,2.1972245773362196
GBA,2003,Action,THQ,0.09,85.0,37,8.6,18,Hitmaker,E,2000s,Other,3.6375861597263857,2.9444389791664403
PSP,2010,Adventure,Nippon Ichi Software,0.09,64.0,15,4.4,40,Nippon Ichi Software,T,2010s,Other,2.772588722239781,3.713572066704308
PSP,2010,Role-Playing,Nippon Ichi Software,0.09,65.0,16,7.3,11,Nippon Ichi Software,T,2010s,Other,2.833213344056216,2.4849066497880004
DS,2005,Role-Playing,Empire Interactive,0.09,58.0,15,7.3,12,Natsume,T,2000s,Other,2.772588722239781,2.5649493574615367
DS,2008,Strategy,THQ,0.09,80.0,32,8.7,27,5TH Cell,E,2000s,Other,3.4965075614664802,3.332204510175204
PS2,2005,Sports,Electronic Arts,0.09,71.0,15,8.6,19,HB Studios Multimedia,E,2000s,Other,2.772588722239781,2.995732273553991
3DS,2015,Action,Nintendo,0.09,58.0,16,6.4,69,"Ambrella, The Pokemon Company",E10+,2010s,Pokemon,2.833213344056216,4.248495242049359
DS,2008,Role-Playing,Nobilis,0.09,46.0,8,7.0,5,"Neverland, Idea Factory",T,2000s,Other,2.1972245773362196,1.791759469228055
PS3,2010,Role-Playing,Nippon Ichi Software,0.09,44.0,30,4.6,34,Hit Maker,T,2010s,Other,3.4339872044851463,3.5553480614894135
PS4,2016,Racing,Sony Computer Entertainment,0.09,67.0,34,7.4,110,Evolution Studios,E,2010s,Other,3.5553480614894135,4.709530201312334
X360,2010,Shooter,Tecmo Koei,0.09,37.0,39,3.6,31,Tecmo,M,2010s,Other,3.6888794541139363,3.4657359027997265
PS3,2009,Action,Konami Digital Entertainment,0.09,69.0,15,7.6,8,Loose Cannon Studios,E10+,2000s,Other,2.772588722239781,2.1972245773362196
DS,2006,Role-Playing,Eidos Interactive,0.09,43.0,9,5.7,7,Sensory Sweep,E10+,2000s,Other,2.302585092994046,2.0794415416798357
PS3,2011,Adventure,Telltale Games,0.09,66.0,5,6.8,51,Telltale Games,Unknown,2010s,Other,1.791759469228055,3.9512437185814275
PSP,2008,Shooter,Square Enix,0.09,84.0,29,6.8,13,Taito Corporation,E,2000s,Other,3.4011973816621555,2.639057329615259
GC,2002,Action,Tecmo Koei,0.09,67.0,13,8.5,26,Koei,T,2000s,Other,2.639057329615259,3.295836866004329
DS,2005,Misc,Sega,0.09,61.0,13,7.5,27,TOSE,T,2000s,Other,2.639057329615259,3.332204510175204
XB,2002,Misc,Midway Games,0.09,69.0,15,7.5,27,7 Studios,T,2000s,Other,2.772588722239781,3.332204510175204
X360,2007,Strategy,Takara Tomy,0.09,46.0,17,7.3,7,Takara Tomy,T,2000s,Other,2.8903717578961645,2.0794415416798357
PS4,2015,Action,Tecmo Koei,0.09,69.0,43,6.6,23,Omega Force,T,2010s,Other,3.784189633918261,3.1780538303479458
PS2,2003,Racing,Midway Games,0.09,67.0,25,8.3,17,Deibus Studios,T,2000s,Other,3.258096538021482,2.8903717578961645
PS2,2001,Role-Playing,Metro 3D,0.09,53.0,9,5.6,5,Metro3D,T,2000s,Other,2.302585092994046,1.791759469228055
PS3,2009,Shooter,Codemasters,0.09,36.0,36,2.8,40,Blue Omega,M,2000s,Other,3.6109179126442243,3.713572066704308
X360,2010,Sports,Crave Entertainment,0.09,36.0,4,7.5,27,Crave,E10+,2010s,Other,1.6094379124341003,3.332204510175204
DS,2008,Puzzle,Empire Interactive,0.09,71.0,13,7.5,27,Razorworks,E,2000s,Other,2.639057329615259,3.332204510175204
X360,2008,Strategy,505 Games,0.09,56.0,24,5.7,19,Hellbent Games,E10+,2000s,Other,3.2188758248682006,2.995732273553991
XB,2002,Sports,Atari,0.09,74.0,14,9.2,14,Housemarque,T,2000s,Other,2.70805020110221,2.70805020110221
GC,2002,Sports,Midway Games,0.09,77.0,9,7.5,27,Point of View,E,2000s,Other,2.302585092994046,3.332204510175204
XB,2004,Sports,Konami Digital Entertainment,0.09,90.0,25,8.4,11,KCET,E,2000s,Other,3.258096538021482,2.4849066497880004
XB,2005,Shooter,Ubisoft,0.09,77.0,25,8.5,11,Rebellion,M,2000s,Other,3.258096538021482,2.4849066497880004
3DS,2011,Puzzle,Sunsoft,0.09,67.0,11,5.3,4,SunSoft,E,2010s,Other,2.4849066497880004,1.6094379124341003
XB,2004,Racing,Atari,0.09,72.0,28,8.7,7,Monster Games Inc.,T,2000s,Other,3.367295829986474,2.0794415416798357
PS3,2011,Fighting,PQube,0.09,73.0,6,7.5,27,Arc System Works,T,2010s,Other,1.9459101490553132,3.332204510175204
XB,2002,Action,Tecmo Koei,0.09,78.0,19,8.2,10,Koei,T,2000s,Other,2.995732273553991,2.3978952727983707
DS,2008,Sports,Electronic Arts,0.09,56.0,8,7.5,27,"EA Canada, Exient Entertainment",E,2000s,FIFA,2.1972245773362196,3.332204510175204
DS,2008,Misc,Playlogic Game Factory,0.09,48.0,15,5.3,8,Smack Down Productions,E,2000s,Other,2.772588722239781,2.1972245773362196
PS,2001,Misc,Activision,0.09,63.0,7,7.2,6,"Activision, Traveller's Tales",E,2000s,Other,2.0794415416798357,1.9459101490553132
PSP,2006,Action,Capcom,0.09,63.0,24,6.3,6,Clover Studio,T,2000s,Other,3.2188758248682006,1.9459101490553132
PC,2015,Action,Bethesda Softworks,0.09,76.0,30,7.6,338,MachineGames,M,2010s,Other,3.4339872044851463,5.82600010738045
X360,2014,Racing,Codemasters,0.09,75.0,15,6.0,56,Codemasters,E,2010s,Other,2.772588722239781,4.04305126783455
DS,2008,Action,Vivendi Games,0.09,43.0,5,7.5,27,Artificial Mind and Movement,T,2000s,Other,1.791759469228055,3.332204510175204
GC,2003,Shooter,Atari,0.09,85.0,52,8.5,42,Treasure,E,2000s,Other,3.970291913552122,3.7612001156935624
XB,2005,Action,Midway Games,0.09,76.0,36,9.1,8,Surreal Software,M,2000s,Other,3.6109179126442243,2.1972245773362196
PS2,2006,Strategy,Tecmo Koei,0.09,76.0,8,8.0,7,Koei,E10+,2000s,Other,2.1972245773362196,2.0794415416798357
Wii,2008,Action,Vivendi Games,0.09,39.0,7,6.4,5,Eurocom Entertainment Software,T,2000s,Other,2.0794415416798357,1.791759469228055
PSP,2010,Role-Playing,Atlus,0.09,75.0,10,7.7,7,Sting,T,2010s,Other,2.3978952727983707,2.0794415416798357
3DS,2016,Action,505 Games,0.09,71.0,6,7.1,21,Re-Logic,T,2010s,Other,1.9459101490553132,3.091042453358316
DS,2007,Platform,THQ,0.09,53.0,5,7.5,27,THQ,E,2000s,Other,1.791759469228055,3.332204510175204
GC,2005,Role-Playing,Namco Bandai Games,0.09,55.0,4,8.1,19,Bandai,E,2000s,Other,1.6094379124341003,2.995732273553991
X360,2006,Role-Playing,Idea Factory,0.09,59.0,16,7.5,19,Xpec,T,2000s,Other,2.833213344056216,2.995732273553991
XB,2004,Racing,Take-Two Interactive,0.09,58.0,12,7.5,27,Razorworks Studios,E,2000s,Other,2.5649493574615367,3.332204510175204
XB,2004,Sports,Midway Games,0.09,77.0,34,7.5,27,Point of View,T,2000s,Other,3.5553480614894135,3.332204510175204
GC,2005,Action,Activision,0.09,68.0,11,8.0,9,Krome Studios,E10+,2000s,Other,2.4849066497880004,2.302585092994046
XB,2003,Racing,Namco Bandai Games,0.09,67.0,29,7.5,27,Namco,T,2000s,Other,3.4011973816621555,3.332204510175204
Wii,2006,Platform,Midway Games,0.09,45.0,12,1.4,5,Artificial Mind and Movement,E10+,2000s,Other,2.5649493574615367,1.791759469228055
PC,2014,Role-Playing,Deep Silver,0.09,65.0,49,5.7,822,Piranha Bytes,M,2010s,Other,3.912023005428146,6.71295620067707
X360,2008,Fighting,505 Games,0.09,71.0,22,6.6,8,Arc System Works,T,2000s,Other,3.1354942159291497,2.1972245773362196
XB,2004,Misc,Konami Digital Entertainment,0.09,80.0,13,8.5,4,Secret Level,E,2000s,Other,2.639057329615259,1.6094379124341003
PS2,2005,Sports,505 Games,0.09,78.0,12,8.5,17,S-Neo,T,2000s,Other,2.5649493574615367,2.8903717578961645
PSP,2009,Action,Playlogic Game Factory,0.09,66.0,25,8.2,20,Hydravision,M,2000s,Other,3.258096538021482,3.044522437723423
GC,2002,Platform,THQ,0.09,42.0,4,5.1,7,Big Sky Software,E,2000s,Other,1.6094379124341003,2.0794415416798357
DS,2009,Puzzle,Electronic Arts,0.09,82.0,46,8.0,38,EA Tiburon,E,2000s,Other,3.8501476017100584,3.6635616461296463
PS,2000,Racing,Sony Computer Entertainment,0.09,85.0,7,8.9,16,Attention To Detail,E,2000s,Other,2.0794415416798357,2.833213344056216
PS2,2007,Action,Tecmo Koei,0.09,50.0,11,8.0,9,Koei,T,2000s,Other,2.4849066497880004,2.302585092994046
Wii,2011,Action,Activision,0.09,62.0,9,5.2,6,Beenox,T,2010s,Other,2.302585092994046,1.9459101490553132
Wii,2008,Action,Eidos Interactive,0.09,28.0,5,2.5,11,Collision Studios,T,2000s,Other,1.791759469228055,2.4849066497880004
XB,2004,Action,Atari,0.09,72.0,17,6.5,6,Stormfront Studios,T,2000s,Other,2.8903717578961645,1.9459101490553132
PSP,2007,Sports,Take-Two Interactive,0.09,61.0,5,7.5,27,Visual Concepts,E,2000s,Other,1.791759469228055,3.332204510175204
DS,2010,Misc,MTV Games,0.09,79.0,8,5.5,6,Backbone Entertainment,E10+,2010s,Other,2.1972245773362196,1.9459101490553132
GBA,2006,Action,LucasArts,0.09,55.0,5,7.0,6,Amaze Entertainment,E,2000s,Other,1.791759469228055,1.9459101490553132
XB,2005,Adventure,Disney Interactive Studios,0.09,65.0,19,7.3,6,Capcom,E10+,2000s,Other,2.995732273553991,1.9459101490553132
GBA,2003,Racing,Kemco,0.09,78.0,12,7.6,5,Tantalus Interactive,E,2000s,Other,2.5649493574615367,1.791759469228055
PC,2011,Shooter,THQ,0.09,75.0,29,6.7,273,Volition Inc.,M,2010s,Other,3.4011973816621555,5.6131281063880705
Wii,2011,Misc,Rising Star Games,0.09,84.0,19,8.7,18,Gaijin Games,E,2010s,Other,2.995732273553991,2.9444389791664403
XOne,2015,Sports,Bigben Interactive,0.09,20.0,4,3.1,30,HB Studios Multimedia,E,2010s,Other,1.6094379124341003,3.4339872044851463
GC,2003,Shooter,Ubisoft,0.09,73.0,27,7.7,20,Ubisoft Paris,M,2000s,Other,3.332204510175204,3.044522437723423
Wii,2010,Misc,Majesco Entertainment,0.09,56.0,7,8.2,5,G1M2,T,2010s,Other,2.0794415416798357,1.791759469228055
XB,2005,Action,THQ,0.09,63.0,12,7.5,27,Heavy Iron Studios,E10+,2000s,Other,2.5649493574615367,3.332204510175204
PS2,2001,Role-Playing,Ubisoft,0.09,70.0,14,7.5,6,Racjin,T,2000s,Other,2.70805020110221,1.9459101490553132
X360,2009,Shooter,Eidos Interactive,0.09,30.0,21,5.9,33,Rebellion,M,2000s,Other,3.091042453358316,3.5263605246161616
X360,2007,Shooter,Vivendi Games,0.09,66.0,43,7.1,16,"TimeGate Studios, Day 1 Studios",M,2000s,Other,3.784189633918261,2.833213344056216
PS2,2002,Shooter,Big Ben Interactive,0.09,56.0,17,7.5,27,iRock Interactive,M,2000s,Other,2.8903717578961645,3.332204510175204
DS,2007,Racing,Destineer,0.09,51.0,8,7.5,27,Torus Games,E,2000s,Other,2.1972245773362196,3.332204510175204
WiiU,2013,Platform,Ubisoft,0.09,42.0,5,5.6,21,WayForward,E,2010s,Other,1.791759469228055,3.091042453358316
PS4,2014,Action,Square Enix,0.09,74.0,40,6.7,128,Nixxes Software,T,2010s,Other,3.713572066704308,4.859812404361672
PC,2008,Simulation,Electronic Arts,0.09,75.0,10,7.7,19,Electronic Arts,T,2000s,Other,2.3978952727983707,2.995732273553991
PS2,2005,Action,Capcom,0.09,70.0,39,8.1,36,Grasshopper Manufacture,M,2000s,Other,3.6888794541139363,3.6109179126442243
PC,2002,Strategy,Microsoft Game Studios,0.09,89.0,31,8.9,484,Ensemble Studios,T,2000s,Other,3.4657359027997265,6.184148890937483
PS2,2004,Action,Sega,0.09,54.0,29,6.9,7,Sonic Team,E,2000s,Other,3.4011973816621555,2.0794415416798357
Wii,2009,Sports,Sega,0.09,45.0,10,7.5,27,Tabot,E10+,2000s,Other,2.3978952727983707,3.332204510175204
PS3,2011,Action,THQ,0.09,70.0,4,7.0,4,THQ,E10+,2010s,Other,1.6094379124341003,1.6094379124341003
GBA,2006,Adventure,THQ,0.09,69.0,10,9.0,4,Artificial Mind and Movement,E,2000s,Other,2.3978952727983707,1.6094379124341003
X360,2009,Platform,Ubisoft,0.09,62.0,12,6.5,11,Ubisoft Shanghai,E,2000s,Other,2.5649493574615367,2.4849066497880004
DS,2006,Action,Sega,0.09,60.0,4,7.5,27,Backbone Entertainment,E,2000s,Other,1.6094379124341003,3.332204510175204
PS2,2001,Strategy,Natsume,0.09,63.0,5,7.1,16,Indi,T,2000s,Other,1.791759469228055,2.833213344056216
XB,2007,Sports,Electronic Arts,0.08,82.0,4,8.1,8,EA Sports,E,2000s,Other,1.6094379124341003,2.1972245773362196
PS2,2000,Role-Playing,Konami Digital Entertainment,0.08,48.0,16,6.3,39,KCEJ,T,2000s,Other,2.833213344056216,3.6888794541139363
DS,2008,Misc,DSI Games,0.08,38.0,5,3.2,5,ECI,E,2000s,Other,1.791759469228055,1.791759469228055
PC,2004,Shooter,Vivendi Games,0.08,88.0,9,8.9,9851,Valve Software,M,2000s,Other,2.302585092994046,9.195429759240428
PSP,2010,Puzzle,Konami Digital Entertainment,0.08,62.0,19,7.5,27,Konami,E10+,2010s,Other,2.995732273553991,3.332204510175204
PC,2011,Adventure,DTP Entertainment,0.08,72.0,27,7.7,80,Wizarbox,T,2010s,Other,3.332204510175204,4.394449154672439
DS,2008,Puzzle,Eidos Interactive,0.08,52.0,12,7.5,27,Razorback Developments,E,2000s,Other,2.5649493574615367,3.332204510175204
X360,2007,Shooter,Ubisoft,0.08,43.0,11,6.7,55,Red Storm Entertainment,T,2000s,Other,2.4849066497880004,4.02535169073515
X360,2008,Shooter,Valcon Games,0.08,73.0,11,7.5,12,Gulti,E10+,2000s,Other,2.4849066497880004,2.5649493574615367
PS3,2012,Racing,Activision,0.08,76.0,4,4.5,15,Eutechnyx,E,2010s,Other,1.6094379124341003,2.772588722239781
PC,2006,Strategy,LucasArts,0.08,79.0,45,8.4,240,Petroglyph,T,2000s,Other,3.828641396489095,5.484796933490655
PS4,2016,Fighting,PQube,0.08,85.0,21,7.6,39,Arc System Works,T,2010s,Other,3.091042453358316,3.6888794541139363
XB,2003,Racing,Sega,0.08,72.0,32,9.2,5,Wow Entertainment,T,2000s,Other,3.4965075614664802,1.791759469228055
DS,2008,Role-Playing,Sting,0.08,76.0,25,8.6,23,Sting,T,2000s,Other,3.258096538021482,3.1780538303479458
DS,2005,Fighting,Electronic Arts,0.08,34.0,6,6.5,16,"EA Canada, Sensory Sweep",E10+,2000s,Other,1.9459101490553132,2.833213344056216
XB,2002,Adventure,Atari,0.08,64.0,20,7.5,27,Wide Games,T,2000s,Other,3.044522437723423,3.332204510175204
PS2,2001,Sports,Konami Digital Entertainment,0.08,65.0,8,7.5,27,Konami,E,2000s,Other,2.1972245773362196,3.332204510175204
3DS,2011,Shooter,Majesco Entertainment,0.08,75.0,8,7.7,18,Shin'en,E10+,2010s,Other,2.1972245773362196,2.9444389791664403
3DS,2011,Action,Sega,0.08,51.0,9,5.0,6,High Voltage Software,T,2010s,Other,2.302585092994046,1.9459101490553132
GBA,2003,Strategy,Capcom,0.08,64.0,21,8.7,7,Capcom,T,2000s,Other,3.091042453358316,2.0794415416798357
GC,2002,Puzzle,Hudson Soft,0.08,70.0,21,7.9,10,Hudson,E,2000s,Other,3.091042453358316,2.3978952727983707
3DS,2011,Puzzle,Hudson Soft,0.08,61.0,7,7.5,27,NATSUME ATARI Inc.,E,2010s,Other,2.0794415416798357,3.332204510175204
PS2,2006,Racing,Codemasters,0.08,82.0,26,7.2,15,Codemasters,E10+,2000s,Other,3.295836866004329,2.772588722239781
Wii,2009,Shooter,Majesco Entertainment,0.08,31.0,6,5.0,11,Digital Leisure Inc.,T,2000s,Other,1.9459101490553132,2.4849066497880004
PS3,2010,Sports,Crave Entertainment,0.08,48.0,8,7.5,27,Crave,E10+,2010s,Other,2.1972245773362196,3.332204510175204
WiiU,2014,Adventure,Little Orbit,0.08,47.0,4,4.9,7,Torus Games,E10+,2010s,Other,1.6094379124341003,2.0794415416798357
PS3,2007,Shooter,Midway Games,0.08,56.0,23,6.3,18,Midway Studios - Austin,T,2000s,Other,3.1780538303479458,2.9444389791664403
PS2,2000,Platform,Ubisoft,0.08,73.0,10,7.3,7,Disney Interactive,E,2000s,Other,2.3978952727983707,2.0794415416798357
GBA,2003,Misc,Telegames,0.08,80.0,9,8.3,7,Cosmigo,E,2000s,Other,2.302585092994046,2.0794415416798357
PSP,2005,Puzzle,Ubisoft,0.08,77.0,36,7.7,13,Taito Corporation,E,2000s,Other,3.6109179126442243,2.639057329615259
Wii,2008,Adventure,Capcom,0.08,60.0,28,7.8,5,High Voltage Software,T,2000s,Other,3.367295829986474,1.791759469228055
DS,2009,Action,D3Publisher,0.08,60.0,5,7.5,27,OneNine Studios,E10+,2000s,Other,1.791759469228055,3.332204510175204
XB,2003,Strategy,Electronic Arts,0.08,64.0,19,7.7,21,Zono Inc.,T,2000s,Other,2.995732273553991,3.091042453358316
PC,2010,Puzzle,PopCap Games,0.08,82.0,27,8.1,86,PopCap,E,2010s,Other,3.332204510175204,4.465908118654584
PS2,2003,Shooter,LucasArts,0.08,49.0,23,5.0,4,LucasArts,T,2000s,Other,3.1780538303479458,1.6094379124341003
XB,2006,Sports,Electronic Arts,0.08,63.0,30,7.1,9,EA Canada,E,2000s,FIFA,3.4339872044851463,2.302585092994046
PSP,2005,Puzzle,Eidos Interactive,0.08,45.0,19,5.4,5,Core Design Ltd.,E10+,2000s,Other,2.995732273553991,1.791759469228055
GBA,2004,Role-Playing,THQ,0.08,77.0,20,8.8,15,Amusement Vision,T,2000s,Other,3.044522437723423,2.772588722239781
GBA,2003,Role-Playing,THQ,0.08,74.0,18,8.3,9,Grasshopper Manufacture,E,2000s,Other,2.9444389791664403,2.302585092994046
PS4,2014,Sports,Unknown,0.08,66.0,11,6.3,67,HB Studios Multimedia,E,2010s,Other,2.4849066497880004,4.219507705176107
GC,2005,Action,Empire Interactive,0.08,64.0,14,6.8,6,Xpec,E,2000s,Other,2.70805020110221,1.9459101490553132
GBA,2004,Shooter,Ignition Entertainment,0.08,79.0,32,8.3,14,Noise Factory,T,2000s,Other,3.4965075614664802,2.70805020110221
GC,2006,Racing,Namco Bandai Games,0.08,57.0,10,7.8,4,Smart Bomb Interactive,E,2000s,Other,2.3978952727983707,1.6094379124341003
GBA,2001,Shooter,Konami Digital Entertainment,0.08,78.0,17,7.5,27,Mobile 21,E,2000s,Other,2.8903717578961645,3.332204510175204
XB,2006,Simulation,Ubisoft,0.08,69.0,19,6.8,4,Ubisoft Romania,T,2000s,Other,2.995732273553991,1.6094379124341003
PS4,2015,Action,Namco Bandai Games,0.08,70.0,18,7.8,44,"Shift, Bandai Namco Games",T,2010s,Other,2.9444389791664403,3.8066624897703196
X360,2006,Sports,Take-Two Interactive,0.08,78.0,51,7.9,166,Kush Games,E10+,2000s,Other,3.9512437185814275,5.117993812416755
PS2,2002,Sports,Electronic Arts,0.08,61.0,8,7.5,27,Silicon Dreams,E,2000s,Other,2.1972245773362196,3.332204510175204
X360,2011,Simulation,bitComposer Games,0.08,61.0,14,7.5,27,Games Farm,T,2010s,Other,2.70805020110221,3.332204510175204
DS,2008,Simulation,Ubisoft,0.08,48.0,6,7.1,7,Gameloft,T,2000s,Other,1.9459101490553132,2.0794415416798357
PS4,2015,Platform,Yacht Club Games,0.08,90.0,18,7.6,312,Yacht Club Games,E,2010s,Other,2.9444389791664403,5.746203190540153
PS,2000,Platform,Virgin Interactive,0.08,69.0,15,8.1,11,Capcom,E,2000s,Other,2.772588722239781,2.4849066497880004
PSV,2013,Action,Sony Computer Entertainment,0.08,69.0,16,6.8,10,Novarama,E10+,2010s,Other,2.833213344056216,2.3978952727983707
DS,2007,Platform,Konami Digital Entertainment,0.08,47.0,23,7.5,6,Foundation 9 Entertainment,E10+,2000s,Other,3.1780538303479458,1.9459101490553132
PS2,2005,Role-Playing,Ghostlight,0.08,82.0,38,7.9,38,Atlus Co.,M,2000s,Other,3.6635616461296463,3.6635616461296463
PC,2012,Sports,Konami Digital Entertainment,0.08,80.0,8,6.9,182,Konami,E,2010s,Other,2.1972245773362196,5.209486152841421
PC,2016,Shooter,Take-Two Interactive,0.08,69.0,34,6.9,400,Gearbox Software,T,2010s,Other,3.5553480614894135,5.993961427306569
Wii,2008,Adventure,The Adventure Company,0.08,46.0,6,7.3,6,AWE Games,T,2000s,Other,1.9459101490553132,1.9459101490553132
DS,2009,Sports,Take-Two Interactive,0.08,71.0,4,7.8,5,Venom Games,T,2000s,Other,1.6094379124341003,1.791759469228055
PS2,2002,Racing,Atari,0.08,76.0,9,9.2,9,Atari,E,2000s,Other,2.302585092994046,2.302585092994046
GBA,2004,Sports,Electronic Arts,0.08,75.0,4,7.8,5,EA Canada,E,2000s,FIFA,1.6094379124341003,1.791759469228055
PS3,2009,Shooter,Eidos Interactive,0.08,35.0,18,4.8,27,Rebellion,M,2000s,Other,2.9444389791664403,3.332204510175204
PS4,2016,Platform,Capcom,0.08,77.0,22,6.1,55,Digital Eclipse,E,2010s,Other,3.1354942159291497,4.02535169073515
PS3,2011,Action,Namco Bandai Games,0.08,51.0,37,6.0,8,Game Republic,M,2010s,Other,3.6375861597263857,2.1972245773362196
GC,2005,Sports,Electronic Arts,0.08,78.0,18,9.3,7,EA Canada,E10+,2000s,Other,2.9444389791664403,2.0794415416798357
DS,2008,Action,Vivendi Games,0.08,60.0,8,7.5,27,Stormfront Studios,E10+,2000s,Other,2.1972245773362196,3.332204510175204
GBA,2001,Platform,Hudson Entertainment,0.08,61.0,8,7.5,27,Artoon,E,2000s,Other,2.1972245773362196,3.332204510175204
DS,2008,Simulation,Nintendo,0.08,54.0,5,7.5,27,Kando Games,E,2000s,Other,1.791759469228055,3.332204510175204
PS2,2006,Shooter,SouthPeak Games,0.08,44.0,36,5.8,15,DC Studios,M,2000s,Other,3.6109179126442243,2.772588722239781
PS2,2005,Action,Take-Two Interactive,0.08,78.0,46,8.9,58,Tecmo,M,2000s,Other,3.8501476017100584,4.07753744390572
PS2,2004,Action,Sega,0.08,52.0,31,7.0,6,Dimps Corporation,T,2000s,Other,3.4657359027997265,1.9459101490553132
3DS,2014,Action,Little Orbit,0.08,65.0,5,5.6,8,WayForward,E10+,2010s,Other,1.791759469228055,2.1972245773362196
PS3,2014,Role-Playing,Deep Silver,0.08,36.0,8,3.7,77,Piranha Bytes,M,2010s,Other,2.1972245773362196,4.356708826689592
X360,2009,Action,Konami Digital Entertainment,0.08,62.0,12,8.0,6,Loose Cannon Studios,E10+,2000s,Other,2.5649493574615367,1.9459101490553132
Wii,2007,Action,Popcorn Arcade,0.08,20.0,6,1.7,52,Data Design Interactive,E,2000s,Other,1.9459101490553132,3.970291913552122
GC,2004,Action,Ubisoft,0.08,78.0,25,8.0,11,Ubisoft,T,2000s,Other,3.258096538021482,2.4849066497880004
PC,2005,Shooter,Electronic Arts,0.08,91.0,55,8.4,837,Digital Illusions,T,2000s,Other,4.02535169073515,6.731018100482083
GC,2002,Sports,Eidos Interactive,0.08,72.0,11,9.3,4,Telenet,E,2000s,Other,2.4849066497880004,1.6094379124341003
PC,2016,Shooter,Electronic Arts,0.08,85.0,27,8.0,488,Respawn Entertainment,M,2010s,Other,3.332204510175204,6.192362489474872
X360,2014,Fighting,Atlus,0.08,85.0,15,7.4,35,Arc System Works,T,2010s,Other,2.772588722239781,3.58351893845611
X360,2011,Fighting,505 Games,0.08,49.0,17,6.2,11,Kung Fu Factory,M,2010s,Other,2.8903717578961645,2.4849066497880004
PS2,2006,Fighting,Ignition Entertainment,0.08,66.0,23,8.6,17,SNK Playmore,T,2000s,Other,3.1780538303479458,2.8903717578961645
PS2,2004,Strategy,Tecmo Koei,0.08,70.0,7,8.8,6,Koei,T,2000s,Other,2.0794415416798357,1.9459101490553132
GC,2002,Sports,Electronic Arts,0.08,86.0,12,7.8,10,EA Canada,E,2000s,FIFA,2.5649493574615367,2.3978952727983707
PS3,2010,Sports,Activision,0.08,61.0,4,7.5,27,Now Production,E,2010s,Other,1.6094379124341003,3.332204510175204
GC,2002,Sports,TDK Mediactive,0.08,69.0,14,7.5,27,Hypnotix,T,2000s,Other,2.70805020110221,3.332204510175204
PC,2011,Sports,Take-Two Interactive,0.08,74.0,5,5.9,16,Visual Concepts,E,2010s,Other,1.791759469228055,2.833213344056216
XB,2003,Racing,Eidos Interactive,0.08,54.0,22,5.8,5,Climax Group,T,2000s,Other,3.1354942159291497,1.791759469228055
GC,2002,Misc,Take-Two Interactive,0.08,79.0,23,6.9,11,Rockstar San Diego,T,2000s,Other,3.1780538303479458,2.4849066497880004
Wii,2008,Puzzle,The Adventure Company,0.08,56.0,7,7.8,4,Kheops Studio,E,2000s,Other,2.0794415416798357,1.6094379124341003
WiiU,2012,Action,Tecmo Koei,0.08,64.0,18,7.4,31,Omega Force,T,2010s,Other,2.9444389791664403,3.4657359027997265
PSP,2009,Sports,Sony Computer Entertainment,0.08,69.0,13,3.0,13,SCEA San Diego Studios,E,2000s,Other,2.639057329615259,2.639057329615259
PS3,2013,Platform,Namco Bandai Games,0.08,51.0,6,3.1,7,"Namco Bandai Games, Monkey Bar Games",E10+,2010s,Other,1.9459101490553132,2.0794415416798357
PS2,2003,Misc,Agetec,0.08,79.0,16,8.6,10,UGA,T,2000s,Other,2.833213344056216,2.3978952727983707
PS2,2001,Role-Playing,Ubisoft,0.08,43.0,14,6.7,10,Stormfront Studios,T,2000s,Other,2.70805020110221,2.3978952727983707
GC,2003,Racing,Empire Interactive,0.08,63.0,5,8.2,6,Eutechnyx,T,2000s,Other,1.791759469228055,1.9459101490553132
PS3,2010,Action,Warner Bros. Interactive Entertainment,0.08,62.0,9,7.5,27,Krome Studios,E10+,2010s,Other,2.302585092994046,3.332204510175204
DS,2008,Role-Playing,Namco Bandai Games,0.08,73.0,22,9.0,22,Monolith Soft,T,2000s,Other,3.1354942159291497,3.1354942159291497
PC,2013,Shooter,City Interactive,0.08,52.0,24,5.8,320,City Interactive,M,2010s,Other,3.2188758248682006,5.771441123130016
X360,2009,Fighting,Rising Star Games,0.08,46.0,33,5.2,12,K2 LLC,M,2000s,Other,3.5263605246161616,2.5649493574615367
PS2,2004,Action,505 Games,0.08,58.0,34,7.6,5,Acquire,M,2000s,Other,3.5553480614894135,1.791759469228055
X360,2007,Action,Warner Bros. Interactive Entertainment,0.08,40.0,15,6.8,13,Red Tribe,E10+,2000s,Other,2.772588722239781,2.639057329615259
DS,2008,Puzzle,Deep Silver,0.08,59.0,23,5.6,5,InXile Entertainment,E,2000s,Other,3.1780538303479458,1.791759469228055
GC,2003,Action,Electronic Arts,0.08,62.0,11,8.3,6,Warthog,E,2000s,Other,2.4849066497880004,1.9459101490553132
XB,2003,Sports,3DO,0.08,83.0,14,8.4,8,3DO,E,2000s,Other,2.70805020110221,2.1972245773362196
GC,2005,Shooter,Electronic Arts,0.08,82.0,32,9.1,41,Free Radical Design,M,2000s,Other,3.4965075614664802,3.7376696182833684
3DS,2011,Puzzle,Ubisoft,0.08,51.0,5,7.5,27,Ubisoft,E,2010s,Other,1.791759469228055,3.332204510175204
PC,2011,Strategy,THQ,0.08,80.0,52,7.8,235,Relic,M,2010s,Other,3.970291913552122,5.4638318050256105
PS2,2000,Shooter,Konami Digital Entertainment,0.08,64.0,15,7.5,27,KCET,E,2000s,Other,2.772588722239781,3.332204510175204
PS,1999,Action,Titus,0.08,80.0,11,7.5,11,Polygon Magic,T,1990s,Other,2.4849066497880004,2.4849066497880004
XB,2005,Misc,Midway Games,0.08,68.0,29,7.5,27,Digital Eclipse,E,2000s,Other,3.4011973816621555,3.332204510175204
GBA,2002,Fighting,Marvelous Interactive,0.08,80.0,10,9.1,10,Marvelous,T,2000s,Other,2.3978952727983707,2.3978952727983707
Wii,2006,Platform,Vivendi Games,0.08,66.0,9,7.8,5,Vivendi Games,E10+,2000s,Other,2.302585092994046,1.791759469228055
XB,2003,Strategy,Jaleco,0.08,70.0,22,7.5,27,Jaleco Entertainment,T,2000s,Other,3.1354942159291497,3.332204510175204
X360,2011,Action,Namco Bandai Games,0.08,49.0,41,5.6,16,Game Republic,M,2010s,Other,3.7376696182833684,2.833213344056216
PS2,2001,Shooter,Swing! Entertainment,0.08,39.0,4,5.8,4,Toka,T,2000s,Other,1.6094379124341003,1.6094379124341003
X360,2007,Action,Disney Interactive Studios,0.08,65.0,21,7.5,27,Buena Vista Games,E10+,2000s,Other,3.091042453358316,3.332204510175204
GC,2003,Action,Atari,0.08,66.0,7,7.3,8,Atari,E,2000s,Other,2.0794415416798357,2.1972245773362196
PSP,2009,Simulation,From Software,0.08,43.0,6,6.7,6,From Software,T,2000s,Other,1.9459101490553132,1.9459101490553132
X360,2013,Platform,Namco Bandai Games,0.08,49.0,7,5.1,13,"Namco Bandai Games, Monkey Bar Games",E10+,2010s,Other,2.0794415416798357,2.639057329615259
GC,2003,Action,Kemco,0.08,29.0,14,3.2,19,Kemco,T,2000s,Other,2.70805020110221,2.995732273553991
3DS,2014,Adventure,Namco Bandai Games,0.08,60.0,6,7.5,27,Vicious Cycle,E10+,2010s,Other,1.9459101490553132,3.332204510175204
PSP,2007,Puzzle,Sega,0.08,83.0,41,9.0,21,Zoe Mode,E10+,2000s,Other,3.7376696182833684,3.091042453358316
PC,2011,Action,Kalypso Media,0.08,57.0,19,5.8,60,Haemimont,T,2010s,Other,2.995732273553991,4.110873864173311
XB,2003,Shooter,Vivendi Games,0.08,63.0,25,7.5,27,Warthog,T,2000s,Other,3.258096538021482,3.332204510175204
XB,2002,Action,Midway Games,0.08,71.0,5,7.5,27,Kuju Entertainment,T,2000s,Other,1.791759469228055,3.332204510175204
X360,2006,Action,D3Publisher,0.08,69.0,55,7.7,60,Sandlot,T,2000s,Other,4.02535169073515,4.110873864173311
GC,2006,Action,Eidos Interactive,0.08,78.0,6,7.8,8,Crystal Dynamics,T,2000s,Other,1.9459101490553132,2.1972245773362196
GBA,2001,Sports,THQ,0.08,76.0,10,7.5,27,Digital Fiction,E,2000s,Other,2.3978952727983707,3.332204510175204
XB,2003,Action,Midway Games,0.08,68.0,23,7.4,5,Terminal Reality,M,2000s,Other,3.1780538303479458,1.791759469228055
PC,2012,Role-Playing,Focus Home Interactive,0.08,58.0,23,6.5,345,"Cyanide, Cyanide Studios",M,2010s,Other,3.1780538303479458,5.846438775057724
PSP,2006,Action,Electronic Arts,0.08,61.0,33,6.9,12,Rebellion,T,2000s,Other,3.5263605246161616,2.5649493574615367
PSP,2007,Puzzle,Mumbo Jumbo,0.08,51.0,10,7.5,27,MumboJumbo,E,2000s,Other,2.3978952727983707,3.332204510175204
PSV,2014,Role-Playing,Nippon Ichi Software,0.08,72.0,28,8.3,35,FuRyu,T,2010s,Other,3.367295829986474,3.58351893845611
XB,2004,Action,Codemasters,0.08,72.0,33,7.5,27,Codemasters,E,2000s,Other,3.5263605246161616,3.332204510175204
PS4,2016,Shooter,Capcom,0.08,60.0,19,6.7,94,Capcom,M,2010s,Other,2.995732273553991,4.553876891600541
PC,2015,Action,Ubisoft,0.08,74.0,25,7.5,362,Ubisoft,M,2010s,Other,3.258096538021482,5.8944028342648505
GC,2002,Platform,Atari,0.08,61.0,5,7.0,5,Blitz Games,E,2000s,Other,1.791759469228055,1.791759469228055
PC,2008,Action,Eidos Interactive,0.08,80.0,20,7.7,272,Nixxes Software,T,2000s,Other,3.044522437723423,5.60947179518496
XB,2005,Action,THQ,0.08,66.0,34,7.5,27,Cranky Pants Games,M,2000s,Other,3.5553480614894135,3.332204510175204
GC,2002,Role-Playing,Ubisoft,0.08,63.0,20,8.0,10,Sting,E,2000s,Other,3.044522437723423,2.3978952727983707
Wii,2006,Shooter,Ubisoft,0.08,38.0,23,5.3,53,Ubisoft Montreal,M,2000s,Other,3.1780538303479458,3.9889840465642745
DS,2008,Adventure,Game Factory,0.08,51.0,11,6.3,4,The Game Factory,E,2000s,Other,2.4849066497880004,1.6094379124341003
Wii,2008,Strategy,THQ,0.08,64.0,26,4.3,13,Team 17,E10+,2000s,Other,3.295836866004329,2.639057329615259
PS3,2009,Sports,Take-Two Interactive,0.08,49.0,8,6.5,8,Blue Castle Games,E,2000s,Other,2.1972245773362196,2.1972245773362196
PS2,2002,Simulation,Metro 3D,0.08,71.0,14,7.5,27,Racjin,T,2000s,Other,2.70805020110221,3.332204510175204
PC,2013,Simulation,Koch Media,0.08,33.0,24,3.3,1340,Egosoft,T,2010s,Other,3.2188758248682006,7.201170883281678
PS4,2016,Action,Insomniac Games,0.08,69.0,41,7.3,30,Insomniac Games,E,2010s,Other,3.7376696182833684,3.4339872044851463
X360,2007,Misc,Activision,0.08,74.0,10,6.7,6,Left Field Productions,T,2000s,Other,2.3978952727983707,1.9459101490553132
PSP,2006,Platform,Sega,0.08,56.0,23,5.9,7,TT Games,E,2000s,Other,3.1780538303479458,2.0794415416798357
DS,2005,Racing,Majesco Entertainment,0.08,33.0,7,7.5,27,Skyworks Technologies,E,2000s,Other,2.0794415416798357,3.332204510175204
PS2,2005,Sports,Global Star,0.08,67.0,15,7.5,27,Hypnotix,M,2000s,Other,2.772588722239781,3.332204510175204
DS,2006,Strategy,THQ,0.08,64.0,24,7.0,16,Team 17,E10+,2000s,Other,3.2188758248682006,2.833213344056216
PS2,2000,Racing,Midas Interactive Entertainment,0.08,67.0,10,7.4,7,Barnhouse Effect,E,2000s,Other,2.3978952727983707,2.0794415416798357
GC,2003,Role-Playing,Sega,0.08,71.0,24,8.2,13,Sonic Team,T,2000s,Other,3.2188758248682006,2.639057329615259
XOne,2016,Action,Ubisoft,0.08,74.0,13,7.6,24,Ubisoft Montreal,M,2010s,Other,2.639057329615259,3.2188758248682006
PSP,2006,Platform,Capcom,0.08,72.0,49,7.7,18,TOSE,E10+,2000s,Other,3.912023005428146,2.9444389791664403
X360,2006,Action,Tecmo Koei,0.08,52.0,30,8.7,18,Omega Force,T,2000s,Other,3.4339872044851463,2.9444389791664403
DS,2008,Racing,Focus Home Interactive,0.08,75.0,38,6.9,12,Firebrand Games,E,2000s,Other,3.6635616461296463,2.5649493574615367
GC,2002,Fighting,Ubisoft,0.08,67.0,8,7.5,27,Crave,T,2000s,Other,2.1972245773362196,3.332204510175204
PC,2005,Simulation,Ubisoft,0.08,90.0,23,7.9,95,Ubisoft,T,2000s,Other,3.1780538303479458,4.564348191467836
PSP,2007,Role-Playing,Sega,0.08,51.0,20,6.0,9,Totally Games,T,2000s,Other,3.044522437723423,2.302585092994046
PS2,2002,Shooter,Empire Interactive,0.08,57.0,12,6.8,5,Cunning Developments,T,2000s,Other,2.5649493574615367,1.791759469228055
XB,2004,Racing,Ubisoft,0.08,49.0,18,7.0,4,Ratbag,E,2000s,Other,2.9444389791664403,1.6094379124341003
Wii,2009,Sports,Zoo Digital Publishing,0.08,28.0,5,7.5,27,Mid Carolina Media,T,2000s,Other,1.791759469228055,3.332204510175204
GC,2003,Racing,THQ,0.08,55.0,14,7.0,5,Pacific Coast Power & Light,T,2000s,Other,2.70805020110221,1.791759469228055
PC,2015,Action,Konami Digital Entertainment,0.08,91.0,13,7.7,1963,Kojima Productions,M,2010s,Other,2.639057329615259,7.582738488914411
GC,2002,Sports,Midway Games,0.08,82.0,12,8.4,5,Midway,E,2000s,Other,2.5649493574615367,1.791759469228055
DS,2009,Action,Ubisoft,0.08,55.0,38,7.5,13,Velez & Dubail,T,2000s,Other,3.6635616461296463,2.639057329615259
PS2,2005,Action,Namco Bandai Games,0.08,60.0,44,8.2,26,Namco,T,2000s,Other,3.8066624897703196,3.295836866004329
Wii,2009,Adventure,Oxygen Interactive,0.08,65.0,8,7.5,27,Destineer,E10+,2000s,Other,2.1972245773362196,3.332204510175204
DS,2008,Puzzle,Eidos Interactive,0.08,78.0,33,8.0,22,Mekensleep,E,2000s,Other,3.5263605246161616,3.1354942159291497
GC,2003,Action,Capcom,0.08,62.0,14,8.3,44,Capcom,M,2000s,Other,2.70805020110221,3.8066624897703196
GC,2003,Sports,Acclaim Entertainment,0.08,80.0,14,9.2,5,Acclaim,E,2000s,Other,2.70805020110221,1.791759469228055
DS,2008,Shooter,D3Publisher,0.08,83.0,38,8.1,27,Treasure,E10+,2000s,Other,3.6635616461296463,3.332204510175204
PS4,2016,Racing,Namco Bandai Games,0.08,75.0,19,8.0,50,"Milestone, Milestone S.r.l",E,2010s,Other,2.995732273553991,3.9318256327243257
3DS,2014,Action,Tecmo Koei,0.08,63.0,13,6.1,10,Omega Force,T,2010s,Other,2.639057329615259,2.3978952727983707
PS3,2011,Sports,Deep Silver,0.08,53.0,6,7.5,27,49Games,E,2010s,Other,1.9459101490553132,3.332204510175204
DS,2010,Role-Playing,Majesco Entertainment,0.08,69.0,4,7.5,27,Wicked Studios,E10+,2010s,Other,1.6094379124341003,3.332204510175204
Wii,2008,Adventure,Konami Digital Entertainment,0.08,54.0,11,6.0,6,Hudson Soft,E10+,2000s,Other,2.4849066497880004,1.9459101490553132
GC,2007,Sports,Electronic Arts,0.08,75.0,4,7.0,7,EA Tiburon,E,2000s,Madden,1.6094379124341003,2.0794415416798357
DS,2005,Misc,505 Games,0.08,67.0,8,7.5,27,Sensory Sweep,E,2000s,Other,2.1972245773362196,3.332204510175204
PS2,2005,Platform,Sony Computer Entertainment,0.08,71.0,5,7.7,7,Magenta Software,E,2000s,Other,1.791759469228055,2.0794415416798357
PC,2011,Shooter,Mastertronic,0.08,72.0,53,8.2,586,Croteam,Unknown,2010s,Other,3.9889840465642745,6.375024819828097
Wii,2008,Shooter,Milestone,0.08,66.0,4,7.5,27,MileStone Inc.,E,2000s,Other,1.6094379124341003,3.332204510175204
X360,2009,Shooter,Playlogic Game Factory,0.08,35.0,23,5.3,10,Metropolis Software,M,2000s,Other,3.1780538303479458,2.3978952727983707
GC,2004,Platform,Activision,0.08,73.0,25,8.6,8,Edge of Reality,E,2000s,Other,3.258096538021482,2.1972245773362196
GBA,2002,Racing,THQ,0.08,74.0,14,7.5,27,MTO,E,2000s,Other,2.70805020110221,3.332204510175204
PS,2000,Shooter,Atari,0.08,37.0,7,6.8,20,n-Space,M,2000s,Other,2.0794415416798357,3.044522437723423
DS,2007,Puzzle,Jaleco,0.08,73.0,17,4.2,5,Jaleco Entertainment,E,2000s,Other,2.8903717578961645,1.791759469228055
PC,2008,Racing,Electronic Arts,0.08,65.0,18,4.9,231,EA Black Box,T,2000s,Other,2.9444389791664403,5.44673737166631
PC,2012,Racing,Electronic Arts,0.08,82.0,19,8.5,525,Black Box,T,2010s,Other,2.995732273553991,6.26530121273771
PSP,2005,Puzzle,D3Publisher,0.08,69.0,34,7.5,27,Now Production,E,2000s,Other,3.5553480614894135,3.332204510175204
GC,2003,Racing,Namco Bandai Games,0.08,67.0,35,7.5,27,Namco,T,2000s,Other,3.58351893845611,3.332204510175204
3DS,2016,Adventure,Aksys Games,0.08,81.0,18,8.5,72,"Spike Chunsoft, Chime",M,2010s,Other,2.9444389791664403,4.290459441148391
PS2,2004,Strategy,505 Games,0.08,75.0,31,8.0,9,Pinegrow,T,2000s,Other,3.4657359027997265,2.302585092994046
XB,2004,Shooter,Gathering of Developers,0.08,57.0,32,8.4,11,Coyote Developments,M,2000s,Other,3.4965075614664802,2.4849066497880004
GC,2003,Shooter,SCi,0.08,62.0,19,8.4,13,Pivotal Games,T,2000s,Other,2.995732273553991,2.639057329615259
PS2,2002,Strategy,Tecmo Koei,0.08,71.0,12,6.6,5,Koei,E,2000s,Other,2.5649493574615367,1.791759469228055
DS,2008,Adventure,Konami Digital Entertainment,0.08,75.0,15,8.3,4,Konami,E,2000s,Other,2.772588722239781,1.6094379124341003
XB,2006,Shooter,Ubisoft,0.08,78.0,15,6.3,32,Ubisoft Montreal,M,2000s,Other,2.772588722239781,3.4965075614664802
PC,2012,Platform,Ubisoft,0.08,86.0,11,8.4,337,UBlart Montpellier,E10+,2010s,Other,2.4849066497880004,5.823045895483019
GBA,2002,Shooter,Zoo Digital Publishing,0.08,46.0,5,1.7,11,Rebellion,T,2000s,Other,1.791759469228055,2.4849066497880004
Wii,2007,Misc,Ubisoft,0.08,54.0,6,5.7,6,Ubisoft Barcelona,E,2000s,Other,1.9459101490553132,1.9459101490553132
GC,2002,Racing,BAM! Entertainment,0.08,55.0,12,7.5,27,Bam Entertainment,T,2000s,Other,2.5649493574615367,3.332204510175204
XB,2002,Action,THQ,0.08,70.0,11,8.9,20,Omega Force,T,2000s,Other,2.4849066497880004,3.044522437723423
PS3,2011,Racing,Konami Digital Entertainment,0.08,67.0,5,6.8,4,Isopod Labs,E10+,2010s,Other,1.791759469228055,1.6094379124341003
XB,2004,Misc,Codemasters,0.08,79.0,26,5.4,10,Mix Max,T,2000s,Other,3.295836866004329,2.3978952727983707
PS4,2015,Strategy,Kalypso Media,0.07,64.0,10,7.1,12,Gaming Minds Studios,T,2010s,Other,2.3978952727983707,2.5649493574615367
PS2,2005,Misc,RedOctane,0.07,72.0,14,9.0,13,Roxor Games,E,2000s,Other,2.70805020110221,2.639057329615259
DS,2008,Action,Square Enix,0.07,70.0,21,6.3,4,Taito Corporation,E10+,2000s,Other,3.091042453358316,1.6094379124341003
PSP,2006,Sports,Sony Computer Entertainment,0.07,72.0,44,7.5,27,SCEE London Studio,E,2000s,Other,3.8066624897703196,3.332204510175204
Wii,2008,Role-Playing,Rising Star Games,0.07,50.0,22,8.1,24,Sting,T,2000s,Other,3.1354942159291497,3.2188758248682006
PS3,2014,Role-Playing,Nippon Ichi Software,0.07,71.0,18,7.3,27,FuRyu,T,2010s,Other,2.9444389791664403,3.332204510175204
PS2,2002,Role-Playing,Taito,0.07,74.0,24,7.5,12,Taito Corporation,E,2000s,Other,3.2188758248682006,2.5649493574615367
Wii,2008,Adventure,The Adventure Company,0.07,50.0,23,6.2,12,AWE Games,T,2000s,Other,3.1780538303479458,2.5649493574615367
PS2,2003,Platform,SCi,0.07,59.0,22,6.6,14,UDS,T,2000s,Other,3.1354942159291497,2.70805020110221
PS3,2008,Shooter,Activision,0.07,36.0,7,2.4,15,Activision,T,2000s,Other,2.0794415416798357,2.772588722239781
XB,2003,Platform,Ubisoft,0.07,75.0,13,7.9,8,Ubisoft,E,2000s,Other,2.639057329615259,2.1972245773362196
DS,2006,Action,Electronic Arts,0.07,33.0,8,4.9,13,EA Tiburon,E,2000s,Other,2.1972245773362196,2.639057329615259
GBA,2002,Platform,Capcom,0.07,78.0,19,8.8,4,Capcom,E,2000s,Other,2.995732273553991,1.6094379124341003
X360,2010,Action,Warner Bros. Interactive Entertainment,0.07,60.0,13,8.0,5,Krome Studios,E10+,2010s,Other,2.639057329615259,1.791759469228055
PC,2004,Racing,Electronic Arts,0.07,82.0,31,8.5,407,EA Canada,T,2000s,Other,3.4657359027997265,6.0112671744041615
GC,2003,Strategy,Activision,0.07,82.0,19,8.8,12,LucasArts,T,2000s,Other,2.995732273553991,2.5649493574615367
PSP,2005,Sports,Deep Silver,0.07,51.0,11,5.3,4,Blade Interactive,T,2000s,Other,2.4849066497880004,1.6094379124341003
PS3,2010,Racing,Activision,0.07,47.0,11,7.0,5,Sidhe Interactive,M,2010s,Other,2.4849066497880004,1.791759469228055
PS3,2014,Action,Deep Silver,0.07,40.0,25,3.5,51,Fatshark AB,M,2010s,Other,3.258096538021482,3.9512437185814275
PC,2009,Role-Playing,JoWood Productions,0.07,83.0,57,8.0,794,Runic Games,T,2000s,Other,4.060443010546419,6.678342114654332
PSP,2005,Platform,Namco Bandai Games,0.07,61.0,9,6.0,4,Blitz Games,E,2000s,Other,2.302585092994046,1.6094379124341003
Wii,2009,Shooter,Reef Entertainment,0.07,70.0,14,8.2,5,Rebellion,T,2000s,Other,2.70805020110221,1.791759469228055
X360,2012,Simulation,Mad Catz,0.07,49.0,24,5.5,6,Mad Catz,T,2010s,Other,3.2188758248682006,1.9459101490553132
GBA,2002,Puzzle,Vivendi Games,0.07,75.0,9,7.5,27,Hudson,E,2000s,Other,2.302585092994046,3.332204510175204
PC,2009,Shooter,Warner Bros. Interactive Entertainment,0.07,79.0,49,7.8,520,Monolith Productions,M,2000s,Other,3.912023005428146,6.255750041753367
PS4,2015,Action,Ubisoft,0.07,62.0,19,7.7,61,Krome Studios,Unknown,2010s,Other,2.995732273553991,4.127134385045092
PS2,2002,Action,3DO,0.07,27.0,10,3.8,19,3DO,T,2000s,Other,2.3978952727983707,2.995732273553991
DS,2011,Adventure,City Interactive,0.07,78.0,4,7.5,27,City Interactive,E10+,2010s,Other,1.6094379124341003,3.332204510175204
XB,2005,Adventure,Microids,0.07,70.0,29,8.2,5,Microids,M,2000s,Other,3.4011973816621555,1.791759469228055
XB,2005,Racing,Empire Interactive,0.07,50.0,31,3.4,5,Eutechnyx,M,2000s,Other,3.4657359027997265,1.791759469228055
XB,2003,Platform,Namco Bandai Games,0.07,75.0,18,8.4,8,Argonaut Games,T,2000s,Other,2.9444389791664403,2.1972245773362196
PC,2004,Strategy,Electronic Arts,0.07,82.0,42,8.6,199,EA LA,T,2000s,Other,3.7612001156935624,5.298317366548036
PS2,2004,Strategy,Tecmo Koei,0.07,73.0,26,8.1,20,Koei,T,2000s,Other,3.295836866004329,3.044522437723423
PSP,2008,Fighting,Ignition Entertainment,0.07,61.0,16,7.0,9,SNK Playmore,T,2000s,Other,2.833213344056216,2.302585092994046
PS2,2002,Simulation,Sega,0.07,64.0,18,7.0,8,Sega AM2,E,2000s,Other,2.9444389791664403,2.1972245773362196
PS2,2004,Strategy,LucasArts,0.07,64.0,25,6.0,6,Double Helix Games,T,2000s,Other,3.258096538021482,1.9459101490553132
PC,2009,Role-Playing,DTP Entertainment,0.07,72.0,43,7.7,125,Larian Studios,M,2000s,Other,3.784189633918261,4.836281906951478
XB,2002,Strategy,Eidos Interactive,0.07,67.0,12,8.4,5,Pyro Studios,T,2000s,Other,2.5649493574615367,1.791759469228055
PC,2010,Simulation,Deep Silver,0.07,61.0,9,6.2,12,ValuSoft,T,2010s,Other,2.302585092994046,2.5649493574615367
X360,2008,Sports,RTL,0.07,41.0,8,7.5,27,49Games,E,2000s,Other,2.1972245773362196,3.332204510175204
DS,2009,Puzzle,Codemasters,0.07,58.0,22,5.5,4,Climax Group,E10+,2000s,Other,3.1354942159291497,1.6094379124341003
PS4,2015,Role-Playing,Idea Factory International,0.07,71.0,21,6.2,34,Compile Heart,T,2010s,Other,3.091042453358316,3.5553480614894135
DS,2009,Puzzle,SouthPeak Games,0.07,68.0,13,7.5,27,SpiderMonk,E,2000s,Other,2.639057329615259,3.332204510175204
XB,2002,Racing,Microsoft Game Studios,0.07,56.0,13,7.5,27,Genki,T,2000s,Other,2.639057329615259,3.332204510175204
DS,2008,Action,Tecmo Koei,0.07,66.0,12,7.5,27,Koei Canada,E,2000s,Other,2.5649493574615367,3.332204510175204
PS2,2007,Misc,Brash Entertainment,0.07,33.0,5,4.5,6,Sensory Sweep,E,2000s,Other,1.791759469228055,1.9459101490553132
PC,2009,Strategy,Paradox Interactive,0.07,77.0,23,7.1,233,Paradox Development Studio,E10+,2000s,Other,3.1780538303479458,5.455321115357702
X360,2006,Fighting,Majesco Entertainment,0.07,38.0,18,4.1,14,Genki,M,2000s,Other,2.9444389791664403,2.70805020110221
PS2,2007,Strategy,Tecmo Koei,0.07,69.0,10,8.4,8,Koei,E10+,2000s,Other,2.3978952727983707,2.1972245773362196
PSP,2008,Action,Irem Software Engineering,0.07,73.0,19,7.3,8,Irem,E10+,2000s,Other,2.995732273553991,2.1972245773362196
PC,2016,Role-Playing,Namco Bandai Games,0.07,89.0,56,8.6,1848,From Software,M,2010s,Other,4.04305126783455,7.522400231387125
XB,2005,Platform,THQ,0.07,75.0,19,7.5,27,Avalanche Software,E,2000s,Other,2.995732273553991,3.332204510175204
GC,2005,Fighting,Konami Digital Entertainment,0.07,44.0,16,2.8,4,Konami Computer Entertainment Hawaii,T,2000s,Other,2.833213344056216,1.6094379124341003
XB,2005,Shooter,Zoo Digital Publishing,0.07,44.0,9,8.5,4,Direct Action Games,M,2000s,Other,2.302585092994046,1.6094379124341003
PS2,2006,Misc,Myelin Media,0.07,63.0,23,5.3,7,5000ft,T,2000s,Other,3.1780538303479458,2.0794415416798357
XB,2002,Racing,THQ,0.07,67.0,26,5.0,4,Kodiak Interactive,T,2000s,Other,3.295836866004329,1.6094379124341003
PS2,2004,Shooter,Global Star,0.07,65.0,27,7.8,17,Climax Group,M,2000s,Other,3.332204510175204,2.8903717578961645
GC,2005,Shooter,Ubisoft,0.07,54.0,10,1.4,11,Ubisoft Shanghai,T,2000s,Other,2.3978952727983707,2.4849066497880004
DS,2009,Racing,Tecmo Koei,0.07,70.0,5,9.0,5,Koei,E,2000s,Other,1.791759469228055,1.791759469228055
GBA,2003,Platform,Activision,0.07,66.0,13,7.5,27,Torus Games,E,2000s,Other,2.639057329615259,3.332204510175204
Wii,2009,Racing,Bethesda Softworks,0.07,37.0,14,3.8,11,Awesome Play Ltd.,E,2000s,Other,2.70805020110221,2.4849066497880004
XB,2002,Action,Vivendi Games,0.07,47.0,17,8.3,6,Radical Entertainment,T,2000s,Other,2.8903717578961645,1.9459101490553132
PS2,2007,Racing,Midway Games,0.07,37.0,19,5.9,10,Creat Studios,M,2000s,Other,2.995732273553991,2.3978952727983707
GC,2002,Sports,Sega,0.07,70.0,7,7.5,27,Avalanche Software,E,2000s,Other,2.0794415416798357,3.332204510175204
GC,2005,Misc,Konami Digital Entertainment,0.07,80.0,22,7.5,27,Harmonix Music Systems,E10+,2000s,Other,3.1354942159291497,3.332204510175204
X360,2007,Role-Playing,Success,0.07,46.0,22,7.0,21,Success,M,2000s,Other,3.1354942159291497,3.091042453358316
PS2,2002,Adventure,Sammy Corporation,0.07,50.0,22,7.9,11,Polygon Magic,T,2000s,Other,3.1354942159291497,2.4849066497880004
PSP,2007,Strategy,Rising Star Games,0.07,69.0,29,6.5,6,Irem,E10+,2000s,Other,3.4011973816621555,1.9459101490553132
PS2,2005,Action,Capcom,0.07,67.0,33,8.8,44,Capcom,M,2000s,Other,3.5263605246161616,3.8066624897703196
PS4,2015,Role-Playing,Nippon Ichi Software,0.07,78.0,33,8.1,63,Spike Chunsoft,T,2010s,Other,3.5263605246161616,4.1588830833596715
DS,2008,Strategy,Tecmo Koei,0.07,78.0,15,8.6,18,Vogster,E10+,2000s,Other,2.772588722239781,2.9444389791664403
GBA,2002,Sports,Konami Digital Entertainment,0.07,42.0,6,7.5,27,Konami,E,2000s,Other,1.9459101490553132,3.332204510175204
DS,2008,Racing,Destineer,0.07,23.0,9,2.4,12,Webfoot Technologies,E,2000s,Other,2.302585092994046,2.5649493574615367
X360,2014,Action,Deep Silver,0.07,32.0,12,3.8,74,Fatshark AB,M,2010s,Other,2.5649493574615367,4.31748811353631
DS,2005,Action,Ubisoft,0.07,50.0,22,7.0,25,Gameloft,T,2000s,Other,3.1354942159291497,3.258096538021482
PS2,2003,Strategy,Tecmo Koei,0.07,74.0,17,8.9,10,Koei,E,2000s,Other,2.8903717578961645,2.3978952727983707
XB,2004,Adventure,Codemasters,0.07,75.0,46,8.0,6,Free Radical Design,T,2000s,Other,3.8501476017100584,1.9459101490553132
X360,2009,Misc,MTV Games,0.07,70.0,6,7.5,27,Harmonix Music Systems,T,2000s,Other,1.9459101490553132,3.332204510175204
PC,2011,Shooter,Codemasters,0.07,67.0,25,4.9,103,Codemasters,M,2010s,Other,3.258096538021482,4.6443908991413725
PS,1998,Strategy,Human Entertainment,0.07,62.0,5,7.4,15,S-Neo,T,1990s,Other,1.791759469228055,2.772588722239781
X360,2009,Sports,Take-Two Interactive,0.07,47.0,13,4.6,10,Blue Castle Games,E,2000s,Other,2.639057329615259,2.3978952727983707
PSV,2014,Role-Playing,Ubisoft,0.07,83.0,14,7.8,108,Ubisoft Montreal,E10+,2010s,Other,2.70805020110221,4.6913478822291435
PS2,2008,Action,Konami Digital Entertainment,0.07,70.0,21,7.4,59,Climax Group,M,2000s,Other,3.091042453358316,4.0943445622221
PS2,2001,Sports,Konami Digital Entertainment,0.07,44.0,10,7.5,27,Kush Games,E,2000s,Other,2.3978952727983707,3.332204510175204
XB,2002,Platform,Atari,0.07,62.0,8,7.5,27,Blitz Games,E,2000s,Other,2.1972245773362196,3.332204510175204
Wii,2008,Action,Nintendo,0.07,69.0,21,7.5,27,Monolith Soft,Unknown,2000s,Other,3.091042453358316,3.332204510175204
XB,2003,Action,Electronic Arts,0.07,59.0,11,6.0,5,Warthog,E,2000s,Other,2.4849066497880004,1.791759469228055
X360,2009,Shooter,Codemasters,0.07,36.0,39,5.6,50,Blue Omega,M,2000s,Other,3.6888794541139363,3.9318256327243257
XB,2004,Action,Tecmo Koei,0.07,71.0,20,9.0,5,Omega Force,T,2000s,Other,3.044522437723423,1.791759469228055
GC,2003,Sports,Electronic Arts,0.07,83.0,17,6.2,12,EA Canada,E,2000s,FIFA,2.8903717578961645,2.5649493574615367
PS3,2007,Role-Playing,Ghostlight,0.07,67.0,7,6.8,34,Compile Heart,T,2000s,Other,2.0794415416798357,3.5553480614894135
Wii,2008,Misc,Ignition Entertainment,0.07,73.0,18,8.0,4,SNK Playmore,T,2000s,Other,2.9444389791664403,1.6094379124341003
PSP,2006,Sports,Oxygen Interactive,0.07,32.0,11,4.6,10,Left Field Productions,E,2000s,Other,2.4849066497880004,2.3978952727983707
GC,2003,Platform,Ubisoft,0.07,77.0,24,8.3,21,Ubisoft Shanghai,E,2000s,Other,3.2188758248682006,3.091042453358316
XB,2004,Misc,Gathering of Developers,0.07,47.0,20,5.4,7,Top Heavy Studios,M,2000s,Other,3.044522437723423,2.0794415416798357
PSP,2005,Adventure,Atari,0.07,61.0,23,7.4,14,G-Artists,T,2000s,Other,3.1780538303479458,2.70805020110221
Wii,2006,Platform,Ubisoft,0.07,49.0,5,5.6,7,Ubisoft,E10+,2000s,Other,1.791759469228055,2.0794415416798357
Wii,2007,Sports,505 Games,0.07,36.0,5,7.5,27,Left Field Productions,E,2000s,Other,1.791759469228055,3.332204510175204
PS2,2004,Action,Tecmo Koei,0.07,75.0,27,8.3,6,Koei,T,2000s,Other,3.332204510175204,1.9459101490553132
PSV,2014,Role-Playing,Aksys Games,0.07,63.0,12,7.0,16,TOYBOX,T,2010s,Other,2.5649493574615367,2.833213344056216
PS3,2013,Fighting,Namco Bandai Games,0.07,55.0,32,7.4,45,Dimps Corporation,Unknown,2010s,Other,3.4965075614664802,3.828641396489095
PSV,2014,Action,Xseed Games,0.07,72.0,20,8.5,22,Sandlot,T,2010s,Other,3.044522437723423,3.1354942159291497
DS,2008,Role-Playing,Namco Bandai Games,0.07,49.0,6,6.5,13,Epics,E,2000s,Other,1.9459101490553132,2.639057329615259
PS,1997,Shooter,Sony Computer Entertainment,0.07,79.0,7,7.8,4,Taito Corporation,E,1990s,Other,2.0794415416798357,1.6094379124341003
XOne,2014,Action,Tecmo Koei,0.07,58.0,10,6.8,15,Koei Tecmo Games,T,2010s,Other,2.3978952727983707,2.772588722239781
GC,2004,Action,Electronic Arts,0.07,47.0,24,6.1,7,Argonaut Games,T,2000s,Other,3.2188758248682006,2.0794415416798357
PS2,2005,Role-Playing,Tecmo Koei,0.07,56.0,35,8.3,17,Goshow,M,2000s,Other,3.58351893845611,2.8903717578961645
PC,2009,Sports,Sega,0.07,87.0,33,9.0,262,Sports Interactive,E,2000s,Other,3.5263605246161616,5.572154032177765
Wii,2008,Shooter,Konami Digital Entertainment,0.07,33.0,19,2.7,16,Leviathan Games,M,2000s,Other,2.995732273553991,2.833213344056216
PS3,2013,Role-Playing,Nippon Ichi Software,0.07,57.0,26,6.4,56,Compile Heart,T,2010s,Other,3.295836866004329,4.04305126783455
PS2,2006,Simulation,Konami Digital Entertainment,0.07,67.0,30,8.9,11,Konami,E10+,2000s,Other,3.4339872044851463,2.4849066497880004
PS2,2000,Shooter,Swing! Entertainment,0.07,72.0,12,7.5,4,Treasure,T,2000s,Other,2.5649493574615367,1.6094379124341003
DS,2005,Strategy,Namco Bandai Games,0.07,35.0,6,5.6,11,Box Clever Interactive,E10+,2000s,Other,1.9459101490553132,2.4849066497880004
GC,2005,Action,Sega,0.07,73.0,24,8.3,15,Creative Assembly,M,2000s,Other,3.2188758248682006,2.772588722239781
XB,2004,Platform,Activision,0.07,73.0,35,7.8,4,Edge of Reality,E,2000s,Other,3.58351893845611,1.6094379124341003
GBA,2004,Action,Atlus,0.07,75.0,21,8.4,7,Million,T,2000s,Other,3.091042453358316,2.0794415416798357
X360,2006,Shooter,Eidos Interactive,0.07,59.0,26,5.9,22,Traveller's Tales,E10+,2000s,Other,3.295836866004329,3.1354942159291497
PC,2005,Role-Playing,Microsoft Game Studios,0.07,83.0,54,8.7,489,Lionhead Studios,M,2000s,Other,4.007333185232471,6.194405391104672
DC,2001,Racing,Sega,0.07,82.0,18,8.1,29,Hitmaker,T,2000s,Other,2.9444389791664403,3.4011973816621555
PC,2007,Simulation,Electronic Arts,0.07,78.0,20,7.3,29,Maxis,T,2000s,Other,3.044522437723423,3.4011973816621555
DS,2007,Action,Tecmo Koei,0.07,56.0,17,7.5,27,Koei,E10+,2000s,Other,2.8903717578961645,3.332204510175204
PC,2012,Adventure,Focus Home Interactive,0.07,73.0,18,8.0,128,Frogwares,M,2010s,Other,2.9444389791664403,4.859812404361672
PS2,2002,Action,Enix Corporation,0.07,79.0,21,8.2,13,Sandlot,T,2000s,Other,3.091042453358316,2.639057329615259
DS,2006,Action,Eidos Interactive,0.07,58.0,15,8.0,7,Human Soft,T,2000s,Other,2.772588722239781,2.0794415416798357
PSP,2006,Action,Namco Bandai Games,0.07,55.0,8,7.4,8,Sabertooth Games,T,2000s,Other,2.1972245773362196,2.1972245773362196
PS4,2016,Adventure,Ubisoft,0.07,72.0,31,7.8,22,"Ubisoft, FunHouse",E10+,2010s,Other,3.4657359027997265,3.1354942159291497
DS,2007,Shooter,Majesco Entertainment,0.07,65.0,16,6.3,4,Coyote Console,T,2000s,Other,2.833213344056216,1.6094379124341003
PS2,2002,Fighting,Enterbrain,0.07,58.0,11,7.8,5,Enterbrain,T,2000s,Other,2.4849066497880004,1.791759469228055
PS2,2003,Adventure,Sony Computer Entertainment,0.07,61.0,31,7.7,9,SCEJ,M,2000s,Other,3.4657359027997265,2.302585092994046
PS,1999,Role-Playing,Sony Computer Entertainment,0.07,57.0,9,8.3,10,Namco,T,1990s,Other,2.302585092994046,2.3978952727983707
DS,2008,Action,Success,0.07,56.0,23,7.5,27,Success,T,2000s,Other,3.1780538303479458,3.332204510175204
GC,2004,Sports,Electronic Arts,0.07,75.0,18,5.6,5,EA Sports,E,2000s,Other,2.9444389791664403,1.791759469228055
GC,2005,Misc,Midway Games,0.07,65.0,16,7.5,27,Midway,E,2000s,Other,2.833213344056216,3.332204510175204
PC,2003,Simulation,Microsoft Game Studios,0.07,88.0,22,8.2,49,Microsoft Game Studios,E,2000s,Other,3.1354942159291497,3.912023005428146
Wii,2007,Platform,Metro 3D,0.07,19.0,5,2.7,28,Data Design Interactive,E,2000s,Other,1.791759469228055,3.367295829986474
PC,2013,Adventure,Daedalic Entertainment,0.07,80.0,34,7.9,171,Daedalic Entertainment,Unknown,2010s,Other,3.5553480614894135,5.147494476813453
PS4,2015,Adventure,Nordic Games,0.07,63.0,9,8.6,7,KING Art,Unknown,2010s,Other,2.302585092994046,2.0794415416798357
PSP,2007,Misc,Xplosiv,0.07,57.0,6,7.5,27,Jack of All Games,E,2000s,Other,1.9459101490553132,3.332204510175204
DS,2010,Misc,THQ,0.07,70.0,7,7.5,27,Universomo,E,2010s,Other,2.0794415416798357,3.332204510175204
PS3,2012,Shooter,Namco Bandai Games,0.07,56.0,23,5.4,43,Saber Interactive,M,2010s,Other,3.1780538303479458,3.784189633918261
X360,2011,Fighting,Capcom,0.07,79.0,44,6.2,85,Capcom,T,2010s,Other,3.8066624897703196,4.454347296253507
DS,2005,Misc,505 Games,0.07,40.0,6,7.5,27,Starfish,T,2000s,Other,1.9459101490553132,3.332204510175204
PSV,2016,Action,Ubisoft,0.07,70.0,6,8.0,24,Climax Studios,T,2010s,Other,1.9459101490553132,3.2188758248682006
PSP,2007,Role-Playing,Tecmo Koei,0.07,56.0,30,6.0,7,Hit Maker,E10+,2000s,Other,3.4339872044851463,2.0794415416798357
DS,2007,Platform,Atari,0.07,82.0,20,7.4,20,"Metanet Software Inc., SilverBirch Studios",E,2000s,Other,3.044522437723423,3.044522437723423
PS2,2004,Adventure,Microids,0.07,65.0,27,8.9,39,Hydravision,M,2000s,Other,3.332204510175204,3.6888794541139363
GC,2002,Sports,Sega,0.07,84.0,22,7.7,7,Black Box,E,2000s,Other,3.1354942159291497,2.0794415416798357
DS,2006,Action,505 Games,0.07,57.0,18,8.8,4,Interactive Brains,E10+,2000s,Other,2.9444389791664403,1.6094379124341003
GC,2003,Action,Electronic Arts,0.07,61.0,19,7.2,9,Point of View,M,2000s,Other,2.995732273553991,2.302585092994046
PS2,2006,Action,Capcom,0.07,73.0,48,7.7,165,Clover Studio,M,2000s,Other,3.8918202981106265,5.111987788356544
GBA,2002,Fighting,Acclaim Entertainment,0.07,24.0,11,3.7,10,Powerhead Games,E,2000s,Other,2.4849066497880004,2.3978952727983707
PS2,2007,Fighting,SNK Playmore,0.07,70.0,12,7.5,27,SNK Playmore,T,2000s,Other,2.5649493574615367,3.332204510175204
XB,2003,Simulation,Konami Digital Entertainment,0.07,69.0,21,8.8,19,Blue Tongue Entertainment,T,2000s,Other,3.091042453358316,2.995732273553991
PS2,2002,Sports,Midway Games,0.07,73.0,19,9.0,6,Midway,E,2000s,Other,2.995732273553991,1.9459101490553132
PS2,2004,Strategy,Crave Entertainment,0.07,61.0,25,6.0,6,Zed Two Limited,T,2000s,Other,3.258096538021482,1.9459101490553132
XB,2006,Racing,Atari,0.07,69.0,31,4.6,17,Reflections Interactive,M,2000s,Other,3.4657359027997265,2.8903717578961645
PS3,2011,Simulation,505 Games,0.07,49.0,25,4.4,5,Doublesix,T,2010s,Other,3.258096538021482,1.791759469228055
GBA,2003,Action,Ubisoft,0.07,63.0,12,6.8,4,Ubisoft,E,2000s,Other,2.5649493574615367,1.6094379124341003
X360,2014,Fighting,Namco Bandai Games,0.07,53.0,17,5.1,44,Artdink,T,2010s,Other,2.8903717578961645,3.8066624897703196
XB,2003,Racing,TDK Mediactive,0.07,56.0,14,8.1,8,Synetic,E,2000s,Other,2.70805020110221,2.1972245773362196
PC,2009,Action,Capcom,0.07,86.0,30,7.1,597,Capcom,M,2000s,Other,3.4339872044851463,6.393590753950631
GBA,2006,Action,Activision,0.07,55.0,9,9.3,6,WayForward,E10+,2000s,Other,2.302585092994046,1.9459101490553132
PSP,2008,Puzzle,Empire Interactive,0.07,74.0,6,7.5,27,Empire Interactive,E,2000s,Other,1.9459101490553132,3.332204510175204
PS2,2005,Fighting,SNK,0.07,73.0,28,8.8,14,SNK Playmore,T,2000s,Other,3.367295829986474,2.70805020110221
PS2,2004,Simulation,505 Games,0.07,57.0,25,8.2,5,From Software,T,2000s,Other,3.258096538021482,1.791759469228055
PS4,2014,Action,505 Games,0.07,83.0,4,7.9,47,Engine Software,T,2010s,Other,1.6094379124341003,3.8712010109078907
GC,2003,Strategy,Sega,0.07,69.0,23,7.6,19,Team 17,T,2000s,Other,3.1780538303479458,2.995732273553991
PC,2010,Action,Disney Interactive Studios,0.07,57.0,11,6.0,25,Propaganda Games,T,2010s,Other,2.4849066497880004,3.258096538021482
PS3,2013,Role-Playing,Nippon Ichi Software,0.07,74.0,27,7.8,66,Nippon Ichi Software,T,2010s,Other,3.332204510175204,4.204692619390966
X360,2011,Racing,Evolved Games,0.07,47.0,4,8.6,9,Zoo Games,E10+,2010s,Other,1.6094379124341003,2.302585092994046
XB,2005,Misc,Konami Digital Entertainment,0.07,80.0,24,7.5,27,Harmonix Music Systems,E10+,2000s,Other,3.2188758248682006,3.332204510175204
PSP,2006,Puzzle,Xplosiv,0.07,72.0,18,7.5,27,Empire Interactive,E,2000s,Other,2.9444389791664403,3.332204510175204
PS3,2009,Racing,Sony Computer Entertainment,0.07,89.0,15,8.4,115,Studio Liverpool,E10+,2000s,Other,2.772588722239781,4.7535901911063645
PS2,2004,Role-Playing,Avalon Interactive,0.07,64.0,31,4.1,51,Interplay,M,2000s,Other,3.4657359027997265,3.9512437185814275
3DS,2014,Action,Namco Bandai Games,0.07,51.0,4,7.5,27,Little Orbit,E,2010s,Other,1.6094379124341003,3.332204510175204
DS,2008,Adventure,Rising Star Games,0.07,54.0,37,7.1,15,h.a.n.d. Inc.,T,2000s,Other,3.6375861597263857,2.772588722239781
GBA,2005,Shooter,Sega,0.07,83.0,31,8.5,13,Treasure,E10+,2000s,Other,3.4657359027997265,2.639057329615259
GBA,2002,Action,Konami Digital Entertainment,0.07,55.0,9,7.5,27,KCEA,E,2000s,Other,2.302585092994046,3.332204510175204
PC,2011,Strategy,Focus Home Interactive,0.07,61.0,18,5.6,95,Monte Cristo Multimedia,E,2010s,Other,2.9444389791664403,4.564348191467836
XB,2004,Strategy,Sega,0.07,67.0,15,8.0,6,Team 17,T,2000s,Other,2.772588722239781,1.9459101490553132
DS,2008,Platform,Brash Entertainment,0.07,75.0,5,7.5,27,Brash Entertainment,E,2000s,Other,1.791759469228055,3.332204510175204
DS,2009,Misc,Ubisoft,0.07,66.0,7,7.5,27,Plato,E10+,2000s,Other,2.0794415416798357,3.332204510175204
PS2,2006,Strategy,THQ,0.07,71.0,26,8.0,5,Pandemic Studios,M,2000s,Other,3.295836866004329,1.791759469228055
PSV,2014,Role-Playing,Nippon Ichi Software,0.07,60.0,7,7.5,29,Kadokawa,M,2010s,Other,2.0794415416798357,3.4011973816621555
DS,2008,Action,Ubisoft,0.07,64.0,24,6.0,9,Ubisoft,E,2000s,Other,3.2188758248682006,2.302585092994046
XB,2003,Sports,Midway Games,0.07,81.0,23,8.8,12,Next Level Games,E,2000s,Other,3.1780538303479458,2.5649493574615367
PS4,2015,Adventure,Revolution Software,0.07,72.0,14,7.2,23,Revolution Software,T,2010s,Other,2.70805020110221,3.1780538303479458
PC,2012,Action,Nordic Games,0.06,83.0,30,8.0,1473,Remedy Entertainment,T,2010s,Other,3.4339872044851463,7.295735072749282
GBA,2001,Racing,THQ,0.06,66.0,5,7.5,27,Altron,E,2000s,Other,1.791759469228055,3.332204510175204
DS,2007,Adventure,Konami Digital Entertainment,0.06,58.0,29,7.5,27,Matrix Software,E10+,2000s,Other,3.4011973816621555,3.332204510175204
X360,2014,Role-Playing,Deep Silver,0.06,44.0,8,4.4,69,Piranha Bytes,M,2010s,Other,2.1972245773362196,4.248495242049359
PSP,2008,Fighting,Irem Software Engineering,0.06,54.0,14,6.3,8,Irem,E10+,2000s,Other,2.70805020110221,2.1972245773362196
XB,2004,Simulation,Take-Two Interactive,0.06,62.0,29,5.0,5,Silver Wish Games,T,2000s,Other,3.4011973816621555,1.791759469228055
XB,2005,Racing,Ubisoft,0.06,51.0,40,6.9,8,Ubisoft Paris,M,2000s,Other,3.713572066704308,2.1972245773362196
PS2,2004,Role-Playing,Enterbrain,0.06,69.0,16,7.9,14,Runtime,E10+,2000s,Other,2.833213344056216,2.70805020110221
GBA,2002,Simulation,Electronic Arts,0.06,66.0,6,7.5,27,BudCat,E,2000s,Other,1.9459101490553132,3.332204510175204
XB,2001,Action,Genki,0.06,32.0,15,2.5,12,Light Weight,M,2000s,Other,2.772588722239781,2.5649493574615367
XB,2005,Misc,Take-Two Interactive,0.06,63.0,17,7.8,4,2K Sports,T,2000s,Other,2.8903717578961645,1.6094379124341003
PC,2007,Strategy,Microsoft Game Studios,0.06,81.0,19,8.5,71,Big Huge Games,T,2000s,Other,2.995732273553991,4.276666119016055
DS,2009,Strategy,Deep Silver,0.06,61.0,23,7.5,27,Gammick Entertainment,T,2000s,Other,3.1780538303479458,3.332204510175204
DS,2009,Simulation,505 Games,0.06,41.0,4,2.4,5,DiP Interactive,E10+,2000s,Other,1.6094379124341003,1.791759469228055
XB,2002,Adventure,Electronic Arts,0.06,74.0,16,7.5,27,Westwood Studios,T,2000s,Other,2.833213344056216,3.332204510175204
DS,2010,Adventure,City Interactive,0.06,53.0,13,7.5,27,City Interactive,T,2010s,Other,2.639057329615259,3.332204510175204
DS,2006,Shooter,Disney Interactive Studios,0.06,66.0,13,7.5,27,DC Studios,E,2000s,Other,2.639057329615259,3.332204510175204
PS2,2005,Action,Konami Digital Entertainment,0.06,51.0,38,6.7,11,KCET,M,2000s,Other,3.6635616461296463,2.4849066497880004
XB,2003,Action,Electronic Arts,0.06,49.0,5,1.5,4,Argonaut Games,E,2000s,Other,1.791759469228055,1.6094379124341003
PC,2013,Racing,Codemasters,0.06,80.0,17,5.7,571,Codemasters,E,2010s,Other,2.8903717578961645,6.349138991379798
PSV,2013,Role-Playing,Nippon Ichi Software,0.06,55.0,31,6.7,37,"Image Epoch, Imageepoch",M,2010s,Other,3.4657359027997265,3.6375861597263857
PSP,2006,Shooter,Activision,0.06,63.0,36,7.0,12,Rebellion,M,2000s,Other,3.6109179126442243,2.5649493574615367
PSV,2014,Action,Tecmo Koei,0.06,70.0,9,7.9,14,Omega Force,T,2010s,Other,2.302585092994046,2.70805020110221
GC,2002,Sports,Acclaim Entertainment,0.06,60.0,15,5.0,7,"Z-Axis, Ltd.",M,2000s,Other,2.772588722239781,2.0794415416798357
GBA,2003,Action,Capcom,0.06,63.0,8,7.5,27,Klein Computer Entertainment,E,2000s,Other,2.1972245773362196,3.332204510175204
WiiU,2014,Action,Namco Bandai Games,0.06,66.0,11,7.8,43,Ganbarion,T,2010s,Other,2.4849066497880004,3.784189633918261
XB,2002,Sports,Acclaim Entertainment,0.06,85.0,20,7.7,7,"Z-Axis, Ltd.",T,2000s,Other,3.044522437723423,2.0794415416798357
DS,2008,Action,Gamecock,0.06,55.0,23,7.0,5,Creat Studios,E10+,2000s,Other,3.1780538303479458,1.791759469228055
PS2,2003,Racing,Acclaim Entertainment,0.06,68.0,23,8.6,8,Acclaim Studios Cheltenham,T,2000s,Other,3.1780538303479458,2.1972245773362196
3DS,2015,Puzzle,Nintendo,0.06,70.0,15,7.5,48,"Nintendo, Nintendo Software Technology",E,2010s,Mario,2.772588722239781,3.8918202981106265
Wii,2010,Fighting,Sega,0.06,45.0,38,6.9,11,High Voltage Software,T,2010s,Other,3.6635616461296463,2.4849066497880004
DS,2005,Platform,Konami Digital Entertainment,0.06,69.0,10,7.5,27,Konami Computer Entertainment Hawaii,E,2000s,Other,2.3978952727983707,3.332204510175204
Wii,2006,Action,Eidos Interactive,0.06,37.0,13,5.0,25,Spike,M,2000s,Other,2.639057329615259,3.258096538021482
DS,2008,Simulation,Square Enix,0.06,60.0,10,7.5,27,Taito Corporation,E,2000s,Other,2.3978952727983707,3.332204510175204
DS,2010,Shooter,Activision,0.06,70.0,10,7.5,27,n-Space,T,2010s,Other,2.3978952727983707,3.332204510175204
PSP,2006,Shooter,Konami Digital Entertainment,0.06,76.0,44,8.5,4,M2,E,2000s,Other,3.8066624897703196,1.6094379124341003
X360,2012,Fighting,Tecmo Koei,0.06,55.0,18,7.1,20,Koei,M,2010s,Other,2.9444389791664403,3.044522437723423
PS2,2004,Sports,Zoo Digital Publishing,0.06,70.0,15,8.7,12,Tecmo,E,2000s,Other,2.772588722239781,2.5649493574615367
GBA,2005,Platform,Ubisoft,0.06,61.0,12,7.5,27,Backbone Entertainment,E,2000s,Other,2.5649493574615367,3.332204510175204
PS2,2004,Shooter,Namco Bandai Games,0.06,45.0,16,7.8,10,Bec,T,2000s,Other,2.833213344056216,2.3978952727983707
XB,2001,Racing,Electronic Arts,0.06,83.0,11,5.5,8,EA Sports,E,2000s,Other,2.4849066497880004,2.1972245773362196
PSP,2008,Role-Playing,Sega,0.06,78.0,20,7.5,30,"IronNos Co.,Ltd.",T,2000s,Other,3.044522437723423,3.4339872044851463
DS,2011,Platform,Majesco Entertainment,0.06,79.0,15,8.0,15,DreamRift,E,2010s,Other,2.772588722239781,2.772588722239781
Wii,2007,Fighting,Game Factory,0.06,37.0,14,4.8,5,Neko Entertainment,T,2000s,Other,2.70805020110221,1.791759469228055
GC,2002,Racing,Electronic Arts,0.06,67.0,12,6.8,11,Pseudo Interactive,T,2000s,Other,2.5649493574615367,2.4849066497880004
PC,2016,Platform,Electronic Arts,0.06,74.0,24,4.4,606,EA DICE,T,2010s,Other,3.2188758248682006,6.408528791059498
GBA,2002,Misc,Sega,0.06,79.0,20,7.5,27,Sega,T,2000s,Other,3.044522437723423,3.332204510175204
PS2,2004,Role-Playing,Sony Computer Entertainment,0.06,59.0,24,4.2,10,Cattle Call,T,2000s,Other,3.2188758248682006,2.3978952727983707
PS2,2003,Racing,Sega,0.06,57.0,21,7.5,27,Sega,T,2000s,Other,3.091042453358316,3.332204510175204
GBA,2004,Action,Ubisoft,0.06,68.0,19,6.2,6,Ubisoft,T,2000s,Other,2.995732273553991,1.9459101490553132
PSP,2005,Platform,Take-Two Interactive,0.06,72.0,30,7.3,8,Tecmo,E,2000s,Other,3.4339872044851463,2.1972245773362196
PS3,2008,Shooter,SouthPeak Games,0.06,55.0,25,7.5,27,Psyonix,T,2000s,Other,3.258096538021482,3.332204510175204
XB,2005,Shooter,Groove Games,0.06,32.0,9,5.8,10,Brainbox Games,M,2000s,Other,2.302585092994046,2.3978952727983707
PS4,2016,Racing,505 Games,0.06,73.0,35,6.2,70,Kunos Simulazioni,E,2010s,Other,3.58351893845611,4.2626798770413155
Wii,2008,Sports,Take-Two Interactive,0.06,65.0,11,5.4,19,Visual Concepts,E10+,2000s,Other,2.4849066497880004,2.995732273553991
Wii,2009,Simulation,Nobilis,0.06,57.0,6,7.5,27,MBA International,E,2000s,Other,1.9459101490553132,3.332204510175204
DS,2007,Strategy,THQ,0.06,57.0,21,7.9,16,THQ,T,2000s,Other,3.091042453358316,2.833213344056216
XOne,2016,Fighting,Namco Bandai Games,0.06,60.0,10,5.8,12,Spike Chunsoft,T,2010s,Other,2.3978952727983707,2.5649493574615367
XOne,2016,Action,Ubisoft,0.06,76.0,12,7.7,27,Nadeo,E,2010s,Other,2.5649493574615367,3.332204510175204
PC,2014,Sports,Konami Digital Entertainment,0.06,82.0,8,5.8,173,Konami,Unknown,2010s,Other,2.1972245773362196,5.159055299214529
PSV,2016,Adventure,Aksys Games,0.06,83.0,31,8.3,116,"Spike Chunsoft, Chime",M,2010s,Other,3.4657359027997265,4.762173934797756
DS,2006,Shooter,Eidos Interactive,0.06,72.0,11,6.4,15,Amaze Entertainment,T,2000s,Other,2.4849066497880004,2.772588722239781
PS2,2002,Action,Tecmo Koei,0.06,67.0,7,8.6,14,Koei,T,2000s,Other,2.0794415416798357,2.70805020110221
GBA,2004,Action,Disney Interactive Studios,0.06,68.0,16,7.5,27,Digital Eclipse,E,2000s,Other,2.833213344056216,3.332204510175204
GBA,2001,Simulation,Konami Digital Entertainment,0.06,65.0,5,8.0,5,Konami,E,2000s,Other,1.791759469228055,1.791759469228055
PSP,2011,Role-Playing,FuRyu,0.06,61.0,8,7.5,15,FuRyu,T,2010s,Other,2.1972245773362196,2.772588722239781
Wii,2007,Puzzle,Midas Interactive Entertainment,0.06,66.0,9,7.5,27,Compile Heart,E,2000s,Other,2.302585092994046,3.332204510175204
Wii,2007,Fighting,Zoo Digital Publishing,0.06,35.0,7,4.7,10,Nikitova Games,E10+,2000s,Other,2.0794415416798357,2.3978952727983707
PSP,2007,Misc,Hudson Entertainment,0.06,55.0,14,7.8,4,Racjin,E,2000s,Other,2.70805020110221,1.6094379124341003
Wii,2008,Racing,Zoo Games,0.06,40.0,4,7.5,27,Extra Mile Studios,E,2000s,Other,1.6094379124341003,3.332204510175204
PS3,2012,Adventure,PQube,0.06,83.0,8,8.7,51,Nitro+,M,2010s,Other,2.1972245773362196,3.9512437185814275
PS4,2015,Action,Tecmo Koei,0.06,67.0,40,7.6,71,Gust,T,2010s,Other,3.713572066704308,4.276666119016055
GC,2005,Sports,Crave Entertainment,0.06,47.0,4,7.5,27,Crave,E,2000s,Other,1.6094379124341003,3.332204510175204
PC,2011,Strategy,Microsoft Game Studios,0.06,70.0,44,5.6,186,Gas Powered Games,E10+,2010s,Other,3.8066624897703196,5.231108616854587
PSV,2012,Action,D3Publisher,0.06,68.0,36,7.9,31,Sandlot,T,2010s,Other,3.6109179126442243,3.4657359027997265
PS2,2005,Role-Playing,Tecmo Koei,0.06,68.0,34,7.8,14,Gust,E10+,2000s,Other,3.5553480614894135,2.70805020110221
PS,2000,Sports,Mattel Interactive,0.06,57.0,5,7.5,27,Krome Studios,E,2000s,Other,1.791759469228055,3.332204510175204
XB,2004,Strategy,Activision Value,0.06,38.0,5,7.5,27,Activision Value,T,2000s,Other,1.791759469228055,3.332204510175204
3DS,2014,Simulation,ArtDink,0.06,65.0,4,7.5,27,Artdink,E10+,2010s,Other,1.6094379124341003,3.332204510175204
XB,2005,Misc,Microsoft Game Studios,0.06,55.0,26,7.5,27,Tecmo,E,2000s,Other,3.295836866004329,3.332204510175204
PS2,2006,Racing,Game Factory,0.06,27.0,4,7.5,27,Creat Studios,E10+,2000s,Other,1.6094379124341003,3.332204510175204
DS,2008,Role-Playing,Nobilis,0.06,59.0,9,8.0,5,Sonic Powered,E,2000s,Other,2.302585092994046,1.791759469228055
DS,2009,Puzzle,Playlogic Game Factory,0.06,54.0,6,7.5,27,Whitebear,E10+,2000s,Other,1.9459101490553132,3.332204510175204
PC,2014,Action,Warner Bros. Interactive Entertainment,0.06,68.0,7,6.8,33,TT Games,E10+,2010s,Other,2.0794415416798357,3.5263605246161616
WiiU,2013,Action,Capcom,0.06,76.0,10,7.9,100,WayForward,E,2010s,Other,2.3978952727983707,4.61512051684126
PS2,2001,Shooter,Interplay,0.06,79.0,15,6.9,8,Digital Mayhem,T,2000s,Other,2.772588722239781,2.1972245773362196
X360,2014,Racing,Nordic Games,0.06,48.0,10,4.8,14,Nordic Games Publishing,E,2010s,Other,2.3978952727983707,2.70805020110221
PSV,2015,Role-Playing,Nippon Ichi Software,0.06,76.0,11,8.8,33,Spike Chunsoft,T,2010s,Other,2.4849066497880004,3.5263605246161616
PC,2008,Action,Warner Bros. Interactive Entertainment,0.06,80.0,15,7.8,61,Traveller's Tales,E10+,2000s,Other,2.772588722239781,4.127134385045092
PS2,2008,Adventure,Atari,0.06,47.0,10,5.4,24,Hydravision,M,2000s,Other,2.3978952727983707,3.2188758248682006
PS2,2003,Misc,TDK Mediactive,0.06,61.0,11,8.0,6,Mass Media,E,2000s,Other,2.4849066497880004,1.9459101490553132
PS4,2015,Shooter,Xseed Games,0.06,64.0,40,7.9,51,Sandlot,M,2010s,Other,3.713572066704308,3.9512437185814275
XB,2005,Action,Ubisoft,0.06,71.0,41,7.6,20,Darkworks,M,2000s,Other,3.7376696182833684,3.044522437723423
DS,2009,Puzzle,Oxygen Interactive,0.06,65.0,6,7.5,27,Oxygen Interactive,E,2000s,Other,1.9459101490553132,3.332204510175204
PS4,2016,Role-Playing,Focus Home Interactive,0.06,60.0,38,6.7,116,Spiders,M,2010s,Other,3.6635616461296463,4.762173934797756
DS,2007,Simulation,Electronic Arts,0.06,72.0,15,7.6,14,EA Japan Studio,E,2000s,Other,2.772588722239781,2.70805020110221
XB,2005,Adventure,Take-Two Interactive,0.06,77.0,51,8.1,37,Headfirst Productions,M,2000s,Other,3.9512437185814275,3.6375861597263857
XB,2003,Action,SCi,0.06,55.0,24,7.5,27,Pivotal Games,T,2000s,Other,3.2188758248682006,3.332204510175204
PC,2010,Racing,Activision,0.06,81.0,24,7.4,177,Bizarre Creations,E10+,2010s,Other,3.2188758248682006,5.181783550292085
PC,2011,Adventure,Focus Home Interactive,0.06,75.0,30,7.9,35,Pendulo Studios,E10+,2010s,Other,3.4339872044851463,3.58351893845611
GBA,2002,Sports,Ubisoft,0.06,55.0,7,7.5,27,DC Studios,E,2000s,Other,2.0794415416798357,3.332204510175204
DS,2008,Puzzle,THQ,0.06,66.0,4,7.5,27,Mikoishi,E,2000s,Other,1.6094379124341003,3.332204510175204
Wii,2007,Role-Playing,Sega,0.06,48.0,24,7.1,23,Totally Games,T,2000s,Other,3.2188758248682006,3.1780538303479458
GC,2003,Platform,Acclaim Entertainment,0.06,71.0,22,7.3,6,Acclaim,T,2000s,Other,3.1354942159291497,1.9459101490553132
GC,2003,Action,Ubisoft,0.06,63.0,17,7.5,27,Ubisoft Montreal,T,2000s,Other,2.8903717578961645,3.332204510175204
Wii,2008,Adventure,Koch Media,0.06,65.0,12,7.6,8,"10tacle Studios, Fusionsphere Systems",T,2000s,Other,2.5649493574615367,2.1972245773362196
PC,2007,Shooter,Midway Games,0.06,83.0,41,8.0,523,Epic Games,M,2000s,Other,3.7376696182833684,6.261491684321042
GC,2002,Sports,Konami Digital Entertainment,0.06,36.0,7,4.7,6,KCEO,E,2000s,Other,2.0794415416798357,1.9459101490553132
Wii,2009,Adventure,Ubisoft,0.06,65.0,4,7.5,27,Longtail Studios,T,2000s,Other,1.6094379124341003,3.332204510175204
XB,2004,Shooter,Atari,0.06,66.0,38,8.6,5,Paradigm Entertainment,T,2000s,Other,3.6635616461296463,1.791759469228055
DS,2007,Puzzle,Square Enix,0.06,61.0,29,7.0,5,Taito Corporation,E,2000s,Other,3.4011973816621555,1.791759469228055
PC,2005,Shooter,Activision,0.06,86.0,64,8.4,626,Infinity Ward,T,2000s,Call of Duty,4.174387269895637,6.440946540632921
DS,2009,Shooter,SouthPeak Games,0.06,78.0,39,8.2,26,Arkedo Studio,E,2000s,Other,3.6888794541139363,3.295836866004329
XB,2005,Shooter,Take-Two Interactive,0.06,72.0,34,6.7,11,Croteam,M,2000s,Other,3.5553480614894135,2.4849066497880004
XOne,2016,Action,Insomniac Games,0.06,66.0,12,6.9,20,Insomniac Games,E,2010s,Other,2.5649493574615367,3.044522437723423
X360,2011,Racing,Capcom,0.06,72.0,31,7.5,27,Monumental Games,E,2010s,Other,3.4657359027997265,3.332204510175204
X360,2007,Sports,Activision Value,0.06,51.0,5,7.5,27,FUN Labs,T,2000s,Other,1.791759469228055,3.332204510175204
PC,2011,Action,Capcom,0.06,66.0,10,5.3,54,Capcom Vancouver,M,2010s,Other,2.3978952727983707,4.007333185232471
PS2,2003,Misc,Ubisoft,0.06,64.0,28,8.1,12,SCEI,E,2000s,Other,3.367295829986474,2.5649493574615367
PC,2007,Role-Playing,Atari,0.06,81.0,50,8.8,1116,CD Projekt Red Studio,M,2000s,Other,3.9318256327243257,7.018401799069201
Wii,2009,Adventure,Nintendo,0.06,66.0,27,7.5,27,Cing,Unknown,2000s,Other,3.332204510175204,3.332204510175204
GC,2002,Puzzle,Ubisoft,0.06,65.0,12,7.5,27,Team 17,E,2000s,Other,2.5649493574615367,3.332204510175204
PSP,2007,Shooter,Konami Digital Entertainment,0.06,56.0,20,6.6,28,Creat Studios,T,2000s,Other,3.044522437723423,3.367295829986474
PC,2009,Shooter,Namco Bandai Games,0.06,80.0,44,8.7,602,GSC Game World,M,2000s,Other,3.8066624897703196,6.401917196727186
XB,2004,Racing,Bethesda Softworks,0.06,36.0,5,7.5,27,Bethesda Softworks,E,2000s,Other,1.791759469228055,3.332204510175204
DS,2007,Platform,Disney Interactive Studios,0.06,70.0,5,7.5,27,Artificial Mind and Movement,E,2000s,Other,1.791759469228055,3.332204510175204
PC,2010,Action,Electronic Arts,0.06,54.0,7,6.8,9,EA Bright Light,E,2010s,Other,2.0794415416798357,2.302585092994046
DS,2008,Sports,Take-Two Interactive,0.06,70.0,7,7.5,27,Konami,E,2000s,Other,2.0794415416798357,3.332204510175204
DS,2008,Sports,Activision,0.06,61.0,5,7.5,27,Black Lantern Studios,E,2000s,Other,1.791759469228055,3.332204510175204
DS,2007,Fighting,Zoo Digital Publishing,0.06,33.0,4,7.5,27,Nikitova Games,E10+,2000s,Other,1.6094379124341003,3.332204510175204
PS2,2006,Shooter,Eidos Interactive,0.06,58.0,26,8.5,11,Pyro Studios,T,2000s,Other,3.295836866004329,2.4849066497880004
PS2,2004,Shooter,Namco Bandai Games,0.06,57.0,16,8.6,11,Capcom,T,2000s,Other,2.833213344056216,2.4849066497880004
GBA,2002,Fighting,Sammy Corporation,0.06,67.0,14,5.9,10,Arc System Works,T,2000s,Other,2.70805020110221,2.3978952727983707
PSP,2007,Role-Playing,Mercury Games,0.06,52.0,6,7.4,12,Platinum Egg,T,2000s,Other,1.9459101490553132,2.5649493574615367
WiiU,2015,Action,Nintendo,0.06,43.0,54,6.5,283,Valhalla Game Studios,M,2010s,Other,4.007333185232471,5.648974238161206
DS,2006,Strategy,Ubisoft,0.06,63.0,15,7.0,10,Quicksilver Software,E,2000s,Other,2.772588722239781,2.3978952727983707
GBA,2003,Platform,THQ,0.06,44.0,15,2.5,4,Art,E,2000s,Other,2.772588722239781,1.6094379124341003
PSP,2006,Action,Konami Digital Entertainment,0.06,59.0,4,7.5,27,BottleRocket Entertainment,E10+,2000s,Other,1.6094379124341003,3.332204510175204
GBA,2002,Adventure,BAM! Entertainment,0.06,80.0,17,7.8,10,Revolution Software,T,2000s,Other,2.8903717578961645,2.3978952727983707
GC,2003,Action,Capcom,0.06,62.0,16,8.5,32,Nex Entertainment,M,2000s,Other,2.833213344056216,3.4965075614664802
GC,2002,Sports,Activision,0.06,80.0,15,7.5,27,Treyarch,E,2000s,Other,2.772588722239781,3.332204510175204
PS2,2005,Action,Tecmo Koei,0.06,60.0,36,7.9,14,Paon Corporation,M,2000s,Other,3.6109179126442243,2.70805020110221
XB,2005,Sports,Take-Two Interactive,0.06,44.0,14,7.5,27,Cat Daddy Games,T,2000s,Other,2.70805020110221,3.332204510175204
3DS,2014,Role-Playing,Marvelous Entertainment,0.06,68.0,16,7.8,36,Marvelous Inc.,T,2010s,Other,2.833213344056216,3.6109179126442243
XB,2003,Strategy,Sega,0.06,69.0,20,8.4,10,Team 17,T,2000s,Other,3.044522437723423,2.3978952727983707
PSP,2005,Role-Playing,Ignition Entertainment,0.06,66.0,41,7.4,17,G-Artists,E,2000s,Other,3.7376696182833684,2.8903717578961645
PS2,2001,Shooter,3DO,0.06,50.0,9,6.4,9,3DO,T,2000s,Other,2.302585092994046,2.302585092994046
DS,2008,Adventure,Arc System Works,0.06,61.0,6,8.0,8,WorkJam,M,2000s,Other,1.9459101490553132,2.1972245773362196
PC,2008,Role-Playing,Ascaron Entertainment GmbH,0.06,71.0,41,6.9,203,"Ascaron Entertainment GmbH, Ascaron Entertainment",M,2000s,Other,3.7376696182833684,5.318119993844216
X360,2014,Action,Little Orbit,0.06,58.0,5,7.5,4,WayForward,E10+,2010s,Other,1.791759469228055,1.6094379124341003
DS,2005,Action,Konami Digital Entertainment,0.06,58.0,10,7.0,5,Konami,E,2000s,Other,2.3978952727983707,1.791759469228055
X360,2008,Action,Eidos Interactive,0.06,29.0,16,3.3,30,Red Tribe,T,2000s,Other,2.833213344056216,3.4339872044851463
PC,2010,Sports,Konami Digital Entertainment,0.06,79.0,9,7.5,27,Konami,Unknown,2010s,Other,2.302585092994046,3.332204510175204
XB,2004,Action,Disney Interactive Studios,0.06,69.0,36,4.3,4,Climax Group,T,2000s,Other,3.6109179126442243,1.6094379124341003
DS,2005,Puzzle,Atari,0.06,65.0,24,7.5,27,Bullets,E,2000s,Other,3.2188758248682006,3.332204510175204
PS2,2006,Racing,Namco Bandai Games,0.06,59.0,22,6.6,24,Eutechnyx,T,2000s,Other,3.1354942159291497,3.2188758248682006
PS3,2008,Action,Ignition Entertainment,0.06,30.0,15,3.5,36,Artoon,M,2000s,Other,2.772588722239781,3.6109179126442243
X360,2007,Shooter,Activision,0.06,35.0,11,6.1,21,Cauldron Ltd.,T,2000s,Other,2.4849066497880004,3.091042453358316
GBA,2004,Racing,Zoo Digital Publishing,0.06,83.0,17,8.9,9,"Orbital Media, Inc.",E,2000s,Other,2.8903717578961645,2.302585092994046
PS3,2011,Racing,Evolved Games,0.06,53.0,5,7.5,27,"Left Field Productions, Zoo Games",E10+,2010s,Other,1.791759469228055,3.332204510175204
XOne,2015,Action,Ubisoft,0.06,60.0,14,8.4,50,Krome Studios,Unknown,2010s,Other,2.70805020110221,3.9318256327243257
X360,2012,Shooter,Namco Bandai Games,0.06,53.0,51,6.5,72,Saber Interactive,M,2010s,Other,3.9512437185814275,4.290459441148391
PC,2009,Racing,Electronic Arts,0.06,83.0,22,5.8,387,Slightly Mad Studios,E,2000s,Other,3.1354942159291497,5.961005339623274
PSP,2006,Action,Atari,0.06,78.0,36,7.8,8,Ignition Entertainment,E,2000s,Other,3.6109179126442243,2.1972245773362196
PSV,2015,Role-Playing,Aksys Games,0.06,71.0,8,8.3,12,Tri-Ace,T,2010s,Other,2.1972245773362196,2.5649493574615367
PC,2004,Strategy,Microsoft Game Studios,0.06,72.0,34,8.1,43,Blue Fang Games,E,2000s,Other,3.5553480614894135,3.784189633918261
X360,2009,Action,SouthPeak Games,0.06,42.0,17,5.0,4,Collision Studios,E10+,2000s,Other,2.8903717578961645,1.6094379124341003
XB,2002,Adventure,Ubisoft,0.06,55.0,11,7.5,27,Presto Studios,E,2000s,Other,2.4849066497880004,3.332204510175204
PS2,2006,Misc,Konami Digital Entertainment,0.06,71.0,24,7.5,27,Harmonix Music Systems,E10+,2000s,Other,3.2188758248682006,3.332204510175204
Wii,2010,Adventure,Hudson Soft,0.06,60.0,8,7.5,27,Hudson Entertainment,E,2010s,Other,2.1972245773362196,3.332204510175204
Wii,2009,Action,SouthPeak Games,0.06,48.0,13,7.5,27,Collision Studios,E10+,2000s,Other,2.639057329615259,3.332204510175204
XB,2002,Action,Tecmo Koei,0.06,77.0,17,8.6,16,Tecmo,T,2000s,Other,2.8903717578961645,2.833213344056216
PS2,2006,Shooter,Eidos Interactive,0.06,73.0,35,7.8,24,Rocksteady Studios,M,2000s,Other,3.58351893845611,3.2188758248682006
PS2,2006,Shooter,Ubisoft,0.06,44.0,8,4.6,41,Ubisoft Shanghai,T,2000s,Other,2.1972245773362196,3.7376696182833684
Wii,2010,Puzzle,Rising Star Games,0.06,74.0,30,7.2,12,Prope,E,2010s,Other,3.4339872044851463,2.5649493574615367
GC,2003,Action,Capcom,0.06,59.0,15,8.5,31,Capcom,M,2000s,Other,2.772588722239781,3.4657359027997265
DS,2006,Puzzle,Konami Digital Entertainment,0.06,61.0,28,7.5,27,Hudson,E,2000s,Other,3.367295829986474,3.332204510175204
XB,2004,Action,Electronic Arts,0.06,45.0,33,4.6,5,EA Games,T,2000s,Other,3.5263605246161616,1.791759469228055
X360,2012,Action,505 Games,0.06,54.0,8,3.5,16,505 Games,T,2010s,Other,2.1972245773362196,2.833213344056216
X360,2008,Action,Tecmo Koei,0.06,44.0,28,8.1,15,Omega Force,T,2000s,Other,3.367295829986474,2.772588722239781
PS2,2007,Role-Playing,Nippon Ichi Software,0.06,69.0,20,7.5,41,Gust,E10+,2000s,Other,3.044522437723423,3.7376696182833684
PC,2016,Fighting,Capcom,0.06,74.0,33,2.9,431,Capcom,T,2010s,Other,3.5263605246161616,6.068425588244111
GBA,2001,Role-Playing,Konami Digital Entertainment,0.06,71.0,12,9.0,9,WinkySoft,E,2000s,Other,2.5649493574615367,2.302585092994046
PS,2000,Action,Infogrames,0.06,27.0,4,7.5,27,SingleTrac,E,2000s,Other,1.6094379124341003,3.332204510175204
PS4,2015,Sports,Nordic Games,0.06,42.0,8,4.1,9,Rainbow Studios,E,2010s,Other,2.1972245773362196,2.302585092994046
PSP,2006,Action,Activision,0.06,73.0,41,7.6,9,"Rebellion, Neversoft Entertainment",M,2000s,Other,3.7376696182833684,2.302585092994046
GBA,2003,Action,Atari,0.06,50.0,15,7.5,27,Taniko,T,2000s,Other,2.772588722239781,3.332204510175204
DS,2007,Sports,Electronic Arts,0.06,81.0,10,7.6,8,Exient Entertainment,E,2000s,Other,2.3978952727983707,2.1972245773362196
XB,2005,Action,SCi,0.06,60.0,31,7.1,17,Bits Studios,M,2000s,Other,3.4657359027997265,2.8903717578961645
GC,2006,Action,Ubisoft,0.06,64.0,8,7.1,7,Ubisoft Montreal,M,2000s,Other,2.1972245773362196,2.0794415416798357
Wii,2008,Fighting,Ignition Entertainment,0.06,74.0,6,8.2,5,SNK Playmore,T,2000s,Other,1.9459101490553132,1.791759469228055
PC,2007,Shooter,THQ,0.06,82.0,44,8.4,1088,GSC Game World,M,2000s,Other,3.8066624897703196,6.9930151229329605
DS,2005,Shooter,Majesco Entertainment,0.06,71.0,43,7.7,19,Shin'en,E,2000s,Other,3.784189633918261,2.995732273553991
PS2,2004,Action,Sega,0.06,59.0,21,8.4,10,Adrenium,T,2000s,Other,3.091042453358316,2.3978952727983707
X360,2014,Simulation,Kalypso Media,0.06,71.0,4,7.2,9,Haemimont,T,2010s,Other,1.6094379124341003,2.302585092994046
PS2,2001,Role-Playing,Sony Computer Entertainment,0.06,67.0,13,7.5,27,Cattle Call,T,2000s,Other,2.639057329615259,3.332204510175204
PS4,2015,Sports,Ubisoft,0.06,25.0,6,1.9,39,HB Studios Multimedia,E,2010s,Other,1.9459101490553132,3.6888794541139363
DS,2008,Sports,Ubisoft,0.06,70.0,7,7.5,27,Ubisoft,E,2000s,Other,2.0794415416798357,3.332204510175204
GC,2003,Role-Playing,Activision,0.06,68.0,25,9.1,14,From Software,T,2000s,Other,3.258096538021482,2.70805020110221
GC,2002,Sports,Acclaim Entertainment,0.06,88.0,16,7.8,5,"Z-Axis, Ltd.",T,2000s,Other,2.833213344056216,1.791759469228055
GC,2005,Action,Capcom,0.06,62.0,27,6.9,8,Clover Studio,T,2000s,Other,3.332204510175204,2.1972245773362196
PSP,2006,Role-Playing,Atari,0.06,60.0,33,6.9,16,Hit Maker,E10+,2000s,Other,3.5263605246161616,2.833213344056216
DS,2011,Action,Activision,0.06,33.0,6,5.6,7,Silicon Knights,E10+,2010s,Other,1.9459101490553132,2.0794415416798357
PC,2005,Simulation,Electronic Arts,0.06,81.0,31,7.8,49,Maxis,T,2000s,Other,3.4657359027997265,3.912023005428146
PSP,2005,Role-Playing,Midas Interactive Entertainment,0.06,60.0,29,7.7,18,Idea Factory,T,2000s,Other,3.4011973816621555,2.9444389791664403
PS2,2005,Misc,Mastiff,0.06,73.0,28,8.4,11,Andamiro U.S.A. Corp.,T,2000s,Other,3.367295829986474,2.4849066497880004
PS3,2014,Role-Playing,Aksys Games,0.06,64.0,11,6.4,17,TOYBOX,T,2010s,Other,2.4849066497880004,2.8903717578961645
GC,2002,Racing,Activision,0.06,58.0,17,7.5,27,Stealth Studios,T,2000s,Other,2.8903717578961645,3.332204510175204
PSV,2012,Racing,Sony Computer Entertainment,0.06,78.0,39,6.8,123,Evolution Studios,E,2010s,Other,3.6888794541139363,4.820281565605037
XB,2002,Platform,Midway Games,0.06,70.0,13,7.5,27,Midway,T,2000s,Other,2.639057329615259,3.332204510175204
PC,2001,Action,Electronic Arts,0.06,65.0,11,7.8,76,KnowWonder,E,2000s,Other,2.4849066497880004,4.343805421853684
DS,2006,Action,SouthPeak Games,0.06,70.0,29,8.6,5,"Orbital Media, Inc.",E10+,2000s,Other,3.4011973816621555,1.791759469228055
PC,2013,Action,Capcom,0.06,65.0,26,7.4,1007,DONTNOD Entertainment,M,2010s,Other,3.295836866004329,6.915723448631314
DS,2007,Puzzle,Eidos Interactive,0.06,68.0,13,7.5,27,Zoonami Ltd.,E,2000s,Other,2.639057329615259,3.332204510175204
GBA,2002,Racing,THQ,0.06,67.0,11,7.5,27,Visual Impact,E,2000s,Other,2.4849066497880004,3.332204510175204
PS2,2002,Sports,Konami Digital Entertainment,0.06,62.0,13,7.5,27,Konami,E,2000s,Other,2.639057329615259,3.332204510175204
PS,2000,Adventure,Ubisoft,0.06,34.0,4,7.5,27,Revolution Software,E,2000s,Other,1.6094379124341003,3.332204510175204
XB,2006,Sports,Electronic Arts,0.06,69.0,14,6.8,13,EA Sports,E,2000s,Other,2.70805020110221,2.639057329615259
GBA,2002,Action,Vivendi Games,0.06,53.0,7,7.5,27,Cave Barn,E,2000s,Other,2.0794415416798357,3.332204510175204
GBA,2004,Puzzle,Majesco Entertainment,0.06,37.0,6,7.5,27,Radius9,E,2000s,Other,1.9459101490553132,3.332204510175204
X360,2013,Racing,Deep Silver,0.06,19.0,14,1.3,433,"Eutechnyx, Deep Silver",M,2010s,Other,2.70805020110221,6.073044534100405
PS2,2005,Misc,Warner Bros. Interactive Entertainment,0.06,50.0,6,7.5,27,Artech Studios,T,2000s,Other,1.9459101490553132,3.332204510175204
PC,2009,Action,Electronic Arts,0.06,76.0,20,8.0,236,Pandemic Studios,M,2000s,Other,3.044522437723423,5.4680601411351315
X360,2008,Misc,Gamecock,0.06,52.0,23,6.1,7,Wideload Games Inc.,T,2000s,Other,3.1780538303479458,2.0794415416798357
GC,2004,Shooter,Ubisoft,0.06,68.0,25,8.2,5,Ubisoft Shanghai,M,2000s,Other,3.258096538021482,1.791759469228055
PS,1997,Shooter,Sony Computer Entertainment,0.06,76.0,11,7.5,27,Alfa System,T,1990s,Other,2.4849066497880004,3.332204510175204
PC,2016,Sports,505 Games,0.06,86.0,20,8.2,580,Psyonix,E,2010s,Other,3.044522437723423,6.364750756851911
DS,2007,Role-Playing,Rising Star Games,0.06,60.0,10,7.5,27,Amble,E10+,2000s,Other,2.3978952727983707,3.332204510175204
XB,2003,Racing,Eidos Interactive,0.06,68.0,28,7.5,27,Crystal Dynamics,T,2000s,Other,3.367295829986474,3.332204510175204
PS2,2002,Racing,Atari,0.06,82.0,10,7.4,14,Eden Studios,E,2000s,Other,2.3978952727983707,2.70805020110221
PC,2009,Platform,Electronic Arts,0.06,81.0,44,8.1,1026,EA DICE,T,2000s,Other,3.8066624897703196,6.934397209928558
PC,2006,Role-Playing,THQ,0.06,77.0,51,8.1,387,Iron Lore Entertainment,T,2000s,Other,3.9512437185814275,5.961005339623274
GC,2004,Strategy,Sega,0.06,59.0,22,6.6,7,Hitmaker,E,2000s,Other,3.1354942159291497,2.0794415416798357
DS,2008,Platform,Brash Entertainment,0.06,59.0,5,7.5,27,"Red Tribe, Brash Entertainment",E,2000s,Other,1.791759469228055,3.332204510175204
XB,2002,Shooter,TDK Mediactive,0.06,48.0,11,7.5,27,Simon & Schuster,T,2000s,Other,2.4849066497880004,3.332204510175204
PS2,2004,Action,BAM! Entertainment,0.06,53.0,8,7.5,27,Artificial Mind and Movement,E,2000s,Other,2.1972245773362196,3.332204510175204
DS,2007,Role-Playing,Success,0.06,65.0,18,7.9,13,Ninja Studio,T,2000s,Other,2.9444389791664403,2.639057329615259
PC,2006,Role-Playing,JoWood Productions,0.06,63.0,39,7.3,519,Piranha Bytes,T,2000s,Other,3.6888794541139363,6.253828811575473
DS,2009,Strategy,Black Bean Games,0.05,42.0,5,7.5,27,Slitherine,E10+,2000s,Other,1.791759469228055,3.332204510175204
XOne,2016,Action,Telltale Games,0.05,35.0,17,5.2,74,The Fun Pimps Entertainment LLC,M,2010s,Other,2.8903717578961645,4.31748811353631
GBA,2002,Strategy,Ubisoft,0.05,75.0,4,7.5,27,Fluid Studios,E,2000s,Other,1.6094379124341003,3.332204510175204
Wii,2007,Misc,Eidos Interactive,0.05,30.0,4,3.6,20,Sensory Sweep,E,2000s,Other,1.6094379124341003,3.044522437723423
PS2,2006,Action,Capcom,0.05,43.0,36,6.2,11,Capcom,M,2000s,Other,3.6109179126442243,2.4849066497880004
XB,2003,Racing,Acclaim Entertainment,0.05,60.0,16,8.8,4,Climax Group,E,2000s,Other,2.833213344056216,1.6094379124341003
GBA,2005,Strategy,Atari,0.05,78.0,29,9.1,10,Codo Games,E10+,2000s,Other,3.4011973816621555,2.3978952727983707
PC,2010,Racing,Codemasters,0.05,84.0,15,6.6,99,Codemasters Birmingham,E,2010s,Other,2.772588722239781,4.605170185988092
XB,2003,Action,Acclaim Entertainment,0.05,65.0,25,7.1,7,Acclaim Studios Manchester,M,2000s,Other,3.258096538021482,2.0794415416798357
PS2,2002,Puzzle,Capcom,0.05,72.0,24,7.2,6,Shift,E,2000s,Other,3.2188758248682006,1.9459101490553132
Wii,2009,Action,D3Publisher,0.05,42.0,7,5.5,8,Papaya Studios,E10+,2000s,Other,2.0794415416798357,2.1972245773362196
PS2,2002,Role-Playing,Sony Computer Entertainment,0.05,70.0,17,7.5,27,Matrix Software,E,2000s,Other,2.8903717578961645,3.332204510175204
GC,2001,Sports,Acclaim Entertainment,0.05,53.0,10,7.5,27,Acclaim,E,2000s,Other,2.3978952727983707,3.332204510175204
DS,2006,Action,Konami Digital Entertainment,0.05,58.0,7,7.5,27,Razorback Developments,E,2000s,Other,2.0794415416798357,3.332204510175204
PC,2016,Strategy,Paradox Interactive,0.05,83.0,36,6.9,306,Paradox Development Studio,Unknown,2010s,Other,3.6109179126442243,5.726847747587197
GBA,2003,Simulation,"Destination Software, Inc",0.05,70.0,8,8.3,7,Raylight Studios,T,2000s,Other,2.1972245773362196,2.0794415416798357
PS2,2006,Action,Atari,0.05,69.0,39,7.2,31,Double Helix Games,M,2000s,Other,3.6888794541139363,3.4657359027997265
XB,2002,Sports,Sega,0.05,80.0,15,8.5,10,Black Box,E,2000s,Other,2.772588722239781,2.3978952727983707
PS3,2014,Shooter,City Interactive,0.05,43.0,12,6.0,75,CI Games,M,2010s,Other,2.5649493574615367,4.330733340286331
Wii,2009,Strategy,Playlogic Game Factory,0.05,66.0,4,7.5,27,Icon Games,E,2000s,Other,1.6094379124341003,3.332204510175204
GC,2002,Action,Eidos Interactive,0.05,71.0,15,7.5,27,Crystal Dynamics,M,2000s,Other,2.772588722239781,3.332204510175204
DS,2008,Adventure,Empire Interactive,0.05,66.0,20,7.5,27,Now Production,T,2000s,Other,3.044522437723423,3.332204510175204
PSP,2009,Simulation,Graffiti,0.05,36.0,12,7.5,27,Cowboy Rodeo,T,2000s,Other,2.5649493574615367,3.332204510175204
XB,2004,Racing,Global Star,0.05,64.0,34,7.5,27,Argonaut Games,E,2000s,Other,3.5553480614894135,3.332204510175204
XB,2003,Shooter,Zoo Digital Publishing,0.05,55.0,11,7.5,27,Terminal Reality,T,2000s,Other,2.4849066497880004,3.332204510175204
PSP,2006,Puzzle,Atari,0.05,62.0,24,7.5,27,Q Entertainment,E10+,2000s,Other,3.2188758248682006,3.332204510175204
PC,2010,Shooter,Square Enix,0.05,63.0,13,5.1,48,Double Helix Games,T,2010s,Other,2.639057329615259,3.8918202981106265
PS2,2001,Sports,Konami Digital Entertainment,0.05,50.0,9,7.5,27,Konami,E,2000s,Other,2.302585092994046,3.332204510175204
XB,2005,Action,Tecmo Koei,0.05,66.0,22,8.0,4,Omega Force,T,2000s,Other,3.1354942159291497,1.6094379124341003
GBA,2002,Sports,Electronic Arts,0.05,76.0,4,7.5,27,Exient Entertainment,E,2000s,FIFA,1.6094379124341003,3.332204510175204
PS2,2004,Simulation,Tecmo Koei,0.05,65.0,12,7.5,27,Micro Cabin,T,2000s,Other,2.5649493574615367,3.332204510175204
PC,2012,Adventure,DTP Entertainment,0.05,76.0,9,6.7,15,Cranberry Production,Unknown,2010s,Other,2.302585092994046,2.772588722239781
PC,2014,Action,Square Enix,0.05,59.0,22,7.4,379,Airtight Games,M,2010s,Other,3.1354942159291497,5.940171252720432
PSP,2006,Misc,Activision,0.05,75.0,10,7.5,27,Digital Eclipse,E,2000s,Other,2.3978952727983707,3.332204510175204
PS2,2001,Shooter,Sony Computer Entertainment,0.05,78.0,34,8.3,28,UGA,E,2000s,Other,3.5553480614894135,3.367295829986474
XB,2006,Sports,Midway Games,0.05,59.0,15,7.5,27,Blue Shift,E10+,2000s,Other,2.772588722239781,3.332204510175204
PSP,2008,Role-Playing,Idea Factory,0.05,57.0,14,7.8,12,Idea Factory,T,2000s,Other,2.70805020110221,2.5649493574615367
GBA,2002,Role-Playing,Taito,0.05,76.0,12,8.3,8,Taito Corporation,E,2000s,Other,2.5649493574615367,2.1972245773362196
XB,2004,Sports,Electronic Arts,0.05,74.0,21,8.1,9,EA Canada,E,2000s,Other,3.091042453358316,2.302585092994046
PC,2011,Simulation,Kalypso Media,0.05,57.0,4,5.5,30,Kalypso,E,2010s,Other,1.6094379124341003,3.4339872044851463
PSP,2007,Action,Destineer,0.05,41.0,9,7.5,27,Empire Oxford,E,2000s,Other,2.302585092994046,3.332204510175204
GC,2003,Role-Playing,Ubisoft,0.05,51.0,6,8.0,7,Imagineer,E,2000s,Other,1.9459101490553132,2.0794415416798357
PC,2011,Simulation,Ubisoft,0.05,60.0,13,7.1,114,1C: Maddox Games,T,2010s,Other,2.639057329615259,4.74493212836325
XB,2003,Sports,Midway Games,0.05,71.0,14,6.6,8,Midway,E,2000s,Other,2.70805020110221,2.1972245773362196
DS,2009,Role-Playing,Graffiti,0.05,58.0,24,7.5,20,Studio Archcraft,E,2000s,Other,3.2188758248682006,3.044522437723423
PSP,2006,Platform,Konami Digital Entertainment,0.05,68.0,34,7.3,9,Backbone Entertainment,T,2000s,Other,3.5553480614894135,2.302585092994046
XB,2003,Sports,Activision,0.05,80.0,23,8.8,9,Shaba Games,E,2000s,Other,3.1780538303479458,2.302585092994046
PS4,2016,Platform,Deep Silver,0.05,52.0,64,3.5,282,Inti Creates,E10+,2010s,Other,4.174387269895637,5.645446897643238
PS2,2006,Action,Namco Bandai Games,0.05,66.0,26,7.2,6,Grasshopper Manufacture,T,2000s,Other,3.295836866004329,1.9459101490553132
PS4,2016,Sports,Tecmo Koei,0.05,43.0,9,7.8,110,Team Ninja,Unknown,2010s,Other,2.302585092994046,4.709530201312334
DS,2008,Action,SouthPeak Games,0.05,59.0,12,7.5,27,Lexis Numerique,E,2000s,Other,2.5649493574615367,3.332204510175204
PC,2007,Shooter,Electronic Arts,0.05,78.0,38,7.3,204,Electronic Arts,T,2000s,Other,3.6635616461296463,5.3230099791384085
Wii,2007,Action,Nordcurrent,0.05,57.0,4,7.5,27,RED Entertainment,E,2000s,Other,1.6094379124341003,3.332204510175204
XB,2004,Action,Konami Digital Entertainment,0.05,61.0,15,7.5,27,Krome Studios,T,2000s,Other,2.772588722239781,3.332204510175204
PC,2011,Strategy,1C Company,0.05,77.0,21,8.2,93,"THQ, 1C, 1C Company",T,2010s,Other,3.091042453358316,4.543294782270004
DS,2008,Role-Playing,Nippon Ichi Software,0.05,67.0,24,6.8,12,Nippon Ichi Software,E,2000s,Other,3.2188758248682006,2.5649493574615367
XB,2005,Adventure,Ubisoft,0.05,75.0,17,7.5,27,Ubisoft Montreal,T,2000s,Other,2.8903717578961645,3.332204510175204
XOne,2016,Action,Deep Silver,0.05,67.0,10,4.9,18,Techland,M,2010s,Other,2.3978952727983707,2.9444389791664403
WiiU,2013,Platform,Namco Bandai Games,0.05,58.0,9,6.5,16,"Namco Bandai Games, Monkey Bar Games",E10+,2010s,Other,2.302585092994046,2.833213344056216
GC,2002,Sports,Sega,0.05,58.0,20,6.0,5,Amusement Vision,E,2000s,Other,3.044522437723423,1.791759469228055
X360,2007,Sports,Electronic Arts,0.05,72.0,27,8.2,10,EA Canada,E,2000s,Other,3.332204510175204,2.3978952727983707
PC,2015,Racing,Codemasters,0.05,61.0,13,3.6,63,Codemasters,E,2010s,Other,2.639057329615259,4.1588830833596715
GC,2002,Platform,Ubisoft,0.05,46.0,10,7.5,27,Ubisoft,E,2000s,Other,2.3978952727983707,3.332204510175204
DS,2009,Action,Playlogic Game Factory,0.05,58.0,7,6.0,5,Engine Software,E10+,2000s,Other,2.0794415416798357,1.791759469228055
PC,2011,Action,Bethesda Softworks,0.05,61.0,21,6.6,127,InXile Entertainment,M,2010s,Other,3.091042453358316,4.852030263919617
PS2,2004,Racing,Evolved Games,0.05,54.0,4,7.5,27,Argonaut Games,T,2000s,Other,1.6094379124341003,3.332204510175204
Wii,2009,Misc,Majesco Entertainment,0.05,46.0,16,7.5,27,NanaOn-Sha,E,2000s,Other,2.833213344056216,3.332204510175204
XB,2003,Action,Sega,0.05,79.0,43,8.3,12,From Software,T,2000s,Other,3.784189633918261,2.5649493574615367
PS2,2005,Action,JoWood Productions,0.05,72.0,30,7.3,18,Neon Studios,E10+,2000s,Other,3.4339872044851463,2.9444389791664403
X360,2010,Fighting,Konami Digital Entertainment,0.05,49.0,11,6.3,12,Immersion Software & Graphics,T,2010s,Other,2.4849066497880004,2.5649493574615367
GC,2003,Platform,Gotham Games,0.05,70.0,4,8.0,5,Doki Denki,E,2000s,Other,1.6094379124341003,1.791759469228055
PC,2010,Action,Ubisoft,0.05,66.0,12,3.8,47,Ubisoft,T,2010s,Other,2.5649493574615367,3.8712010109078907
XB,2004,Role-Playing,Avalon Interactive,0.05,66.0,33,5.5,23,Interplay,M,2000s,Other,3.5263605246161616,3.1780538303479458
XB,2003,Racing,Codemasters,0.05,71.0,8,7.8,5,Codemasters,E,2000s,Other,2.1972245773362196,1.791759469228055
XB,2004,Puzzle,505 Games,0.05,74.0,12,7.5,27,Taito Corporation,E,2000s,Other,2.5649493574615367,3.332204510175204
XB,2002,Racing,Activision,0.05,69.0,16,7.5,27,Climax Group,E,2000s,Other,2.833213344056216,3.332204510175204
PS4,2016,Shooter,Tripwire Interactive,0.05,76.0,39,8.0,57,Tripwire Interactive,M,2010s,Other,3.6888794541139363,4.060443010546419
PS2,2002,Racing,Sony Computer Entertainment,0.05,70.0,14,4.4,5,Sega AM2,E,2000s,Other,2.70805020110221,1.791759469228055
PC,2015,Fighting,Warner Bros. Interactive Entertainment,0.05,76.0,10,5.1,475,High Voltage Software,M,2010s,Other,2.3978952727983707,6.16541785423142
PC,2011,Simulation,Paradox Interactive,0.05,70.0,20,7.7,105,Colossal Order,E,2010s,Other,3.044522437723423,4.663439094112067
PS2,2002,Adventure,3DO,0.05,37.0,12,5.9,8,3DO,T,2000s,Other,2.5649493574615367,2.1972245773362196
XOne,2015,Action,Tecmo Koei,0.05,48.0,6,7.1,8,Omega Force,T,2010s,Other,1.9459101490553132,2.1972245773362196
PSP,2010,Fighting,SouthPeak Games,0.05,50.0,6,6.5,4,Point of View,T,2010s,Other,1.9459101490553132,1.6094379124341003
X360,2014,Role-Playing,Deep Silver,0.05,51.0,11,4.1,42,Deep Silver,M,2010s,Other,2.4849066497880004,3.7612001156935624
PC,2009,Role-Playing,DTP Entertainment,0.05,61.0,17,6.8,51,Deck 13,T,2000s,Other,2.8903717578961645,3.9512437185814275
PC,2009,Shooter,Codemasters,0.05,76.0,29,4.9,539,Codemasters,M,2000s,Other,3.4011973816621555,6.29156913955832
XOne,2015,Role-Playing,Deep Silver,0.05,77.0,13,7.1,56,InXile Entertainment,M,2010s,Other,2.639057329615259,4.04305126783455
X360,2010,Shooter,Rising Star Games,0.05,77.0,10,8.6,16,Cave,Unknown,2010s,Other,2.3978952727983707,2.833213344056216
X360,2010,Shooter,505 Games,0.05,33.0,4,6.6,15,"Buka Entertainment, Targem Games",M,2010s,Other,1.6094379124341003,2.772588722239781
GBA,2005,Role-Playing,Atari,0.05,68.0,34,8.2,6,WayForward,E10+,2000s,Other,3.5553480614894135,1.9459101490553132
DS,2007,Simulation,Ertain,0.05,66.0,8,7.5,27,Sonic Powered,E,2000s,Other,2.1972245773362196,3.332204510175204
DS,2007,Action,Atlus,0.05,71.0,9,7.5,27,Noise Factory,E,2000s,Other,2.302585092994046,3.332204510175204
GBA,2003,Sports,Electronic Arts,0.05,82.0,4,7.9,9,Exient Entertainment,E,2000s,FIFA,1.6094379124341003,2.302585092994046
PS2,2002,Racing,Avalon Interactive,0.05,69.0,18,7.5,27,SmartDog,E,2000s,Other,2.9444389791664403,3.332204510175204
GC,2002,Misc,Electronic Arts,0.05,39.0,6,7.8,5,Neverland,E,2000s,Other,1.9459101490553132,1.791759469228055
PC,2013,Shooter,Take-Two Interactive,0.05,66.0,45,6.5,621,2K Marin,M,2010s,Other,3.828641396489095,6.432940092739179
Wii,2009,Action,Oxygen Interactive,0.05,53.0,10,7.5,27,Gameinvest,E,2000s,Other,2.3978952727983707,3.332204510175204
DS,2008,Shooter,Codemasters,0.05,75.0,23,7.8,8,Shin'en,E,2000s,Other,3.1780538303479458,2.1972245773362196
DS,2008,Role-Playing,Sting,0.05,60.0,16,7.0,8,Suzak,E10+,2000s,Other,2.833213344056216,2.1972245773362196
PSP,2007,Shooter,Ignition Entertainment,0.05,78.0,26,7.4,25,Terminal Reality,T,2000s,Other,3.295836866004329,3.258096538021482
Wii,2011,Adventure,Telltale Games,0.05,66.0,7,4.1,9,Iron Galaxy Studios,T,2010s,Other,2.0794415416798357,2.302585092994046
XB,2002,Simulation,Phantagram,0.05,74.0,23,8.3,14,Genki,T,2000s,Other,3.1780538303479458,2.70805020110221
PS2,2001,Sports,Tecmo Koei,0.05,58.0,13,6.3,7,Cave,E,2000s,Other,2.639057329615259,2.0794415416798357
DC,2000,Shooter,Sega,0.05,83.0,12,7.8,12,Smilebit,M,2000s,Other,2.5649493574615367,2.5649493574615367
PSP,2006,Platform,Activision,0.05,58.0,7,7.5,27,Amaze Entertainment,E,2000s,Other,2.0794415416798357,3.332204510175204
Wii,2007,Misc,Atari,0.05,26.0,14,2.8,11,Atomic Planet Entertainment,E,2000s,Other,2.70805020110221,2.4849066497880004
DS,2007,Puzzle,Eidos Interactive,0.05,73.0,21,7.5,27,Game Sauce,E,2000s,Other,3.091042453358316,3.332204510175204
DS,2006,Action,From Software,0.05,37.0,10,5.1,7,From Software,T,2000s,Other,2.3978952727983707,2.0794415416798357
GC,2003,Misc,TDK Mediactive,0.05,40.0,6,7.3,7,Mass Media,E,2000s,Other,1.9459101490553132,2.0794415416798357
GC,2003,Racing,Ubisoft,0.05,49.0,11,7.5,27,Ubisoft,E,2000s,Other,2.4849066497880004,3.332204510175204
DS,2006,Sports,Take-Two Interactive,0.05,51.0,8,7.5,27,Indie Built,E,2000s,Other,2.1972245773362196,3.332204510175204
GC,2004,Adventure,Codemasters,0.05,77.0,34,8.5,13,Free Radical Design,T,2000s,Other,3.5553480614894135,2.639057329615259
GBA,2001,Puzzle,Sega,0.05,84.0,14,7.5,27,Sonic Team,E,2000s,Other,2.70805020110221,3.332204510175204
X360,2011,Fighting,PQube,0.05,68.0,13,7.5,27,Examu,T,2010s,Other,2.639057329615259,3.332204510175204
GC,2002,Fighting,Konami Digital Entertainment,0.05,60.0,15,6.3,4,Konami,T,2000s,Other,2.772588722239781,1.6094379124341003
PC,2008,Puzzle,PopCap Games,0.05,78.0,12,7.3,11,PopCap,E,2000s,Other,2.5649493574615367,2.4849066497880004
PS4,2015,Adventure,PQube,0.05,81.0,17,8.3,29,5pb,M,2010s,Other,2.8903717578961645,3.4011973816621555
DS,2010,Puzzle,Rising Star Games,0.05,69.0,20,6.3,4,Prope,E,2010s,Other,3.044522437723423,1.6094379124341003
PS3,2008,Misc,Gamecock,0.05,51.0,19,4.5,4,Wideload Games Inc.,T,2000s,Other,2.995732273553991,1.6094379124341003
XB,2004,Action,Acclaim Entertainment,0.05,64.0,37,6.0,4,Acclaim Studios Cheltenham,T,2000s,Other,3.6375861597263857,1.6094379124341003
GC,2002,Sports,Konami Digital Entertainment,0.05,62.0,6,7.5,27,KCEO,E,2000s,Other,1.9459101490553132,3.332204510175204
PS2,2006,Racing,Sega,0.05,81.0,42,8.8,17,Sumo Digital,E,2000s,Other,3.7612001156935624,2.8903717578961645
XB,2003,Role-Playing,Mindscape,0.05,71.0,31,8.2,6,Arkane Studios,M,2000s,Other,3.4657359027997265,1.9459101490553132
X360,2012,Misc,505 Games,0.05,77.0,6,6.7,6,Zoe Mode,E10+,2010s,Other,1.9459101490553132,1.9459101490553132
DS,2006,Fighting,Majesco Entertainment,0.05,60.0,25,5.8,9,Arc System Works,T,2000s,Other,3.258096538021482,2.302585092994046
GC,2002,Sports,THQ,0.05,68.0,16,4.5,4,Radical Entertainment,T,2000s,Other,2.833213344056216,1.6094379124341003
GBA,2002,Puzzle,Majesco Entertainment,0.05,70.0,8,7.5,27,Iridon Interactive AB,E,2000s,Other,2.1972245773362196,3.332204510175204
PC,2005,Shooter,LucasArts,0.05,78.0,34,8.7,279,LucasArts,T,2000s,Other,3.5553480614894135,5.634789603169249
GBA,2003,Puzzle,Activision,0.05,75.0,16,9.1,15,Mass Media,E,2000s,Other,2.833213344056216,2.772588722239781
GC,2005,Platform,Global Star,0.05,58.0,6,7.5,27,High Voltage Software,E10+,2000s,Other,1.9459101490553132,3.332204510175204
GBA,2005,Action,Zoo Digital Publishing,0.05,73.0,6,7.5,27,Krome Studios,E10+,2000s,Other,1.9459101490553132,3.332204510175204
PC,2009,Strategy,PopCap Games,0.05,87.0,41,8.9,891,PopCap,E10+,2000s,Other,3.7376696182833684,6.79346613258001
DS,2008,Adventure,Deep Silver,0.05,71.0,6,7.6,5,"10tacle Studios, Fusionsphere Systems",T,2000s,Other,1.9459101490553132,1.791759469228055
DS,2008,Platform,Ignition Entertainment,0.05,44.0,4,7.5,27,Crave,E,2000s,Other,1.6094379124341003,3.332204510175204
PS2,2001,Platform,Midas Interactive Entertainment,0.05,65.0,14,7.8,4,Treasure,T,2000s,Other,2.70805020110221,1.6094379124341003
PSP,2006,Puzzle,D3Publisher,0.05,74.0,19,7.8,6,Now Production,E,2000s,Other,2.995732273553991,1.9459101490553132
3DS,2016,Action,Nintendo,0.05,64.0,56,5.1,219,"Next Level Games, Nintendo",T,2010s,Other,4.04305126783455,5.393627546352361
GC,2003,Action,Kemco,0.05,65.0,21,7.5,27,Bits Studios,M,2000s,Other,3.091042453358316,3.332204510175204
PC,2009,Racing,Codemasters,0.05,89.0,22,8.2,352,Codemasters,T,2000s,Other,3.1354942159291497,5.8664680569332965
PC,2013,Shooter,505 Games,0.05,79.0,51,3.4,3558,Overkill Software,M,2010s,Other,3.9512437185814275,8.177234885510194
PS2,2006,Racing,Global Star,0.05,48.0,4,7.5,27,Eutechnyx,E,2000s,Other,1.6094379124341003,3.332204510175204
PS2,2001,Platform,DreamCatcher Interactive,0.05,64.0,5,7.4,5,EKO Software,E,2000s,Other,1.791759469228055,1.791759469228055
Wii,2007,Misc,Taito,0.05,43.0,16,4.8,5,"Taito Corporation, 505 Games",E10+,2000s,Other,2.833213344056216,1.791759469228055
PS4,2016,Misc,Sega,0.05,78.0,22,7.4,41,Sega,T,2010s,Other,3.1354942159291497,3.7376696182833684
XB,2003,Shooter,THQ,0.05,62.0,24,7.5,27,Outrage Games,T,2000s,Other,3.2188758248682006,3.332204510175204
GBA,2004,Action,Hip Interactive,0.05,40.0,9,7.5,27,Saffire,E,2000s,Other,2.302585092994046,3.332204510175204
GC,2002,Sports,Vivendi Games,0.05,61.0,10,9.0,4,Papaya Studios,E,2000s,Other,2.3978952727983707,1.6094379124341003
PC,2015,Strategy,Kalypso Media,0.05,63.0,11,5.4,52,Gaming Minds Studios,T,2010s,Other,2.4849066497880004,3.970291913552122
GBA,2004,Misc,Majesco Entertainment,0.05,52.0,4,7.5,27,One Man Band,E,2000s,Other,1.6094379124341003,3.332204510175204
PS,2000,Sports,Infogrames,0.05,48.0,10,7.5,27,Carapace,E,2000s,Other,2.3978952727983707,3.332204510175204
DS,2008,Simulation,Destineer,0.05,49.0,10,7.5,27,Big John Games,E10+,2000s,Other,2.3978952727983707,3.332204510175204
GBA,2001,Puzzle,Ubisoft,0.05,77.0,9,7.5,27,Taito Corporation,E,2000s,Other,2.302585092994046,3.332204510175204
PS4,2015,Action,Deep Silver,0.05,64.0,45,5.7,98,Volition Inc.,M,2010s,Other,3.828641396489095,4.59511985013459
GBA,2002,Puzzle,Acclaim Entertainment,0.05,71.0,11,7.5,27,PuzzleKings,E,2000s,Other,2.4849066497880004,3.332204510175204
PS2,2001,Racing,Titus,0.05,49.0,8,8.1,9,Team 17,E,2000s,Other,2.1972245773362196,2.302585092994046
GC,2005,Misc,Activision Value,0.05,44.0,5,7.5,27,Activision,E10+,2000s,Other,1.791759469228055,3.332204510175204
PC,2016,Shooter,Electronic Arts,0.05,82.0,6,7.5,44,PopCap,E10+,2010s,Other,1.9459101490553132,3.8066624897703196
GBA,2002,Shooter,BAM! Entertainment,0.05,61.0,9,7.5,27,Crawfish Interactive,T,2000s,Other,2.302585092994046,3.332204510175204
DS,2007,Platform,THQ,0.05,54.0,4,7.5,27,Natsume,E,2000s,Other,1.6094379124341003,3.332204510175204
PC,2010,Shooter,Mastertronic,0.05,76.0,36,7.7,326,Raven Software,M,2010s,Other,3.6109179126442243,5.7899601708972535
PS4,2016,Racing,Dusenberry Martin Racing,0.05,66.0,8,3.8,18,Dusenberry Martin Racing,E,2010s,Other,2.1972245773362196,2.9444389791664403
DS,2006,Action,Game Factory,0.05,55.0,13,7.5,27,Firebrand Games,E,2000s,Other,2.639057329615259,3.332204510175204
PS2,2005,Role-Playing,Namco Bandai Games,0.05,65.0,27,8.6,15,Bandai,E10+,2000s,Other,3.332204510175204,2.772588722239781
PS4,2014,Role-Playing,Ubisoft,0.05,82.0,46,8.0,451,Ubisoft Montreal,E10+,2010s,Other,3.8501476017100584,6.113682179832232
GBA,2006,Action,THQ,0.05,56.0,8,7.5,27,Halfbrick Studios,E,2000s,Other,2.1972245773362196,3.332204510175204
PS2,2007,Strategy,Tecmo Koei,0.05,79.0,39,7.9,17,Vanilla Ware,E10+,2000s,Other,3.6888794541139363,2.8903717578961645
PS3,2010,Shooter,Conspiracy Entertainment,0.05,45.0,7,7.5,27,Epicenter Studios,T,2010s,Other,2.0794415416798357,3.332204510175204
X360,2008,Sports,Navarre Corp,0.05,56.0,14,5.9,15,Liquid Dragon Studios,T,2000s,Other,2.70805020110221,2.772588722239781
XB,2005,Action,Konami Digital Entertainment,0.05,30.0,19,3.4,9,Hothouse Creations,M,2000s,Other,2.995732273553991,2.302585092994046
XB,2005,Sports,Electronic Arts,0.05,75.0,20,7.7,11,HB Studios Multimedia,E,2000s,Other,3.044522437723423,2.4849066497880004
PC,2004,Strategy,THQ,0.05,86.0,51,8.8,295,Relic,M,2000s,Other,3.9512437185814275,5.69035945432406
XB,2005,Misc,Empire Interactive,0.05,74.0,16,7.5,27,Empire Oxford,T,2000s,Other,2.833213344056216,3.332204510175204
GBA,2003,Racing,Activision,0.05,80.0,12,9.4,5,Mass Media,E,2000s,Other,2.5649493574615367,1.791759469228055
PS,1998,Platform,ESP,0.05,69.0,8,7.5,4,Treasure,E,1990s,Other,2.1972245773362196,1.6094379124341003
PSP,2006,Action,Tecmo Koei,0.05,57.0,28,8.1,8,Omega Force,T,2000s,Other,3.367295829986474,2.1972245773362196
PC,2003,Simulation,Microsoft Game Studios,0.05,85.0,39,9.0,185,Digital Anvil,T,2000s,Other,3.6888794541139363,5.225746673713202
PC,2009,Action,Activision,0.05,66.0,13,8.0,19,Traveller's Tales,E10+,2000s,Other,2.639057329615259,2.995732273553991
GBA,2001,Sports,Starfish,0.05,69.0,5,7.5,27,Starfish,E,2000s,Other,1.791759469228055,3.332204510175204
GC,2005,Racing,Activision,0.05,54.0,4,7.5,27,Creat Studios,T,2000s,Other,1.6094379124341003,3.332204510175204
PS2,2006,Sports,Electronic Arts,0.05,70.0,6,7.8,27,EA Canada,E,2000s,Other,1.9459101490553132,3.332204510175204
XB,2004,Action,Microsoft Game Studios,0.05,84.0,37,8.3,16,Tecmo,M,2000s,Other,3.6375861597263857,2.833213344056216
GC,2002,Sports,Electronic Arts,0.05,78.0,9,7.7,6,EA Sports,E,2000s,FIFA,2.302585092994046,1.9459101490553132
X360,2006,Strategy,Electronic Arts,0.05,79.0,50,7.5,83,EA LA,T,2000s,Other,3.9318256327243257,4.430816798843313
PC,2014,Action,Warner Bros. Interactive Entertainment,0.05,68.0,6,7.5,27,TT Games,E10+,2010s,Other,1.9459101490553132,3.332204510175204
PC,2006,Racing,Electronic Arts,0.05,78.0,17,7.2,249,Black Box,E10+,2000s,Other,2.8903717578961645,5.521460917862246
XB,2004,Racing,Codemasters,0.05,83.0,35,7.5,6,Codemasters,E,2000s,Other,3.58351893845611,1.9459101490553132
PS,1999,Strategy,Tecmo Koei,0.05,73.0,9,7.1,9,Koei,E,1990s,Other,2.302585092994046,2.302585092994046
PSP,2006,Racing,Activision,0.05,67.0,8,7.5,27,Left Field Productions,E,2000s,Other,2.1972245773362196,3.332204510175204
GC,2003,Sports,Atari,0.05,60.0,11,7.5,27,Bandai,E,2000s,Other,2.4849066497880004,3.332204510175204
GC,2003,Role-Playing,THQ,0.05,72.0,19,7.5,27,Cranky Pants Games,T,2000s,Other,2.995732273553991,3.332204510175204
PC,2001,Strategy,Vivendi Games,0.05,81.0,23,8.2,126,Stainless Steel Studios,T,2000s,Other,3.1780538303479458,4.844187086458591
PS3,2013,Action,Capcom,0.05,75.0,31,7.4,135,WayForward,E,2010s,Other,3.4657359027997265,4.912654885736052
PC,2010,Strategy,Team17 Software,0.05,79.0,28,6.8,185,Team 17,E10+,2010s,Other,3.367295829986474,5.225746673713202
GBA,2001,Sports,Konami Digital Entertainment,0.05,57.0,7,7.5,27,KCEO,E,2000s,Other,2.0794415416798357,3.332204510175204
PC,1998,Strategy,Activision,0.05,88.0,15,9.1,813,Blizzard Entertainment,T,1990s,Other,2.772588722239781,6.70196036600254
PS2,2004,Sports,Jaleco,0.05,60.0,4,6.7,6,Blade Interactive,E,2000s,Other,1.6094379124341003,1.9459101490553132
GBA,2002,Fighting,Acclaim Entertainment,0.05,58.0,10,7.5,27,Full-Fat,E,2000s,Other,2.3978952727983707,3.332204510175204
GBA,2002,Racing,Atari,0.05,82.0,7,7.5,27,Velez & Dubail,E,2000s,Other,2.0794415416798357,3.332204510175204
PSP,2006,Misc,Sony Computer Entertainment,0.05,50.0,11,7.8,6,FreeStyleGames,T,2000s,Other,2.4849066497880004,1.9459101490553132
XB,2002,Fighting,Microsoft Game Studios,0.05,46.0,26,7.2,17,DreamFactory,T,2000s,Other,3.295836866004329,2.8903717578961645
XB,2004,Shooter,Global Star,0.05,59.0,41,7.5,27,Vicious Cycle,T,2000s,Other,3.7376696182833684,3.332204510175204
PC,2003,Racing,Electronic Arts,0.05,82.0,24,8.3,307,Black Box,E,2000s,Other,3.2188758248682006,5.730099782973575
GC,2005,Platform,Konami Digital Entertainment,0.05,54.0,9,7.5,27,Hudson Soft,E,2000s,Other,2.302585092994046,3.332204510175204
DS,2009,Adventure,Mastiff,0.05,71.0,45,7.4,21,Renegade Kid,T,2000s,Other,3.828641396489095,3.091042453358316
PSP,2006,Adventure,Namco Bandai Games,0.05,76.0,7,7.8,4,Smart Bomb Interactive,E10+,2000s,Other,2.0794415416798357,1.6094379124341003
PSP,2007,Sports,Sega,0.05,79.0,17,7.7,13,Sumo Digital,E,2000s,Other,2.8903717578961645,2.639057329615259
XB,2005,Shooter,Majesco Entertainment,0.05,71.0,37,8.1,8,Artech Studios,M,2000s,Other,3.6375861597263857,2.1972245773362196
PC,2004,Shooter,Ubisoft,0.05,89.0,72,8.1,724,Crytek,M,2000s,Other,4.290459441148391,6.586171654854675
PS,2001,Role-Playing,Max Five,0.05,62.0,9,8.7,26,Max Five,E,2000s,Other,2.302585092994046,3.295836866004329
DS,2006,Puzzle,Atari,0.05,70.0,24,7.5,27,Q Entertainment,E,2000s,Other,3.2188758248682006,3.332204510175204
XB,2002,Action,Jaleco,0.05,46.0,12,7.0,4,Jaleco Entertainment,T,2000s,Other,2.5649493574615367,1.6094379124341003
PC,2010,Simulation,Paradox Interactive,0.05,49.0,5,6.2,27,VSTEP,E,2010s,Other,1.791759469228055,3.332204510175204
PS,2001,Shooter,Namco Bandai Games,0.05,71.0,13,6.7,6,Flying Tiger Development,T,2000s,Other,2.639057329615259,1.9459101490553132
PSP,2006,Role-Playing,Konami Digital Entertainment,0.05,64.0,29,7.3,13,Konami Software Shanghai,E10+,2000s,Other,3.4011973816621555,2.639057329615259
XOne,2016,Sports,Konami Digital Entertainment,0.05,87.0,12,6.1,84,Konami,E,2010s,Other,2.5649493574615367,4.442651256490317
PC,2009,Sports,Electronic Arts,0.05,72.0,14,3.8,59,EA Sports,E,2000s,FIFA,2.70805020110221,4.0943445622221
GC,2005,Shooter,Ubisoft,0.05,72.0,8,7.8,5,"Red Storm Entertainment, Ubisoft Montreal",M,2000s,Other,2.1972245773362196,1.791759469228055
XB,2006,Strategy,THQ,0.05,69.0,27,7.5,27,Pandemic Studios,M,2000s,Other,3.332204510175204,3.332204510175204
PC,2000,Simulation,Electronic Arts,0.05,92.0,38,7.9,451,Maxis,T,2000s,Other,3.6635616461296463,6.113682179832232
PC,2011,Sports,Electronic Arts,0.05,72.0,11,3.9,24,Bright Future GmbH,E,2010s,FIFA,2.4849066497880004,3.2188758248682006
PS2,2001,Misc,THQ,0.05,82.0,21,8.7,25,Koei/Inis,E,2000s,Other,3.091042453358316,3.258096538021482
GC,2003,Puzzle,Jaleco,0.05,54.0,12,7.5,27,Runecraft,E,2000s,Other,2.5649493574615367,3.332204510175204
X360,2007,Sports,Activision Value,0.05,39.0,4,3.0,4,FUN Labs,T,2000s,Other,1.6094379124341003,1.6094379124341003
XOne,2016,Strategy,Take-Two Interactive,0.05,87.0,17,8.1,40,Firaxis Games,T,2010s,Other,2.8903717578961645,3.713572066704308
X360,2014,Action,Tecmo Koei,0.05,50.0,20,5.3,43,"Spark Unlimited, comcept",M,2010s,Other,3.044522437723423,3.784189633918261
X360,2010,Shooter,Conspiracy Entertainment,0.05,48.0,7,4.8,4,Epicenter Studios,T,2010s,Other,2.0794415416798357,1.6094379124341003
GC,2002,Racing,Atari,0.05,56.0,12,7.5,27,Paradigm Entertainment,T,2000s,Other,2.5649493574615367,3.332204510175204
XB,2002,Sports,Codemasters,0.05,37.0,13,7.5,27,Atomic Planet Entertainment,T,2000s,Other,2.639057329615259,3.332204510175204
DS,2007,Action,Game Factory,0.05,63.0,11,6.8,13,DC Studios,E10+,2000s,Other,2.4849066497880004,2.639057329615259
Wii,2007,Sports,SouthPeak Games,0.05,32.0,13,0.7,6,SouthPeak Games,E,2000s,Other,2.639057329615259,1.9459101490553132
X360,2008,Sports,Activision,0.05,41.0,5,7.2,6,FUN Labs,E,2000s,Other,1.791759469228055,1.9459101490553132
PC,2006,Strategy,THQ,0.05,93.0,55,8.8,1128,Relic,M,2000s,Other,4.02535169073515,7.029087564149662
Wii,2008,Misc,Majesco Entertainment,0.05,37.0,9,4.5,4,Coyote Console,E,2000s,Other,2.302585092994046,1.6094379124341003
PS4,2016,Racing,Milestone S.r.l,0.05,71.0,19,8.0,12,Milestone S.r.l,E,2010s,Other,2.995732273553991,2.5649493574615367
Wii,2006,Simulation,Konami Digital Entertainment,0.05,47.0,32,4.9,8,CAProduction,E,2000s,Other,3.4965075614664802,2.1972245773362196
PC,2007,Simulation,Ubisoft,0.05,79.0,22,6.9,40,Ubisoft Romania,T,2000s,Other,3.1354942159291497,3.713572066704308
XB,2004,Strategy,LucasArts,0.05,69.0,32,7.0,4,Double Helix Games,T,2000s,Other,3.4965075614664802,1.6094379124341003
DS,2006,Adventure,Zoo Digital Publishing,0.05,34.0,8,1.7,6,SkyRiver Studios,E,2000s,Other,2.1972245773362196,1.9459101490553132
DS,2008,Puzzle,Deep Silver,0.05,53.0,9,7.5,27,Deep Silver,E,2000s,Other,2.302585092994046,3.332204510175204
GBA,2003,Action,Atlus,0.05,75.0,21,8.4,5,Million,T,2000s,Other,3.091042453358316,1.791759469228055
DS,2008,Misc,Rising Star Games,0.05,72.0,6,7.5,27,Rising Star Games,E,2000s,Other,1.9459101490553132,3.332204510175204
XB,2005,Misc,Crave Entertainment,0.05,60.0,6,2.7,13,Crave,E,2000s,Other,1.9459101490553132,2.639057329615259
DS,2005,Puzzle,Atari,0.05,38.0,19,6.2,6,Taito Corporation,E,2000s,Other,2.995732273553991,1.9459101490553132
XB,2003,Shooter,THQ,0.05,70.0,19,9.3,9,Yager,T,2000s,Other,2.995732273553991,2.302585092994046
PSV,2016,Adventure,PQube,0.05,78.0,6,7.8,6,Kadokawa,M,2010s,Other,1.9459101490553132,1.9459101490553132
XB,2003,Platform,SCi,0.05,58.0,21,6.9,14,UDS,T,2000s,Other,3.091042453358316,2.70805020110221
PC,2007,Strategy,THQ,0.05,86.0,44,8.3,263,Gas Powered Games,E10+,2000s,Other,3.8066624897703196,5.575949103146316
Wii,2009,Sports,Playlogic Game Factory,0.05,62.0,5,5.3,4,Icon Games,E,2000s,Other,1.791759469228055,1.6094379124341003
PC,2009,Shooter,Activision,0.05,74.0,41,7.3,261,"id Software, Raven Software",M,2000s,Other,3.7376696182833684,5.568344503761097
PC,2001,Simulation,Microsoft Game Studios,0.05,84.0,16,8.4,21,Kuju Entertainment,E,2000s,Other,2.833213344056216,3.091042453358316
GBA,2003,Misc,Activision,0.05,79.0,13,7.5,27,Aspyr,E,2000s,Other,2.639057329615259,3.332204510175204
XOne,2016,Shooter,Capcom,0.05,63.0,12,6.3,34,Capcom,M,2010s,Other,2.5649493574615367,3.5553480614894135
XB,2004,Shooter,Crave Entertainment,0.05,31.0,5,7.5,27,Point of View,T,2000s,Other,1.791759469228055,3.332204510175204
DS,2008,Platform,Ubisoft,0.05,58.0,30,6.3,30,Gameloft,T,2000s,Other,3.4339872044851463,3.4339872044851463
GC,2004,Shooter,Empire Interactive,0.05,35.0,11,2.0,9,Blitz Games,M,2000s,Other,2.4849066497880004,2.302585092994046
Wii,2007,Action,Take-Two Interactive,0.05,39.0,16,5.9,15,7 Studios,T,2000s,Other,2.833213344056216,2.772588722239781
DS,2007,Simulation,Eidos Interactive,0.04,67.0,8,6.6,12,Tantalus Interactive,E,2000s,Other,2.1972245773362196,2.5649493574615367
DS,2008,Misc,Eidos Interactive,0.04,67.0,17,7.5,27,Amaze Entertainment,E,2000s,Other,2.8903717578961645,3.332204510175204
PS2,2006,Fighting,Crave Entertainment,0.04,60.0,19,7.0,4,SNK Playmore,T,2000s,Other,2.995732273553991,1.6094379124341003
PSP,2006,Racing,Xplosiv,0.04,52.0,19,7.5,27,Razorworks,E,2000s,Other,2.995732273553991,3.332204510175204
PS4,2016,Racing,Milestone S.r.l,0.04,71.0,28,8.1,73,Milestone S.r.l,E,2010s,Other,3.367295829986474,4.304065093204169
DS,2008,Adventure,Rising Star Games,0.04,48.0,33,6.2,18,Killaware,T,2000s,Other,3.5263605246161616,2.9444389791664403
PS2,2006,Sports,Activision,0.04,46.0,5,7.5,27,Blade Interactive,T,2000s,Other,1.791759469228055,3.332204510175204
PS2,2007,Fighting,Unknown,0.04,77.0,9,8.3,16,Arc System Works,T,2000s,Other,2.302585092994046,2.833213344056216
PC,2002,Action,Take-Two Interactive,0.04,88.0,27,9.1,863,Illusion Softworks,M,2000s,Other,3.332204510175204,6.761572768804055
GC,2002,Platform,Ubisoft,0.04,61.0,7,3.0,4,Ubisoft Montreal,E,2000s,Other,2.0794415416798357,1.6094379124341003
XB,2005,Shooter,Codemasters,0.04,64.0,24,8.3,27,Bohemia Interactive,T,2000s,Other,3.2188758248682006,3.332204510175204
DS,2007,Action,Take-Two Interactive,0.04,35.0,8,4.8,13,7 Studios,E10+,2000s,Other,2.1972245773362196,2.639057329615259
X360,2007,Sports,Sega,0.04,80.0,34,6.8,26,Sumo Digital,E,2000s,Other,3.5553480614894135,3.295836866004329
DS,2007,Strategy,Square Enix,0.04,72.0,19,8.9,9,Square Enix,E10+,2000s,Other,2.995732273553991,2.302585092994046
PC,2009,Strategy,Kalypso Media,0.04,79.0,48,8.1,184,Haemimont,T,2000s,Other,3.8918202981106265,5.220355825078325
GBA,2004,Role-Playing,Konami Digital Entertainment,0.04,78.0,20,8.5,11,KCEJ,T,2000s,Other,3.044522437723423,2.4849066497880004
PC,2016,Adventure,Square Enix,0.04,83.0,15,8.6,1620,DONTNOD Entertainment,M,2010s,Other,2.772588722239781,7.390798521735676
GBA,2002,Shooter,THQ,0.04,65.0,17,7.5,27,Graphic State,T,2000s,Other,2.8903717578961645,3.332204510175204
PSP,2007,Action,Codemasters,0.04,49.0,7,7.5,27,IR Gurus,T,2000s,Other,2.0794415416798357,3.332204510175204
DS,2008,Adventure,D3Publisher,0.04,58.0,5,7.5,27,Art,E,2000s,Other,1.791759469228055,3.332204510175204
PS4,2016,Action,Rebellion Developments,0.04,66.0,39,7.0,31,Rebellion,T,2010s,Other,3.6888794541139363,3.4657359027997265
PC,2015,Sports,Konami Digital Entertainment,0.04,76.0,12,4.3,286,Konami,E,2010s,Other,2.5649493574615367,5.659482215759621
DS,2008,Role-Playing,Success,0.04,69.0,23,7.7,21,Success,E10+,2000s,Other,3.1780538303479458,3.091042453358316
XOne,2016,Action,Activision,0.04,55.0,14,6.0,38,PlatinumGames,T,2010s,Other,2.70805020110221,3.6635616461296463
PC,2009,Adventure,Focus Home Interactive,0.04,79.0,15,8.2,40,Pendulo Studios,T,2000s,Other,2.772588722239781,3.713572066704308
GC,2007,Action,Disney Interactive Studios,0.04,68.0,5,7.5,27,Avalanche Software,E10+,2000s,Other,1.791759469228055,3.332204510175204
XB,2006,Racing,Empire Interactive,0.04,73.0,38,7.3,8,Bugbear,T,2000s,Other,3.6635616461296463,2.1972245773362196
PS2,2006,Shooter,Eidos Interactive,0.04,71.0,37,8.2,9,Rebellion,T,2000s,Other,3.6375861597263857,2.302585092994046
Wii,2008,Sports,Atari,0.04,37.0,4,7.8,5,Humongous Entertainment,E,2000s,Other,1.6094379124341003,1.791759469228055
PS2,2003,Action,Sega,0.04,61.0,33,7.5,27,Access Games,M,2000s,Other,3.5263605246161616,3.332204510175204
GBA,2003,Platform,Midway Games,0.04,43.0,7,7.5,27,Full-Fat,E,2000s,Other,2.0794415416798357,3.332204510175204
PC,2009,Action,Ubisoft,0.04,70.0,23,7.3,125,Ubisoft Romania,T,2000s,Other,3.1780538303479458,4.836281906951478
X360,2014,Shooter,Namco Bandai Games,0.04,35.0,8,5.8,78,CI Games,M,2010s,Other,2.1972245773362196,4.3694478524670215
DS,2006,Simulation,505 Games,0.04,48.0,8,7.5,27,InterActive Vision Games,E10+,2000s,Other,2.1972245773362196,3.332204510175204
GC,2004,Action,Konami Digital Entertainment,0.04,60.0,14,7.5,27,Krome Studios,T,2000s,Other,2.70805020110221,3.332204510175204
3DS,2015,Platform,Rising Star Games,0.04,82.0,18,8.5,86,WayForward,E10+,2010s,Other,2.9444389791664403,4.465908118654584
XB,2003,Strategy,Kool Kizz,0.04,74.0,11,8.8,6,SystemSoft,E,2000s,Other,2.4849066497880004,1.9459101490553132
GBA,2004,Role-Playing,Ubisoft,0.04,65.0,25,7.5,27,Treasure,E,2000s,Other,3.258096538021482,3.332204510175204
Wii,2007,Shooter,PQube,0.04,67.0,9,7.6,9,Alfa System,T,2000s,Other,2.302585092994046,2.302585092994046
PS4,2014,Strategy,Tecmo Koei,0.04,80.0,20,8.1,46,Koei Tecmo Games,T,2010s,Other,3.044522437723423,3.8501476017100584
DS,2006,Sports,Electronic Arts,0.04,43.0,5,7.5,4,Exient Entertainment,E,2000s,FIFA,1.791759469228055,1.6094379124341003
GBA,2002,Shooter,BAM! Entertainment,0.04,60.0,10,7.5,27,Graphic State,E,2000s,Other,2.3978952727983707,3.332204510175204
PC,2007,Simulation,Monte Christo Multimedia,0.04,75.0,7,8.2,9,Monte Cristo Multimedia,E,2000s,Other,2.0794415416798357,2.302585092994046
PSP,2011,Adventure,5pb,0.04,67.0,23,8.2,50,5pb,M,2010s,Other,3.1780538303479458,3.9318256327243257
X360,2006,Fighting,Ubisoft,0.04,60.0,33,6.1,7,G.Rev,T,2000s,Other,3.5263605246161616,2.0794415416798357
XB,2004,Sports,Crave Entertainment,0.04,54.0,10,7.5,27,Lab Rats Games,E,2000s,Other,2.3978952727983707,3.332204510175204
PC,2006,Simulation,Ubisoft,0.04,86.0,9,8.8,115,1C: Maddox Games,T,2000s,Other,2.302585092994046,4.7535901911063645
GBA,2002,Misc,Ubisoft,0.04,76.0,5,7.5,27,Ubisoft,E,2000s,Other,1.791759469228055,3.332204510175204
PS2,2005,Action,Vivendi Games,0.04,47.0,17,5.0,7,Opus,M,2000s,Other,2.8903717578961645,2.0794415416798357
PC,2003,Strategy,Eidos Interactive,0.04,78.0,23,8.2,38,Pyro Studios,T,2000s,Other,3.1780538303479458,3.6635616461296463
PSP,2007,Sports,Namco Bandai Games,0.04,68.0,30,6.3,4,"Namco Bandai Games America, Namco Bandai Games",E,2000s,Other,3.4339872044851463,1.6094379124341003
XB,2003,Racing,Acclaim Entertainment,0.04,53.0,17,7.5,27,Acclaim,T,2000s,Other,2.8903717578961645,3.332204510175204
3DS,2013,Action,Warner Bros. Interactive Entertainment,0.04,43.0,4,8.3,4,Hellbent Games,E,2010s,Other,1.6094379124341003,1.6094379124341003
Wii,2008,Action,Tecmo Koei,0.04,42.0,16,4.5,6,EKO Software,E10+,2000s,Other,2.833213344056216,1.9459101490553132
XB,2005,Sports,Global Star,0.04,66.0,45,7.7,6,Hypnotix,M,2000s,Other,3.828641396489095,1.9459101490553132
XOne,2015,Adventure,505 Games,0.04,81.0,6,8.9,26,Starbreeze,T,2010s,Other,1.9459101490553132,3.295836866004329
X360,2010,Shooter,Majesco Entertainment,0.04,38.0,8,1.7,10,Panic Button,T,2010s,Other,2.1972245773362196,2.3978952727983707
DS,2008,Adventure,Legacy Interactive,0.04,43.0,4,7.5,27,Artefacts Studio,E,2000s,Other,1.6094379124341003,3.332204510175204
PC,2006,Adventure,DreamCatcher Interactive,0.04,66.0,26,7.4,38,Fusionsphere Systems,T,2000s,Other,3.295836866004329,3.6635616461296463
GBA,2002,Action,Activision,0.04,68.0,9,7.5,27,Torus Games,E,2000s,Other,2.302585092994046,3.332204510175204
XB,2006,Racing,Electronic Arts,0.04,72.0,26,7.0,4,EA Tiburon,E,2000s,Other,3.295836866004329,1.6094379124341003
PS,2000,Simulation,Konami Digital Entertainment,0.04,74.0,7,8.3,13,Konami,E,2000s,Other,2.0794415416798357,2.639057329615259
XB,2004,Platform,Global Star,0.04,69.0,25,7.5,27,Artificial Mind and Movement,E,2000s,Other,3.258096538021482,3.332204510175204
PS4,2015,Fighting,Marvelous Interactive,0.04,70.0,33,6.9,28,"Examu, Marvelous Inc.",T,2010s,Other,3.5263605246161616,3.367295829986474
PSP,2004,Puzzle,Ignition Entertainment,0.04,68.0,9,7.5,27,Sonic Team,Unknown,2000s,Other,2.302585092994046,3.332204510175204
DS,2007,Strategy,LucasArts,0.04,59.0,6,6.2,5,DC Studios,E,2000s,Other,1.9459101490553132,1.791759469228055
XB,2003,Fighting,Hudson Soft,0.04,61.0,22,8.6,9,Eighting/Raizing,T,2000s,Other,3.1354942159291497,2.302585092994046
PC,2010,Racing,Disney Interactive Studios,0.04,79.0,18,8.2,116,Black Rock Studio,E10+,2010s,Other,2.9444389791664403,4.762173934797756
XB,2002,Sports,Microids,0.04,67.0,10,7.5,27,Microids,E,2000s,Other,2.3978952727983707,3.332204510175204
PC,2012,Shooter,Capcom,0.04,69.0,18,5.9,868,"Capcom, QLOC",M,2010s,Other,2.9444389791664403,6.767343125265392
PSP,2007,Action,D3Publisher,0.04,75.0,30,7.3,23,Vicious Cycle,M,2000s,Other,3.4339872044851463,3.1780538303479458
GC,2003,Sports,Midway Games,0.04,76.0,14,7.5,27,Midway,E,2000s,Other,2.70805020110221,3.332204510175204
PSP,2007,Action,Conspiracy Entertainment,0.04,37.0,19,7.5,27,Conspiracy Entertainment,M,2000s,Other,2.995732273553991,3.332204510175204
PS3,2013,Racing,Deep Silver,0.04,13.0,4,1.0,218,"Eutechnyx, Deep Silver",M,2010s,Other,1.6094379124341003,5.389071729816501
PC,2007,Racing,Electronic Arts,0.04,70.0,18,5.9,163,EA Games,E10+,2000s,Other,2.9444389791664403,5.099866427824199
GC,2004,Fighting,Atari,0.04,71.0,5,8.1,7,Black Ship Games,T,2000s,Other,1.791759469228055,2.0794415416798357
3DS,2015,Action,Ubisoft,0.04,46.0,4,5.8,10,Ubisoft Osaka,E,2010s,Other,1.6094379124341003,2.3978952727983707
3DS,2015,Action,Nippon Ichi Software,0.04,45.0,7,5.6,37,"Prope, Kadokawa",E10+,2010s,Other,2.0794415416798357,3.6375861597263857
PSP,2006,Racing,Namco Bandai Games,0.04,51.0,9,7.5,27,Smart Bomb Interactive,E,2000s,Other,2.302585092994046,3.332204510175204
PSP,2008,Action,Konami Digital Entertainment,0.04,42.0,14,7.1,13,Krome Studios,T,2000s,Other,2.70805020110221,2.639057329615259
Wii,2008,Puzzle,Avanquest,0.04,56.0,4,7.5,27,Paprikari,E,2000s,Other,1.6094379124341003,3.332204510175204
PC,2002,Simulation,Electronic Arts,0.04,92.0,6,8.2,77,Maxis,T,2000s,Other,1.9459101490553132,4.356708826689592
PC,2008,Action,LucasArts,0.04,78.0,14,7.7,35,Traveller's Tales,E10+,2000s,Other,2.70805020110221,3.58351893845611
PC,2006,Simulation,Electronic Arts,0.04,76.0,23,7.7,40,Maxis,T,2000s,Other,3.1780538303479458,3.713572066704308
X360,2012,Fighting,Cloud Imperium Games Corporation,0.04,37.0,5,6.3,4,"Pipeworks Software, Inc.",M,2010s,Other,1.791759469228055,1.6094379124341003
Wii,2010,Platform,Flashpoint Games,0.04,70.0,10,8.6,7,Snap Dragon Games,E10+,2010s,Other,2.3978952727983707,2.0794415416798357
PS4,2016,Sports,Alternative Software,0.04,64.0,4,6.8,12,Wicked Witch Software,E,2010s,Other,1.6094379124341003,2.5649493574615367
PC,2009,Sports,Focus Home Interactive,0.04,72.0,34,6.5,57,Cyanide,T,2000s,Other,3.5553480614894135,4.060443010546419
PC,2004,Strategy,Ascaron Entertainment GmbH,0.04,75.0,20,7.7,40,Ascaron Entertainment GmbH,T,2000s,Other,3.044522437723423,3.713572066704308
XB,2004,Simulation,Global Star,0.04,41.0,21,4.0,10,Starsphere Interactive,E,2000s,Other,3.091042453358316,2.3978952727983707
PC,2009,Strategy,THQ,0.04,70.0,42,7.2,204,Relic,M,2000s,Other,3.7612001156935624,5.3230099791384085
Wii,2007,Fighting,505 Games,0.04,75.0,15,8.4,19,Arc System Works,T,2000s,Other,2.772588722239781,2.995732273553991
DS,2006,Action,DSI Games,0.04,47.0,4,7.5,27,Black Lantern Studios,E,2000s,Other,1.6094379124341003,3.332204510175204
PS2,2001,Shooter,3DO,0.04,59.0,9,5.5,4,3DO,T,2000s,Other,2.302585092994046,1.6094379124341003
PC,2016,Strategy,Paradox Interactive,0.04,78.0,57,8.0,569,Paradox Development Studio,Unknown,2010s,Other,4.060443010546419,6.345636360828596
GBA,2004,Action,Electronic Arts,0.04,61.0,7,7.5,27,Magic Pockets,T,2000s,Other,2.0794415416798357,3.332204510175204
PC,2008,Action,Capcom,0.04,78.0,21,8.5,353,Capcom,M,2000s,Other,3.091042453358316,5.869296913133774
XB,2005,Fighting,Capcom,0.04,61.0,20,7.5,27,Capcom,T,2000s,Other,3.044522437723423,3.332204510175204
PSP,2006,Misc,Take-Two Interactive,0.04,68.0,14,7.5,27,Coresoft,T,2000s,Other,2.70805020110221,3.332204510175204
Wii,2006,Action,THQ,0.04,65.0,15,5.7,7,Blue Tongue Entertainment,E10+,2000s,Other,2.772588722239781,2.0794415416798357
PS3,2012,Racing,Unknown,0.04,62.0,19,4.9,22,"Atari, Slightly Mad Studios, Atari SA",E,2010s,Other,2.995732273553991,3.1354942159291497
PC,2006,Strategy,Ubisoft,0.04,77.0,41,7.9,349,Nival Interactive,T,2000s,Other,3.7376696182833684,5.857933154483459
PSP,2006,Misc,Konami Digital Entertainment,0.04,78.0,22,7.2,21,Kojima Productions,M,2000s,Other,3.1354942159291497,3.091042453358316
PS2,2005,Action,THQ,0.04,66.0,19,5.8,9,Terminal Reality,T,2000s,Other,2.995732273553991,2.302585092994046
PC,2003,Strategy,Microsoft Game Studios,0.04,84.0,25,8.7,119,Ensemble Studios,T,2000s,Other,3.258096538021482,4.787491742782046
PS4,2016,Adventure,Nippon Ichi Software,0.04,72.0,26,8.3,19,5pb,T,2010s,Other,3.295836866004329,2.995732273553991
PC,2011,Sports,Sega,0.04,66.0,5,7.3,43,Sega,E,2010s,Other,1.791759469228055,3.784189633918261
XB,2005,Strategy,Take-Two Interactive,0.04,66.0,17,6.9,7,PopTop Software,T,2000s,Other,2.8903717578961645,2.0794415416798357
GC,2002,Sports,Activision,0.04,70.0,12,7.5,27,Rainbow Studios,T,2000s,Other,2.5649493574615367,3.332204510175204
3DS,2011,Role-Playing,FuRyu,0.04,65.0,8,7.8,16,FuRyu,T,2010s,Other,2.1972245773362196,2.833213344056216
XOne,2014,Action,505 Games,0.04,84.0,5,7.7,29,Engine Software,T,2010s,Other,1.791759469228055,3.4011973816621555
PC,2007,Strategy,THQ,0.04,87.0,36,8.6,235,Relic,M,2000s,Other,3.6109179126442243,5.4638318050256105
GBA,2003,Platform,Atari,0.04,47.0,5,5.7,6,Mistic Software,E,2000s,Other,1.791759469228055,1.9459101490553132
XB,2005,Strategy,Codemasters,0.04,69.0,27,9.2,6,Team 17,T,2000s,Other,3.332204510175204,1.9459101490553132
PC,2003,Strategy,Microsoft Game Studios,0.04,89.0,30,9.0,274,Big Huge Games,T,2000s,Other,3.4339872044851463,5.616771097666572
PC,2011,Strategy,Unknown,0.04,68.0,19,4.9,35,Best Way,T,2010s,Other,2.995732273553991,3.58351893845611
PC,2005,Strategy,Eidos Interactive,0.04,69.0,28,8.4,73,Pyro Studios,T,2000s,Other,3.367295829986474,4.304065093204169
PS2,2002,Racing,Empire Interactive,0.04,31.0,5,5.0,8,Empire Interactive,E,2000s,Other,1.791759469228055,2.1972245773362196
GBA,2002,Sports,Ubisoft,0.04,44.0,8,7.5,27,Virtucraft,E,2000s,Other,2.1972245773362196,3.332204510175204
X360,2007,Action,Tecmo Koei,0.04,53.0,29,8.5,13,Omega Force,T,2000s,Other,3.4011973816621555,2.639057329615259
PSP,2009,Shooter,DHM Interactive,0.04,67.0,22,6.1,9,SNK Playmore,T,2000s,Other,3.1354942159291497,2.302585092994046
PC,2010,Strategy,Kalypso Media,0.04,66.0,18,6.4,34,Gaming Minds Studios,E,2010s,Other,2.9444389791664403,3.5553480614894135
PS2,2003,Sports,Konami Digital Entertainment,0.04,67.0,7,7.5,4,Konami,E,2000s,Other,2.0794415416798357,1.6094379124341003
GBA,2003,Platform,Atari,0.04,42.0,16,7.5,27,M4 Limited,T,2000s,Other,2.833213344056216,3.332204510175204
PC,2013,Action,Capcom,0.04,77.0,12,7.0,342,Capcom,M,2010s,Other,2.5649493574615367,5.83773044716594
XB,2006,Action,Take-Two Interactive,0.04,52.0,34,2.8,5,Double Helix Games,T,2000s,Other,3.5553480614894135,1.791759469228055
DS,2005,Sports,Majesco Entertainment,0.04,35.0,6,7.5,27,Starfish,E,2000s,Other,1.9459101490553132,3.332204510175204
XB,2004,Misc,XS Games,0.04,68.0,11,8.5,6,Iridon Interactive AB,E,2000s,Other,2.4849066497880004,1.9459101490553132
PS2,2004,Action,Sega,0.04,62.0,29,6.7,7,Amuze,M,2000s,Other,3.4011973816621555,2.0794415416798357
GBA,2003,Racing,Atari,0.04,77.0,8,7.5,27,Atari,E,2000s,Other,2.1972245773362196,3.332204510175204
DS,2009,Action,Atari,0.04,59.0,9,7.5,27,Razorback Developments,E,2000s,Other,2.302585092994046,3.332204510175204
PS4,2016,Action,Capcom,0.04,78.0,6,6.6,30,Capcom,M,2010s,Other,1.9459101490553132,3.4339872044851463
PC,2003,Action,Take-Two Interactive,0.04,94.0,30,8.8,1520,Rockstar North,M,2000s,Grand Theft Auto,3.4339872044851463,7.327123292259293
PS3,2007,Sports,Ubisoft,0.04,59.0,8,5.1,7,Ubisoft Montreal,E10+,2000s,Other,2.1972245773362196,2.0794415416798357
PSP,2007,Shooter,Vivendi Games,0.04,50.0,26,7.7,9,3G Studios,T,2000s,Other,3.295836866004329,2.302585092994046
Wii,2008,Shooter,Zoo Games,0.04,50.0,7,8.3,6,Naps Team,E10+,2000s,Other,2.0794415416798357,1.9459101490553132
PC,2010,Adventure,Ubisoft,0.04,47.0,5,5.5,6,Telltale Games,M,2010s,Other,1.791759469228055,1.9459101490553132
X360,2006,Puzzle,Konami Digital Entertainment,0.04,34.0,41,2.2,42,Hudson,T,2000s,Other,3.7376696182833684,3.7612001156935624
PC,2007,Strategy,Vivendi Games,0.04,50.0,40,2.8,53,Mad Doc Software,T,2000s,Other,3.713572066704308,3.9889840465642745
PSP,2009,Action,D3Publisher,0.04,60.0,6,7.5,27,High Voltage Software,E10+,2000s,Other,1.9459101490553132,3.332204510175204
PC,2012,Action,Capcom,0.04,48.0,8,3.8,188,Slant Six,M,2010s,Other,2.1972245773362196,5.241747015059643
XB,2006,Adventure,Empire Interactive,0.04,73.0,42,8.8,24,Funcom,M,2000s,Other,3.7612001156935624,3.2188758248682006
PC,2011,Simulation,Deep Silver,0.04,48.0,4,3.1,14,Trickstar Games,T,2010s,Other,1.6094379124341003,2.70805020110221
PS2,2004,Sports,Global Star,0.04,57.0,9,7.5,27,Hypnotix,M,2000s,Other,2.302585092994046,3.332204510175204
PS2,2006,Strategy,Essential Games,0.04,53.0,10,7.5,27,Vingt-et-un Systems,E10+,2000s,Other,2.3978952727983707,3.332204510175204
DS,2007,Shooter,Ubisoft,0.04,72.0,27,8.0,25,Gameloft,T,2000s,Other,3.332204510175204,3.258096538021482
PC,2011,Racing,1C Company,0.04,60.0,10,6.4,17,Avalon Style,Unknown,2010s,Other,2.3978952727983707,2.8903717578961645
XB,2002,Racing,Codemasters,0.04,86.0,25,7.4,14,Codemasters,E,2000s,Other,3.258096538021482,2.70805020110221
DS,2007,Action,Ubisoft,0.04,42.0,10,2.2,5,Ubisoft Quebec,E10+,2000s,Other,2.3978952727983707,1.791759469228055
PS2,2005,Action,Hip Interactive,0.04,51.0,16,7.4,16,Blue 52,T,2000s,Other,2.833213344056216,2.833213344056216
X360,2009,Sports,Namco Bandai Games,0.04,72.0,21,7.7,16,Bongfish,T,2000s,Other,3.091042453358316,2.833213344056216
PC,2015,Action,Warner Bros. Interactive Entertainment,0.04,72.0,8,7.1,31,TT Games,E10+,2010s,Other,2.1972245773362196,3.4657359027997265
XB,2003,Racing,Codemasters,0.04,80.0,17,7.5,4,Codemasters,T,2000s,Other,2.8903717578961645,1.6094379124341003
PC,2005,Simulation,Activision,0.04,84.0,62,8.3,131,Lionhead Studios,T,2000s,Other,4.143134726391533,4.882801922586371
PS,1999,Adventure,Namco Bandai Games,0.04,41.0,6,7.5,27,K2 LLC,M,1990s,Other,1.9459101490553132,3.332204510175204
DS,2006,Sports,Electronic Arts,0.04,71.0,7,7.2,6,EA Canada,E,2000s,FIFA,2.0794415416798357,1.9459101490553132
PC,2007,Strategy,THQ,0.04,81.0,35,8.9,219,Gas Powered Games,E10+,2000s,Other,3.58351893845611,5.393627546352361
GBA,2004,Action,Namco Bandai Games,0.04,75.0,7,8.5,11,Dimps Corporation,E10+,2000s,Other,2.0794415416798357,2.4849066497880004
GBA,2002,Action,THQ,0.04,38.0,12,7.5,27,Creations,E,2000s,Other,2.5649493574615367,3.332204510175204
PC,2013,Shooter,Capcom,0.04,61.0,17,6.2,210,Spark Unlimited,T,2010s,Other,2.8903717578961645,5.351858133476067
GBA,2005,Action,Flashpoint Games,0.04,58.0,8,7.5,27,Atlus Co.,T,2000s,Other,2.1972245773362196,3.332204510175204
PS2,2004,Adventure,Indie Games,0.04,60.0,22,8.8,8,From Software,T,2000s,Other,3.1354942159291497,2.1972245773362196
DS,2007,Puzzle,Disney Interactive Studios,0.04,74.0,36,6.6,5,Q Entertainment,E,2000s,Other,3.6109179126442243,1.791759469228055
3DS,2013,Action,Rising Star Games,0.04,49.0,7,6.3,4,Rising Star Games,E,2010s,Other,2.0794415416798357,1.6094379124341003
GC,2002,Sports,Konami Digital Entertainment,0.04,44.0,5,7.5,27,KCEO,T,2000s,Other,1.791759469228055,3.332204510175204
PC,2014,Action,Konami Digital Entertainment,0.04,58.0,16,7.7,498,Mercury Steam,M,2010s,Other,2.833213344056216,6.212606095751519
DS,2006,Shooter,Activision,0.04,39.0,4,7.4,10,Nightlight Studios,E10+,2000s,Other,1.6094379124341003,2.3978952727983707
PC,2003,Shooter,Microsoft Game Studios,0.04,83.0,40,7.4,396,Gearbox Software,M,2000s,Other,3.713572066704308,5.983936280687191
PS4,2015,Role-Playing,Aksys Games,0.04,69.0,13,7.9,16,Tri-Ace,T,2010s,Other,2.639057329615259,2.833213344056216
DS,2008,Shooter,Destineer,0.04,68.0,15,7.3,8,EnjoyUp Games,T,2000s,Other,2.772588722239781,2.1972245773362196
PS4,2015,Action,Ubisoft,0.04,69.0,44,6.4,83,"Climax Group, Climax Studios",T,2010s,Other,3.8066624897703196,4.430816798843313
PC,2011,Strategy,Unknown,0.04,66.0,4,7.8,48,Team 17,E10+,2010s,Other,1.6094379124341003,3.8918202981106265
PS2,2007,Sports,Electronic Arts,0.04,74.0,21,7.4,25,EA Canada,E,2000s,Other,3.091042453358316,3.258096538021482
PC,2006,Strategy,Vivendi Games,0.04,74.0,32,7.6,43,Tilted Mill,E10+,2000s,Other,3.4965075614664802,3.784189633918261
PS3,2008,Racing,System 3 Arcade Software,0.04,71.0,37,6.2,26,Eutechnyx,E,2000s,Other,3.6375861597263857,3.295836866004329
PS2,2004,Action,Konami Digital Entertainment,0.04,53.0,28,8.8,4,KCEJ,M,2000s,Other,3.367295829986474,1.6094379124341003
PSV,2015,Role-Playing,Namco Bandai Games,0.04,72.0,14,8.1,25,Bandai Namco Games,T,2010s,Other,2.70805020110221,3.258096538021482
PC,2011,Role-Playing,Iceberg Interactive,0.04,56.0,12,5.7,269,"Reloaded Productions, Reloaded Games Inc.",M,2010s,Other,2.5649493574615367,5.598421958998375
GBA,2002,Shooter,Ubisoft,0.04,69.0,8,7.5,27,Red Storm Entertainment,T,2000s,Other,2.1972245773362196,3.332204510175204
DS,2007,Puzzle,Rising Star Games,0.04,50.0,12,4.8,4,Marvelous Entertainment,E,2000s,Other,2.5649493574615367,1.6094379124341003
Wii,2007,Shooter,Eidos Interactive,0.04,52.0,7,5.8,5,Traveller's Tales,E10+,2000s,Other,2.0794415416798357,1.791759469228055
PC,2007,Action,Electronic Arts,0.04,63.0,11,7.1,34,EA Games,E10+,2000s,Other,2.4849066497880004,3.5553480614894135
GBA,2002,Action,Activision,0.04,54.0,8,7.5,27,Torus Games,T,2000s,Other,2.1972245773362196,3.332204510175204
DS,2009,Shooter,Graffiti,0.04,44.0,16,6.9,19,NoWay Studio,M,2000s,Other,2.833213344056216,2.995732273553991
PS2,2006,Strategy,Idea Factory,0.04,64.0,9,6.9,9,Idea Factory,T,2000s,Other,2.302585092994046,2.302585092994046
PS2,2005,Role-Playing,505 Games,0.04,74.0,35,8.2,17,Irem,T,2000s,Other,3.58351893845611,2.8903717578961645
GBA,2005,Action,Namco Bandai Games,0.04,63.0,4,7.5,27,Torus Games,E,2000s,Other,1.6094379124341003,3.332204510175204
GC,2004,Platform,Take-Two Interactive,0.04,69.0,11,7.3,8,Artificial Mind and Movement,E,2000s,Other,2.4849066497880004,2.1972245773362196
PC,2006,Action,Vivendi Games,0.04,73.0,18,7.5,57,Radical Entertainment,M,2000s,Other,2.9444389791664403,4.060443010546419
PS3,2012,Role-Playing,Nippon Ichi Software,0.04,68.0,13,6.3,15,System Prisma,T,2010s,Other,2.639057329615259,2.772588722239781
PS2,2006,Fighting,Ignition Entertainment,0.04,68.0,22,8.3,4,SNK Playmore,T,2000s,Other,3.1354942159291497,1.6094379124341003
PC,2004,Action,Electronic Arts,0.04,67.0,19,7.2,50,KnowWonder,E,2000s,Other,2.995732273553991,3.9318256327243257
PSP,2006,Racing,Sega,0.04,82.0,31,8.1,14,Sumo Digital,E,2000s,Other,3.4657359027997265,2.70805020110221
PSP,2008,Puzzle,Ivolgamus,0.04,62.0,13,7.5,27,Ivolgamus,E,2000s,Other,2.639057329615259,3.332204510175204
XB,2002,Racing,Namco Bandai Games,0.04,42.0,9,7.5,27,Namco,T,2000s,Other,2.302585092994046,3.332204510175204
PS2,2005,Shooter,Capcom,0.04,45.0,25,6.5,8,CiRCLE,M,2000s,Other,3.258096538021482,2.1972245773362196
XB,2005,Action,Konami Digital Entertainment,0.04,56.0,13,7.5,27,Konami,E10+,2000s,Other,2.639057329615259,3.332204510175204
PSP,2007,Puzzle,Crave Entertainment,0.04,37.0,14,4.6,7,7 Studios,E10+,2000s,Other,2.70805020110221,2.0794415416798357
PC,2009,Action,THQ,0.04,72.0,24,6.8,380,"Volition Inc., CD Projekt Red Studio, CD Projekt, CD Projekt Localisation Centre",M,2000s,Other,3.2188758248682006,5.942799375126701
PC,2011,Platform,Focus Home Interactive,0.04,84.0,55,8.4,667,"Frozenbyte, Inc.",E10+,2010s,Other,4.02535169073515,6.504288173536645
GBA,2002,Shooter,Universal Interactive,0.04,65.0,9,7.5,27,Digital Eclipse,E,2000s,Other,2.302585092994046,3.332204510175204
XB,2003,Sports,Jaleco,0.04,67.0,11,7.5,27,Blade Interactive,E,2000s,Other,2.4849066497880004,3.332204510175204
DS,2008,Adventure,Ignition Entertainment,0.04,67.0,30,8.2,29,InLight Entertainment,E10+,2000s,Other,3.4339872044851463,3.4011973816621555
PS2,2005,Misc,Ubisoft,0.04,65.0,10,7.5,27,Artificial Mind and Movement,T,2000s,Other,2.3978952727983707,3.332204510175204
PC,2016,Simulation,Astragon,0.04,70.0,11,7.0,28,Urban Games,Unknown,2010s,Other,2.4849066497880004,3.367295829986474
PC,2016,Shooter,Deep Silver,0.04,54.0,48,3.5,284,Deep Silver Dambuster Studios,M,2010s,Other,3.8918202981106265,5.652489180268651
XB,2003,Shooter,Avalon Interactive,0.04,55.0,22,8.0,5,Digital Mayhem,M,2000s,Other,3.1354942159291497,1.791759469228055
XB,2004,Adventure,MC2 Entertainment,0.04,66.0,29,8.4,9,Hydravision,M,2000s,Other,3.4011973816621555,2.302585092994046
XOne,2016,Misc,Ubisoft,0.04,75.0,5,8.0,6,Ubisoft Paris,E10+,2010s,Other,1.791759469228055,1.9459101490553132
PSV,2015,Role-Playing,Nippon Ichi Software,0.04,71.0,24,8.0,30,Experience Inc.,T,2010s,Other,3.2188758248682006,3.4339872044851463
PC,2008,Puzzle,2D Boy,0.04,90.0,26,8.5,607,2D Boy,E,2000s,Other,3.295836866004329,6.410174881966167
PC,2009,Adventure,Deep Silver,0.04,64.0,14,7.1,17,"Fusionsphere Systems, Animation Arts",T,2000s,Other,2.70805020110221,2.8903717578961645
PSP,2006,Role-Playing,Sony Computer Entertainment,0.04,66.0,25,6.8,6,Gaia (Sony),T,2000s,Other,3.258096538021482,1.9459101490553132
PC,2003,Strategy,Gathering of Developers,0.04,80.0,19,7.7,57,PopTop Software,E,2000s,Other,2.995732273553991,4.060443010546419
DS,2007,Simulation,Eidos Interactive,0.04,53.0,6,7.5,27,Torus Games,E,2000s,Other,1.9459101490553132,3.332204510175204
GBA,2003,Misc,THQ,0.04,70.0,12,7.5,27,Bits Studios,E,2000s,Other,2.5649493574615367,3.332204510175204
PC,2008,Shooter,Deep Silver,0.04,75.0,47,7.7,478,GSC Game World,M,2000s,Other,3.8712010109078907,6.171700597410915
XB,2006,Shooter,DreamCatcher Interactive,0.04,68.0,33,7.4,16,People Can Fly,M,2000s,Other,3.5263605246161616,2.833213344056216
PS2,2003,Misc,Jester Interactive,0.04,71.0,6,8.9,10,Jester Interactive,E,2000s,Other,1.9459101490553132,2.3978952727983707
PS3,2010,Shooter,Majesco Entertainment,0.04,46.0,5,7.5,27,Super X Studios,E10+,2010s,Other,1.791759469228055,3.332204510175204
PC,2007,Strategy,Vivendi Games,0.04,89.0,44,8.1,301,Massive Entertainment,T,2000s,Other,3.8066624897703196,5.71042701737487
PS2,2006,Simulation,Kando Games,0.03,53.0,5,7.5,27,Kando Games,E10+,2000s,Other,1.791759469228055,3.332204510175204
GBA,2001,Action,Activision,0.03,54.0,4,7.5,27,Digital Eclipse,E,2000s,Other,1.6094379124341003,3.332204510175204
PC,2016,Sports,Focus Home Interactive,0.03,64.0,6,4.8,5,Cyanide,Unknown,2010s,Other,1.9459101490553132,1.791759469228055
DS,2008,Action,Oxygen Interactive,0.03,50.0,15,7.5,27,Oxygen Interactive,E,2000s,Other,2.772588722239781,3.332204510175204
XB,2005,Racing,Crave Entertainment,0.03,51.0,5,7.5,27,Impulse Games,E,2000s,Other,1.791759469228055,3.332204510175204
PC,2007,Action,Eidos Interactive,0.03,83.0,26,8.1,242,Nixxes Software,T,2000s,Other,3.295836866004329,5.493061443340548
PS4,2014,Action,Sony Computer Entertainment,0.03,73.0,70,7.5,580,Sucker Punch,T,2010s,Other,4.2626798770413155,6.364750756851911
PS4,2014,Sports,Focus Home Interactive,0.03,53.0,9,5.1,22,Cyanide,E,2010s,Other,2.302585092994046,3.1354942159291497
XB,2002,Sports,Midway Games,0.03,67.0,8,9.0,4,Point of View,E,2000s,Other,2.1972245773362196,1.6094379124341003
PC,2013,Adventure,Daedalic Entertainment,0.03,75.0,45,7.5,82,Daedalic Entertainment,Unknown,2010s,Other,3.828641396489095,4.418840607796598
PSP,2006,Action,Namco Bandai Games,0.03,63.0,14,6.0,7,Xpec,T,2000s,Other,2.70805020110221,2.0794415416798357
XB,2006,Racing,Codemasters,0.03,84.0,25,8.0,6,Codemasters,E10+,2000s,Other,3.258096538021482,1.9459101490553132
PC,2011,Strategy,Focus Home Interactive,0.03,53.0,40,4.0,110,Cyanide,Unknown,2010s,Other,3.713572066704308,4.709530201312334
GBA,2002,Shooter,Konami Digital Entertainment,0.03,70.0,5,8.0,5,Now Production,T,2000s,Other,1.791759469228055,1.791759469228055
PC,2011,Action,DTP Entertainment,0.03,55.0,7,6.0,33,Kylotonn,M,2010s,Other,2.0794415416798357,3.5263605246161616
PC,2008,Strategy,JoWood Productions,0.03,58.0,7,2.5,19,Enlight Software,E,2000s,Other,2.0794415416798357,2.995732273553991
PC,2006,Simulation,Ubisoft,0.03,71.0,33,7.2,54,Ascaron Entertainment GmbH,T,2000s,Other,3.5263605246161616,4.007333185232471
PS2,2002,Sports,Konami Digital Entertainment,0.03,59.0,13,7.5,27,Konami,E,2000s,Other,2.639057329615259,3.332204510175204
GBA,2003,Action,Ubisoft,0.03,60.0,12,7.5,27,Ubisoft Shanghai,T,2000s,Other,2.5649493574615367,3.332204510175204
PC,2006,Action,Eidos Interactive,0.03,82.0,35,8.8,528,Io Interactive,M,2000s,Other,3.58351893845611,6.270988431858299
PS4,2016,Shooter,Gearbox Software,0.03,77.0,15,6.9,15,Gearbox Software,M,2010s,Other,2.772588722239781,2.772588722239781
PC,2009,Shooter,SouthPeak Games,0.03,72.0,31,7.0,78,TimeGate Studios,T,2000s,Other,3.4657359027997265,4.3694478524670215
PC,2010,Role-Playing,Sega,0.03,72.0,25,7.5,511,Obsidian Entertainment,M,2010s,Other,3.258096538021482,6.238324625039508
PC,1998,Role-Playing,Interplay,0.03,91.0,22,9.2,813,Black Isle Studios,T,1990s,Other,3.1354942159291497,6.70196036600254
GBA,2001,Racing,BAM! Entertainment,0.03,68.0,10,7.5,27,Crawfish Interactive,E,2000s,Other,2.3978952727983707,3.332204510175204
PC,2003,Shooter,Activision,0.03,81.0,34,8.6,293,Raven Software,T,2000s,Other,3.5553480614894135,5.683579767338681
GC,2003,Shooter,THQ,0.03,79.0,12,7.3,4,Cranky Pants Games,M,2000s,Other,2.5649493574615367,1.6094379124341003
PS2,2003,Shooter,Atari,0.03,73.0,17,9.0,5,Lost Toys,T,2000s,Other,2.8903717578961645,1.791759469228055
XB,2005,Shooter,Hip Interactive,0.03,60.0,10,6.5,4,Asobo Studio,M,2000s,Other,2.3978952727983707,1.6094379124341003
PS2,2007,Sports,Spike,0.03,32.0,7,4.0,4,Spike,E,2000s,Other,2.0794415416798357,1.6094379124341003
PS2,2004,Role-Playing,Capcom,0.03,62.0,30,7.8,4,DreamFactory,T,2000s,Other,3.4339872044851463,1.6094379124341003
PS2,2004,Action,Namco Bandai Games,0.03,48.0,9,8.7,7,Natsume,T,2000s,Other,2.302585092994046,2.0794415416798357
PSP,2005,Racing,Sony Computer Entertainment,0.03,67.0,18,7.8,19,Traveller's Tales,E,2000s,Other,2.9444389791664403,2.995732273553991
X360,2006,Sports,Activision,0.03,41.0,4,8.0,6,FUN Labs,E,2000s,Other,1.6094379124341003,1.9459101490553132
PS3,2009,Racing,Black Bean Games,0.03,66.0,29,4.9,9,Milestone S.r.l,E,2000s,Other,3.4011973816621555,2.302585092994046
GC,2003,Racing,Eidos Interactive,0.03,56.0,10,7.5,27,Climax Group,T,2000s,Other,2.3978952727983707,3.332204510175204
PS4,2015,Fighting,Namco Bandai Games,0.03,61.0,35,7.4,44,CyberConnect2,T,2010s,Other,3.58351893845611,3.8066624897703196
PC,2008,Adventure,Mamba Games,0.03,77.0,12,8.3,97,Ice-Pick Lodge,Unknown,2000s,Other,2.5649493574615367,4.584967478670572
PC,2011,Strategy,Paradox Interactive,0.03,63.0,12,6.8,27,BattleGoat Studios,RP,2010s,Other,2.5649493574615367,3.332204510175204
PC,2006,Strategy,Microsoft Game Studios,0.03,84.0,46,8.5,108,Big Huge Games,T,2000s,Other,3.8501476017100584,4.6913478822291435
GC,2003,Shooter,Ubisoft,0.03,36.0,11,3.4,5,Ubisoft Shanghai,T,2000s,Other,2.4849066497880004,1.791759469228055
3DS,2013,Platform,Agatsuma Entertainment,0.03,74.0,13,7.7,23,Studio Saizensen,E,2010s,Other,2.639057329615259,3.1780538303479458
PS2,2002,Adventure,Capcom,0.03,59.0,21,7.5,4,Arika,E,2000s,Other,3.091042453358316,1.6094379124341003
DS,2005,Misc,Nintendo,0.03,71.0,49,7.0,37,Indies Zero,E,2000s,Other,3.912023005428146,3.6375861597263857
PS4,2016,Misc,Ubisoft,0.03,73.0,12,7.5,27,Ubisoft Paris,E10+,2010s,Other,2.5649493574615367,3.332204510175204
GBA,2002,Action,LSP Games,0.03,71.0,14,7.5,27,LSP,T,2000s,Other,2.70805020110221,3.332204510175204
GBA,2006,Sports,Electronic Arts,0.03,57.0,4,6.9,7,EA Canada,E,2000s,FIFA,1.6094379124341003,2.0794415416798357
GBA,2002,Platform,Vivendi Games,0.03,45.0,10,5.7,6,Super Empire,E,2000s,Other,2.3978952727983707,1.9459101490553132
PSP,2006,Role-Playing,Global A Entertainment,0.03,70.0,18,6.4,8,Global A,E10+,2000s,Other,2.9444389791664403,2.1972245773362196
PSP,2006,Racing,Sony Computer Entertainment,0.03,69.0,18,7.1,7,Namco Bandai Games,E,2000s,Other,2.9444389791664403,2.0794415416798357
PSP,2005,Racing,Konami Digital Entertainment,0.03,41.0,31,7.5,27,Genki,E,2000s,Other,3.4657359027997265,3.332204510175204
PC,2010,Simulation,Just Flight,0.03,64.0,7,7.5,18,Gaijin Entertainment,T,2010s,Other,2.0794415416798357,2.9444389791664403
PC,2009,Shooter,Ubisoft,0.03,78.0,39,8.0,282,Techland,M,2000s,Other,3.6888794541139363,5.645446897643238
PC,2009,Shooter,THQ,0.03,82.0,29,7.5,308,"Volition Inc., Reactor Zero",M,2000s,Other,3.4011973816621555,5.733341276897746
GC,2002,Sports,Konami Digital Entertainment,0.03,75.0,7,7.5,27,KCEO,E,2000s,Other,2.0794415416798357,3.332204510175204
PSP,2007,Fighting,Game Factory,0.03,38.0,12,7.5,27,Neko Entertainment,T,2000s,Other,2.5649493574615367,3.332204510175204
PC,2016,Role-Playing,Square Enix,0.03,83.0,55,6.1,684,"Eidos Montreal, Nixxes Software",M,2010s,Other,4.02535169073515,6.529418838262226
PSP,2006,Role-Playing,Ubisoft,0.03,48.0,35,4.9,18,Sonnori,E10+,2000s,Other,3.58351893845611,2.9444389791664403
PC,2010,Action,Ubisoft,0.03,75.0,16,6.6,218,Ubisoft Montreal,T,2010s,Other,2.833213344056216,5.389071729816501
XB,2004,Simulation,Microsoft Game Studios,0.03,55.0,21,7.5,27,Game Arts,T,2000s,Other,3.091042453358316,3.332204510175204
PSP,2006,Misc,Myelin Media,0.03,63.0,13,7.5,27,3G Studios,T,2000s,Other,2.639057329615259,3.332204510175204
PC,2009,Racing,bitComposer Games,0.03,73.0,14,8.2,20,SimBin,E,2000s,Other,2.70805020110221,3.044522437723423
X360,2009,Misc,PopCap Games,0.03,67.0,4,7.5,27,PopCap,E10+,2000s,Other,1.6094379124341003,3.332204510175204
PC,2016,Action,Insomniac Games,0.03,73.0,12,6.3,15,Insomniac Games,E,2010s,Other,2.5649493574615367,2.772588722239781
PC,2012,Action,Unknown,0.03,84.0,30,8.3,1010,"Edmund McMillen, Florian Himsl",Unknown,2010s,Other,3.4339872044851463,6.918695219020472
XB,2005,Platform,Microsoft Game Studios,0.03,62.0,21,6.2,6,Tiwak,E,2000s,Other,3.091042453358316,1.9459101490553132
PC,2009,Action,Codemasters,0.03,79.0,32,8.1,159,Triumph Studios,T,2000s,Other,3.4965075614664802,5.075173815233827
DS,2007,Simulation,Conspiracy Entertainment,0.03,60.0,13,7.5,27,Zen Studios,E,2000s,Other,2.639057329615259,3.332204510175204
DS,2007,Sports,UFO Interactive,0.03,40.0,7,7.5,27,FrontLine Studios,E,2000s,Other,2.0794415416798357,3.332204510175204
PSP,2010,Role-Playing,Idea Factory,0.03,60.0,5,7.2,5,Opus Studio,T,2010s,Other,1.791759469228055,1.791759469228055
DS,2008,Simulation,Majesco Entertainment,0.03,31.0,7,5.4,11,"Gameinvest, Seed Studios, Lda",E,2000s,Other,2.0794415416798357,2.4849066497880004
PC,2016,Racing,Codemasters,0.03,86.0,33,8.7,288,Codemasters,E,2010s,Other,3.5263605246161616,5.666426688112432
PC,2014,Racing,Ubisoft,0.03,80.0,12,6.8,97,RedLynx,E10+,2010s,Other,2.5649493574615367,4.584967478670572
PS3,2009,Racing,System 3 Arcade Software,0.03,65.0,23,7.8,11,System 3,Unknown,2000s,Other,3.1780538303479458,2.4849066497880004
PS4,2016,Action,Introversion Software,0.03,80.0,18,8.0,19,"Introversion, Double Eleven",M,2010s,Other,2.9444389791664403,2.995732273553991
PSV,2013,Role-Playing,Rising Star Games,0.03,65.0,17,7.3,44,Zerodiv,T,2010s,Other,2.8903717578961645,3.8066624897703196
PS2,2006,Action,Codemasters,0.03,56.0,22,5.8,8,Broadsword Interactive,E,2000s,Other,3.1354942159291497,2.1972245773362196
GC,2003,Action,Midway Games,0.03,64.0,12,7.5,27,Terminal Reality,M,2000s,Other,2.5649493574615367,3.332204510175204
PSP,2006,Role-Playing,Namco Bandai Games,0.03,58.0,17,6.1,7,Microvision,E10+,2000s,Other,2.8903717578961645,2.0794415416798357
PC,2007,Strategy,Paradox Interactive,0.03,62.0,15,3.3,86,Big Time Software,T,2000s,Other,2.772588722239781,4.465908118654584
GC,2002,Racing,Electronic Arts,0.03,72.0,7,7.8,4,EA Sports,E,2000s,Other,2.0794415416798357,1.6094379124341003
GBA,2003,Platform,LSP Games,0.03,35.0,6,7.5,27,LSP,E,2000s,Other,1.9459101490553132,3.332204510175204
DS,2006,Platform,Game Factory,0.03,59.0,7,7.5,27,Two Tribes,E,2000s,Other,2.0794415416798357,3.332204510175204
PC,2009,Strategy,505 Games,0.03,80.0,22,8.1,136,Best Way,M,2000s,Other,3.1354942159291497,4.919980925828125
PSP,2004,Puzzle,505 Games,0.03,76.0,12,7.5,27,Magicpot,E,2000s,Other,2.5649493574615367,3.332204510175204
XB,2006,Misc,Myelin Media,0.03,61.0,20,7.5,27,5000ft,T,2000s,Other,3.044522437723423,3.332204510175204
DS,2007,Misc,Konami Digital Entertainment,0.03,76.0,29,7.5,27,M2,E10+,2000s,Other,3.4011973816621555,3.332204510175204
GC,2002,Platform,Midway Games,0.03,63.0,6,7.5,27,Midway,T,2000s,Other,1.9459101490553132,3.332204510175204
PS2,2002,Puzzle,Kemco,0.03,64.0,8,7.5,27,Kemco,E,2000s,Other,2.1972245773362196,3.332204510175204
PC,1985,Simulation,Activision,0.03,59.0,9,5.8,19,"Viva Media, Viva Media, LLC",T,1980s,Other,2.302585092994046,2.995732273553991
3DS,2012,Adventure,Rising Star Games,0.03,88.0,15,8.8,188,ChunSoft,M,2010s,Other,2.772588722239781,5.241747015059643
PS3,2013,Fighting,Capcom,0.03,80.0,33,7.3,27,Iron Galaxy Studios,T,2010s,Other,3.5263605246161616,3.332204510175204
PC,2015,Action,Activision,0.03,74.0,9,7.6,56,PlatinumGames,T,2010s,Other,2.302585092994046,4.04305126783455
XOne,2015,Racing,Milestone S.r.l.,0.03,65.0,9,7.5,27,Milestone S.r.l,Unknown,2010s,Other,2.302585092994046,3.332204510175204
X360,2008,Sports,DTP Entertainment,0.03,48.0,10,7.5,27,49Games,E,2000s,Other,2.3978952727983707,3.332204510175204
XOne,2014,Sports,Unknown,0.03,64.0,15,5.4,59,HB Studios Multimedia,E,2010s,Other,2.772588722239781,4.0943445622221
PC,2002,Role-Playing,Atari,0.03,91.0,34,8.2,490,BioWare,T,2000s,Other,3.5553480614894135,6.19644412779452
XB,2005,Role-Playing,Atari,0.03,54.0,5,8.8,4,Bandai,E,2000s,Other,1.791759469228055,1.6094379124341003
Wii,2009,Fighting,PQube,0.03,76.0,10,7.3,9,Arc System Works,T,2000s,Other,2.3978952727983707,2.302585092994046
XB,2004,Action,SCi,0.03,67.0,40,7.0,10,Confounding Factor,T,2000s,Other,3.713572066704308,2.3978952727983707
PS2,2001,Sports,Ubisoft,0.03,61.0,11,7.9,7,Krome Studios,E,2000s,Other,2.4849066497880004,2.0794415416798357
PC,2003,Simulation,Ubisoft,0.03,76.0,20,7.5,549,Eagle Dynamics,E,2000s,Other,3.044522437723423,6.309918278226516
PS4,2016,Action,Sold Out,0.03,78.0,23,7.6,19,Team 17,E10+,2010s,Other,3.1780538303479458,2.995732273553991
WiiU,2012,Misc,Ubisoft,0.03,52.0,26,5.2,29,Ubisoft Paris,E10+,2010s,Other,3.295836866004329,3.4011973816621555
PC,2005,Role-Playing,NCSoft,0.03,89.0,53,8.4,455,ArenaNet,T,2000s,Other,3.9889840465642745,6.1224928095143865
PC,2011,Simulation,Unknown,0.03,70.0,10,6.7,28,Bohemia Interactive,T,2010s,Other,2.3978952727983707,3.367295829986474
PS2,2005,Simulation,Konami Digital Entertainment,0.03,66.0,16,7.8,10,Genki,T,2000s,Other,2.833213344056216,2.3978952727983707
XB,2003,Racing,Midway Games,0.03,64.0,22,7.5,27,Midway,T,2000s,Other,3.1354942159291497,3.332204510175204
DS,2006,Action,Majesco Entertainment,0.03,56.0,6,5.8,6,BudCat,E10+,2000s,Other,1.9459101490553132,1.9459101490553132
3DS,2014,Action,Namco Bandai Games,0.03,43.0,7,7.5,27,Bandai Namco Games,E10+,2010s,Other,2.0794415416798357,3.332204510175204
PC,2003,Strategy,Vivendi Games,0.03,83.0,31,8.3,128,Relic,T,2000s,Other,3.4657359027997265,4.859812404361672
PC,2003,Platform,Ubisoft,0.03,74.0,8,8.3,70,Ubisoft,E,2000s,Other,2.1972245773362196,4.2626798770413155
PS2,2004,Role-Playing,505 Games,0.03,71.0,27,7.1,12,Taito Corporation,E,2000s,Other,3.332204510175204,2.5649493574615367
PSP,2006,Puzzle,Rising Star Games,0.03,47.0,5,7.5,27,Opus,E,2000s,Other,1.791759469228055,3.332204510175204
GBA,2002,Platform,Namco Bandai Games,0.03,78.0,20,9.3,6,Namco,E,2000s,Other,3.044522437723423,1.9459101490553132
PSP,2007,Platform,Atari,0.03,79.0,21,7.8,18,"Metanet Software Inc., SilverBirch Studios",E,2000s,Other,3.091042453358316,2.9444389791664403
PS,2001,Racing,Acclaim Entertainment,0.03,68.0,7,7.5,27,Attention To Detail,E,2000s,Other,2.0794415416798357,3.332204510175204
DS,2008,Role-Playing,Majesco Entertainment,0.03,65.0,17,7.5,27,"Mistwalker, Artoon",E10+,2000s,Other,2.8903717578961645,3.332204510175204
PC,2004,Strategy,Sunflowers,0.03,77.0,26,9.1,89,Black Sea Studios,E10+,2000s,Other,3.295836866004329,4.499809670330265
GBA,2003,Role-Playing,Marvelous Interactive,0.03,70.0,11,7.5,27,Neverland,E,2000s,Other,2.4849066497880004,3.332204510175204
PC,2013,Adventure,Headup Games,0.03,72.0,18,8.1,48,Headup Games,Unknown,2010s,Other,2.9444389791664403,3.8918202981106265
PC,2005,Strategy,Vivendi Games,0.03,79.0,39,7.1,89,Mad Doc Software,T,2000s,Other,3.6888794541139363,4.499809670330265
DS,2007,Action,Game Factory,0.03,58.0,16,7.5,27,Shin'en,E,2000s,Other,2.833213344056216,3.332204510175204
PSP,2007,Puzzle,Atari,0.03,55.0,35,6.5,6,zSlide,T,2000s,Other,3.58351893845611,1.9459101490553132
DS,2008,Puzzle,Pinnacle,0.03,68.0,14,7.5,27,Tragnarion Studios,Unknown,2000s,Other,2.70805020110221,3.332204510175204
XOne,2016,Racing,Namco Bandai Games,0.03,74.0,5,8.1,7,Milestone S.r.l,E,2010s,Other,1.791759469228055,2.0794415416798357
PC,2009,Strategy,Atari,0.03,67.0,28,5.8,8,Stormregion,T,2000s,Other,3.367295829986474,2.1972245773362196
GBA,2004,Shooter,Zoo Digital Publishing,0.03,46.0,11,7.5,27,Raylight Studios,E,2000s,Other,2.4849066497880004,3.332204510175204
PC,2010,Action,LucasArts,0.03,59.0,14,5.8,162,LucasArts,T,2010s,Other,2.70805020110221,5.093750200806762
PSP,2006,Puzzle,Majesco Entertainment,0.03,51.0,5,7.5,27,Irem,E,2000s,Other,1.791759469228055,3.332204510175204
GBA,2005,Puzzle,Atari,0.03,62.0,10,7.5,6,"Big Blue Bubble Inc., Breakthrough New Media",E,2000s,Other,2.3978952727983707,1.9459101490553132
PC,1992,Shooter,id Software,0.03,85.0,44,8.2,1796,id Software,M,1990s,Other,3.8066624897703196,7.493873886783559
XB,2003,Strategy,Capcom,0.03,57.0,13,7.5,27,Atomic Planet Entertainment,T,2000s,Other,2.639057329615259,3.332204510175204
GBA,2004,Sports,Zoo Digital Publishing,0.03,35.0,7,8.0,7,Prograph,E,2000s,Other,2.0794415416798357,2.0794415416798357
XB,2006,Action,Namco Bandai Games,0.03,57.0,11,7.5,27,Monkey Bar Games,E,2000s,Other,2.4849066497880004,3.332204510175204
GBA,2003,Platform,Capcom,0.03,59.0,17,7.5,27,Disney Interactive,E,2000s,Other,2.8903717578961645,3.332204510175204
XB,2005,Sports,Global Star,0.03,62.0,6,7.5,27,Celeris,E,2000s,Other,1.9459101490553132,3.332204510175204
PC,1988,Simulation,Maxis,0.03,64.0,75,2.2,4572,Maxis,E10+,1980s,Other,4.330733340286331,8.427924723658055
PC,2009,Action,Electronic Arts,0.03,64.0,14,6.1,35,EA Bright Light,E10+,2000s,Other,2.70805020110221,3.58351893845611
PC,2012,Shooter,Bethesda Softworks,0.03,59.0,12,5.3,210,id Software,M,2010s,Other,2.5649493574615367,5.351858133476067
GBA,2005,Platform,Atari,0.03,48.0,9,4.2,5,Magic Pockets,E,2000s,Other,2.302585092994046,1.791759469228055
PS2,2002,Strategy,Sega,0.03,78.0,26,8.9,9,NEC Interchannel,T,2000s,Other,3.295836866004329,2.302585092994046
GBA,2001,Action,Ubisoft,0.03,54.0,6,7.5,27,Torus Games,E,2000s,Other,1.9459101490553132,3.332204510175204
XB,2006,Sports,Mad Catz,0.03,74.0,12,7.5,27,"Aqua Pacific, In2Games",E,2000s,Other,2.5649493574615367,3.332204510175204
PC,2008,Racing,Atari,0.03,83.0,19,8.2,63,SimBin,E,2000s,Other,2.995732273553991,4.1588830833596715
PC,2014,Role-Playing,Square Enix,0.03,73.0,36,6.9,583,"City Interactive, Deck 13",M,2010s,Other,3.6109179126442243,6.369900982828227
PSP,2007,Sports,Sony Computer Entertainment,0.03,75.0,18,7.5,8,SCEA,E,2000s,Other,2.9444389791664403,2.1972245773362196
PC,2008,Strategy,Pinnacle,0.03,87.0,52,8.2,275,Ironclad Games,T,2000s,Other,3.970291913552122,5.62040086571715
X360,2011,Adventure,Telltale Games,0.03,83.0,5,7.7,88,Unknown,Unknown,2010s,Other,1.791759469228055,4.48863636973214
PC,2012,Sports,Take-Two Interactive,0.03,90.0,5,6.8,130,Visual Concepts,E,2010s,Other,1.791759469228055,4.875197323201151
PC,2007,Action,Ubisoft,0.03,76.0,15,7.4,242,Capcom,M,2000s,Other,2.772588722239781,5.493061443340548
PS2,2005,Shooter,Namco Bandai Games,0.03,48.0,15,7.5,27,Natsume,E10+,2000s,Other,2.772588722239781,3.332204510175204
PC,2008,Action,Activision,0.03,70.0,18,6.3,55,Treyarch,T,2000s,Other,2.9444389791664403,4.02535169073515
XB,2002,Role-Playing,Xicat Interactive,0.03,44.0,14,7.2,5,Panther Software,T,2000s,Other,2.70805020110221,1.791759469228055
GC,2003,Racing,Electronic Arts,0.03,54.0,5,6.6,5,Attention To Detail,E,2000s,Other,1.791759469228055,1.791759469228055
GBA,2002,Action,Zoo Digital Publishing,0.03,70.0,7,7.0,4,Naps Team,T,2000s,Other,2.0794415416798357,1.6094379124341003
XB,2004,Strategy,JoWood Productions,0.03,61.0,24,7.5,27,Unknown,Unknown,2000s,Other,3.2188758248682006,3.332204510175204
PC,2010,Strategy,Paradox Interactive,0.03,68.0,16,5.2,19,Nitro Games,T,2010s,Other,2.833213344056216,2.995732273553991
PC,2011,Action,Disney Interactive Studios,0.03,73.0,11,6.6,17,Traveller's Tales,E10+,2010s,Other,2.4849066497880004,2.8903717578961645
PSP,2006,Racing,Codemasters,0.03,81.0,16,8.5,6,Sumo Digital,T,2000s,Other,2.833213344056216,1.9459101490553132
GBA,2003,Action,THQ,0.03,44.0,16,8.6,5,Natsume,T,2000s,Other,2.833213344056216,1.791759469228055
WiiU,2016,Platform,Deep Silver,0.03,48.0,9,4.6,78,Inti Creates,E10+,2010s,Other,2.302585092994046,4.3694478524670215
XB,2002,Racing,Konami Digital Entertainment,0.03,58.0,4,7.5,27,Konami,T,2000s,Other,1.6094379124341003,3.332204510175204
DS,2008,Action,Activision,0.03,73.0,7,7.5,27,Artificial Mind and Movement,E10+,2000s,Other,2.0794415416798357,3.332204510175204
PSV,2016,Role-Playing,Idea Factory International,0.03,73.0,16,8.4,12,Compile Heart,T,2010s,Other,2.833213344056216,2.5649493574615367
PS4,2015,Puzzle,Devolver Digital,0.03,88.0,31,8.4,124,Croteam,E10+,2010s,Other,3.4657359027997265,4.8283137373023015
PSP,2005,Role-Playing,Idea Factory,0.03,47.0,27,8.2,12,"Neverland, Idea Factory",T,2000s,Other,3.332204510175204,2.5649493574615367
XB,2004,Adventure,Ubisoft,0.03,71.0,7,8.7,6,Microids,T,2000s,Other,2.0794415416798357,1.9459101490553132
XB,2003,Racing,Xicat Interactive,0.03,61.0,9,7.5,27,Kuju Entertainment,E,2000s,Other,2.302585092994046,3.332204510175204
PC,2009,Platform,Number None,0.03,90.0,11,8.6,819,"Number None Inc., Knockout Games",E10+,2000s,Other,2.4849066497880004,6.709304340258299
PC,2002,Action,Microids,0.03,82.0,26,8.5,235,Microids,T,2000s,Other,3.295836866004329,5.4638318050256105
DS,2006,Action,505 Games,0.03,39.0,11,4.5,4,"Taito Corporation, 505 Games",E,2000s,Other,2.4849066497880004,1.6094379124341003
PC,2008,Adventure,Kalypso Media,0.03,69.0,25,7.0,21,Legacy Interactive,T,2000s,Other,3.258096538021482,3.091042453358316
PC,2009,Action,Activision,0.03,63.0,8,6.2,5,Beenox,E10+,2000s,Other,2.1972245773362196,1.791759469228055
PC,2015,Racing,Milestone S.r.l.,0.03,68.0,8,4.8,30,Milestone S.r.l,E,2010s,Other,2.1972245773362196,3.4339872044851463
XB,2005,Fighting,SNK Playmore,0.03,76.0,23,7.5,27,SNK,T,2000s,Other,3.1780538303479458,3.332204510175204
XB,2002,Sports,Konami Digital Entertainment,0.03,71.0,8,7.5,27,Konami,T,2000s,Other,2.1972245773362196,3.332204510175204
Wii,2009,Adventure,Storm City Games,0.03,26.0,6,7.5,27,Storm City Games,E,2000s,Other,1.9459101490553132,3.332204510175204
GC,2005,Platform,Ignition Entertainment,0.03,65.0,14,7.5,27,Warthog,E,2000s,Other,2.70805020110221,3.332204510175204
PC,2010,Action,Warner Bros. Interactive Entertainment,0.03,79.0,15,7.9,55,Traveller's Tales,E10+,2010s,Other,2.772588722239781,4.02535169073515
PC,2016,Simulation,Astragon,0.03,46.0,8,6.1,18,Still Alive Studios,Unknown,2010s,Other,2.1972245773362196,2.9444389791664403
PSP,2009,Platform,Oxygen Interactive,0.03,41.0,6,7.5,27,Twelve Games,E10+,2000s,Other,1.9459101490553132,3.332204510175204
DS,2006,Simulation,Majesco Entertainment,0.03,66.0,16,4.5,4,Backbone Entertainment,T,2000s,Other,2.833213344056216,1.6094379124341003
PS3,2009,Action,Sony Computer Entertainment,0.03,77.0,33,6.9,30,SCE Japan Studio,E10+,2000s,Other,3.5263605246161616,3.4339872044851463
GBA,2002,Sports,Konami Digital Entertainment,0.03,68.0,5,7.5,27,Konami,E,2000s,Other,1.791759469228055,3.332204510175204
Wii,2010,Sports,Nordcurrent,0.03,41.0,7,7.5,27,Nordcurrent,E10+,2010s,Other,2.0794415416798357,3.332204510175204
PC,2012,Adventure,Daedalic Entertainment,0.03,82.0,38,8.3,341,Amanita Design,Unknown,2010s,Other,3.6635616461296463,5.834810737062605
PS2,2005,Racing,Yuke's,0.03,45.0,14,7.5,27,Yuke's,E10+,2000s,Other,2.70805020110221,3.332204510175204
GBA,2003,Shooter,Take-Two Interactive,0.03,78.0,33,7.8,13,Mobius Entertainment,M,2000s,Other,3.5263605246161616,2.639057329615259
XB,2003,Sports,Capcom,0.03,49.0,12,7.5,27,Capcom,E,2000s,Other,2.5649493574615367,3.332204510175204
PSP,2006,Strategy,Ubisoft,0.03,64.0,15,7.9,10,Quicksilver Software,E,2000s,Other,2.772588722239781,2.3978952727983707
PC,2001,Strategy,Strategy First,0.03,74.0,16,8.6,60,GSC Game World,T,2000s,Other,2.833213344056216,4.110873864173311
PS3,2014,Racing,Nordic Games,0.03,58.0,4,3.5,4,Nordic Games Publishing,E,2010s,Other,1.6094379124341003,1.6094379124341003
XB,2006,Sports,Take-Two Interactive,0.03,83.0,8,8.6,5,"Kush Games, Visual Concepts",E,2000s,Other,2.1972245773362196,1.791759469228055
GC,2003,Racing,Capcom,0.03,62.0,7,7.5,27,Capcom,E,2000s,Other,2.0794415416798357,3.332204510175204
GBA,2002,Sports,Acclaim Entertainment,0.03,78.0,15,7.5,27,Full-Fat,E,2000s,Other,2.772588722239781,3.332204510175204
PSV,2013,Adventure,Arc System Works,0.03,43.0,5,7.4,24,Arc System Works,M,2010s,Other,1.791759469228055,3.2188758248682006
DS,2007,Adventure,Rising Star Games,0.03,55.0,13,7.5,27,Headlock,E,2000s,Other,2.639057329615259,3.332204510175204
XB,2005,Platform,Konami Digital Entertainment,0.03,47.0,11,7.5,27,Hudson Soft,E,2000s,Other,2.4849066497880004,3.332204510175204
PC,2006,Strategy,Deep Silver,0.03,73.0,32,7.4,57,Black Hole Games,M,2000s,Other,3.4965075614664802,4.060443010546419
PS2,2006,Simulation,Tecmo Koei,0.03,62.0,13,8.5,11,Micro Cabin,T,2000s,Other,2.639057329615259,2.4849066497880004
GC,2003,Shooter,Capcom,0.03,56.0,24,8.2,17,Capcom,E,2000s,Other,3.2188758248682006,2.8903717578961645
Wii,2007,Racing,Ubisoft,0.03,59.0,9,6.0,20,Reflections Interactive,M,2000s,Other,2.302585092994046,3.044522437723423
PC,2004,Shooter,Electronic Arts,0.03,84.0,48,7.5,133,Digital Illusions,T,2000s,Other,3.8918202981106265,4.897839799950911
Wii,2009,Adventure,Deep Silver,0.03,70.0,6,7.5,27,Deep Silver,T,2000s,Other,1.9459101490553132,3.332204510175204
PS4,2016,Action,Capcom,0.03,82.0,4,6.6,8,Blue Castle Games,M,2010s,Other,1.6094379124341003,2.1972245773362196
PC,2010,Role-Playing,Funcom,0.03,83.0,14,8.4,52,Funcom,M,2010s,Other,2.70805020110221,3.970291913552122
GC,2003,Action,Vivendi Games,0.03,75.0,18,9.0,9,Eurocom Entertainment Software,T,2000s,Other,2.9444389791664403,2.302585092994046
GBA,2003,Action,Sega,0.03,74.0,22,9.3,6,Vicarious Visions,E,2000s,Other,3.1354942159291497,1.9459101490553132
DS,2006,Action,Konami Digital Entertainment,0.03,66.0,10,7.5,27,Konami,E,2000s,Other,2.3978952727983707,3.332204510175204
PC,2003,Shooter,Take-Two Interactive,0.03,86.0,46,9.0,802,Remedy Entertainment,M,2000s,Other,3.8501476017100584,6.688354713946762
PC,2011,Role-Playing,Paradox Interactive,0.03,74.0,44,7.6,602,Arrowhead Game Studios,T,2010s,Other,3.8066624897703196,6.401917196727186
GBA,2004,Role-Playing,"Destination Software, Inc",0.03,76.0,17,6.5,11,Magic Pockets,T,2000s,Other,2.8903717578961645,2.4849066497880004
PS2,2004,Action,Capcom,0.03,55.0,30,7.5,27,Capcom,T,2000s,Other,3.4339872044851463,3.332204510175204
XB,2006,Sports,Electronic Arts,0.03,75.0,14,7.7,6,EA Sports,E10+,2000s,Other,2.70805020110221,1.9459101490553132
XOne,2015,Sports,Nordic Games,0.03,45.0,4,7.5,27,Rainbow Studios,Unknown,2010s,Other,1.6094379124341003,3.332204510175204
XOne,2016,Role-Playing,Focus Home Interactive,0.03,68.0,12,7.4,55,Spiders,M,2010s,Other,2.5649493574615367,4.02535169073515
PC,2006,Role-Playing,NCSoft,0.03,84.0,30,8.7,104,ArenaNet,T,2000s,Other,3.4339872044851463,4.653960350157523
PSP,2006,Shooter,Atari,0.03,57.0,13,7.5,27,Paradigm Entertainment,E10+,2000s,Other,2.639057329615259,3.332204510175204
PS2,2007,Shooter,Electronic Arts,0.03,63.0,29,6.1,34,Electronic Arts,T,2000s,Other,3.4011973816621555,3.5553480614894135
PS2,2006,Platform,Sega,0.03,53.0,32,6.7,10,TT Games,E,2000s,Other,3.4965075614664802,2.3978952727983707
GBA,2006,Sports,Electronic Arts,0.03,68.0,4,9.3,4,Exient Entertainment,E,2000s,Madden,1.6094379124341003,1.6094379124341003
PC,2008,Simulation,Electronic Arts,0.03,70.0,12,6.4,8,EA Redwood Shores,E,2000s,Other,2.5649493574615367,2.1972245773362196
PC,2007,Simulation,Electronic Arts,0.03,74.0,9,7.3,24,Maxis,T,2000s,Other,2.302585092994046,3.2188758248682006
DS,2007,Simulation,Lexicon Entertainment,0.03,33.0,4,2.5,4,Dreamcatcher,E,2000s,Other,1.6094379124341003,1.6094379124341003
PC,2009,Action,LucasArts,0.03,46.0,9,4.7,46,"LucasArts, Krome Studios",T,2000s,Other,2.302585092994046,3.8501476017100584
PS4,2015,Action,Activision,0.03,59.0,4,6.6,19,"Activision, Behaviour Interactive",E,2010s,Other,1.6094379124341003,2.995732273553991
PS4,2016,Action,PQube,0.03,57.0,11,7.8,9,Acquire,T,2010s,Other,2.4849066497880004,2.302585092994046
PC,2008,Action,Take-Two Interactive,0.03,72.0,11,7.5,257,"Mad Doc Software, Rockstar Vancouver",T,2000s,Other,2.4849066497880004,5.552959584921617
GBA,2006,Action,Eidos Interactive,0.03,72.0,8,7.4,7,WayForward,E10+,2000s,Other,2.1972245773362196,2.0794415416798357
PS2,2005,Role-Playing,Success,0.03,62.0,26,7.3,9,Crea-Tech,T,2000s,Other,3.295836866004329,2.302585092994046
PC,2010,Role-Playing,DTP Entertainment,0.03,72.0,4,8.3,15,Larian Studios,M,2010s,Other,1.6094379124341003,2.772588722239781
Wii,2009,Platform,Oxygen Interactive,0.03,31.0,7,7.5,27,Twelve Games,E10+,2000s,Other,2.0794415416798357,3.332204510175204
PC,2006,Shooter,Electronic Arts,0.03,80.0,48,6.8,326,EA DICE,T,2000s,Other,3.8918202981106265,5.7899601708972535
PC,2011,Simulation,bitComposer Games,0.03,65.0,5,6.4,24,Games Farm,T,2010s,Other,1.791759469228055,3.2188758248682006
GBA,2004,Puzzle,Unknown,0.03,62.0,5,7.5,27,PopCap,E,2000s,Other,1.791759469228055,3.332204510175204
DS,2009,Misc,Tomy Corporation,0.03,60.0,4,7.5,27,Tomy Corporation,E,2000s,Other,1.6094379124341003,3.332204510175204
PC,2010,Shooter,Capcom,0.03,63.0,15,6.3,87,Capcom,T,2010s,Other,2.772588722239781,4.477336814478207
PC,2008,Simulation,Deep Silver,0.03,73.0,16,7.9,222,Egosoft,T,2000s,Other,2.833213344056216,5.407171771460119
PS2,2006,Platform,Ubisoft,0.03,57.0,6,7.5,27,Ubisoft,E10+,2000s,Other,1.9459101490553132,3.332204510175204
PS4,2016,Adventure,Microids,0.03,67.0,17,6.2,12,Microids,T,2010s,Other,2.8903717578961645,2.5649493574615367
PS2,2003,Shooter,BAM! Entertainment,0.03,52.0,13,5.3,9,Rebellion,M,2000s,Other,2.639057329615259,2.302585092994046
DS,2008,Racing,Vir2L Studios,0.03,69.0,4,7.5,27,4J Studios,E,2000s,Other,1.6094379124341003,3.332204510175204
GBA,2003,Racing,THQ,0.03,73.0,9,7.5,27,Mobius Entertainment,E,2000s,Other,2.302585092994046,3.332204510175204
PC,2005,Shooter,Vivendi Games,0.03,85.0,49,8.6,224,Irrational Games,M,2000s,Other,3.912023005428146,5.41610040220442
PC,2002,Shooter,Electronic Arts,0.03,89.0,27,8.6,327,Digital Illusions,T,2000s,Other,3.332204510175204,5.793013608384144
PC,2012,Adventure,Reef Entertainment,0.03,54.0,6,6.2,11,Wizarbox,Unknown,2010s,Other,1.9459101490553132,2.4849066497880004
DS,2007,Puzzle,Crave Entertainment,0.03,45.0,9,7.3,4,7 Studios,E10+,2000s,Other,2.302585092994046,1.6094379124341003
PS4,2015,Action,Nordic Games,0.03,62.0,22,6.4,11,"Neon Studios, Kaiko",E10+,2010s,Other,3.1354942159291497,2.4849066497880004
XOne,2016,Shooter,Gearbox Software,0.03,70.0,4,7.5,27,Gearbox Software,M,2010s,Other,1.6094379124341003,3.332204510175204
PC,2005,Role-Playing,Microsoft Game Studios,0.03,80.0,51,7.9,159,Gas Powered Games,M,2000s,Other,3.9512437185814275,5.075173815233827
PC,2009,Strategy,Eidos Interactive,0.03,74.0,31,8.4,46,Eidos Interactive,T,2000s,Other,3.4657359027997265,3.8501476017100584
GC,2002,Puzzle,Acclaim Entertainment,0.02,67.0,15,6.1,7,PuzzleKings,E,2000s,Other,2.772588722239781,2.0794415416798357
PC,2014,Racing,Codemasters,0.02,78.0,35,6.2,257,Codemasters,E,2010s,Other,3.58351893845611,5.552959584921617
PC,2009,Action,Electronic Arts,0.02,57.0,24,6.7,42,Pandemic Studios,T,2000s,Other,3.2188758248682006,3.7612001156935624
XB,2003,Fighting,Metro 3D,0.02,26.0,8,3.7,6,Gameness Art Software,T,2000s,Other,2.1972245773362196,1.9459101490553132
PS4,2016,Shooter,Rising Star Games,0.02,67.0,8,7.5,27,Dracue,E10+,2010s,Other,2.1972245773362196,3.332204510175204
GBA,2004,Shooter,Global Star,0.02,51.0,9,7.2,10,Climax Group,M,2000s,Other,2.302585092994046,2.3978952727983707
XB,2005,Shooter,DreamCatcher Interactive,0.02,60.0,25,8.0,4,Mindware Studios,T,2000s,Other,3.258096538021482,1.6094379124341003
XB,2004,Simulation,Capcom,0.02,70.0,19,8.0,8,Capcom,T,2000s,Other,2.995732273553991,2.1972245773362196
XB,2002,Sports,Konami Digital Entertainment,0.02,48.0,4,5.5,4,Konami,E,2000s,Other,1.6094379124341003,1.6094379124341003
PS2,2006,Racing,Midway Games,0.02,51.0,21,6.0,6,Terminal Reality,T,2000s,Other,3.091042453358316,1.9459101490553132
PC,2015,Action,Square Enix,0.02,86.0,14,7.7,255,Square Enix,T,2010s,Final Fantasy,2.70805020110221,5.545177444479562
PS4,2014,Role-Playing,Compile Heart,0.02,58.0,22,7.1,81,Compile Heart,T,2010s,Other,3.1354942159291497,4.406719247264253
GBA,2003,Action,Capcom,0.02,58.0,7,7.5,27,Klein Computer Entertainment,E,2000s,Other,2.0794415416798357,3.332204510175204
XB,2004,Action,BAM! Entertainment,0.02,53.0,7,7.5,27,Artificial Mind and Movement,E,2000s,Other,2.0794415416798357,3.332204510175204
XB,2005,Platform,Midway Games,0.02,56.0,6,7.7,6,Artificial Mind and Movement,E,2000s,Other,1.9459101490553132,1.9459101490553132
PC,2007,Simulation,Microsoft Game Studios,0.02,78.0,20,7.8,20,"Climax Group, Climax Studios",E,2000s,Other,3.044522437723423,3.044522437723423
DS,2008,Racing,Nobilis,0.02,73.0,6,7.5,27,Artefacts Studio,E,2000s,Other,1.9459101490553132,3.332204510175204
PC,2006,Role-Playing,Atari,0.02,82.0,46,6.5,565,Obsidian Entertainment,T,2000s,Other,3.8501476017100584,6.338594078203183
PC,2006,Strategy,LucasArts,0.02,75.0,25,8.6,79,Petroglyph,T,2000s,Other,3.258096538021482,4.382026634673881
PC,2003,Simulation,Vivendi Games,0.02,72.0,15,8.7,55,Blue Tongue Entertainment,T,2000s,Other,2.772588722239781,4.02535169073515
PC,2008,Role-Playing,GOA,0.02,86.0,54,7.9,374,EA Mythic,T,2000s,Other,4.007333185232471,5.926926025970411
XB,2005,Action,Zoo Digital Publishing,0.02,66.0,13,7.5,27,Krome Studios,E10+,2000s,Other,2.639057329615259,3.332204510175204
XB,2005,Shooter,Eidos Interactive,0.02,71.0,28,9.2,27,Deadline Games,M,2000s,Other,3.367295829986474,3.332204510175204
PS2,2006,Sports,Mastertronic,0.02,30.0,4,4.2,5,"Atomic Planet Entertainment, Mud Duck Productions",E,2000s,Other,1.6094379124341003,1.791759469228055
PS3,2009,Strategy,Sony Computer Entertainment,0.02,76.0,9,6.9,18,Team 17,E10+,2000s,Other,2.302585092994046,2.9444389791664403
X360,2012,Action,Capcom,0.02,65.0,11,5.3,4,Capcom,T,2010s,Other,2.4849066497880004,1.6094379124341003
GBA,2002,Racing,Codemasters,0.02,80.0,8,7.5,27,Spellbound,E,2000s,Other,2.1972245773362196,3.332204510175204
PC,2007,Strategy,Ubisoft,0.02,66.0,19,7.7,44,Blue Byte,E10+,2000s,Other,2.995732273553991,3.8066624897703196
PS,2000,Strategy,Empire Interactive,0.02,71.0,6,7.5,27,Minds-Eye Productions,E,2000s,Other,1.9459101490553132,3.332204510175204
DS,2006,Strategy,Midas Interactive Entertainment,0.02,40.0,12,5.4,8,MileStone Inc.,E10+,2000s,Other,2.5649493574615367,2.1972245773362196
PC,2006,Strategy,Deep Silver,0.02,71.0,29,8.3,23,SEK Ost,T,2000s,Other,3.4011973816621555,3.1780538303479458
GBA,2002,Shooter,Konami Digital Entertainment,0.02,71.0,6,7.5,27,Konami,E,2000s,Other,1.9459101490553132,3.332204510175204
PC,2009,Adventure,DTP Entertainment,0.02,66.0,14,7.5,27,Autumn Moon,T,2000s,Other,2.70805020110221,3.332204510175204
GC,2004,Strategy,JoWood Productions,0.02,63.0,19,7.5,27,Zed Two Limited,T,2000s,Other,2.995732273553991,3.332204510175204
PSP,2006,Action,Konami Digital Entertainment,0.02,51.0,24,7.6,14,Neverland,T,2000s,Other,3.2188758248682006,2.70805020110221
PS4,2016,Adventure,Sony Computer Entertainment,0.02,62.0,31,6.5,36,The Tangentlemen,M,2010s,Other,3.4657359027997265,3.6109179126442243
Wii,2008,Platform,Ignition Entertainment,0.02,35.0,10,4.0,6,Crave,E,2000s,Other,2.3978952727983707,1.9459101490553132
GBA,2004,Shooter,Vivendi Games,0.02,47.0,11,7.5,27,Saffire,E,2000s,Other,2.4849066497880004,3.332204510175204
DS,2009,Adventure,DreamCatcher Interactive,0.02,39.0,8,2.2,5,Dreamcatcher,E,2000s,Other,2.1972245773362196,1.791759469228055
XB,2002,Racing,Empire Interactive,0.02,60.0,7,7.5,27,Razorworks Studios,E,2000s,Other,2.0794415416798357,3.332204510175204
PSP,2006,Puzzle,Mumbo Jumbo,0.02,60.0,16,7.5,27,MumboJumbo,E,2000s,Other,2.833213344056216,3.332204510175204
PC,2009,Strategy,Atari,0.02,76.0,50,7.9,183,Gas Powered Games,T,2000s,Other,3.9318256327243257,5.214935757608986
DS,2006,Strategy,Namco Bandai Games,0.02,59.0,8,7.1,11,Big Blue Bubble Inc.,E10+,2000s,Other,2.1972245773362196,2.4849066497880004
GBA,2002,Platform,Unknown,0.02,73.0,10,7.5,27,AI,E,2000s,Other,2.3978952727983707,3.332204510175204
PC,2008,Strategy,Gamecock,0.02,45.0,11,6.8,45,FireFly Studios,T,2000s,Other,2.4849066497880004,3.828641396489095
GBA,2002,Role-Playing,Atlus,0.02,62.0,8,8.3,15,Multimedia Intelligence Transfer,E,2000s,Other,2.1972245773362196,2.772588722239781
PC,2010,Simulation,Focus Home Interactive,0.02,70.0,17,5.7,39,Monte Cristo Multimedia,E,2010s,Other,2.8903717578961645,3.6888794541139363
Wii,2008,Puzzle,Deep Silver,0.02,62.0,12,6.4,5,InXile Entertainment,E,2000s,Other,2.5649493574615367,1.791759469228055
PC,2007,Simulation,Electronic Arts,0.02,63.0,27,4.3,95,Tilted Mill,E10+,2000s,Other,3.332204510175204,4.564348191467836
PC,2010,Role-Playing,Atari,0.02,66.0,34,6.2,694,Cryptic Studios,T,2010s,Other,3.5553480614894135,6.543911845564792
PS,1999,Shooter,JVC,0.02,67.0,8,7.5,27,Taito Corporation,E,1990s,Other,2.1972245773362196,3.332204510175204
PS4,2016,Action,Avanquest,0.02,52.0,13,7.9,34,"Edge Entertainment, Anima Project",T,2010s,Other,2.639057329615259,3.5553480614894135
PC,2008,Shooter,Ubisoft,0.02,78.0,20,7.3,185,Ubisoft Montreal,M,2000s,Other,3.044522437723423,5.225746673713202
XB,2002,Sports,THQ,0.02,49.0,9,7.5,27,Blue Shift,T,2000s,Other,2.302585092994046,3.332204510175204
PC,2012,Strategy,Kalypso Media,0.02,78.0,11,8.0,58,Haemimont,T,2010s,Other,2.4849066497880004,4.07753744390572
XB,2005,Action,Deep Silver,0.02,73.0,20,7.4,5,Mercury Steam,T,2000s,Other,3.044522437723423,1.791759469228055
PC,2008,Shooter,Ubisoft,0.02,79.0,22,7.9,130,Gearbox Software,M,2000s,Other,3.1354942159291497,4.875197323201151
PC,2007,Racing,Codemasters,0.02,84.0,20,7.3,91,Codemasters,E,2000s,Other,3.044522437723423,4.5217885770490405
PC,2003,Simulation,Ubisoft,0.02,86.0,12,8.6,38,"1C, 1C Company",T,2000s,Other,2.5649493574615367,3.6635616461296463
PSV,2016,Adventure,Nippon Ichi Software,0.02,64.0,11,7.3,10,5pb,T,2010s,Other,2.4849066497880004,2.3978952727983707
PC,2009,Action,Kalypso Media,0.02,73.0,17,8.2,21,Boxed Dream,E,2000s,Other,2.8903717578961645,3.091042453358316
PSP,2009,Role-Playing,Falcom Corporation,0.02,78.0,9,8.3,12,Falcom,T,2000s,Other,2.302585092994046,2.5649493574615367
GBA,2003,Role-Playing,Banpresto,0.02,77.0,20,8.1,19,Flight-Plan,E10+,2000s,Other,3.044522437723423,2.995732273553991
XB,2006,Fighting,Ignition Entertainment,0.02,58.0,29,7.5,27,SNK,T,2000s,Other,3.4011973816621555,3.332204510175204
PC,2005,Simulation,Graphsim Entertainment,0.02,90.0,7,8.6,37,Lead Pursuit,T,2000s,Other,2.0794415416798357,3.6375861597263857
XB,2004,Sports,Atlus,0.02,62.0,11,9.1,9,Opus,E,2000s,Other,2.4849066497880004,2.302585092994046
3DS,2014,Adventure,Capcom,0.02,81.0,34,9.0,76,NATSUME ATARI Inc.,T,2010s,Other,3.5553480614894135,4.343805421853684
PC,2009,Action,Activision,0.02,67.0,5,7.5,27,Activision,E10+,2000s,Other,1.791759469228055,3.332204510175204
PS2,2006,Action,505 Games,0.02,59.0,44,8.6,51,"Punchline, Shirogumi",M,2000s,Other,3.8066624897703196,3.9512437185814275
GC,2002,Sports,Midway Games,0.02,71.0,11,7.4,5,Point of View,E,2000s,Other,2.4849066497880004,1.791759469228055
PS4,2016,Sports,Avanquest,0.02,31.0,22,4.5,66,"The Digital Lounge, Dino Dini",Unknown,2010s,Other,3.1354942159291497,4.204692619390966
PS2,2006,Racing,Namco Bandai Games,0.02,54.0,20,7.4,5,Smart Bomb Interactive,E,2000s,Other,3.044522437723423,1.791759469228055
PC,2005,Racing,Atari,0.02,84.0,21,8.6,44,SimBin,E,2000s,Other,3.091042453358316,3.8066624897703196
PC,2012,Fighting,Capcom,0.02,79.0,8,6.4,134,"Capcom, QLOC",T,2010s,Other,2.1972245773362196,4.90527477843843
PC,2008,Action,Activision,0.02,71.0,11,7.8,12,Beenox,E10+,2000s,Other,2.4849066497880004,2.5649493574615367
PC,2008,Shooter,THQ,0.02,73.0,19,6.9,171,Kaos Studios,T,2000s,Other,2.995732273553991,5.147494476813453
GC,2003,Sports,Midway Games,0.02,71.0,9,7.5,27,Midway,E,2000s,Other,2.302585092994046,3.332204510175204
PC,2009,Strategy,Ubisoft,0.02,68.0,24,6.7,42,Ubisoft Shanghai,T,2000s,Other,3.2188758248682006,3.7612001156935624
XB,2006,Shooter,Eidos Interactive,0.02,62.0,27,7.5,27,Pyro Studios,T,2000s,Other,3.332204510175204,3.332204510175204
PS2,2002,Sports,Konami Digital Entertainment,0.02,38.0,9,7.5,27,Konami,T,2000s,Other,2.302585092994046,3.332204510175204
XB,2005,Adventure,Take-Two Interactive,0.02,48.0,15,5.5,4,High Voltage Software,E10+,2000s,Other,2.772588722239781,1.6094379124341003
PC,2014,Shooter,Electronic Arts,0.02,78.0,11,7.8,186,PopCap,E10+,2010s,Other,2.4849066497880004,5.231108616854587
PS2,2006,Shooter,Namco Bandai Games,0.02,40.0,17,7.0,5,Namco Bandai Games America,T,2000s,Other,2.8903717578961645,1.791759469228055
PC,2007,Racing,Atari,0.02,79.0,18,8.1,124,Eden Studios,T,2000s,Other,2.9444389791664403,4.8283137373023015
PC,2009,Adventure,Ubisoft,0.02,36.0,4,3.9,20,Longtail Studios,T,2000s,Other,1.6094379124341003,3.044522437723423
PC,2012,Racing,Codemasters,0.02,62.0,8,5.4,46,Codemasters,E,2010s,Other,2.1972245773362196,3.8501476017100584
GC,2004,Shooter,Global Star,0.02,69.0,18,8.4,9,Climax Group,M,2000s,Other,2.9444389791664403,2.302585092994046
XB,2004,Action,Microids,0.02,53.0,11,4.5,8,Microids,T,2000s,Other,2.4849066497880004,2.1972245773362196
DS,2006,Simulation,Natsume,0.02,46.0,7,7.7,6,Beluga Computer,E10+,2000s,Other,2.0794415416798357,1.9459101490553132
PC,2008,Shooter,Electronic Arts,0.02,89.0,58,9.2,3717,Valve Software,M,2000s,Other,4.07753744390572,8.220941168281389
XB,2005,Fighting,Sega,0.02,58.0,11,6.5,4,InterServ International,T,2000s,Other,2.4849066497880004,1.6094379124341003
PS2,2004,Adventure,Indie Games,0.02,57.0,20,7.7,9,From Software,M,2000s,Other,3.044522437723423,2.302585092994046
GC,2004,Action,BAM! Entertainment,0.02,57.0,9,7.5,27,Artificial Mind and Movement,E,2000s,Other,2.302585092994046,3.332204510175204
PC,2009,Racing,Codemasters,0.02,67.0,16,6.7,86,Asobo Studio,E,2000s,Other,2.833213344056216,4.465908118654584
PC,2011,Role-Playing,Unknown,0.02,81.0,26,7.3,399,Trendy Entertainment,E10+,2010s,Other,3.295836866004329,5.991464547107982
XB,2003,Racing,Capcom,0.02,57.0,17,6.0,5,Capcom,E,2000s,Other,2.8903717578961645,1.791759469228055
DS,2010,Platform,Destineer,0.02,63.0,4,7.5,27,"United Coders, Wizardry Engineering",E10+,2010s,Other,1.6094379124341003,3.332204510175204
DS,2007,Action,Disney Interactive Studios,0.02,64.0,6,7.5,27,"Climax Group, Climax Studios",E10+,2000s,Other,1.9459101490553132,3.332204510175204
PC,2008,Adventure,DTP Entertainment,0.02,63.0,11,7.5,27,DTP Entertainment,T,2000s,Other,2.4849066497880004,3.332204510175204
GC,2004,Shooter,Atari,0.02,68.0,20,7.5,27,Paradigm Entertainment,T,2000s,Other,3.044522437723423,3.332204510175204
Wii,2007,Sports,Zoo Digital Publishing,0.02,19.0,6,2.8,25,Black Lantern Studios,E10+,2000s,Other,1.9459101490553132,3.258096538021482
PC,2005,Adventure,Atari,0.02,85.0,41,8.3,375,Quantic Dream,M,2000s,Other,3.7376696182833684,5.929589143389895
PC,2007,Strategy,Codemasters,0.02,81.0,27,8.1,220,Triumph Studios,T,2000s,Other,3.332204510175204,5.3981627015177525
PC,2006,Strategy,Electronic Arts,0.02,84.0,36,7.5,366,EA LA,T,2000s,Other,3.6109179126442243,5.905361848054571
PS2,2002,Racing,Konami Digital Entertainment,0.02,50.0,12,7.5,27,Vicarious Visions,T,2000s,Other,2.5649493574615367,3.332204510175204
PC,2008,Sports,Electronic Arts,0.02,77.0,15,6.8,36,EA Canada,E,2000s,FIFA,2.772588722239781,3.6109179126442243
PC,2005,Shooter,Activision,0.02,81.0,62,7.6,281,Raven Software,M,2000s,Other,4.143134726391533,5.641907070938114
GC,2003,Racing,Acclaim Entertainment,0.02,69.0,13,7.0,5,Acclaim Studios Cheltenham,T,2000s,Other,2.639057329615259,1.791759469228055
PC,2001,Shooter,Take-Two Interactive,0.02,89.0,32,9.1,1016,Remedy Entertainment,M,2000s,Other,3.4965075614664802,6.92461239604856
PS2,2006,Misc,Empire Interactive,0.02,67.0,11,7.5,27,Empire Oxford,T,2000s,Other,2.4849066497880004,3.332204510175204
PS4,2016,Shooter,Nippon Ichi Software,0.02,55.0,19,4.7,34,"Mediascape, CUBETYPE",E10+,2010s,Other,2.995732273553991,3.5553480614894135
DS,2005,Sports,Rising Star Games,0.02,63.0,14,6.5,4,Racjin,E,2000s,Other,2.70805020110221,1.6094379124341003
PC,1998,Strategy,Vivendi Games,0.02,93.0,20,9.0,326,Relic,E,1990s,Other,3.044522437723423,5.7899601708972535
WiiU,2013,Shooter,505 Games,0.02,58.0,5,5.8,30,Rebellion,M,2010s,Other,1.791759469228055,3.4339872044851463
PC,2009,Strategy,Square Enix,0.02,69.0,39,7.3,73,Wargaming.net,T,2000s,Other,3.6888794541139363,4.304065093204169
PSP,2007,Racing,Deep Silver,0.02,58.0,7,5.3,6,Eutechnyx,T,2000s,Other,2.0794415416798357,1.9459101490553132
PC,2002,Strategy,JoWood Productions,0.02,59.0,11,7.7,9,JoWooD Entertainment AG,T,2000s,Other,2.4849066497880004,2.302585092994046
XB,2006,Fighting,SNK Playmore,0.02,62.0,17,7.5,27,SNK Playmore,T,2000s,Other,2.8903717578961645,3.332204510175204
PC,2007,Role-Playing,DTP Entertainment,0.02,57.0,9,5.8,19,Master Creating,M,2000s,Other,2.302585092994046,2.995732273553991
PC,2014,Role-Playing,Deep Silver,0.02,57.0,47,1.4,544,Deep Silver,M,2010s,Other,3.8712010109078907,6.300785794663244
PC,2016,Sports,Konami Digital Entertainment,0.02,69.0,9,3.7,137,Konami,E,2010s,Other,2.302585092994046,4.927253685157205
GBA,2003,Sports,Aspyr,0.02,67.0,7,7.5,27,Small Rockets,E,2000s,Other,2.0794415416798357,3.332204510175204
PC,2009,Action,Konami Digital Entertainment,0.02,55.0,6,6.0,31,Zombie Studios,M,2000s,Other,1.9459101490553132,3.4657359027997265
PS3,2014,Role-Playing,Nippon Ichi Software,0.02,65.0,20,7.3,23,Nippon Ichi Software,T,2010s,Other,3.044522437723423,3.1780538303479458
PC,2007,Platform,Activision,0.02,62.0,16,7.1,29,Beenox,T,2000s,Other,2.833213344056216,3.4011973816621555
PS3,2015,Adventure,Arc System Works,0.02,63.0,4,6.2,5,Arc System Works,M,2010s,Other,1.6094379124341003,1.791759469228055
DS,2008,Shooter,Lexicon Entertainment,0.02,64.0,6,7.5,27,Mana Comp. Soft.,E10+,2000s,Other,1.9459101490553132,3.332204510175204
GBA,2002,Sports,Unknown,0.02,62.0,4,7.5,27,Konami,E,2000s,Other,1.6094379124341003,3.332204510175204
DS,2007,Shooter,Phoenix Games,0.02,39.0,5,7.5,27,Phenomedia,E10+,2000s,Other,1.791759469228055,3.332204510175204
PSP,2005,Platform,Atari,0.02,57.0,6,7.5,27,"Atari, Atari SA",E,2000s,Other,1.9459101490553132,3.332204510175204
DS,2008,Adventure,Aksys Games,0.02,47.0,12,7.5,27,WorkJam,T,2000s,Other,2.5649493574615367,3.332204510175204
PC,2008,Action,Activision,0.02,52.0,11,7.8,57,"Treyarch, Shaba Games",T,2000s,Other,2.4849066497880004,4.060443010546419
XB,2004,Action,Sega,0.02,59.0,26,6.8,4,Amuze,M,2000s,Other,3.295836866004329,1.6094379124341003
GBA,2001,Platform,THQ,0.02,69.0,11,7.5,27,Titus Software,E,2000s,Other,2.4849066497880004,3.332204510175204
XB,2005,Shooter,Kemco,0.02,33.0,9,2.8,4,Touchdown Entertainment,M,2000s,Other,2.302585092994046,1.6094379124341003
PC,2008,Role-Playing,Codemasters Online,0.02,85.0,24,8.2,99,Turbine Inc.,T,2000s,Other,3.2188758248682006,4.605170185988092
XOne,2016,Action,Stainless Games,0.02,52.0,15,7.1,12,Stainless Games,M,2010s,Other,2.772588722239781,2.5649493574615367
PC,2009,Strategy,Sega,0.02,42.0,15,4.9,22,Creative Assembly,M,2000s,Other,2.772588722239781,3.1354942159291497
PC,2004,Shooter,DreamCatcher Interactive,0.02,81.0,62,8.1,284,People Can Fly,M,2000s,Other,4.143134726391533,5.652489180268651
PS2,2006,Platform,Natsume,0.02,57.0,8,7.0,7,Playstos Entertainment,E10+,2000s,Other,2.1972245773362196,2.0794415416798357
PC,2016,Simulation,Atari,0.02,43.0,7,2.4,31,Nvizzio Creations,E,2010s,Other,2.0794415416798357,3.4657359027997265
PC,2012,Strategy,Iceberg Interactive,0.02,67.0,23,6.5,55,"Unigine Corp, Russia",Unknown,2010s,Other,3.1780538303479458,4.02535169073515
XB,2003,Racing,Acclaim Entertainment,0.02,66.0,15,6.8,5,Acclaim Studios Cheltenham,T,2000s,Other,2.772588722239781,1.791759469228055
PS4,2016,Action,Nordic Games,0.02,79.0,9,8.5,15,Nordic Games Publishing,M,2010s,Other,2.302585092994046,2.772588722239781
PC,2016,Adventure,Microids,0.02,66.0,15,8.5,144,Artefacts Studio,Unknown,2010s,Other,2.772588722239781,4.976733742420574
PC,2014,Action,Square Enix,0.02,73.0,17,5.4,52,Nixxes Software,T,2010s,Other,2.8903717578961645,3.970291913552122
XB,2005,Racing,Take-Two Interactive,0.02,38.0,9,3.6,7,Deibus Studios,T,2000s,Other,2.302585092994046,2.0794415416798357
GC,2002,Sports,Konami Digital Entertainment,0.02,68.0,6,7.5,27,KCEA,E,2000s,Other,1.9459101490553132,3.332204510175204
WiiU,2013,Fighting,Tecmo Koei,0.02,40.0,4,5.8,18,Koei,M,2010s,Other,1.6094379124341003,2.9444389791664403
PC,2006,Simulation,Ubisoft,0.02,65.0,16,4.6,17,Ubisoft Romania,T,2000s,Other,2.833213344056216,2.8903717578961645
PC,2007,Role-Playing,Electronic Arts,0.02,70.0,40,6.3,374,Flagship Studios,M,2000s,Other,3.713572066704308,5.926926025970411
PSV,2015,Action,Tecmo Koei,0.02,70.0,15,7.4,9,Omega Force,T,2010s,Other,2.772588722239781,2.302585092994046
XB,2005,Misc,Mastiff,0.02,74.0,9,7.5,4,Andamiro U.S.A. Corp.,T,2000s,Other,2.302585092994046,1.6094379124341003
3DS,2014,Action,Namco Bandai Games,0.02,26.0,10,2.4,22,Bandai Namco Games,E10+,2010s,Other,2.3978952727983707,3.1354942159291497
PC,2006,Racing,Codemasters,0.02,84.0,16,7.8,53,Codemasters,E10+,2000s,Other,2.833213344056216,3.9889840465642745
PS2,2004,Platform,Evolved Games,0.02,51.0,11,7.5,27,Argonaut Games,T,2000s,Other,2.4849066497880004,3.332204510175204
DS,2007,Simulation,DSI Games,0.02,38.0,4,7.5,27,SkyRiver Studios,E10+,2000s,Other,1.6094379124341003,3.332204510175204
PS3,2013,Role-Playing,Nippon Ichi Software,0.02,69.0,22,7.9,25,ApolloSoft,T,2010s,Other,3.1354942159291497,3.258096538021482
GBA,2001,Role-Playing,Victor Interactive,0.02,77.0,11,7.5,27,Ancient,E,2000s,Other,2.4849066497880004,3.332204510175204
XB,2004,Fighting,Atari,0.02,65.0,8,8.8,4,Black Ship Games,T,2000s,Other,2.1972245773362196,1.6094379124341003
Wii,2008,Sports,XS Games,0.02,30.0,4,7.5,27,Other Ocean Interactive,E,2000s,Other,1.6094379124341003,3.332204510175204
PC,2012,Racing,Namco Bandai Games,0.02,72.0,9,6.0,83,Bugbear,T,2010s,Other,2.302585092994046,4.430816798843313
PC,2009,Action,Eidos Interactive,0.02,74.0,14,8.3,78,Io Interactive,E10+,2000s,Other,2.70805020110221,4.3694478524670215
PS3,2011,Action,Ubisoft,0.02,67.0,21,6.8,29,Ubisoft,M,2010s,Other,3.091042453358316,3.4011973816621555
GBA,2002,Strategy,Titus,0.02,70.0,6,7.5,27,Titus Software,E,2000s,Other,1.9459101490553132,3.332204510175204
XB,2005,Platform,Global Star,0.02,57.0,6,7.5,27,High Voltage Software,E10+,2000s,Other,1.9459101490553132,3.332204510175204
GC,2003,Racing,Acclaim Entertainment,0.02,59.0,9,7.5,27,Climax Group,E,2000s,Other,2.302585092994046,3.332204510175204
XOne,2016,Platform,Deep Silver,0.02,55.0,13,4.2,94,Inti Creates,E10+,2010s,Other,2.639057329615259,4.553876891600541
PC,2008,Shooter,Electronic Arts,0.02,84.0,56,7.9,516,Crytek,M,2000s,Other,4.04305126783455,6.248042874508429
XB,2002,Sports,Konami Digital Entertainment,0.02,68.0,6,7.5,27,KCEA,E,2000s,Other,1.9459101490553132,3.332204510175204
PC,2006,Sports,Sega,0.02,87.0,17,7.5,27,Sports Interactive,E,2000s,Other,2.8903717578961645,3.332204510175204
PS,2000,Strategy,Infogrames,0.02,62.0,10,8.8,31,Infogrames Sheffield,T,2000s,Other,2.3978952727983707,3.4657359027997265
PC,2009,Strategy,Paradox Interactive,0.02,71.0,27,7.1,38,1C:Ino-Co,T,2000s,Other,3.332204510175204,3.6635616461296463
PC,2011,Strategy,Iceberg Interactive,0.02,50.0,14,4.7,57,"Headup Games, Crenetic Studios",Unknown,2010s,Other,2.70805020110221,4.060443010546419
PS,2000,Shooter,Namco Bandai Games,0.02,78.0,5,8.4,5,Tose Software,T,2000s,Other,1.791759469228055,1.791759469228055
PC,2003,Shooter,Gathering of Developers,0.02,74.0,22,8.7,76,Pterodon,T,2000s,Other,3.1354942159291497,4.343805421853684
DS,2007,Puzzle,Eidos Interactive,0.02,70.0,21,7.5,11,Arkedo Studio,E,2000s,Other,3.091042453358316,2.4849066497880004
GC,2003,Action,Ubisoft,0.02,23.0,21,3.3,23,Neko Entertainment,T,2000s,Other,3.091042453358316,3.1780538303479458
X360,2011,Misc,THQ,0.02,54.0,5,5.7,6,THQ,E,2010s,Other,1.791759469228055,1.9459101490553132
X360,2012,Adventure,Focus Home Interactive,0.02,64.0,24,7.6,30,Frogwares,M,2010s,Other,3.2188758248682006,3.4339872044851463
PC,2007,Misc,Aspyr,0.02,79.0,15,7.2,63,Aspyr,T,2000s,Other,2.772588722239781,4.1588830833596715
XOne,2015,Action,Ubisoft,0.02,65.0,5,6.6,21,Ivory Tower,T,2010s,Other,1.791759469228055,3.091042453358316
XB,2006,Sports,Electronic Arts,0.02,76.0,18,7.5,27,Unknown,Unknown,2000s,Other,2.9444389791664403,3.332204510175204
X360,2012,Action,Ubisoft,0.02,62.0,11,7.3,12,Ubisoft Quebec,T,2010s,Other,2.4849066497880004,2.5649493574615367
XB,2006,Shooter,Eidos Interactive,0.02,72.0,34,8.6,9,Rocksteady Studios,M,2000s,Other,3.5553480614894135,2.302585092994046
PC,2005,Shooter,Empire Interactive,0.02,46.0,18,6.1,29,Strangelite,M,2000s,Other,2.9444389791664403,3.4011973816621555
GBA,2002,Action,Ubisoft,0.02,72.0,6,7.5,27,Ubisoft Milan,E,2000s,Other,1.9459101490553132,3.332204510175204
PC,2005,Simulation,Codemasters,0.02,76.0,18,6.7,19,IR Gurus,T,2000s,Other,2.9444389791664403,2.995732273553991
XB,2003,Adventure,THQ,0.02,77.0,24,8.3,12,Revolution Software,T,2000s,Other,3.2188758248682006,2.5649493574615367
PS3,2010,Action,THQ,0.02,82.0,73,7.9,319,Vigil Games,M,2010s,Other,4.304065093204169,5.768320995793772
PC,2006,Strategy,Atari,0.02,67.0,30,8.3,4,Deep Red,T,2000s,Other,3.4339872044851463,1.6094379124341003
PC,2008,Sports,Electronic Arts,0.02,62.0,6,4.1,30,EA Canada,E10+,2000s,Other,1.9459101490553132,3.4339872044851463
PC,2015,Action,Ubisoft,0.02,74.0,6,7.4,41,Ivory Tower,T,2010s,Other,1.9459101490553132,3.7376696182833684
PC,2009,Strategy,Playlogic Game Factory,0.02,63.0,9,8.1,8,Black Sea Studios,T,2000s,Other,2.302585092994046,2.1972245773362196
DS,2005,Platform,Rising Star Games,0.02,54.0,19,7.5,27,Marvelous Entertainment,E,2000s,Other,2.995732273553991,3.332204510175204
PC,2014,Role-Playing,Paradox Interactive,0.02,89.0,71,8.3,2191,Obsidian Entertainment,M,2010s,Other,4.276666119016055,7.692569648067906
PC,2008,Shooter,Atari,0.02,50.0,23,6.6,104,Spark Unlimited,M,2000s,Other,3.1780538303479458,4.653960350157523
DS,2009,Action,Zushi Games,0.02,39.0,4,7.5,27,PAWS,E,2000s,Other,1.6094379124341003,3.332204510175204
DS,2009,Adventure,Nobilis,0.02,54.0,7,7.5,27,White Birds Productions,M,2000s,Other,2.0794415416798357,3.332204510175204
PSP,2007,Puzzle,DHM Interactive,0.02,65.0,12,7.5,27,Agetec,E,2000s,Other,2.5649493574615367,3.332204510175204
XB,2002,Sports,Konami Digital Entertainment,0.02,57.0,10,7.5,27,Farsight Technologies,E,2000s,Other,2.3978952727983707,3.332204510175204
XB,2005,Action,Vivendi Games,0.02,46.0,25,4.0,5,Tranji,M,2000s,Other,3.258096538021482,1.791759469228055
PC,2003,Strategy,Eidos Interactive,0.02,72.0,24,7.6,83,Pyro Studios,T,2000s,Other,3.2188758248682006,4.430816798843313
PC,2010,Shooter,Activision,0.02,63.0,17,7.1,72,Bizarre Creations,T,2010s,Other,2.8903717578961645,4.290459441148391
PSP,2007,Shooter,Eidos Interactive,0.02,74.0,37,8.2,13,Deadline Games,M,2000s,Other,3.6375861597263857,2.639057329615259
GBA,2002,Action,BAM! Entertainment,0.02,52.0,4,7.5,27,Planet Interactive,E,2000s,Other,1.6094379124341003,3.332204510175204
PSP,2007,Puzzle,D3Publisher,0.02,84.0,32,8.0,19,"Vicious Cycle, Infinite Interactive",E10+,2000s,Other,3.4965075614664802,2.995732273553991
DS,2007,Platform,Game Factory,0.02,70.0,9,7.5,27,Shin'en,E,2000s,Other,2.302585092994046,3.332204510175204
PS2,2008,Racing,SouthPeak Games,0.02,57.0,12,7.5,27,Playstos Entertainment,E,2000s,Other,2.5649493574615367,3.332204510175204
GBA,2001,Puzzle,Conspiracy Entertainment,0.02,58.0,5,7.5,27,Warthog,E,2000s,Other,1.791759469228055,3.332204510175204
Wii,2008,Racing,Codemasters,0.02,40.0,21,4.3,4,Supersonic Software,T,2000s,Other,3.091042453358316,1.6094379124341003
PC,2003,Adventure,Ubisoft,0.02,79.0,22,7.6,29,Cyan Worlds,E,2000s,Other,3.1354942159291497,3.4011973816621555
XB,2005,Fighting,Konami Digital Entertainment,0.02,43.0,13,4.8,5,Konami Computer Entertainment Hawaii,T,2000s,Other,2.639057329615259,1.791759469228055
PS4,2016,Action,Activision,0.02,48.0,4,2.0,53,Radical Entertainment,M,2010s,Other,1.6094379124341003,3.9889840465642745
XB,2003,Shooter,Titus,0.02,30.0,9,3.6,12,Titus Software,M,2000s,Other,2.302585092994046,2.5649493574615367
PC,2010,Sports,Focus Home Interactive,0.02,73.0,13,6.4,75,Cyanide,T,2010s,Other,2.639057329615259,4.330733340286331
PS3,2013,Action,Sony Computer Entertainment,0.02,50.0,16,5.0,14,Magenta Software,E10+,2010s,Other,2.833213344056216,2.70805020110221
X360,2007,Strategy,Microsoft Game Studios,0.02,75.0,25,6.9,28,Team 17,E10+,2000s,Other,3.258096538021482,3.367295829986474
GC,2002,Sports,Sega,0.02,89.0,11,7.0,6,Treyarch,E,2000s,Other,2.4849066497880004,1.9459101490553132
XB,2006,Sports,Activision,0.02,52.0,4,7.5,27,Blade Interactive,T,2000s,Other,1.6094379124341003,3.332204510175204
GBA,2002,Misc,Atari,0.02,55.0,15,8.0,5,Art,E,2000s,Other,2.772588722239781,1.791759469228055
DS,2007,Sports,Zoo Digital Publishing,0.02,62.0,7,7.5,27,Black Lantern Studios,E10+,2000s,Other,2.0794415416798357,3.332204510175204
PC,2009,Adventure,Rondomedia,0.02,67.0,15,5.7,54,GameCo,M,2000s,Other,2.772588722239781,4.007333185232471
GBA,2002,Sports,Konami Digital Entertainment,0.02,73.0,5,7.5,27,Konami,E,2000s,Other,1.791759469228055,3.332204510175204
GC,2002,Sports,Konami Digital Entertainment,0.02,59.0,8,7.5,27,KCEO,E,2000s,Other,2.1972245773362196,3.332204510175204
PS2,2004,Shooter,Play It,0.02,67.0,4,7.4,8,Alfa System,E,2000s,Other,1.6094379124341003,2.1972245773362196
PC,2008,Puzzle,PopCap Games,0.02,76.0,15,8.1,24,PopCap,E,2000s,Other,2.772588722239781,3.2188758248682006
XB,2003,Racing,Jaleco,0.02,24.0,7,2.8,17,Jaleco Entertainment,E,2000s,Other,2.0794415416798357,2.8903717578961645
PS2,2006,Sports,Sony Computer Entertainment,0.02,63.0,24,6.8,5,SCEA,E,2000s,Other,3.2188758248682006,1.791759469228055
XB,2006,Shooter,Eidos Interactive,0.02,71.0,37,8.5,11,Rebellion,T,2000s,Other,3.6375861597263857,2.4849066497880004
PC,2002,Simulation,Microsoft Game Studios,0.02,69.0,16,6.5,22,Microsoft Game Studios,E,2000s,Other,2.833213344056216,3.1354942159291497
PC,2006,Action,Eidos Interactive,0.02,82.0,31,7.9,244,Nixxes Software,T,2000s,Other,3.4657359027997265,5.501258210544727
PC,2009,Shooter,Evolved Games,0.02,39.0,11,3.1,61,Atomic Motion,T,2000s,Other,2.4849066497880004,4.127134385045092
PS2,2006,Adventure,10TACLE Studios,0.02,42.0,4,7.0,5,WideScreen Games,T,2000s,Other,1.6094379124341003,1.791759469228055
PC,2009,Strategy,Paradox Interactive,0.02,67.0,28,5.7,49,Nitro Games,T,2000s,Other,3.367295829986474,3.912023005428146
PSP,2006,Role-Playing,Idea Factory,0.02,62.0,20,6.5,11,"Neverland, Idea Factory",E10+,2000s,Other,3.044522437723423,2.4849066497880004
PS,2001,Fighting,Namco Bandai Games,0.02,64.0,5,8.8,71,Bandai,E,2000s,Other,1.791759469228055,4.276666119016055
DS,2007,Puzzle,Ignition Entertainment,0.02,70.0,26,7.5,27,"Yuke's, Yuke's Company of America",E,2000s,Other,3.295836866004329,3.332204510175204
GC,2003,Strategy,Jaleco,0.02,71.0,19,7.8,6,Jaleco Entertainment,T,2000s,Other,2.995732273553991,1.9459101490553132
XB,2006,Action,Capcom,0.02,42.0,29,4.0,4,Secret Level,M,2000s,Other,3.4011973816621555,1.6094379124341003
XB,2005,Racing,Wanadoo,0.02,45.0,10,7.5,4,Babylon Software,T,2000s,Other,2.3978952727983707,1.6094379124341003
PS4,2016,Sports,FuRyu Corporation,0.02,49.0,15,6.0,29,HB Studios Multimedia,T,2010s,Other,2.772588722239781,3.4011973816621555
PSP,2006,Racing,Codemasters,0.02,61.0,18,7.5,27,Supersonic Software,E,2000s,Other,2.9444389791664403,3.332204510175204
PC,2011,Strategy,Kalypso Media,0.02,72.0,6,5.6,16,Kalypso,M,2010s,Other,1.9459101490553132,2.833213344056216
XB,2003,Shooter,Atari,0.02,76.0,28,7.5,27,Lost Toys,T,2000s,Other,3.367295829986474,3.332204510175204
PC,2014,Role-Playing,Focus Home Interactive,0.02,87.0,59,8.7,2089,Larian Studios,M,2010s,Other,4.0943445622221,7.644919344958857
PS,2001,Action,Capcom,0.02,62.0,12,7.5,27,Capcom,E,2000s,Other,2.5649493574615367,3.332204510175204
XOne,2015,Adventure,Revolution Software,0.02,77.0,12,7.2,11,Revolution Software,T,2010s,Other,2.5649493574615367,2.4849066497880004
PC,2004,Shooter,Atari,0.02,93.0,48,8.9,537,Epic Games,M,2000s,Other,3.8918202981106265,6.2878585601617845
PSP,2007,Puzzle,D3Publisher,0.02,60.0,18,7.5,27,Metia Interactive,E,2000s,Other,2.9444389791664403,3.332204510175204
PC,2008,Role-Playing,Koch Media,0.02,76.0,30,7.6,61,Flying Lab Software,T,2000s,Other,3.4339872044851463,4.127134385045092
PC,2006,Action,Eidos Interactive,0.02,75.0,21,7.3,206,Avalanche Studios,M,2000s,Other,3.091042453358316,5.332718793265369
XB,2006,Shooter,Global Star,0.02,36.0,6,4.0,5,Team 17,T,2000s,Other,1.9459101490553132,1.791759469228055
PS3,2013,Sports,D3Publisher,0.02,38.0,5,7.5,27,Monkey Bar Games,E,2010s,Other,1.791759469228055,3.332204510175204
PC,2011,Shooter,Visco,0.02,51.0,8,7.6,47,ValuSoft,M,2010s,Other,2.1972245773362196,3.8712010109078907
PC,2010,Strategy,Kalypso Media,0.02,56.0,36,5.4,105,Akella,T,2010s,Other,3.6109179126442243,4.663439094112067
PC,1999,Adventure,Empire Interactive,0.02,91.0,26,8.9,439,Funcom,M,1990s,Other,3.295836866004329,6.0867747269123065
GBA,2002,Sports,Konami Digital Entertainment,0.02,66.0,9,7.5,27,Now Production,E,2000s,Other,2.302585092994046,3.332204510175204
PC,2008,Action,Ubisoft,0.02,52.0,22,6.0,38,Ubisoft Montreal,T,2000s,Other,3.1354942159291497,3.6635616461296463
XB,2003,Shooter,Vivendi Games,0.02,57.0,17,6.7,7,Rebellion,M,2000s,Other,2.8903717578961645,2.0794415416798357
PSP,2006,Shooter,Funsta,0.02,59.0,14,7.5,27,Squashy Software,E,2000s,Other,2.70805020110221,3.332204510175204
GBA,2002,Sports,Ubisoft,0.02,59.0,9,7.5,27,Hokus Pokus,E,2000s,Other,2.302585092994046,3.332204510175204
GC,2002,Racing,Ubisoft,0.02,64.0,11,7.5,27,Ubisoft,E,2000s,Other,2.4849066497880004,3.332204510175204
PC,2010,Action,Capcom,0.02,57.0,22,5.1,67,Airtight Games,T,2010s,Other,3.1354942159291497,4.219507705176107
DS,2006,Puzzle,O3 Entertainment,0.02,60.0,14,7.5,27,oeFun,E,2000s,Other,2.70805020110221,3.332204510175204
GC,2004,Action,Sega,0.02,59.0,17,7.5,27,Adrenium,T,2000s,Other,2.8903717578961645,3.332204510175204
PC,2005,Action,THQ,0.02,65.0,5,7.5,27,Heavy Iron Studios,E10+,2000s,Other,1.791759469228055,3.332204510175204
PC,2006,Strategy,Take-Two Interactive,0.02,57.0,19,7.2,44,FireFly Studios,T,2000s,Other,2.995732273553991,3.8066624897703196
GC,2005,Platform,JoWood Productions,0.02,57.0,7,7.5,27,Tate Interactive,E,2000s,Other,2.0794415416798357,3.332204510175204
Wii,2010,Action,Majesco Entertainment,0.02,60.0,5,7.5,27,Boomzap,E10+,2010s,Other,1.791759469228055,3.332204510175204
DS,2007,Action,THQ,0.02,31.0,4,7.5,27,THQ,E,2000s,Other,1.6094379124341003,3.332204510175204
PC,2001,Strategy,Virgin Interactive,0.02,75.0,8,7.6,68,Team 17,E,2000s,Other,2.1972245773362196,4.23410650459726
PC,2007,Shooter,Microsoft Game Studios,0.02,87.0,36,7.8,567,Epic Games,M,2000s,Other,3.6109179126442243,6.342121418721152
DS,2005,Shooter,Konami Digital Entertainment,0.02,33.0,14,7.0,9,Konami Computer Entertainment Hawaii,E,2000s,Other,2.70805020110221,2.302585092994046
DS,2009,Misc,Deep Silver,0.02,66.0,7,7.5,27,Game Life,T,2000s,Other,2.0794415416798357,3.332204510175204
PC,2003,Adventure,Microids,0.02,71.0,25,8.0,28,Microids,M,2000s,Other,3.258096538021482,3.367295829986474
XB,2003,Racing,Atari,0.02,76.0,13,7.5,27,Eden Studios,E,2000s,Other,2.639057329615259,3.332204510175204
PC,2008,Platform,THQ,0.02,58.0,6,6.8,17,Heavy Iron Studios,E,2000s,Other,1.9459101490553132,2.8903717578961645
PC,2009,Simulation,Paradox Interactive,0.02,72.0,31,7.3,129,"1C, Ino-Co, 1C Company",T,2000s,Other,3.4657359027997265,4.867534450455582
PC,2006,Action,Activision,0.02,86.0,20,8.2,64,Traveller's Tales,E10+,2000s,Other,3.044522437723423,4.174387269895637
GBA,2004,Shooter,Zoo Digital Publishing,0.02,40.0,5,7.5,27,Torus Games,T,2000s,Other,1.791759469228055,3.332204510175204
PC,2006,Simulation,Ubisoft,0.02,56.0,25,4.0,35,Mad Doc Software,E10+,2000s,Other,3.258096538021482,3.58351893845611
PC,2004,Adventure,MC2 Entertainment,0.02,80.0,23,8.3,150,Microids,T,2000s,Other,3.1780538303479458,5.017279836814924
PC,2008,Adventure,Crimson Cow,0.02,75.0,33,8.5,25,Autumn Moon,T,2000s,Other,3.5263605246161616,3.258096538021482
PC,2005,Shooter,MC2 Entertainment,0.02,76.0,13,8.0,142,Rebellion,M,2000s,Other,2.639057329615259,4.962844630259907
PC,2010,Strategy,Mamba Games,0.02,70.0,6,8.3,20,Paradox Interactive,Unknown,2010s,Other,1.9459101490553132,3.044522437723423
GC,2004,Platform,Atari,0.02,64.0,9,7.5,27,Paradigm Entertainment,T,2000s,Other,2.302585092994046,3.332204510175204
XB,2002,Racing,Empire Interactive,0.02,35.0,4,8.7,10,Supersonic Software,E,2000s,Other,1.6094379124341003,2.3978952727983707
PC,2007,Shooter,Activision,0.02,84.0,55,8.3,231,Splash Damage,T,2000s,Other,4.02535169073515,5.44673737166631
PS2,2005,Platform,JoWood Productions,0.02,58.0,12,8.7,7,Tate Interactive,E,2000s,Other,2.5649493574615367,2.0794415416798357
GBA,2001,Role-Playing,Hudson Entertainment,0.02,68.0,6,7.5,27,Red 5 Software,E,2000s,Other,1.9459101490553132,3.332204510175204
PC,2004,Racing,Codemasters,0.02,83.0,11,7.1,50,Codemasters,E,2000s,Other,2.4849066497880004,3.9318256327243257
PC,2016,Action,Microsoft Game Studios,0.02,66.0,14,4.3,539,Remedy Entertainment,M,2010s,Other,2.70805020110221,6.29156913955832
PSP,2006,Misc,Konami Digital Entertainment,0.02,60.0,17,6.8,6,Konami,E,2000s,Other,2.8903717578961645,1.9459101490553132
PC,2007,Sports,Electronic Arts,0.02,77.0,7,6.1,50,EA Canada,E,2000s,FIFA,2.0794415416798357,3.9318256327243257
XB,2006,Racing,Global Star,0.02,44.0,7,6.0,5,Eutechnyx,E,2000s,Other,2.0794415416798357,1.791759469228055
PS2,2006,Action,Eidos Interactive,0.02,67.0,23,7.9,41,Avalanche Studios,M,2000s,Other,3.1780538303479458,3.7376696182833684
XB,2006,Racing,Bethesda Softworks,0.02,35.0,4,7.5,27,Bethesda Softworks,E10+,2000s,Other,1.6094379124341003,3.332204510175204
DS,2007,Strategy,Success,0.02,74.0,12,7.4,7,Success,E10+,2000s,Other,2.5649493574615367,2.0794415416798357
PS2,2002,Misc,Arika,0.02,67.0,24,7.5,27,Arika,E,2000s,Other,3.2188758248682006,3.332204510175204
PC,2004,Sports,Sega,0.02,89.0,20,7.5,27,Sports Interactive,E,2000s,Other,3.044522437723423,3.332204510175204
PC,2013,Action,Capcom,0.02,66.0,6,7.6,152,WayForward,E,2010s,Other,1.9459101490553132,5.030437921392435
XOne,2016,Racing,505 Games,0.02,63.0,9,6.7,27,Kunos Simulazioni,E,2010s,Other,2.302585092994046,3.332204510175204
PC,2004,Strategy,Vivendi Games,0.02,75.0,51,8.3,106,Elixir Studios,T,2000s,Other,3.9512437185814275,4.672828834461906
PC,2008,Strategy,Kalypso Media,0.02,63.0,19,7.5,24,Haemimont,E10+,2000s,Other,2.995732273553991,3.2188758248682006
GBA,2003,Action,Activision,0.01,67.0,10,7.6,5,Mass Media,T,2000s,Other,2.3978952727983707,1.791759469228055
PC,2013,Platform,Focus Home Interactive,0.01,62.0,24,7.7,169,Compulsion Games,T,2010s,Other,3.2188758248682006,5.135798437050262
DS,2005,Shooter,Rising Star Games,0.01,49.0,9,5.2,5,Marvelous Entertainment,E,2000s,Other,2.302585092994046,1.791759469228055
PC,2008,Action,Touchstone,0.01,65.0,16,6.5,55,Propaganda Games,M,2000s,Other,2.833213344056216,4.02535169073515
PC,2016,Racing,Namco Bandai Games,0.01,72.0,4,6.2,14,"Milestone, Milestone S.r.l",E,2010s,Other,1.6094379124341003,2.70805020110221
PC,2011,Strategy,Paradox Interactive,0.01,70.0,13,6.8,86,Paradox Development Studio,T,2010s,Other,2.639057329615259,4.465908118654584
PS4,2016,Action,Nippon Ichi Software,0.01,72.0,35,5.8,29,"Camouflaj, LLC",M,2010s,Other,3.58351893845611,3.4011973816621555
PC,2007,Simulation,Lighthouse Interactive,0.01,62.0,9,6.6,8,VSTEP,E,2000s,Other,2.302585092994046,2.1972245773362196
PC,2016,Sports,Take-Two Interactive,0.01,90.0,6,6.3,52,Visual Concepts,E,2010s,Other,1.9459101490553132,3.970291913552122
PC,2006,Role-Playing,NCSoft,0.01,84.0,39,8.5,128,ArenaNet,T,2000s,Other,3.6888794541139363,4.859812404361672
PS2,2006,Shooter,Tecmo Koei,0.01,48.0,21,7.5,27,Cavia Inc.,T,2000s,Other,3.091042453358316,3.332204510175204
GC,2004,Puzzle,Sega,0.01,72.0,18,7.5,27,Sonic Team,E,2000s,Other,2.9444389791664403,3.332204510175204
PS4,2016,Shooter,Sony Computer Entertainment,0.01,66.0,13,6.2,13,Sony Interactive Entertainment,E10+,2010s,Other,2.639057329615259,2.639057329615259
3DS,2016,Action,Yacht Club Games,0.01,77.0,20,8.4,62,Inti Creates,E10+,2010s,Other,3.044522437723423,4.143134726391533
PS3,2014,Sports,Tru Blu Entertainment,0.01,73.0,5,6.9,55,Big Ant Studios,E,2010s,Other,1.791759469228055,4.02535169073515
PC,2005,Strategy,CDV Software Entertainment,0.01,80.0,36,8.1,15,Stormregion,T,2000s,Other,3.6109179126442243,2.772588722239781
PC,2009,Role-Playing,Square Enix,0.01,66.0,23,8.3,240,Square Enix,M,2000s,Other,3.1780538303479458,5.484796933490655
PC,2006,Shooter,Ubisoft,0.01,72.0,25,7.8,223,Techland,M,2000s,Other,3.258096538021482,5.4116460518550396
PC,2002,Shooter,Atari,0.01,86.0,27,8.2,98,Digital Extremes,M,2000s,Other,3.332204510175204,4.59511985013459
PC,2007,Role-Playing,Atari,0.01,82.0,25,8.8,182,Obsidian Entertainment,T,2000s,Other,3.258096538021482,5.209486152841421
GBA,2003,Fighting,Midway Games,0.01,75.0,14,8.1,8,Criterion Games,M,2000s,Other,2.70805020110221,2.1972245773362196
PC,2006,Misc,Ubisoft,0.01,58.0,6,7.6,31,Ubisoft Bulgaria,E,2000s,Other,1.9459101490553132,3.4657359027997265
PC,2015,Strategy,Unknown,0.01,65.0,14,7.7,90,Subterranean Games,Unknown,2010s,Other,2.70805020110221,4.51085950651685
XB,2002,Puzzle,Kemco,0.01,58.0,7,7.5,27,HotGen,E,2000s,Other,2.0794415416798357,3.332204510175204
XOne,2016,Action,Nordic Games,0.01,80.0,13,7.9,14,Nordic Games Publishing,M,2010s,Other,2.639057329615259,2.70805020110221
PC,2002,Action,Take-Two Interactive,0.01,93.0,20,8.4,805,"DMA Design, Rockstar North",M,2000s,Grand Theft Auto,3.044522437723423,6.692083742506628
XB,2003,Racing,Encore,0.01,45.0,9,7.3,8,King of the Jungle,E,2000s,Other,2.302585092994046,2.1972245773362196
DS,2005,Simulation,JoWood Productions,0.01,61.0,17,7.8,5,Spike,T,2000s,Other,2.8903717578961645,1.791759469228055
PC,2016,Role-Playing,Focus Home Interactive,0.01,56.0,34,6.8,149,"Spidersoft, Spiders",M,2010s,Other,3.5553480614894135,5.0106352940962555
PC,2009,Sports,Sega,0.01,82.0,23,3.1,45,Sports Interactive,Unknown,2000s,Other,3.1780538303479458,3.828641396489095
XB,2005,Action,THQ,0.01,69.0,27,3.0,4,Terminal Reality,T,2000s,Other,3.332204510175204,1.6094379124341003
PC,2002,Strategy,Microsoft Game Studios,0.01,72.0,30,8.0,39,Relic,T,2000s,Other,3.4339872044851463,3.6888794541139363
PC,2005,Shooter,Take-Two Interactive,0.01,74.0,31,7.0,152,Croteam,M,2000s,Other,3.4657359027997265,5.030437921392435
PSP,2007,Sports,Electronic Arts,0.01,71.0,14,7.5,27,EA Canada,E,2000s,Other,2.70805020110221,3.332204510175204
GBA,2002,Simulation,Tecmo Koei,0.01,79.0,5,9.4,9,"Tecmo, Graphic Research",E,2000s,Other,1.791759469228055,2.302585092994046
PS3,2012,Sports,Electronic Arts,0.01,83.0,22,5.5,101,EA Tiburon,E,2010s,Madden,3.1354942159291497,4.624972813284271
XB,2003,Racing,Atari,0.01,63.0,17,7.5,27,Babylon Software,T,2000s,Other,2.8903717578961645,3.332204510175204
PC,2001,Simulation,Blue Byte,0.01,91.0,12,8.8,130,"1C, 1C Company",T,2000s,Other,2.5649493574615367,4.875197323201151
PC,2007,Strategy,Kalypso Media,0.01,66.0,13,6.2,21,"Battlefront.com, 1C, 1C Company",T,2000s,Other,2.639057329615259,3.091042453358316
XB,2004,Platform,Evolved Games,0.01,48.0,16,7.5,27,Argonaut Games,T,2000s,Other,2.833213344056216,3.332204510175204
PSV,2014,Platform,Nippon Ichi Software,0.01,58.0,16,7.7,23,Nippon Ichi Software,T,2010s,Other,2.833213344056216,3.1780538303479458
XOne,2016,Action,Sold Out,0.01,75.0,24,8.1,7,Team 17,E10+,2010s,Other,3.2188758248682006,2.0794415416798357
PSV,2013,Adventure,Sony Computer Entertainment,0.01,66.0,7,5.7,16,SCEA,E10+,2010s,Other,2.0794415416798357,2.833213344056216
PC,2016,Adventure,Bigben Interactive,0.01,65.0,18,7.3,72,Frogwares,T,2010s,Other,2.9444389791664403,4.290459441148391
PS2,2007,Shooter,Ignition Entertainment,0.01,80.0,20,8.1,16,Terminal Reality,T,2000s,Other,3.044522437723423,2.833213344056216
GBA,2002,Fighting,Konami Digital Entertainment,0.01,56.0,9,7.5,27,KCEJ,T,2000s,Other,2.302585092994046,3.332204510175204
PC,2009,Strategy,Electronic Arts,0.01,75.0,37,7.0,112,EA Phenomic,T,2000s,Other,3.6375861597263857,4.727387818712341
GBA,2003,Racing,Zoo Digital Publishing,0.01,65.0,7,7.5,27,Full-Fat,E,2000s,Other,2.0794415416798357,3.332204510175204
Wii,2009,Puzzle,Zoo Games,0.01,75.0,13,8.5,6,Empty Clip Studios,E,2000s,Other,2.639057329615259,1.9459101490553132
PC,2007,Simulation,Electronic Arts,0.01,72.0,13,6.9,24,Kuju Entertainment,E,2000s,Other,2.639057329615259,3.2188758248682006
X360,2008,Platform,Microsoft Game Studios,0.01,77.0,17,8.2,70,4J Studios,E,2000s,Other,2.8903717578961645,4.2626798770413155
XOne,2016,Action,Activision,0.01,56.0,4,3.1,14,Radical Entertainment,M,2010s,Other,1.6094379124341003,2.70805020110221
PC,2007,Action,Activision,0.01,57.0,9,5.3,11,Beenox,E10+,2000s,Other,2.302585092994046,2.4849066497880004
GBA,2004,Racing,XS Games,0.01,23.0,4,7.5,27,Pronto Games,E,2000s,Other,1.6094379124341003,3.332204510175204
XOne,2016,Adventure,Microids,0.01,66.0,7,7.5,8,Microids,Unknown,2010s,Other,2.0794415416798357,2.1972245773362196
PC,2002,Action,Electronic Arts,0.01,77.0,8,8.4,93,KnowWonder,E,2000s,Other,2.1972245773362196,4.543294782270004
DS,2008,Puzzle,Zoo Digital Publishing,0.01,37.0,4,7.5,27,Next Wave Team,E,2000s,Other,1.6094379124341003,3.332204510175204
PC,2006,Role-Playing,Activision,0.01,82.0,22,8.0,52,Raven Software,T,2000s,Other,3.1354942159291497,3.970291913552122
PC,2016,Strategy,Nordic Games,0.01,71.0,15,7.1,71,KING Art,Unknown,2010s,Other,2.772588722239781,4.276666119016055
GBA,2001,Platform,Titus,0.01,52.0,8,7.5,27,Titus Software,E,2000s,Other,2.1972245773362196,3.332204510175204
PC,2007,Shooter,Vivendi Games,0.01,61.0,27,7.3,106,TimeGate Studios,M,2000s,Other,3.332204510175204,4.672828834461906
PC,2000,Role-Playing,Eidos Interactive,0.01,90.0,28,9.3,1069,Ion Storm,M,2000s,Other,3.367295829986474,6.975413927455952
GC,2003,Action,TDK Mediactive,0.01,27.0,9,3.1,19,TDK Mediactive,T,2000s,Other,2.302585092994046,2.995732273553991
PSV,2012,Action,GungHo,0.01,76.0,26,8.0,18,Game Arts,E10+,2010s,Other,3.295836866004329,2.9444389791664403
PC,2004,Sports,Electronic Arts,0.01,91.0,16,4.5,39,Headgate,E,2000s,Other,2.833213344056216,3.6888794541139363
GBA,2002,Racing,Rebellion,0.01,41.0,5,4.3,12,Destination Software,E,2000s,Other,1.791759469228055,2.5649493574615367
GBA,2003,Shooter,LSP Games,0.01,76.0,11,7.5,27,LSP,T,2000s,Other,2.4849066497880004,3.332204510175204
XOne,2016,Simulation,Koch Media,0.01,53.0,15,6.3,63,Coffee Stain Studios,T,2010s,Other,2.772588722239781,4.1588830833596715
PC,2007,Shooter,Vivendi Games,0.01,71.0,30,7.6,124,Saber Interactive,M,2000s,Other,3.4339872044851463,4.8283137373023015
GBA,2002,Racing,Ubisoft,0.01,86.0,10,7.5,27,Delphine Software International,E,2000s,Other,2.3978952727983707,3.332204510175204
PC,2009,Shooter,Vivendi Games,0.01,80.0,26,8.0,136,Starbreeze,M,2000s,Other,3.295836866004329,4.919980925828125
GC,2003,Racing,SCi,0.01,63.0,8,7.5,27,SCi,E,2000s,Other,2.1972245773362196,3.332204510175204
PC,2008,Shooter,Eidos Interactive,0.01,58.0,18,4.8,54,Pivotal Games,M,2000s,Other,2.9444389791664403,4.007333185232471
WiiU,2015,Action,Nordic Games,0.01,67.0,9,7.1,35,"Neon Studios, Kaiko",E10+,2010s,Other,2.302585092994046,3.58351893845611
PC,2008,Racing,Empire Interactive,0.01,79.0,16,7.7,127,Bugbear,T,2000s,Other,2.833213344056216,4.852030263919617
PC,2007,Strategy,Eidos Interactive,0.01,76.0,20,7.3,46,Eidos Interactive,T,2000s,Other,3.044522437723423,3.8501476017100584
WiiU,2015,Puzzle,Nintendo,0.01,70.0,26,7.4,72,"Nintendo, Nintendo Software Technology",E,2010s,Mario,3.295836866004329,4.290459441148391
PC,2016,Simulation,Paradox Development,0.01,72.0,16,7.1,20,Colossal Order,Unknown,2010s,Other,2.833213344056216,3.044522437723423
PS2,2006,Shooter,Activision,0.01,70.0,8,9.2,32,Activision Value,E10+,2000s,Other,2.1972245773362196,3.4965075614664802
GC,2003,Racing,Encore,0.01,49.0,5,7.5,27,King of the Jungle,E,2000s,Other,1.791759469228055,3.332204510175204
PS2,2006,Misc,Xplosiv,0.01,37.0,6,7.5,27,Jack of All Games,E,2000s,Other,1.9459101490553132,3.332204510175204
XB,2003,Action,TDK Mediactive,0.01,44.0,10,7.5,27,Vicious Cycle,T,2000s,Other,2.3978952727983707,3.332204510175204
XB,2006,Sports,Take-Two Interactive,0.01,78.0,8,7.5,27,Kush Games,E10+,2000s,Other,2.1972245773362196,3.332204510175204
PC,2015,Strategy,Focus Home Interactive,0.01,71.0,37,7.1,93,Eugen Systems,Unknown,2010s,Other,3.6375861597263857,4.543294782270004
XB,2004,Racing,Evolved Games,0.01,69.0,12,7.0,9,Argonaut Games,T,2000s,Other,2.5649493574615367,2.302585092994046
DS,2006,Puzzle,505 Games,0.01,55.0,6,7.5,27,Taito Corporation,E,2000s,Other,1.9459101490553132,3.332204510175204
PC,2016,Action,Ubisoft,0.01,79.0,13,6.8,42,Nadeo,E,2010s,Other,2.639057329615259,3.7612001156935624
XB,2003,Action,Ubisoft,0.01,52.0,10,7.5,27,Genki,T,2000s,Other,2.3978952727983707,3.332204510175204
DS,2007,Misc,Destineer,0.01,61.0,7,7.5,4,Magellan Interactive,T,2000s,Other,2.0794415416798357,1.6094379124341003
XB,2002,Puzzle,Jaleco,0.01,42.0,6,7.5,27,Runecraft,E,2000s,Other,1.9459101490553132,3.332204510175204
PC,2009,Adventure,Kalypso Media,0.01,54.0,13,7.5,27,Societe Pollene,Unknown,2000s,Other,2.639057329615259,3.332204510175204
PSP,2006,Adventure,Midway Games,0.01,69.0,4,4.8,5,Hoplite Research,E,2000s,Other,1.6094379124341003,1.791759469228055
X360,2010,Sports,O-Games,0.01,57.0,5,7.5,27,Gusto Games,E,2010s,Other,1.791759469228055,3.332204510175204
GC,2002,Adventure,TDK Mediactive,0.01,61.0,12,6.4,7,Boston Animation,T,2000s,Other,2.5649493574615367,2.0794415416798357
PC,2007,Racing,THQ,0.01,61.0,6,5.0,42,Juice Games,T,2000s,Other,1.9459101490553132,3.7612001156935624
PS4,2016,Action,Nordic Games,0.01,42.0,9,2.3,7,React Games,E10+,2010s,Other,2.302585092994046,2.0794415416798357
DS,2007,Action,Majesco Entertainment,0.01,35.0,5,7.5,27,Happy Happening,E10+,2000s,Other,1.791759469228055,3.332204510175204
PSP,2007,Role-Playing,Rising Star Games,0.01,56.0,13,5.5,4,Hudson Soft,T,2000s,Other,2.639057329615259,1.6094379124341003
PS4,2016,Adventure,Bigben Interactive,0.01,70.0,27,6.8,64,Frogwares,T,2010s,Other,3.332204510175204,4.174387269895637
PS4,2016,Adventure,PQube,0.01,69.0,13,7.5,11,Kadokawa,Unknown,2010s,Other,2.639057329615259,2.4849066497880004
PS2,2007,Fighting,Ignition Entertainment,0.01,53.0,15,7.5,27,SNK Playmore,T,2000s,Other,2.772588722239781,3.332204510175204
PC,2016,Racing,Milestone S.r.l,0.01,78.0,4,7.9,14,Milestone S.r.l,E,2010s,Other,1.6094379124341003,2.70805020110221
WiiU,2015,Misc,Nintendo,0.01,82.0,9,8.3,20,Headstrong Games,E,2010s,Other,2.302585092994046,3.044522437723423
PC,2004,Racing,Codemasters,0.01,87.0,6,7.2,44,Codemasters,Unknown,2000s,Other,1.9459101490553132,3.8066624897703196
PC,2002,Role-Playing,Interplay,0.01,83.0,22,8.3,147,Black Isle Studios,T,2000s,Other,3.1354942159291497,4.997212273764115
PS4,2016,Role-Playing,Kalypso Media,0.01,61.0,9,7.9,14,Kalypso,T,2010s,Other,2.302585092994046,2.70805020110221
PC,2009,Sports,Konami Digital Entertainment,0.01,78.0,8,6.9,49,Konami,E,2000s,Other,2.1972245773362196,3.912023005428146
DS,2007,Role-Playing,505 Games,0.01,55.0,13,7.9,11,Barnhouse Effect,T,2000s,Other,2.639057329615259,2.4849066497880004
PS4,2016,Action,Stainless Games,0.01,51.0,28,5.5,39,Stainless Games,M,2010s,Other,3.367295829986474,3.6888794541139363
PC,2008,Adventure,Atari,0.01,55.0,19,5.7,148,Eden Studios,M,2000s,Other,2.995732273553991,5.003946305945459
PC,2007,Shooter,Codemasters,0.01,63.0,25,7.5,218,"Mercury Steam, Alchemic Productions",M,2000s,Other,3.258096538021482,5.389071729816501
PC,2008,Action,Activision,0.01,58.0,6,8.0,4,Aspyr,E10+,2000s,Other,1.9459101490553132,1.6094379124341003
GBA,2004,Sports,"Destination Software, Inc",0.01,78.0,13,9.5,4,Inferno Games,T,2000s,Other,2.639057329615259,1.6094379124341003
PC,2007,Racing,Sega,0.01,74.0,9,7.6,18,SEGA Racing Studio,E,2000s,Other,2.302585092994046,2.9444389791664403
X360,2009,Racing,Black Bean Games,0.01,62.0,16,7.5,27,Milestone S.r.l,E,2000s,Other,2.833213344056216,3.332204510175204
PC,2006,Sports,Konami Digital Entertainment,0.01,88.0,6,7.5,27,KCET,E,2000s,Other,1.9459101490553132,3.332204510175204
GC,2002,Puzzle,Kemco,0.01,64.0,7,8.0,4,Kemco,E,2000s,Other,2.0794415416798357,1.6094379124341003
PSP,2010,Strategy,Sony Computer Entertainment,0.01,69.0,17,7.9,16,SCEI,E10+,2010s,Other,2.8903717578961645,2.833213344056216
PC,2009,Role-Playing,1C Company,0.01,82.0,25,8.6,158,Katauri Interactive,T,2000s,Other,3.258096538021482,5.0689042022202315
GC,2003,Shooter,Taito,0.01,40.0,8,7.5,27,Taito Corporation,T,2000s,Other,2.1972245773362196,3.332204510175204
PC,2012,Action,Activision,0.01,78.0,13,7.9,121,"High Moon Studios, Mercenary Technologies",T,2010s,Other,2.639057329615259,4.804021044733257
PS2,2006,Racing,Codemasters,0.01,64.0,35,6.8,8,Supersonic Software,E,2000s,Other,3.58351893845611,2.1972245773362196
XOne,2015,Action,Deep Silver,0.01,65.0,16,6.0,27,Volition Inc.,M,2010s,Other,2.833213344056216,3.332204510175204
X360,2012,Fighting,Namco Bandai Games,0.01,49.0,32,2.1,39,Spike,T,2010s,Other,3.4965075614664802,3.6888794541139363
PC,2003,Action,Eidos Interactive,0.01,70.0,11,8.7,67,Nixxes Software,M,2000s,Other,2.4849066497880004,4.219507705176107
PC,2009,Action,Nobilis,0.01,80.0,50,8.2,488,"Frozenbyte, Inc.",E10+,2000s,Other,3.9318256327243257,6.192362489474872
GBA,2003,Racing,Jaleco,0.01,81.0,9,9.5,4,"Infinite Dreams, Paragon 5",E,2000s,Other,2.302585092994046,1.6094379124341003
XOne,2016,Racing,Milestone S.r.l,0.01,63.0,8,8.2,22,Milestone S.r.l,E,2010s,Other,2.1972245773362196,3.1354942159291497
PC,2007,Strategy,Codemasters,0.01,51.0,8,3.8,29,Big Red Software,E10+,2000s,Other,2.1972245773362196,3.4011973816621555
WiiU,2016,Action,Nintendo,0.01,81.0,46,8.5,151,Shin'en,E,2010s,Other,3.8501476017100584,5.0238805208462765
XOne,2016,Action,Introversion Software,0.01,74.0,13,6.7,7,"Introversion, Double Eleven",Unknown,2010s,Other,2.639057329615259,2.0794415416798357
GBA,2001,Action,NewKidCo,0.01,46.0,4,2.4,21,Fluid Studios,E,2000s,Other,1.6094379124341003,3.091042453358316
GBA,2002,Role-Playing,Banpresto,0.01,72.0,13,7.5,27,Banpresto,T,2000s,Other,2.639057329615259,3.332204510175204
GBA,2002,Fighting,Midway Games,0.01,81.0,12,8.8,9,Criterion Games,M,2000s,Other,2.5649493574615367,2.302585092994046
PC,2014,Action,Konami Digital Entertainment,0.01,80.0,20,7.6,412,Kojima Productions,M,2010s,Other,3.044522437723423,6.023447592961033
GBA,2001,Action,Titus,0.01,67.0,9,7.5,27,Planet Interactive,E,2000s,Other,2.302585092994046,3.332204510175204
PC,2011,Shooter,Destineer,0.01,61.0,12,5.8,43,Atomic Games,T,2010s,Other,2.5649493574615367,3.784189633918261
GC,2003,Puzzle,Ubisoft,0.01,53.0,4,7.5,27,Taito Corporation,E,2000s,Other,1.6094379124341003,3.332204510175204
DS,2008,Puzzle,Majesco Entertainment,0.01,48.0,10,7.5,27,Interchannel-Holon,E,2000s,Other,2.3978952727983707,3.332204510175204
PC,2011,Strategy,Unknown,0.01,60.0,12,7.2,13,SimBin,E10+,2010s,Other,2.5649493574615367,2.639057329615259
PC,2009,Adventure,DTP Entertainment,0.01,63.0,6,5.8,8,DTP Entertainment,Unknown,2000s,Other,1.9459101490553132,2.1972245773362196
