Platform,Year_of_Release,Genre,Publisher,NA_Sales,EU_Sales,JP_Sales,Other_Sales,Critic_Score,Critic_Count,User_Score,User_Count,Rating,Total_Rating
15,2003,11,19,0.08,0.07,0.0,0.02,68.0,21.0,8.7,14.0,7,77.5
4,2005,5,0,0.08,0.02,0.0,0.01,75.0,14.0,7.0,6.0,1,72.5
7,2006,9,10,0.21,0.05,0.0,0.01,66.0,15.0,7.3,8.0,7,69.5
25,2008,6,19,0.06,0.39,0.0,0.01,37.0,5.0,6.3,4.0,1,50.0
18,2010,3,19,0.0,0.0,0.07,0.0,71.0,22.0,7.5,24.0,8,73.0
12,2009,7,19,0.0,0.06,0.0,0.01,83.0,57.0,8.0,794.0,7,81.5
16,2011,0,25,0.0,0.0,0.14,0.0,71.0,22.0,7.5,24.0,8,73.0
4,2009,3,19,0.02,0.0,0.0,0.0,71.0,22.0,7.5,24.0,1,73.0
27,2009,10,24,0.06,0.0,0.0,0.01,47.0,13.0,4.6,10.0,1,46.5
9,1999,10,19,0.09,0.02,0.0,0.0,71.0,22.0,7.5,24.0,8,73.0
27,2010,6,8,0.32,0.23,0.0,0.06,82.0,78.0,8.1,101.0,2,81.5
27,2014,7,14,0.25,0.15,0.01,0.04,71.0,22.0,7.5,24.0,8,73.0
4,2010,9,26,0.07,0.0,0.0,0.01,71.0,22.0,7.5,24.0,1,73.0
16,2010,7,19,1.52,1.03,0.1,0.46,82.0,57.0,7.8,492.0,5,80.0
4,2006,9,12,0.0,0.0,0.11,0.0,71.0,22.0,7.5,24.0,8,73.0
7,2002,8,19,0.2,0.05,0.0,0.01,67.0,20.0,7.6,16.0,7,71.5
15,2005,6,21,0.03,0.02,0.0,0.01,71.0,22.0,7.5,24.0,8,73.0
27,2008,6,10,0.63,0.57,0.01,0.14,88.0,68.0,6.9,279.0,2,78.5
2,2013,7,19,0.0,0.0,0.06,0.0,71.0,22.0,7.5,24.0,8,73.0
15,2001,7,26,0.04,0.03,0.0,0.01,70.0,14.0,7.5,6.0,7,72.5
12,2010,9,19,0.0,0.03,0.0,0.0,64.0,7.0,7.5,18.0,7,69.5
25,2008,2,16,0.0,0.0,0.02,0.0,71.0,22.0,7.5,24.0,8,73.0
27,2010,3,19,2.15,0.76,0.01,0.26,82.0,63.0,7.6,85.0,7,79.0
4,2007,1,23,0.03,0.0,0.0,0.0,71.0,22.0,7.5,24.0,8,73.0
14,2000,10,21,0.09,0.06,0.0,0.01,55.0,7.0,7.5,24.0,1,65.0
16,2011,0,22,0.27,0.46,0.0,0.15,78.0,37.0,8.1,60.0,7,79.5
15,2008,1,23,0.12,0.09,0.0,0.03,71.0,22.0,7.5,24.0,8,73.0
12,2007,6,5,0.0,0.02,0.0,0.0,84.0,20.0,7.3,91.0,1,78.5
15,2004,10,20,2.15,0.12,0.0,0.36,90.0,37.0,8.2,84.0,1,86.0
15,2002,0,19,0.22,0.17,0.0,0.06,46.0,5.0,6.8,5.0,1,57.0
16,2013,0,29,1.07,0.8,0.04,0.38,76.0,46.0,7.7,668.0,7,76.5
15,2003,3,8,0.12,0.1,0.0,0.03,56.0,6.0,7.5,24.0,1,65.5
28,2002,10,10,0.39,0.11,0.0,0.02,90.0,14.0,8.2,15.0,1,86.0
27,2010,10,2,0.09,0.0,0.0,0.01,55.0,4.0,7.5,24.0,1,65.0
10,1988,6,17,1.47,0.38,0.19,0.1,71.0,22.0,7.5,24.0,8,73.0
15,2001,1,26,0.27,0.21,0.0,0.07,68.0,19.0,6.7,12.0,7,67.5
28,2005,0,26,0.05,0.01,0.0,0.0,71.0,41.0,7.6,20.0,5,73.5
12,1994,11,2,0.89,1.08,0.0,0.11,71.0,22.0,7.5,24.0,8,73.0
28,2005,2,3,0.18,0.05,0.0,0.01,51.0,11.0,6.1,8.0,7,56.0
27,2011,0,10,0.19,0.11,0.0,0.03,44.0,31.0,5.4,24.0,7,49.0
28,2006,8,9,0.12,0.04,0.0,0.01,41.0,20.0,7.2,13.0,5,56.5
6,2001,11,17,0.0,0.0,0.1,0.0,71.0,22.0,7.5,24.0,8,73.0
15,2008,1,19,0.0,0.0,0.01,0.0,71.0,22.0,7.5,24.0,8,73.0
29,2014,0,0,0.0,0.04,0.0,0.0,84.0,5.0,7.7,29.0,7,80.5
2,2014,5,20,0.0,0.0,0.11,0.0,71.0,22.0,7.5,24.0,8,73.0
16,2012,8,19,0.07,0.06,0.0,0.02,75.0,29.0,6.5,106.0,5,70.0
2,2011,7,17,0.46,0.29,1.96,0.07,71.0,22.0,7.5,24.0,8,73.0
16,2010,6,8,0.31,0.3,0.01,0.11,71.0,22.0,7.5,24.0,8,73.0
4,2007,1,12,0.01,0.01,0.05,0.0,58.0,29.0,7.5,24.0,2,66.5
18,2006,10,10,0.1,0.0,0.0,0.01,72.0,15.0,7.3,8.0,1,72.5
15,2002,0,19,0.59,0.46,0.0,0.15,59.0,19.0,5.1,20.0,7,55.0
0,1981,4,19,1.36,0.08,0.0,0.02,71.0,22.0,7.5,24.0,8,73.0
4,2008,2,23,0.14,0.02,0.0,0.01,58.0,15.0,7.8,6.0,7,68.0
4,2010,3,17,0.0,0.02,0.0,0.0,71.0,22.0,7.5,24.0,8,73.0
27,2007,0,19,1.53,0.81,0.0,0.24,80.0,24.0,7.4,114.0,2,77.0
27,2006,10,19,0.13,0.0,0.0,0.01,53.0,4.0,5.0,8.0,7,51.5
27,2010,3,2,0.47,0.31,0.0,0.08,72.0,65.0,6.5,51.0,7,68.5
16,2014,7,26,0.43,0.34,0.0,0.16,85.0,31.0,8.5,575.0,5,85.0
6,2004,6,16,0.09,0.03,0.0,0.0,62.0,10.0,7.5,24.0,1,68.5
15,2001,3,21,0.09,0.07,0.0,0.02,83.0,26.0,9.0,29.0,1,86.5
27,2013,0,16,0.12,0.08,0.0,0.02,71.0,22.0,7.5,24.0,8,73.0
2,2013,4,17,0.52,0.77,0.07,0.11,71.0,22.0,7.5,24.0,8,73.0
16,2009,0,23,0.15,0.06,0.0,0.03,65.0,5.0,6.5,4.0,2,65.0
4,2010,3,23,0.13,0.0,0.0,0.01,71.0,22.0,7.5,24.0,1,73.0
6,2003,4,15,0.03,0.01,0.0,0.0,43.0,7.0,7.5,24.0,1,59.0
18,2011,11,16,0.0,0.0,0.34,0.0,71.0,22.0,7.5,24.0,8,73.0
20,1998,7,19,0.0,0.0,0.03,0.0,71.0,22.0,7.5,24.0,8,73.0
15,2006,9,12,0.03,0.03,0.0,0.01,67.0,30.0,8.9,11.0,2,78.0
7,2004,11,19,0.05,0.01,0.0,0.0,71.0,22.0,8.5,4.0,7,78.0
15,2000,6,19,0.04,0.03,0.0,0.01,67.0,10.0,7.4,7.0,1,70.5
18,2006,0,12,0.05,0.0,0.0,0.0,59.0,4.0,7.5,24.0,2,67.0
6,2002,6,19,0.18,0.07,0.0,0.0,49.0,7.0,7.5,24.0,1,62.0
18,2012,7,12,0.0,0.0,0.13,0.0,71.0,22.0,7.5,24.0,8,73.0
4,2009,5,19,0.09,0.0,0.0,0.01,71.0,22.0,7.5,24.0,1,73.0
7,2006,2,16,0.03,0.01,0.0,0.0,71.0,22.0,7.5,24.0,8,73.0
15,2008,1,19,0.0,0.0,0.01,0.0,71.0,22.0,7.5,24.0,8,73.0
15,2002,10,15,0.14,0.11,0.0,0.04,76.0,22.0,8.9,15.0,1,82.5
4,2005,8,10,0.1,0.0,0.0,0.01,58.0,25.0,7.5,18.0,7,66.5
15,2001,11,19,0.04,0.03,0.0,0.01,63.0,5.0,7.1,16.0,7,67.0
19,2013,10,10,0.08,0.23,0.01,0.09,71.0,22.0,1.8,69.0,1,44.5
27,2012,8,16,0.03,0.02,0.0,0.01,53.0,51.0,6.5,72.0,5,59.0
18,2006,10,2,0.41,0.07,0.0,0.07,68.0,11.0,7.6,14.0,7,72.0
14,1997,3,19,0.0,0.0,0.31,0.02,71.0,22.0,7.5,24.0,8,73.0
4,2010,3,19,0.0,0.0,0.03,0.0,71.0,22.0,7.5,24.0,8,73.0
16,2011,4,20,0.6,0.69,0.02,0.26,76.0,38.0,8.2,253.0,1,79.0
4,2010,6,26,0.04,0.0,0.0,0.0,71.0,22.0,7.5,24.0,1,73.0
4,2008,9,19,0.01,0.0,0.0,0.0,71.0,22.0,7.5,24.0,1,73.0
15,2006,7,0,0.14,0.11,0.0,0.04,71.0,26.0,7.5,22.0,7,73.0
28,2005,10,10,0.04,0.01,0.0,0.0,75.0,20.0,7.7,11.0,1,76.0
4,2007,3,8,0.1,0.0,0.0,0.01,71.0,22.0,7.5,24.0,1,73.0
26,2015,0,17,0.04,0.02,0.0,0.01,43.0,54.0,6.5,283.0,5,54.0
4,2010,5,19,0.05,0.01,0.0,0.01,71.0,22.0,7.5,24.0,7,73.0
12,2012,0,19,0.03,0.1,0.0,0.02,81.0,23.0,7.8,653.0,5,79.5
17,2015,0,26,0.0,0.03,0.0,0.01,69.0,44.0,6.4,83.0,7,66.5
6,2004,4,17,0.0,0.0,1.39,0.03,84.0,14.0,8.6,44.0,1,85.0
18,2006,5,8,0.12,0.12,0.0,0.07,71.0,22.0,7.5,24.0,8,73.0
4,2007,11,12,0.13,0.02,0.12,0.01,71.0,22.0,7.5,24.0,8,73.0
4,2006,7,20,0.17,0.0,0.33,0.02,69.0,27.0,8.2,21.0,1,75.5
25,2011,3,27,0.03,0.0,0.0,0.0,71.0,22.0,7.5,24.0,2,73.0
28,2004,10,10,0.44,0.13,0.0,0.02,90.0,31.0,8.5,19.0,1,87.5
14,1998,10,15,0.6,0.41,0.0,0.07,71.0,22.0,7.5,24.0,8,73.0
16,2011,0,23,0.86,1.04,0.18,0.38,82.0,50.0,7.7,384.0,5,79.5
25,2009,10,3,0.16,0.0,0.0,0.01,71.0,22.0,7.5,24.0,8,73.0
6,2004,0,17,0.89,0.22,0.22,0.1,89.0,56.0,9.0,203.0,1,89.5
29,2014,3,26,0.0,0.01,0.0,0.0,71.0,22.0,7.5,24.0,8,73.0
27,2011,8,19,0.0,0.02,0.0,0.0,71.0,22.0,7.5,24.0,8,73.0
4,2010,0,8,0.24,0.03,0.0,0.02,71.0,22.0,7.5,24.0,1,73.0
15,2002,11,19,0.0,0.0,0.65,0.0,71.0,22.0,7.5,24.0,8,73.0
2,2012,0,16,0.0,0.0,0.06,0.0,71.0,22.0,7.5,24.0,8,73.0
17,2015,0,10,0.18,0.25,0.0,0.08,61.0,33.0,3.7,78.0,1,49.0
29,2015,0,26,0.62,0.56,0.0,0.11,78.0,22.0,6.1,402.0,5,69.5
0,1986,8,3,0.35,0.02,0.0,0.0,71.0,22.0,7.5,24.0,8,73.0
25,2008,10,19,0.33,0.0,0.0,0.03,71.0,22.0,7.5,24.0,7,73.0
15,2002,7,23,0.1,0.08,0.0,0.03,76.0,20.0,8.3,22.0,7,79.5
18,2006,9,19,0.08,0.03,0.03,0.02,67.0,22.0,7.8,23.0,1,72.5
15,2005,4,12,0.05,0.04,0.0,0.01,54.0,17.0,4.0,5.0,1,47.0
25,2011,1,26,0.08,0.04,0.0,0.01,71.0,22.0,7.5,24.0,7,73.0
25,2007,5,19,0.05,0.0,0.0,0.0,71.0,22.0,1.1,8.0,1,41.0
16,2010,10,2,0.07,0.0,0.0,0.01,61.0,4.0,7.5,24.0,1,68.0
18,2009,10,12,0.09,0.33,0.2,0.18,72.0,9.0,4.6,5.0,1,59.0
25,2011,10,13,1.51,1.03,0.0,0.27,71.0,22.0,7.5,24.0,7,73.0
17,2014,0,25,0.06,0.07,0.03,0.03,63.0,30.0,7.5,42.0,7,69.0
15,2006,7,25,0.0,0.0,0.04,0.0,71.0,22.0,7.5,24.0,8,73.0
0,1982,0,3,0.13,0.01,0.0,0.0,71.0,22.0,7.5,24.0,8,73.0
14,1996,8,19,0.02,0.01,0.0,0.0,71.0,22.0,7.5,24.0,8,73.0
15,2002,10,1,0.07,0.06,0.0,0.02,54.0,14.0,4.6,17.0,5,50.0
6,2001,4,19,0.1,0.04,0.0,0.0,71.0,22.0,7.5,24.0,8,73.0
25,2009,5,19,0.01,0.0,0.0,0.0,75.0,13.0,8.5,6.0,1,80.0
4,2007,5,19,0.02,0.25,0.0,0.01,71.0,22.0,7.5,24.0,1,73.0
16,2008,6,19,0.12,0.11,0.0,0.02,59.0,7.0,6.1,8.0,2,60.0
4,2007,6,19,0.08,0.0,0.0,0.01,51.0,8.0,7.5,24.0,1,63.0
0,1985,5,2,0.42,0.03,0.0,0.0,71.0,22.0,7.5,24.0,8,73.0
16,2011,3,21,0.0,0.16,0.0,0.04,71.0,22.0,7.5,24.0,8,73.0
6,2005,4,23,0.12,0.05,0.0,0.0,52.0,6.0,7.5,24.0,1,63.5
27,2014,6,5,0.03,0.05,0.0,0.01,75.0,15.0,6.0,56.0,1,67.5
19,2012,0,26,0.53,0.48,0.06,0.24,70.0,71.0,7.2,318.0,5,71.0
17,2016,0,19,0.0,0.02,0.0,0.0,52.0,13.0,7.9,34.0,7,65.5
4,2010,0,24,0.07,0.0,0.0,0.01,71.0,22.0,7.5,24.0,8,73.0
28,2002,0,25,0.04,0.01,0.0,0.0,77.0,17.0,8.6,16.0,7,81.5
4,2008,1,19,0.04,0.01,0.0,0.0,66.0,20.0,7.5,24.0,7,70.5
4,2009,7,22,1.06,0.26,0.53,0.13,75.0,53.0,7.8,162.0,2,76.5
7,2005,0,26,0.19,0.05,0.0,0.01,81.0,30.0,8.3,8.0,7,82.0
26,2016,4,2,0.09,0.08,0.0,0.02,76.0,4.0,7.5,24.0,2,75.5
17,2015,1,19,0.0,0.0,0.06,0.0,71.0,22.0,7.5,24.0,8,73.0
7,2005,10,10,0.23,0.06,0.0,0.01,88.0,36.0,8.4,16.0,1,86.0
12,2012,0,26,0.28,0.53,0.0,0.12,80.0,21.0,6.2,1489.0,5,71.0
6,2005,3,30,0.05,0.02,0.0,0.0,71.0,22.0,7.5,24.0,1,73.0
28,2005,8,10,0.39,0.15,0.0,0.02,80.0,49.0,8.2,29.0,7,81.0
25,2009,10,20,0.08,0.0,0.0,0.01,45.0,10.0,7.5,24.0,2,60.0
0,1982,0,19,0.58,0.03,0.0,0.01,71.0,22.0,7.5,24.0,8,73.0
14,1998,2,1,1.27,0.42,0.0,0.07,71.0,22.0,7.5,24.0,8,73.0
12,2011,5,19,0.0,0.02,0.0,0.0,71.0,22.0,7.5,24.0,8,73.0
18,2011,1,19,0.0,0.0,0.03,0.0,71.0,22.0,7.5,24.0,8,73.0
25,2011,0,23,0.04,0.03,0.0,0.01,71.0,22.0,7.5,24.0,8,73.0
4,2009,7,22,0.22,0.1,0.23,0.03,71.0,49.0,7.1,38.0,2,71.0
18,2009,6,21,0.5,1.58,0.31,0.87,71.0,22.0,7.5,24.0,8,73.0
4,2007,3,19,0.0,0.0,0.08,0.0,71.0,22.0,7.5,24.0,8,73.0
16,2014,7,19,0.03,0.0,0.0,0.01,71.0,22.0,7.5,24.0,8,73.0
4,2008,1,19,0.07,0.0,0.0,0.01,51.0,11.0,6.3,4.0,1,57.0
18,2012,0,16,0.0,0.0,0.22,0.0,71.0,22.0,7.5,24.0,8,73.0
4,2007,5,9,0.0,0.01,0.0,0.0,70.0,21.0,7.5,11.0,1,72.5
12,2001,9,14,0.0,0.04,0.0,0.01,84.0,16.0,8.4,21.0,1,84.0
16,2009,10,19,0.37,0.0,0.0,0.03,71.0,22.0,5.0,9.0,7,60.5
27,2009,0,10,0.62,0.26,0.0,0.09,82.0,88.0,8.0,268.0,5,81.0
4,2008,3,10,0.1,0.0,0.0,0.01,71.0,22.0,7.5,24.0,8,73.0
18,2010,10,2,0.09,0.0,0.0,0.01,71.0,22.0,7.8,5.0,7,74.5
15,2002,10,15,0.14,0.11,0.0,0.04,82.0,19.0,8.4,11.0,1,83.0
4,2008,0,19,0.5,0.28,0.0,0.09,61.0,8.0,5.5,18.0,7,58.0
6,2001,3,16,3.0,1.11,0.05,0.07,79.0,10.0,7.3,6.0,1,76.0
7,2002,6,2,0.04,0.01,0.0,0.0,58.0,17.0,7.5,24.0,7,66.5
18,2006,7,26,0.14,0.12,0.0,0.08,65.0,46.0,8.3,28.0,7,74.0
15,2008,8,19,0.13,0.1,0.0,0.03,71.0,22.0,8.3,11.0,2,77.0
27,2006,10,10,0.24,0.01,0.0,0.02,71.0,22.0,7.5,24.0,8,73.0
29,2016,0,19,0.01,0.01,0.0,0.0,52.0,15.0,7.1,12.0,5,61.5
6,2001,11,3,0.06,0.02,0.0,0.0,71.0,22.0,7.5,24.0,8,73.0
2,2011,3,23,0.13,0.05,0.0,0.02,64.0,8.0,6.0,8.0,1,62.0
15,2005,0,10,0.27,0.21,0.0,0.07,64.0,41.0,7.3,70.0,7,68.5
27,2012,0,19,0.16,0.0,0.0,0.01,71.0,22.0,5.2,5.0,2,61.5
4,2006,7,12,0.17,0.01,0.04,0.01,82.0,39.0,7.8,25.0,2,80.0
19,2014,1,11,0.0,0.0,0.01,0.0,71.0,22.0,7.5,24.0,8,73.0
16,2013,0,12,0.03,0.41,0.51,0.0,78.0,39.0,4.1,303.0,1,59.5
6,2005,3,23,0.37,0.14,0.0,0.01,71.0,22.0,7.5,24.0,8,73.0
14,2000,5,19,0.01,0.0,0.0,0.0,71.0,22.0,7.5,24.0,8,73.0
15,2001,6,15,1.13,0.32,0.0,0.22,84.0,28.0,7.8,13.0,7,81.0
6,2003,6,23,0.86,0.32,0.0,0.02,55.0,14.0,6.8,9.0,1,61.5
12,2012,1,19,0.0,0.13,0.0,0.02,74.0,33.0,8.2,307.0,8,78.0
25,2010,0,23,0.18,0.02,0.0,0.01,71.0,22.0,7.5,24.0,1,73.0
18,2009,0,23,0.02,0.04,0.0,0.01,71.0,22.0,7.5,24.0,1,73.0
15,2006,1,12,0.0,0.0,0.04,0.0,71.0,22.0,7.5,24.0,8,73.0
16,2014,8,26,0.34,0.68,0.08,0.19,71.0,22.0,7.3,113.0,5,72.0
16,2010,8,20,0.41,0.46,0.0,0.18,65.0,57.0,7.3,168.0,5,69.0
2,2011,9,26,0.07,0.0,0.0,0.0,71.0,22.0,7.5,24.0,1,73.0
15,2000,10,10,0.17,0.13,0.18,0.04,78.0,15.0,7.5,24.0,1,76.5
22,1992,2,19,0.0,0.0,0.39,0.0,71.0,22.0,7.5,24.0,8,73.0
5,1999,9,19,0.0,0.0,0.3,0.0,71.0,22.0,7.5,24.0,8,73.0
4,2008,7,17,0.94,0.53,0.62,0.18,68.0,24.0,8.2,27.0,1,75.0
4,2010,3,16,0.0,0.0,0.06,0.0,71.0,22.0,7.5,24.0,8,73.0
28,2003,10,10,0.44,0.04,0.0,0.02,85.0,19.0,8.2,11.0,1,83.5
18,2011,7,16,0.0,0.0,0.05,0.0,71.0,22.0,7.5,24.0,8,73.0
12,2007,9,19,0.0,0.04,0.0,0.0,75.0,7.0,8.2,9.0,1,78.5
15,2004,9,0,0.03,0.03,0.0,0.01,57.0,25.0,8.2,5.0,7,69.5
18,2010,1,19,0.0,0.0,0.02,0.0,71.0,22.0,7.5,24.0,8,73.0
2,2015,0,19,0.0,0.03,0.0,0.0,71.0,22.0,7.5,24.0,2,73.0
6,2003,9,26,0.14,0.05,0.0,0.0,82.0,8.0,9.2,40.0,1,87.0
28,2003,8,24,0.47,0.15,0.0,0.02,84.0,34.0,8.4,49.0,5,84.0
7,2004,6,10,0.1,0.02,0.0,0.0,71.0,22.0,7.5,24.0,8,73.0
14,1996,10,25,0.06,0.04,0.0,0.01,71.0,22.0,7.5,24.0,8,73.0
4,2008,0,10,0.09,0.0,0.0,0.01,54.0,13.0,7.5,24.0,2,64.5
4,2011,1,19,0.05,0.02,0.0,0.01,71.0,22.0,7.5,24.0,2,73.0
20,1997,10,20,0.0,0.0,0.21,0.0,71.0,22.0,7.5,24.0,8,73.0
18,2010,7,18,0.0,0.0,0.03,0.0,71.0,22.0,7.5,24.0,8,73.0
16,2011,0,8,0.3,0.22,0.0,0.09,70.0,29.0,6.9,13.0,2,69.5
18,2007,7,22,0.2,0.13,0.22,0.09,74.0,32.0,7.4,28.0,7,74.0
4,2011,0,19,0.08,0.0,0.0,0.01,71.0,22.0,7.5,24.0,1,73.0
16,2010,10,10,0.22,0.12,0.0,0.06,71.0,33.0,5.7,14.0,1,64.0
25,2010,4,23,0.21,0.01,0.0,0.02,56.0,4.0,7.5,24.0,1,65.5
15,2007,6,19,0.01,0.01,0.0,0.0,71.0,22.0,7.5,24.0,1,73.0
18,2011,7,22,0.13,0.09,0.27,0.06,77.0,41.0,7.5,80.0,2,76.0
6,2004,3,19,0.12,0.05,0.0,0.0,66.0,5.0,7.5,24.0,1,70.5
7,2005,0,26,0.11,0.03,0.0,0.0,84.0,34.0,8.1,22.0,5,82.5
14,1996,8,12,0.14,0.09,0.0,0.02,71.0,22.0,7.5,24.0,8,73.0
2,2012,7,19,0.0,0.0,0.06,0.0,71.0,22.0,7.5,24.0,8,73.0
4,2010,9,22,0.0,0.0,0.02,0.0,71.0,22.0,7.5,24.0,8,73.0
4,2007,0,16,0.0,0.0,0.03,0.0,71.0,22.0,7.5,24.0,8,73.0
18,2009,0,9,0.0,0.01,0.0,0.0,71.0,22.0,7.5,24.0,8,73.0
4,2007,9,19,0.09,0.02,0.0,0.01,68.0,9.0,7.5,24.0,1,71.5
18,2006,11,16,0.0,0.0,0.02,0.0,71.0,22.0,7.5,24.0,8,73.0
3,2001,1,20,0.0,0.0,0.33,0.0,71.0,22.0,7.5,24.0,8,73.0
18,2008,9,19,0.0,0.0,0.02,0.0,71.0,22.0,7.5,24.0,8,73.0
18,2010,9,21,0.02,0.17,0.0,0.09,57.0,19.0,7.5,24.0,1,66.0
4,2007,1,12,0.0,0.0,0.05,0.0,71.0,22.0,7.5,24.0,8,73.0
20,1997,7,19,0.0,0.0,0.31,0.0,71.0,22.0,7.5,24.0,8,73.0
15,2008,3,21,0.0,0.04,0.0,0.57,71.0,22.0,7.5,24.0,8,73.0
26,2013,0,2,0.05,0.03,0.0,0.01,71.0,22.0,7.5,24.0,8,73.0
26,2015,0,19,0.03,0.02,0.0,0.0,71.0,22.0,7.5,24.0,8,73.0
27,2007,8,15,0.4,0.33,0.01,0.09,77.0,59.0,7.6,91.0,5,76.5
9,1998,6,1,0.31,0.07,0.0,0.0,71.0,22.0,7.5,24.0,8,73.0
27,2005,0,25,0.0,0.0,0.01,0.0,71.0,22.0,7.5,24.0,8,73.0
27,2011,0,19,0.09,0.03,0.03,0.01,71.0,9.0,8.1,19.0,7,76.0
15,2003,10,1,0.2,0.16,0.0,0.05,71.0,22.0,7.5,24.0,8,73.0
4,2007,3,16,0.0,0.0,0.04,0.0,71.0,22.0,7.5,24.0,8,73.0
12,2001,9,10,1.81,0.0,0.0,0.0,85.0,17.0,7.9,70.0,7,82.0
6,2001,0,26,0.02,0.01,0.0,0.0,54.0,6.0,7.5,24.0,1,64.5
15,2000,9,12,0.0,0.0,0.05,0.0,71.0,22.0,7.5,24.0,8,73.0
14,2002,7,19,0.0,0.0,0.02,0.0,71.0,22.0,7.5,24.0,8,73.0
9,1997,10,10,0.15,0.39,0.0,0.03,71.0,22.0,7.5,24.0,8,73.0
14,2001,6,19,0.09,0.06,0.0,0.01,71.0,22.0,7.5,24.0,8,73.0
19,2015,0,16,0.0,0.0,0.19,0.0,71.0,22.0,8.8,17.0,7,79.5
12,2008,11,10,0.03,1.06,0.0,0.08,84.0,75.0,5.3,1711.0,2,68.5
18,2012,0,19,0.0,0.0,0.01,0.0,71.0,22.0,7.5,24.0,8,73.0
12,2009,1,19,0.0,0.01,0.0,0.0,54.0,13.0,7.5,24.0,8,64.5
25,2011,3,10,0.02,0.07,0.0,0.01,71.0,22.0,7.5,24.0,1,73.0
16,2010,10,12,0.0,0.0,0.23,0.0,71.0,22.0,7.5,24.0,8,73.0
18,2008,1,25,0.0,0.0,0.01,0.0,71.0,22.0,7.5,24.0,8,73.0
15,2008,1,11,0.0,0.0,0.04,0.0,71.0,22.0,7.5,24.0,8,73.0
16,2011,10,12,0.0,0.0,0.26,0.0,71.0,22.0,7.5,24.0,8,73.0
28,2002,0,23,0.06,0.02,0.0,0.0,70.0,11.0,8.9,20.0,7,79.5
2,2014,0,16,0.0,0.0,0.06,0.0,71.0,22.0,7.5,24.0,8,73.0
17,2015,10,12,0.13,0.42,0.13,0.1,87.0,54.0,7.1,680.0,1,79.0
6,2003,6,10,0.21,0.08,0.0,0.01,77.0,9.0,8.2,25.0,1,79.5
15,2003,4,24,0.18,0.14,0.0,0.05,71.0,22.0,7.5,24.0,8,73.0
25,2013,0,8,1.05,0.41,0.0,0.14,71.0,22.0,4.2,24.0,2,56.5
27,2010,0,23,0.67,0.28,0.01,0.1,83.0,81.0,7.9,292.0,5,81.0
28,2005,2,4,0.03,0.01,0.0,0.0,61.0,20.0,7.5,24.0,7,68.0
27,2012,0,19,1.06,0.5,0.01,0.14,88.0,56.0,7.9,815.0,5,83.5
27,2009,0,10,0.26,0.2,0.0,0.05,73.0,69.0,8.2,141.0,5,77.5
28,2004,0,19,0.02,0.01,0.0,0.0,53.0,7.0,7.5,24.0,1,64.0
29,2015,6,19,0.0,0.03,0.0,0.0,65.0,9.0,7.5,24.0,8,70.0
7,2006,8,9,0.08,0.02,0.0,0.0,51.0,4.0,5.2,5.0,2,51.5
12,2008,5,19,0.0,0.01,0.0,0.0,76.0,15.0,8.1,24.0,1,78.5
14,1997,10,12,0.0,0.0,0.56,0.04,71.0,22.0,7.5,24.0,8,73.0
16,2012,0,19,0.0,0.0,0.14,0.0,63.0,20.0,8.0,22.0,7,71.5
14,1996,11,19,0.0,0.0,0.48,0.03,71.0,22.0,7.5,24.0,8,73.0
2,2014,2,17,3.27,1.37,2.43,0.48,71.0,22.0,7.5,24.0,8,73.0
15,2007,2,19,0.0,0.0,0.02,0.0,71.0,22.0,7.5,24.0,8,73.0
15,2005,7,2,0.53,0.02,0.0,0.09,82.0,44.0,7.3,41.0,7,77.5
25,2007,9,19,0.67,0.03,0.06,0.05,65.0,18.0,8.2,28.0,1,73.5
27,2006,6,10,0.42,0.04,0.0,0.04,89.0,61.0,8.1,140.0,2,85.0
15,2003,8,19,0.38,0.29,0.0,0.1,71.0,22.0,7.5,24.0,8,73.0
25,2006,6,26,0.46,0.01,0.02,0.04,41.0,15.0,4.0,21.0,1,40.5
15,2009,1,19,0.0,0.0,0.01,0.0,71.0,22.0,7.5,24.0,8,73.0
15,2002,10,2,0.45,0.35,0.0,0.12,71.0,22.0,7.5,24.0,8,73.0
27,2006,0,25,0.07,0.01,0.0,0.01,52.0,30.0,8.7,18.0,7,69.5
4,2007,11,17,0.0,0.0,0.11,0.0,71.0,22.0,7.5,24.0,8,73.0
7,2005,8,10,0.06,0.02,0.0,0.0,82.0,32.0,9.1,41.0,5,86.5
28,2002,10,2,0.21,0.06,0.0,0.01,58.0,22.0,8.0,4.0,7,69.0
18,2011,7,19,0.0,0.0,0.02,0.0,71.0,22.0,7.5,24.0,8,73.0
12,2013,8,24,0.29,0.3,0.0,0.07,94.0,68.0,8.5,7322.0,5,89.5
18,2006,7,22,0.17,0.01,0.16,0.02,80.0,39.0,8.4,57.0,7,82.0
4,2007,7,19,0.0,0.0,0.02,0.0,71.0,22.0,7.5,24.0,8,73.0
15,2002,2,19,0.42,0.33,0.0,0.11,74.0,14.0,8.4,11.0,7,79.0
4,2005,0,12,0.0,0.03,0.1,0.0,71.0,22.0,7.5,24.0,8,73.0
20,1994,10,20,0.0,0.0,0.02,0.0,71.0,22.0,7.5,24.0,8,73.0
5,1992,5,17,0.56,0.22,0.43,0.03,71.0,22.0,7.5,24.0,8,73.0
9,1997,10,10,0.81,0.04,0.0,0.01,71.0,22.0,7.5,24.0,8,73.0
12,2016,9,19,0.03,0.58,0.0,0.04,64.0,5.0,8.0,20.0,1,72.0
15,2002,10,12,0.13,0.1,0.0,0.03,44.0,14.0,6.7,9.0,7,55.5
4,2011,3,17,0.0,0.0,0.06,0.0,71.0,22.0,7.5,24.0,8,73.0
6,2004,10,3,0.04,0.02,0.0,0.0,71.0,22.0,7.5,24.0,8,73.0
27,2013,3,26,0.09,0.01,0.0,0.01,71.0,22.0,7.5,24.0,8,73.0
19,2014,7,19,0.03,0.01,0.02,0.01,63.0,12.0,7.0,16.0,7,66.5
6,2001,11,19,0.0,0.0,0.35,0.01,71.0,22.0,7.5,24.0,8,73.0
4,2011,9,2,0.26,0.0,0.0,0.02,71.0,22.0,7.5,24.0,1,73.0
4,2010,4,2,0.18,0.1,0.0,0.03,71.0,22.0,7.5,24.0,8,73.0
29,2016,0,26,0.0,0.01,0.0,0.0,71.0,22.0,6.8,8.0,7,69.5
25,2009,3,29,0.41,0.22,0.0,0.06,70.0,15.0,6.8,6.0,2,69.0
15,2000,2,19,0.05,0.04,0.38,0.01,75.0,15.0,8.0,10.0,7,77.5
27,2011,1,19,0.01,0.02,0.0,0.0,83.0,5.0,7.7,88.0,8,80.0
16,2007,8,5,0.17,0.01,0.0,0.02,60.0,34.0,7.1,52.0,5,65.5
18,2011,1,11,0.0,0.0,0.04,0.0,71.0,22.0,7.5,24.0,8,73.0
4,2007,3,26,0.73,0.01,0.0,0.06,57.0,8.0,7.0,15.0,2,63.5
18,2006,3,20,0.0,0.0,0.07,0.0,71.0,22.0,7.5,24.0,8,73.0
25,2011,8,2,0.12,0.0,0.0,0.01,71.0,22.0,7.5,24.0,7,73.0
15,2003,2,16,0.0,0.0,0.32,0.0,71.0,22.0,7.5,24.0,8,73.0
18,2005,10,10,0.1,0.0,0.0,0.01,77.0,17.0,7.7,20.0,1,77.0
27,2012,7,10,0.55,0.24,0.01,0.07,80.0,71.0,7.7,446.0,5,78.5
17,2016,0,19,0.02,0.02,0.0,0.01,66.0,39.0,7.0,31.0,7,68.0
18,2010,1,11,0.0,0.0,0.01,0.0,71.0,22.0,7.5,24.0,8,73.0
14,1999,0,19,0.47,0.32,0.0,0.06,71.0,22.0,7.5,24.0,8,73.0
2,2014,1,19,0.0,0.0,0.04,0.0,71.0,22.0,7.5,24.0,8,73.0
17,2014,1,19,0.12,0.25,0.02,0.07,71.0,22.0,7.5,24.0,8,73.0
4,2007,3,20,0.0,0.0,0.04,0.0,71.0,22.0,7.5,24.0,8,73.0
12,1992,1,19,0.02,0.77,0.0,0.0,71.0,22.0,7.5,24.0,7,73.0
15,2002,10,10,0.43,0.33,0.0,0.11,65.0,17.0,7.5,24.0,1,70.0
27,2015,10,12,0.04,0.05,0.0,0.01,71.0,22.0,7.0,34.0,1,70.5
17,2014,0,22,0.0,0.07,0.0,0.01,74.0,40.0,6.7,128.0,7,70.5
16,2012,1,19,0.0,0.0,0.11,0.0,71.0,22.0,7.5,24.0,8,73.0
19,2015,4,2,0.01,0.0,0.0,0.0,71.0,22.0,5.1,7.0,1,61.0
7,2004,0,26,0.06,0.02,0.0,0.0,78.0,25.0,8.0,11.0,7,79.0
9,1999,0,17,0.62,0.18,0.65,0.02,71.0,22.0,7.5,24.0,8,73.0
18,2007,10,0,0.19,0.0,0.0,0.02,71.0,22.0,7.3,4.0,1,72.0
9,1997,2,19,0.08,0.02,0.0,0.0,71.0,22.0,7.5,24.0,8,73.0
15,2003,10,12,0.0,0.0,0.2,0.0,71.0,22.0,7.5,24.0,8,73.0
27,2011,7,4,0.0,0.0,0.03,0.0,71.0,22.0,7.5,24.0,8,73.0
15,2000,5,21,0.0,0.0,0.04,0.0,71.0,22.0,7.5,24.0,8,73.0
19,2011,2,4,0.17,0.08,0.0,0.04,80.0,48.0,7.7,93.0,7,78.5
21,1994,7,20,0.0,0.0,0.06,0.0,71.0,22.0,7.5,24.0,8,73.0
14,2001,2,16,0.01,0.01,0.0,0.0,64.0,5.0,8.8,71.0,1,76.0
15,2002,10,3,1.06,0.08,0.0,0.18,93.0,20.0,7.4,25.0,1,83.5
29,2015,10,10,0.89,2.12,0.0,0.24,84.0,45.0,4.4,459.0,1,64.0
12,2012,3,7,0.0,0.02,0.0,0.0,71.0,22.0,7.5,24.0,8,73.0
15,2006,9,26,0.18,0.14,0.0,0.05,71.0,22.0,7.5,24.0,1,73.0
15,2000,9,12,0.0,0.0,0.15,0.0,71.0,22.0,7.5,24.0,8,73.0
17,2016,8,19,0.02,0.0,0.0,0.0,67.0,8.0,7.5,24.0,2,71.0
25,2010,3,26,1.52,0.54,0.0,0.18,71.0,22.0,7.5,24.0,1,73.0
25,2010,3,19,0.0,0.0,0.09,0.0,71.0,22.0,7.5,24.0,8,73.0
15,2001,10,1,0.27,0.21,0.0,0.07,77.0,16.0,7.6,8.0,1,76.5
27,2007,11,10,0.35,0.04,0.0,0.03,71.0,22.0,7.5,24.0,8,73.0
27,2009,6,5,0.32,0.39,0.0,0.09,87.0,65.0,8.2,110.0,7,84.5
4,2006,3,19,0.0,0.0,0.04,0.0,71.0,22.0,7.5,24.0,8,73.0
15,2008,4,24,0.06,0.05,0.0,0.02,71.0,22.0,7.5,24.0,1,73.0
16,2014,1,16,0.05,0.03,0.0,0.02,59.0,11.0,6.3,4.0,2,61.0
6,2004,1,17,0.37,0.14,0.17,0.01,73.0,8.0,7.5,39.0,1,74.0
6,2002,5,13,0.04,0.01,0.0,0.0,70.0,8.0,7.5,24.0,1,72.5
12,2016,6,19,0.0,0.01,0.0,0.0,78.0,4.0,7.9,14.0,1,78.5
14,1999,3,2,0.17,0.12,0.0,0.02,71.0,22.0,7.5,24.0,8,73.0
15,2005,0,24,0.04,0.03,0.0,0.01,78.0,46.0,8.9,58.0,5,83.5
14,2000,9,12,0.02,0.02,0.0,0.0,74.0,7.0,8.3,13.0,1,78.5
16,2008,8,6,0.23,0.16,0.01,0.07,72.0,47.0,7.6,70.0,5,74.0
15,2005,11,25,0.04,0.03,0.0,0.01,71.0,13.0,8.5,10.0,7,78.0
15,2000,9,16,0.16,0.13,0.36,0.04,58.0,16.0,8.1,49.0,7,69.5
12,2010,5,19,0.0,0.02,0.0,0.0,71.0,22.0,7.5,24.0,8,73.0
18,2005,0,19,0.01,0.0,0.0,0.0,71.0,22.0,7.5,24.0,8,73.0
15,2004,7,19,0.63,0.49,0.0,0.16,85.0,51.0,8.4,57.0,7,84.5
4,2008,7,19,0.0,0.0,0.07,0.0,71.0,22.0,7.5,24.0,8,73.0
16,2008,0,20,0.22,0.02,0.0,0.02,55.0,26.0,6.8,20.0,7,61.5
22,1995,0,19,0.04,0.01,0.3,0.0,71.0,22.0,7.5,24.0,8,73.0
18,2012,0,19,0.0,0.0,0.04,0.0,71.0,22.0,7.5,24.0,8,73.0
28,2004,8,26,0.86,0.45,0.0,0.06,80.0,53.0,8.9,58.0,7,84.5
7,2003,4,19,0.01,0.0,0.0,0.0,71.0,22.0,7.5,24.0,8,73.0
4,2009,3,19,0.29,0.0,0.0,0.02,71.0,22.0,7.5,24.0,8,73.0
4,2011,1,16,0.0,0.0,0.06,0.0,71.0,22.0,7.5,24.0,8,73.0
7,2003,6,19,0.01,0.0,0.0,0.0,63.0,8.0,7.5,24.0,1,69.0
4,2009,0,2,0.15,0.03,0.0,0.02,55.0,8.0,8.1,8.0,2,68.0
16,2009,0,20,0.21,0.2,0.62,0.08,79.0,77.0,8.1,165.0,5,80.0
16,2007,0,10,0.25,0.02,0.0,0.03,71.0,22.0,7.5,24.0,8,73.0
16,2009,3,19,0.11,0.0,0.0,0.01,71.0,22.0,7.5,24.0,7,73.0
14,2002,0,24,0.0,0.0,0.02,0.0,71.0,22.0,7.2,6.0,1,71.5
4,2007,10,3,0.06,0.0,0.0,0.0,71.0,22.0,7.5,24.0,1,73.0
12,2016,0,26,0.04,0.11,0.0,0.01,74.0,18.0,4.8,368.0,5,61.0
4,2008,7,19,0.06,0.0,0.02,0.0,76.0,25.0,8.6,23.0,7,81.0
4,2011,3,2,0.1,0.02,0.0,0.01,71.0,22.0,7.5,24.0,8,73.0
9,1999,0,19,0.18,0.04,0.0,0.0,71.0,22.0,7.5,24.0,8,73.0
15,2009,2,26,0.11,0.08,0.0,0.03,71.0,22.0,8.4,12.0,2,77.5
25,2008,0,19,0.0,0.0,0.01,0.0,71.0,22.0,7.5,24.0,8,73.0
18,2005,3,21,0.0,0.0,0.02,0.0,71.0,22.0,7.5,24.0,8,73.0
4,2010,4,19,0.02,0.0,0.0,0.0,63.0,4.0,7.5,24.0,2,69.0
25,2009,0,13,0.17,0.13,0.0,0.03,54.0,8.0,7.5,24.0,2,64.5
29,2015,7,16,0.69,0.5,0.0,0.11,91.0,13.0,9.2,3963.0,5,91.5
4,2010,6,23,0.17,0.08,0.0,0.02,71.0,22.0,7.5,24.0,1,73.0
12,2011,0,12,0.0,0.07,0.0,0.02,77.0,13.0,6.4,88.0,8,70.5
15,2002,10,12,0.02,0.01,0.0,0.0,59.0,13.0,7.5,24.0,1,67.0
16,2008,10,12,0.11,1.33,0.4,0.26,71.0,22.0,7.5,24.0,8,73.0
14,1998,2,10,0.68,0.46,0.0,0.08,71.0,22.0,7.5,24.0,8,73.0
2,2015,7,19,0.12,0.01,0.1,0.02,67.0,31.0,7.1,54.0,2,69.0
25,2011,0,23,0.19,0.01,0.0,0.01,71.0,22.0,7.5,24.0,2,73.0
25,2010,4,8,2.04,0.63,0.12,0.22,73.0,78.0,7.0,131.0,1,71.5
16,2007,0,8,0.17,0.41,0.0,0.15,55.0,24.0,6.9,19.0,7,62.0
18,2011,1,19,0.0,0.0,0.02,0.0,71.0,22.0,7.5,24.0,8,73.0
15,2008,3,23,0.08,0.06,0.0,0.02,71.0,22.0,7.5,24.0,8,73.0
18,2005,6,12,0.03,0.0,0.0,0.0,41.0,31.0,7.5,24.0,1,58.0
14,2001,0,19,0.02,0.02,0.0,0.0,71.0,22.0,7.5,24.0,8,73.0
7,2003,6,23,0.13,0.03,0.0,0.0,59.0,5.0,7.0,5.0,1,64.5
27,2010,3,7,0.0,0.08,0.0,0.01,71.0,22.0,7.5,24.0,8,73.0
10,1987,7,19,0.15,0.0,2.41,0.0,71.0,22.0,7.5,24.0,8,73.0
14,2001,0,4,0.14,0.1,0.16,0.03,65.0,14.0,6.8,44.0,1,66.5
4,2010,1,19,0.06,0.11,0.0,0.02,71.0,22.0,7.5,24.0,2,73.0
7,2002,10,15,0.11,0.03,0.0,0.0,72.0,11.0,7.5,24.0,1,73.5
16,2012,6,20,0.08,0.3,0.01,0.09,71.0,22.0,7.5,24.0,8,73.0
7,2002,2,15,0.31,0.08,0.0,0.01,81.0,20.0,8.7,43.0,5,84.0
14,1997,10,10,0.59,0.4,0.0,0.07,71.0,22.0,7.5,24.0,8,73.0
15,2008,1,19,0.0,0.0,0.02,0.0,71.0,22.0,7.5,24.0,8,73.0
25,2011,10,24,0.14,0.0,0.0,0.01,71.0,22.0,7.5,24.0,1,73.0
14,2000,2,10,0.23,0.15,0.0,0.03,84.0,11.0,8.5,6.0,7,84.5
16,2009,9,26,0.12,0.02,0.0,0.02,62.0,34.0,7.0,16.0,7,66.0
3,2000,2,19,0.0,0.0,0.14,0.0,71.0,22.0,7.5,24.0,8,73.0
4,2006,0,8,0.23,0.0,0.0,0.02,71.0,22.0,7.5,24.0,8,73.0
16,2011,8,20,0.15,0.16,0.0,0.06,71.0,22.0,7.5,24.0,8,73.0
4,2010,3,6,0.0,0.0,0.02,0.0,71.0,22.0,7.5,24.0,8,73.0
4,2007,3,12,0.01,0.0,0.02,0.0,76.0,29.0,7.5,24.0,2,75.5
12,2012,10,24,0.04,0.0,0.0,0.0,71.0,22.0,5.7,15.0,1,64.0
19,2013,0,8,0.01,0.0,0.0,0.0,71.0,22.0,7.5,24.0,8,73.0
12,2011,5,27,0.01,0.0,0.0,0.0,71.0,22.0,7.5,24.0,8,73.0
4,2009,2,19,0.0,0.0,0.06,0.0,71.0,22.0,7.5,24.0,8,73.0
6,2002,3,20,0.05,0.02,0.0,0.0,79.0,20.0,7.5,24.0,7,77.0
12,2004,8,3,0.0,0.01,0.0,0.0,93.0,48.0,8.9,537.0,5,91.0
2,2014,0,29,0.1,0.12,0.0,0.02,71.0,22.0,7.5,24.0,8,73.0
28,2002,8,20,0.16,0.05,0.04,0.01,90.0,41.0,8.5,64.0,7,87.5
16,2015,0,16,0.0,0.0,0.02,0.0,71.0,22.0,7.5,24.0,8,73.0
19,2016,1,6,0.0,0.0,0.02,0.0,71.0,22.0,7.5,24.0,8,73.0
27,2011,0,6,0.12,0.0,0.0,0.01,71.0,22.0,6.5,4.0,1,68.0
4,2010,1,19,0.08,0.03,0.0,0.01,55.0,4.0,7.5,24.0,7,65.0
15,2003,0,12,0.35,0.27,0.0,0.09,85.0,41.0,8.8,315.0,5,86.5
28,2004,0,10,0.14,0.04,0.0,0.01,67.0,23.0,8.8,10.0,1,77.5
27,2014,7,10,0.36,0.12,0.0,0.05,71.0,22.0,5.1,235.0,5,61.0
9,1998,10,1,0.59,0.02,0.0,0.0,71.0,22.0,7.5,24.0,8,73.0
15,2001,0,9,0.27,0.21,0.0,0.07,80.0,22.0,8.5,35.0,5,82.5
16,2014,4,21,0.2,0.33,0.01,0.1,71.0,22.0,7.2,64.0,1,71.5
15,2008,10,2,0.09,0.07,0.0,0.02,71.0,22.0,7.5,24.0,1,73.0
6,2004,3,12,0.4,0.15,0.0,0.01,71.0,22.0,7.5,24.0,8,73.0
25,2009,9,12,0.17,0.0,0.0,0.01,71.0,22.0,7.5,24.0,1,73.0
14,1999,2,4,0.43,0.3,0.0,0.05,71.0,22.0,7.5,24.0,8,73.0
16,2009,10,2,0.38,0.14,0.0,0.07,44.0,29.0,2.1,31.0,2,32.5
27,2008,0,2,0.36,0.02,0.0,0.03,68.0,57.0,8.6,87.0,7,77.0
15,2005,0,4,0.03,0.03,0.0,0.01,67.0,33.0,8.8,44.0,5,77.5
27,2007,6,10,0.26,0.0,0.0,0.02,59.0,29.0,5.2,30.0,1,55.5
27,2008,10,20,0.15,0.38,0.0,0.07,71.0,22.0,7.5,24.0,8,73.0
15,2004,0,23,0.22,0.17,0.0,0.06,71.0,22.0,7.5,24.0,8,73.0
14,1997,5,19,0.0,0.0,1.07,0.07,71.0,22.0,7.5,24.0,8,73.0
6,2003,4,23,0.04,0.01,0.0,0.0,71.0,22.0,7.5,24.0,8,73.0
12,2015,11,19,0.0,0.05,0.0,0.0,63.0,11.0,5.4,52.0,7,58.5
14,2002,0,10,0.75,1.09,0.02,0.12,71.0,22.0,8.5,33.0,1,78.0
15,2006,10,10,1.07,0.04,0.02,0.17,63.0,12.0,6.0,39.0,1,61.5
15,2002,6,2,0.06,0.05,0.0,0.02,73.0,19.0,7.5,24.0,1,74.0
28,2004,6,5,0.03,0.01,0.0,0.0,71.0,22.0,8.3,6.0,7,77.0
27,2008,11,24,0.58,0.17,0.0,0.07,84.0,55.0,7.8,171.0,2,81.0
15,2008,3,19,0.0,0.0,0.03,0.0,71.0,22.0,7.5,24.0,8,73.0
4,2007,7,19,0.05,0.0,0.0,0.0,60.0,10.0,7.5,24.0,2,67.5
28,2004,3,3,0.07,0.02,0.0,0.0,58.0,10.0,8.0,4.0,7,69.0
18,2008,0,2,0.12,0.02,0.0,0.02,71.0,22.0,7.5,24.0,8,73.0
16,2011,0,19,0.0,0.0,0.09,0.0,71.0,22.0,7.5,24.0,8,73.0
27,2013,0,7,0.17,0.15,0.0,0.03,80.0,20.0,8.4,440.0,8,82.0
25,2010,10,27,0.03,0.0,0.0,0.0,71.0,22.0,7.5,24.0,8,73.0
15,2005,0,24,0.43,0.34,0.0,0.11,84.0,23.0,8.3,13.0,1,83.5
3,2000,8,20,0.0,0.0,0.05,0.0,83.0,12.0,7.8,12.0,5,80.5
18,2009,2,16,0.0,0.0,0.41,0.0,71.0,22.0,7.5,24.0,8,73.0
15,2001,10,25,0.02,0.02,0.0,0.01,58.0,13.0,6.3,7.0,1,60.5
4,2008,7,22,0.22,0.02,0.16,0.02,74.0,35.0,6.8,12.0,7,71.0
14,2000,0,26,0.11,0.07,0.0,0.01,71.0,22.0,7.5,24.0,8,73.0
14,1999,8,21,2.03,0.72,0.02,0.11,71.0,22.0,7.5,24.0,8,73.0
7,2002,2,26,0.06,0.02,0.0,0.0,67.0,8.0,7.5,24.0,7,71.0
28,2005,0,2,0.21,0.06,0.0,0.01,60.0,43.0,7.8,17.0,5,69.0
14,1995,3,21,0.0,0.0,0.1,0.01,71.0,22.0,7.5,24.0,8,73.0
17,2016,0,19,0.63,0.76,0.03,0.27,71.0,94.0,4.5,5096.0,7,58.0
22,1993,3,19,0.0,0.0,0.06,0.0,71.0,22.0,7.5,24.0,8,73.0
16,2009,2,16,0.37,0.19,0.11,0.1,57.0,26.0,7.2,58.0,7,64.5
16,2012,6,2,0.07,0.0,0.0,0.01,76.0,4.0,4.5,15.0,1,60.5
16,2009,4,29,0.09,0.01,0.0,0.01,53.0,8.0,4.8,4.0,2,50.5
27,2011,3,26,0.1,0.0,0.0,0.01,71.0,22.0,7.5,24.0,1,73.0
6,2002,0,4,0.0,0.0,0.14,0.0,71.0,22.0,7.5,24.0,8,73.0
15,2009,1,11,0.0,0.0,0.04,0.0,71.0,22.0,7.5,24.0,8,73.0
6,2002,4,3,0.07,0.02,0.0,0.0,51.0,11.0,7.5,24.0,1,63.0
18,2011,1,19,0.0,0.0,0.04,0.0,71.0,22.0,7.5,24.0,8,73.0
6,2001,1,12,0.13,0.05,0.0,0.0,57.0,6.0,7.5,24.0,1,66.0
16,2010,0,12,0.1,0.04,0.04,0.02,72.0,38.0,7.3,38.0,5,72.5
16,2007,6,19,0.0,0.0,0.03,0.0,71.0,22.0,7.5,24.0,8,73.0
14,1998,7,19,0.94,0.07,1.05,0.04,81.0,17.0,8.9,89.0,5,85.0
4,2007,0,20,0.0,0.0,0.11,0.0,71.0,22.0,7.5,24.0,8,73.0
27,2007,9,12,0.3,0.0,0.0,0.02,74.0,26.0,8.8,5.0,2,81.0
15,2001,10,26,0.02,0.01,0.0,0.0,61.0,11.0,7.9,7.0,1,70.0
2,2015,5,17,0.06,0.07,0.34,0.01,71.0,22.0,7.5,24.0,8,73.0
25,2009,3,2,0.92,0.48,0.0,0.15,89.0,25.0,6.9,49.0,7,79.0
4,2008,3,6,0.0,0.0,0.02,0.0,71.0,22.0,7.5,24.0,8,73.0
27,2008,0,24,6.76,3.07,0.14,1.03,98.0,86.0,7.9,2951.0,5,88.5
28,2004,11,12,0.23,0.07,0.0,0.01,71.0,22.0,7.5,24.0,8,73.0
18,2006,8,21,0.44,0.27,0.0,0.18,77.0,56.0,8.3,80.0,7,80.0
15,2008,1,19,0.0,0.0,0.01,0.0,71.0,22.0,7.5,24.0,8,73.0
6,2004,3,27,0.11,0.04,0.0,0.0,71.0,22.0,7.5,24.0,8,73.0
7,2002,6,19,0.06,0.02,0.0,0.0,55.0,12.0,7.5,24.0,7,65.0
15,2005,10,10,1.44,0.15,0.0,0.05,71.0,22.0,7.5,24.0,8,73.0
0,1981,0,19,0.63,0.03,0.0,0.01,71.0,22.0,7.5,24.0,8,73.0
15,2001,3,12,1.16,0.91,0.0,0.3,71.0,22.0,7.5,24.0,8,73.0
14,1997,8,19,0.34,0.23,0.0,0.04,71.0,22.0,7.5,24.0,8,73.0
15,2005,0,4,0.03,0.03,0.18,0.01,64.0,27.0,7.4,12.0,7,69.0
4,2009,3,19,0.26,0.09,0.0,0.03,71.0,22.0,7.5,24.0,1,73.0
4,2008,9,10,0.8,0.59,0.01,0.16,58.0,9.0,7.5,24.0,1,66.5
18,2012,0,19,0.0,0.0,0.01,0.0,71.0,22.0,7.5,24.0,8,73.0
19,2014,3,19,0.0,0.0,0.03,0.0,71.0,22.0,7.5,24.0,8,73.0
2,2013,3,16,0.0,0.0,0.19,0.0,71.0,22.0,7.5,24.0,8,73.0
28,2004,7,14,1.99,0.58,0.0,0.09,85.0,87.0,8.5,268.0,5,85.0
15,2006,10,15,0.23,0.18,0.0,0.06,69.0,19.0,8.5,8.0,1,77.0
2,2012,0,27,0.0,0.0,0.11,0.0,71.0,22.0,7.5,24.0,8,73.0
25,2014,3,26,0.99,0.85,0.0,0.17,71.0,22.0,8.4,5.0,2,77.5
4,2009,0,2,0.33,0.13,0.0,0.05,47.0,8.0,7.5,24.0,1,61.0
14,2000,0,19,0.34,0.49,0.28,0.1,86.0,13.0,9.0,91.0,5,88.0
18,2006,0,3,0.05,0.0,0.0,0.01,78.0,36.0,7.8,8.0,1,78.0
15,2002,1,1,0.08,0.06,0.0,0.02,68.0,24.0,7.6,8.0,5,72.0
7,2002,0,19,0.08,0.02,0.0,0.0,49.0,7.0,7.5,24.0,7,62.0
15,2002,2,4,0.31,0.24,0.13,0.08,71.0,22.0,7.5,24.0,8,73.0
9,1997,5,19,0.5,0.2,0.31,0.03,71.0,22.0,7.5,24.0,8,73.0
27,2010,3,14,0.05,0.11,0.0,0.02,69.0,10.0,7.5,24.0,7,72.0
12,2010,0,19,0.03,0.0,0.0,0.0,59.0,14.0,5.8,162.0,7,58.5
27,2008,0,26,0.71,0.69,0.02,0.18,85.0,75.0,6.7,288.0,5,76.0
7,2004,8,2,0.31,0.08,0.0,0.01,74.0,31.0,8.9,13.0,7,81.5
15,2001,0,21,0.23,0.18,0.0,0.06,90.0,59.0,8.8,328.0,7,89.0
19,2014,7,18,0.03,0.01,0.02,0.02,72.0,28.0,8.3,35.0,7,77.5
4,2006,7,19,0.0,0.0,0.02,0.0,71.0,22.0,7.5,24.0,8,73.0
18,2007,8,2,0.52,1.02,0.0,0.59,64.0,45.0,7.5,30.0,7,69.5
27,2015,8,10,0.17,0.09,0.0,0.03,71.0,22.0,4.1,65.0,5,56.0
4,2008,3,19,0.08,0.0,0.0,0.01,48.0,15.0,5.3,8.0,1,50.5
4,2009,0,10,0.11,0.01,0.0,0.01,47.0,16.0,7.5,4.0,2,61.0
15,2007,10,24,0.25,0.19,0.0,0.06,71.0,4.0,4.8,4.0,1,59.5
19,2012,0,29,0.07,0.07,0.0,0.03,64.0,19.0,6.8,21.0,2,66.0
15,2003,10,25,0.0,0.0,0.09,0.0,71.0,22.0,7.5,24.0,8,73.0
27,2013,8,4,0.07,0.03,0.01,0.01,58.0,43.0,5.8,142.0,7,58.0
0,1983,0,3,0.72,0.04,0.0,0.01,71.0,22.0,7.5,24.0,8,73.0
15,2003,8,19,0.07,0.06,0.0,0.02,35.0,15.0,5.0,23.0,5,42.5
4,2008,0,9,0.1,0.0,0.0,0.01,71.0,22.0,7.5,24.0,2,73.0
7,2003,9,10,0.43,0.2,0.0,0.03,81.0,30.0,9.0,15.0,7,85.5
27,2007,0,25,0.15,0.06,0.06,0.02,60.0,42.0,7.4,22.0,7,67.0
25,2008,3,19,0.41,0.03,0.0,0.04,82.0,16.0,8.8,36.0,2,85.0
16,2016,0,25,0.0,0.0,0.06,0.0,71.0,22.0,7.5,24.0,8,73.0
4,2007,3,19,0.0,0.0,0.02,0.0,71.0,22.0,7.5,24.0,8,73.0
15,2003,10,19,0.18,0.14,0.0,0.05,83.0,17.0,8.1,12.0,1,82.0
28,2003,11,20,0.04,0.01,0.0,0.0,69.0,20.0,8.4,10.0,7,76.5
27,2007,9,3,0.69,0.04,0.22,0.06,80.0,54.0,7.9,101.0,7,79.5
14,1999,11,19,0.0,0.0,0.21,0.01,71.0,22.0,7.5,24.0,8,73.0
4,2008,9,19,0.09,0.0,0.0,0.01,71.0,22.0,7.5,24.0,1,73.0
12,2009,5,19,0.0,0.04,0.0,0.01,71.0,22.0,7.4,19.0,1,72.5
27,2006,10,24,0.28,0.38,0.0,0.08,81.0,75.0,7.8,69.0,1,79.5
27,2012,6,2,0.09,0.0,0.0,0.01,72.0,7.0,3.4,27.0,1,53.0
27,2014,1,19,0.01,0.0,0.0,0.0,71.0,22.0,7.5,24.0,8,73.0
17,2014,6,26,0.35,1.08,0.03,0.26,61.0,60.0,5.4,575.0,7,57.5
17,2016,10,24,1.25,0.27,0.02,0.34,88.0,47.0,6.7,162.0,1,77.5
19,2015,1,19,0.0,0.0,0.02,0.0,71.0,22.0,7.5,24.0,8,73.0
25,2008,10,23,0.13,0.0,0.0,0.01,71.0,22.0,7.5,24.0,8,73.0
18,2012,2,19,0.0,0.0,0.01,0.0,71.0,22.0,7.5,24.0,8,73.0
25,2008,1,19,0.15,0.0,0.0,0.01,37.0,4.0,3.5,8.0,2,36.0
16,2013,0,12,0.45,0.37,0.44,0.16,80.0,61.0,7.9,746.0,5,79.5
18,2005,7,4,0.24,0.03,1.03,0.04,71.0,34.0,8.6,78.0,7,78.5
15,2010,10,24,0.11,0.09,0.0,0.03,71.0,22.0,7.5,24.0,1,73.0
25,2009,0,23,0.22,0.28,0.0,0.06,62.0,6.0,8.0,4.0,2,71.0
18,2009,0,19,0.0,0.0,0.04,0.0,71.0,22.0,7.5,24.0,8,73.0
18,2007,0,24,0.23,0.01,0.0,0.02,81.0,36.0,7.8,21.0,5,79.5
4,2008,1,19,0.0,0.0,0.03,0.0,71.0,22.0,7.5,24.0,8,73.0
18,2007,6,7,0.02,0.0,0.0,0.0,58.0,7.0,5.3,6.0,7,55.5
7,2004,0,2,0.65,0.17,0.0,0.02,80.0,41.0,8.8,30.0,7,84.0
14,1994,9,19,0.1,0.07,0.0,0.01,71.0,22.0,7.5,24.0,8,73.0
29,2016,7,19,0.41,0.27,0.0,0.07,71.0,22.0,7.5,24.0,8,73.0
25,2007,3,17,3.74,2.24,1.58,0.7,62.0,41.0,6.3,190.0,1,62.5
29,2013,3,26,0.3,0.11,0.0,0.04,71.0,6.0,7.0,58.0,2,70.5
6,2004,8,19,0.02,0.01,0.0,0.0,51.0,9.0,7.2,10.0,5,61.5
18,2006,0,25,0.0,0.0,0.04,0.0,71.0,22.0,7.5,24.0,8,73.0
2,2011,0,16,0.0,0.0,0.3,0.0,46.0,20.0,7.3,14.0,8,59.5
6,2001,4,19,0.02,0.01,0.0,0.0,71.0,22.0,7.5,24.0,8,73.0
6,2001,5,26,0.03,0.01,0.0,0.0,77.0,9.0,7.5,24.0,1,76.0
27,2010,11,19,0.09,0.0,0.0,0.01,71.0,22.0,6.8,17.0,7,69.5
9,1997,6,19,0.32,0.07,0.0,0.0,71.0,22.0,7.5,24.0,8,73.0
19,2015,0,27,0.0,0.0,0.01,0.0,71.0,22.0,7.5,24.0,8,73.0
10,1988,7,16,0.0,0.0,1.25,0.0,71.0,22.0,7.5,24.0,8,73.0
15,2009,1,19,0.0,0.0,0.03,0.0,71.0,22.0,7.5,24.0,8,73.0
15,2002,8,26,1.42,0.4,0.0,0.12,63.0,18.0,8.3,22.0,5,73.0
16,2007,8,26,0.47,0.53,0.03,0.22,86.0,32.0,7.6,81.0,5,81.0
6,2005,11,19,0.0,0.0,0.18,0.0,71.0,22.0,7.5,24.0,8,73.0
16,2011,0,10,0.46,0.56,0.06,0.21,85.0,54.0,7.2,406.0,5,78.5
25,2010,10,10,0.26,0.69,0.0,0.12,73.0,17.0,7.3,8.0,1,73.0
16,2011,8,5,0.06,0.14,0.07,0.05,67.0,36.0,6.3,18.0,5,65.0
4,2008,9,26,0.05,0.01,0.0,0.0,71.0,22.0,7.5,24.0,1,73.0
9,1997,6,19,0.28,0.17,0.0,0.01,71.0,22.0,7.5,24.0,8,73.0
18,2010,1,19,0.0,0.0,0.02,0.0,71.0,22.0,7.5,24.0,8,73.0
7,2003,7,17,0.54,0.21,0.31,0.04,86.0,60.0,8.5,176.0,7,85.5
4,2007,1,19,0.26,0.0,0.0,0.02,71.0,22.0,7.5,24.0,1,73.0
15,2000,10,24,0.12,0.1,0.0,0.03,46.0,15.0,4.6,8.0,1,46.0
27,2014,1,16,0.05,0.04,0.0,0.01,60.0,7.0,6.5,10.0,2,62.5
6,2000,10,12,0.05,0.02,0.0,0.0,71.0,22.0,7.5,24.0,8,73.0
16,2009,3,29,0.24,0.12,0.0,0.06,75.0,36.0,7.6,18.0,2,75.5
28,2003,11,3,0.12,0.03,0.0,0.01,71.0,22.0,7.5,24.0,8,73.0
16,2008,4,23,0.12,0.21,0.0,0.08,51.0,24.0,5.0,7.0,1,50.5
4,2008,9,26,0.2,0.0,0.0,0.02,71.0,22.0,7.5,24.0,1,73.0
18,2009,7,2,0.17,0.04,0.0,0.04,71.0,22.0,7.5,24.0,7,73.0
12,2008,8,10,0.0,0.02,0.0,0.0,84.0,56.0,7.9,516.0,5,81.5
18,2011,7,12,0.0,0.0,0.11,0.0,71.0,22.0,7.5,24.0,8,73.0
7,2002,10,20,0.01,0.0,0.0,0.0,89.0,11.0,7.0,6.0,1,79.5
25,2007,10,12,0.0,0.0,0.03,0.0,71.0,22.0,7.5,24.0,8,73.0
25,2008,9,19,0.33,0.0,0.0,0.03,71.0,22.0,7.5,24.0,1,73.0
4,2007,0,8,0.3,0.01,0.01,0.03,66.0,14.0,7.5,24.0,2,70.5
4,2007,5,19,0.01,0.0,0.0,0.0,70.0,26.0,7.5,24.0,1,72.5
14,1997,0,4,0.0,0.0,0.16,0.01,71.0,22.0,7.5,24.0,8,73.0
25,2010,1,19,0.0,0.03,0.0,0.0,71.0,22.0,7.5,24.0,8,73.0
25,2008,0,2,0.31,0.18,0.0,0.05,71.0,22.0,7.5,24.0,8,73.0
27,2013,4,16,0.04,0.03,0.0,0.01,49.0,7.0,5.1,13.0,2,50.0
7,2006,0,19,0.75,0.19,0.0,0.03,84.0,25.0,9.1,16.0,2,87.5
15,2005,3,21,0.1,0.07,0.0,0.02,71.0,22.0,7.5,24.0,8,73.0
6,2001,5,17,0.0,0.0,0.3,0.01,71.0,22.0,7.5,24.0,8,73.0
2,2011,10,19,0.01,0.0,0.0,0.0,71.0,22.0,7.5,24.0,7,73.0
4,2010,3,19,0.05,0.0,0.0,0.0,71.0,22.0,7.5,24.0,1,73.0
27,2010,0,0,0.21,0.15,0.0,0.04,43.0,51.0,5.6,70.0,7,49.5
15,2008,0,23,0.11,0.09,0.0,0.03,71.0,22.0,8.4,7.0,1,77.5
28,2006,10,10,0.25,0.07,0.0,0.01,75.0,29.0,8.6,17.0,1,80.5
14,2001,0,19,0.04,0.02,0.0,0.0,71.0,22.0,7.5,24.0,8,73.0
18,2006,3,12,0.01,0.0,0.0,0.0,60.0,17.0,6.8,6.0,1,64.0
20,1994,8,1,0.0,0.0,0.25,0.0,71.0,22.0,7.5,24.0,8,73.0
12,2005,11,28,0.0,0.03,0.0,0.0,79.0,39.0,7.1,89.0,7,75.0
27,2011,0,2,0.18,0.05,0.0,0.02,57.0,50.0,6.8,33.0,7,62.5
25,2007,6,26,0.01,0.01,0.0,0.0,59.0,9.0,6.0,20.0,5,59.5
28,2005,4,4,0.1,0.03,0.0,0.0,80.0,12.0,9.2,5.0,1,86.0
10,1988,10,17,1.27,0.32,0.78,0.05,71.0,22.0,7.5,24.0,8,73.0
27,2015,1,19,0.02,0.0,0.0,0.0,71.0,22.0,7.5,24.0,8,73.0
15,2002,1,28,0.22,0.17,0.0,0.06,78.0,27.0,7.4,41.0,5,76.0
14,2001,11,19,0.0,0.0,0.58,0.04,71.0,22.0,7.5,24.0,8,73.0
25,2011,3,19,0.0,0.13,0.0,0.02,71.0,22.0,7.5,24.0,7,73.0
27,2007,10,24,0.11,0.01,0.0,0.01,71.0,43.0,7.4,16.0,2,72.5
18,2006,6,16,0.04,0.0,0.0,0.0,51.0,9.0,7.5,24.0,1,63.0
15,2008,5,19,0.07,0.05,0.0,0.02,68.0,4.0,7.5,24.0,1,71.5
14,2001,0,2,0.57,0.87,0.02,0.09,74.0,15.0,8.7,35.0,1,80.5
9,1996,4,17,6.91,2.85,1.91,0.23,71.0,22.0,7.5,24.0,8,73.0
4,2008,0,12,0.0,0.0,0.05,0.0,71.0,22.0,7.5,24.0,8,73.0
9,2000,4,17,0.63,0.06,1.03,0.04,71.0,22.0,7.5,24.0,8,73.0
15,2002,10,10,0.04,0.03,0.0,0.01,61.0,8.0,7.5,24.0,1,68.0
15,2008,0,25,0.06,0.05,0.0,0.02,52.0,9.0,8.5,13.0,7,68.5
28,2004,2,10,0.46,0.18,0.0,0.03,71.0,22.0,7.5,24.0,8,73.0
18,2008,10,26,0.26,0.03,0.0,0.03,70.0,5.0,7.5,4.0,2,72.5
16,2009,0,10,0.11,0.07,0.0,0.03,43.0,32.0,4.8,13.0,7,45.5
15,2004,0,26,0.52,0.56,0.0,0.17,87.0,45.0,8.6,34.0,7,86.5
28,2004,6,23,0.08,0.02,0.0,0.0,63.0,11.0,6.2,5.0,1,62.5
16,2012,9,12,0.21,0.07,0.09,0.05,73.0,27.0,8.0,42.0,5,76.5
4,2010,3,19,0.0,0.0,0.03,0.0,71.0,22.0,7.5,24.0,8,73.0
19,2014,0,16,0.0,0.0,0.09,0.0,71.0,22.0,7.5,24.0,8,73.0
27,2006,4,20,0.44,0.48,0.0,0.11,46.0,38.0,4.4,455.0,2,45.0
18,2009,0,10,0.18,0.2,0.0,0.12,71.0,22.0,6.6,9.0,1,68.5
25,2009,5,12,0.09,0.05,0.0,0.01,74.0,16.0,7.3,6.0,1,73.5
25,2011,3,0,0.07,0.01,0.0,0.01,71.0,22.0,7.5,24.0,2,73.0
2,2012,3,20,0.0,0.0,0.18,0.0,71.0,22.0,7.5,24.0,8,73.0
6,2004,6,10,0.31,0.12,0.0,0.01,72.0,8.0,8.2,13.0,1,77.0
19,2015,1,19,0.0,0.0,0.03,0.0,71.0,22.0,7.5,24.0,8,73.0
19,2015,7,16,0.0,0.0,0.17,0.0,71.0,22.0,8.8,92.0,7,79.5
16,2011,1,16,0.0,0.0,0.03,0.0,71.0,22.0,7.5,24.0,8,73.0
19,2012,0,12,0.0,0.0,0.09,0.0,71.0,22.0,7.5,24.0,8,73.0
4,2009,1,16,0.0,0.0,0.05,0.0,71.0,22.0,7.5,24.0,8,73.0
16,2012,6,5,0.06,0.19,0.0,0.06,61.0,27.0,5.6,34.0,1,58.5
6,2004,0,23,0.51,0.19,0.0,0.01,46.0,5.0,7.5,24.0,1,60.5
4,2009,9,19,0.02,0.0,0.0,0.0,71.0,22.0,7.5,24.0,1,73.0
15,2004,2,19,0.13,0.1,0.0,0.03,64.0,45.0,6.9,12.0,7,66.5
16,2008,10,25,0.0,0.0,0.0,0.0,71.0,22.0,7.5,24.0,8,73.0
18,2011,7,19,0.0,0.0,0.03,0.0,71.0,22.0,7.5,24.0,8,73.0
28,2002,7,19,0.15,0.04,0.0,0.01,83.0,25.0,8.3,26.0,7,83.0
26,2013,5,29,0.09,0.0,0.0,0.01,71.0,17.0,6.3,39.0,2,67.0
18,2006,5,21,0.0,0.0,0.01,0.0,71.0,22.0,7.5,24.0,8,73.0
15,2006,1,19,0.01,0.01,0.0,0.0,42.0,4.0,7.0,5.0,7,56.0
16,2010,0,12,0.5,0.35,0.1,0.15,85.0,62.0,8.0,468.0,5,82.5
12,2011,0,2,0.05,0.03,0.0,0.01,71.0,22.0,3.5,15.0,2,53.0
17,2014,0,21,0.0,0.03,0.0,0.0,73.0,70.0,7.5,580.0,7,74.0
17,2015,1,19,0.1,0.05,0.0,0.03,71.0,22.0,7.1,18.0,7,71.0
18,2008,4,28,0.11,0.2,0.0,0.11,71.0,22.0,6.5,8.0,2,68.0
29,2016,0,16,0.11,0.07,0.0,0.02,73.0,8.0,7.3,29.0,7,73.0
16,2011,8,2,5.54,5.73,0.49,1.57,88.0,39.0,3.2,5234.0,5,60.0
27,2010,10,10,1.47,0.93,0.0,0.24,80.0,65.0,8.0,127.0,7,80.0
6,2002,10,12,0.0,0.0,0.14,0.0,71.0,22.0,7.5,24.0,8,73.0
25,2009,6,2,0.29,0.15,0.0,0.05,71.0,22.0,7.5,24.0,1,73.0
28,2001,6,15,0.09,0.02,0.0,0.0,57.0,17.0,7.5,24.0,7,66.0
6,2001,4,28,1.29,0.83,0.0,0.11,74.0,16.0,8.0,13.0,1,77.0
27,2011,1,19,0.0,0.0,0.01,0.0,71.0,22.0,7.5,24.0,8,73.0
18,2011,1,11,0.0,0.0,0.03,0.0,71.0,22.0,7.5,24.0,8,73.0
28,2003,8,28,0.01,0.0,0.0,0.0,57.0,17.0,6.7,7.0,5,62.0
16,2013,8,6,0.04,0.02,0.27,0.01,69.0,28.0,7.5,52.0,5,72.0
27,2010,0,10,0.1,0.03,0.0,0.01,60.0,19.0,5.8,10.0,1,59.0
14,1996,8,19,0.49,0.33,0.0,0.06,71.0,22.0,7.5,24.0,8,73.0
28,2004,10,20,0.29,0.08,0.0,0.01,86.0,18.0,8.3,11.0,1,84.5
6,2002,4,23,0.21,0.08,0.0,0.01,46.0,5.0,7.5,24.0,1,60.5
17,2014,0,22,0.16,0.2,0.0,0.07,71.0,22.0,7.5,24.0,8,73.0
18,2012,11,19,0.0,0.0,0.02,0.0,71.0,22.0,7.5,24.0,8,73.0
19,2015,3,18,0.09,0.04,0.15,0.04,76.0,51.0,8.6,83.0,7,81.0
22,1995,10,12,0.0,0.0,0.16,0.0,71.0,22.0,7.5,24.0,8,73.0
18,2007,0,10,0.1,0.17,0.0,0.1,52.0,11.0,7.6,20.0,2,64.0
15,2004,7,2,1.0,0.72,0.0,0.21,79.0,48.0,8.5,69.0,7,82.0
15,2007,0,29,0.19,0.15,0.0,0.05,38.0,10.0,3.9,7.0,2,38.5
16,2009,10,5,0.0,0.15,0.0,0.01,71.0,22.0,7.5,24.0,8,73.0
29,2016,10,10,0.43,2.05,0.0,0.17,84.0,50.0,5.5,201.0,1,69.5
18,2011,7,22,0.0,0.0,0.16,0.0,71.0,22.0,7.5,24.0,8,73.0
14,1998,11,2,0.15,0.11,0.0,0.02,71.0,22.0,7.5,24.0,8,73.0
27,2008,11,26,0.58,0.24,0.01,0.09,77.0,63.0,7.2,53.0,7,74.5
15,2009,2,23,0.14,0.11,0.0,0.04,71.0,22.0,7.5,24.0,2,73.0
27,2008,8,3,0.08,0.15,0.0,0.03,47.0,39.0,7.1,87.0,5,59.0
12,2010,9,10,0.0,0.29,0.0,0.17,74.0,25.0,7.3,51.0,7,73.5
4,2010,5,7,0.1,0.0,0.0,0.01,71.0,22.0,7.5,24.0,8,73.0
6,2003,7,12,0.1,0.04,0.0,0.0,83.0,31.0,9.6,16.0,1,89.5
6,2004,1,17,0.0,0.0,0.08,0.0,71.0,22.0,7.5,24.0,8,73.0
4,2008,6,19,0.05,0.0,0.0,0.0,71.0,22.0,7.5,24.0,1,73.0
0,1981,4,2,4.21,0.24,0.0,0.05,71.0,22.0,7.5,24.0,8,73.0
15,2002,2,19,0.0,0.0,0.04,0.0,71.0,22.0,7.5,24.0,8,73.0
29,2015,10,2,0.09,0.02,0.0,0.01,39.0,18.0,2.1,132.0,7,30.0
14,1998,0,19,0.13,0.09,0.0,0.02,71.0,22.0,7.5,24.0,8,73.0
12,2012,7,19,0.07,0.08,0.0,0.02,74.0,55.0,8.2,1326.0,5,78.0
15,2001,4,12,0.6,0.47,0.0,0.16,32.0,6.0,4.6,29.0,1,39.0
29,2016,0,26,0.03,0.04,0.0,0.01,74.0,13.0,7.6,24.0,5,75.0
25,2008,10,3,0.2,0.0,0.0,0.02,71.0,22.0,7.5,24.0,8,73.0
18,2010,1,11,0.0,0.0,0.02,0.0,71.0,22.0,7.5,24.0,8,73.0
15,2009,2,23,0.53,0.01,0.0,0.54,71.0,22.0,7.7,31.0,7,74.0
10,1988,4,17,0.59,0.14,0.81,0.02,71.0,22.0,7.5,24.0,8,73.0
18,2009,3,24,0.06,0.02,0.0,0.02,80.0,44.0,7.8,12.0,1,79.0
6,2002,4,8,0.18,0.07,0.0,0.0,71.0,22.0,7.5,24.0,8,73.0
2,2011,2,19,0.13,0.21,0.07,0.03,79.0,62.0,8.2,113.0,7,80.5
28,2003,0,23,0.48,0.16,0.0,0.02,63.0,11.0,7.5,24.0,1,69.0
4,2009,11,7,0.06,0.0,0.0,0.0,61.0,23.0,7.5,24.0,7,68.0
7,2002,8,10,0.56,0.15,0.0,0.02,74.0,16.0,6.8,25.0,7,71.0
4,2008,1,19,0.0,0.0,0.02,0.0,71.0,22.0,7.5,24.0,8,73.0
18,2011,1,19,0.0,0.0,0.02,0.0,71.0,22.0,7.5,24.0,8,73.0
16,2010,10,19,0.0,0.08,0.0,0.02,71.0,22.0,7.5,24.0,8,73.0
2,2016,0,19,0.0,0.0,0.22,0.0,71.0,22.0,7.5,24.0,8,73.0
6,2002,4,23,0.2,0.07,0.0,0.01,71.0,22.0,7.5,24.0,8,73.0
27,2012,0,20,0.12,0.02,0.02,0.01,73.0,38.0,7.9,105.0,5,76.0
14,1997,0,16,0.0,0.0,0.34,0.02,71.0,22.0,7.5,24.0,8,73.0
6,2005,3,30,0.18,0.07,0.0,0.0,71.0,22.0,7.5,24.0,8,73.0
22,1993,10,19,0.0,0.0,0.17,0.0,71.0,22.0,7.5,24.0,8,73.0
4,2008,7,19,0.04,0.0,0.0,0.0,71.0,22.0,7.5,24.0,8,73.0
15,2003,2,20,0.35,0.27,0.0,0.09,93.0,30.0,9.0,48.0,7,91.5
7,2002,3,19,0.1,0.03,0.0,0.0,71.0,22.0,7.5,24.0,8,73.0
14,1998,5,19,0.05,0.03,0.0,0.01,71.0,22.0,7.5,24.0,8,73.0
6,2002,2,19,0.0,0.0,0.03,0.0,71.0,22.0,7.5,24.0,8,73.0
6,2004,7,26,0.03,0.01,0.0,0.0,65.0,25.0,7.5,24.0,1,70.0
15,2008,2,19,0.0,0.0,0.03,0.0,71.0,22.0,7.5,24.0,8,73.0
6,2005,4,23,0.33,0.12,0.0,0.01,71.0,22.0,7.5,24.0,8,73.0
15,2003,4,28,0.26,0.2,0.0,0.07,59.0,17.0,8.6,14.0,1,72.5
27,2015,10,26,0.0,0.03,0.0,0.0,71.0,22.0,8.0,5.0,1,75.5
15,2002,0,19,0.04,0.03,0.0,0.01,27.0,10.0,3.8,19.0,7,32.5
4,2009,11,19,0.05,0.0,0.0,0.0,42.0,5.0,7.5,24.0,2,58.5
18,2007,10,20,0.0,0.33,0.0,0.0,71.0,22.0,7.5,24.0,8,73.0
14,2000,7,16,0.23,0.16,0.16,0.04,42.0,5.0,7.6,47.0,1,59.0
18,2011,9,16,0.0,0.0,0.12,0.0,71.0,22.0,7.5,24.0,8,73.0
14,2000,6,21,0.08,0.05,0.0,0.01,69.0,9.0,7.3,14.0,1,71.0
25,2008,3,15,1.28,0.43,0.0,0.17,29.0,7.0,4.6,7.0,1,37.5
19,2015,0,6,0.0,0.0,0.02,0.0,71.0,22.0,7.5,24.0,8,73.0
15,2001,8,16,0.26,0.2,0.0,0.07,81.0,21.0,7.9,20.0,7,80.0
27,2011,3,23,0.01,0.01,0.0,0.0,54.0,5.0,5.7,6.0,1,55.5
6,2004,3,27,0.46,0.17,0.0,0.01,71.0,22.0,7.5,24.0,8,73.0
27,2009,1,19,0.0,0.0,0.04,0.0,71.0,22.0,7.5,24.0,8,73.0
12,2004,11,10,0.01,0.06,0.0,0.01,82.0,42.0,8.6,199.0,7,84.0
14,1995,10,10,0.09,0.06,0.0,0.01,71.0,22.0,7.5,24.0,8,73.0
19,2016,1,19,0.03,0.0,0.02,0.01,83.0,31.0,8.3,116.0,5,83.0
18,2012,0,16,0.0,0.0,0.04,0.0,71.0,22.0,7.5,24.0,8,73.0
4,2008,9,26,0.0,0.0,0.01,0.0,71.0,22.0,7.5,24.0,8,73.0
4,2007,3,19,0.12,0.0,0.0,0.01,71.0,22.0,7.5,24.0,1,73.0
25,2008,0,19,0.11,0.0,0.0,0.01,53.0,19.0,8.1,14.0,5,67.0
15,2000,10,25,0.0,0.0,0.06,0.0,71.0,22.0,7.5,24.0,8,73.0
14,1996,3,21,2.28,1.55,0.16,0.06,71.0,22.0,7.5,24.0,8,73.0
18,2008,7,19,0.06,0.0,0.08,0.01,61.0,12.0,7.1,12.0,7,66.0
4,2008,3,12,0.0,0.0,0.32,0.0,71.0,22.0,7.5,24.0,8,73.0
25,2009,0,19,0.13,0.04,0.0,0.02,71.0,22.0,7.5,24.0,1,73.0
20,1995,7,20,0.0,0.0,0.29,0.0,71.0,22.0,7.5,24.0,8,73.0
14,1999,10,19,0.0,0.0,1.06,0.07,71.0,22.0,7.5,24.0,8,73.0
7,2002,8,9,0.34,0.09,0.0,0.01,88.0,18.0,9.0,65.0,7,89.0
26,2014,0,17,0.0,0.03,0.08,0.0,67.0,58.0,7.6,226.0,5,71.5
0,1982,0,19,0.32,0.02,0.0,0.0,71.0,22.0,7.5,24.0,8,73.0
28,2003,10,10,0.13,0.04,0.0,0.01,85.0,21.0,6.5,31.0,1,75.0
27,2006,2,10,1.33,0.03,0.01,0.1,86.0,67.0,8.8,264.0,7,87.0
28,2003,11,19,0.03,0.01,0.0,0.0,74.0,11.0,8.8,6.0,1,81.0
28,2002,0,2,1.07,0.28,0.0,0.05,79.0,29.0,7.5,11.0,1,77.0
16,2013,9,19,0.0,0.09,0.02,0.02,40.0,17.0,2.9,9.0,1,34.5
2,2015,7,19,0.02,0.0,0.01,0.0,71.0,22.0,7.5,24.0,8,73.0
25,2010,3,12,0.29,0.02,0.0,0.02,65.0,5.0,7.5,24.0,7,70.0
15,2003,7,19,0.21,0.16,0.0,0.05,74.0,22.0,8.2,33.0,7,78.0
15,2010,2,19,0.0,0.0,0.01,0.0,71.0,22.0,7.5,24.0,8,73.0
4,2010,3,19,0.0,0.0,0.02,0.0,71.0,22.0,7.5,24.0,8,73.0
19,2015,7,19,0.0,0.0,0.15,0.0,71.0,22.0,7.5,24.0,8,73.0
6,2002,0,17,1.75,0.52,0.33,0.1,95.0,30.0,9.1,314.0,1,93.0
18,2010,1,19,0.0,0.0,0.02,0.0,71.0,22.0,7.5,24.0,8,73.0
4,2008,3,19,0.03,0.0,0.0,0.0,71.0,22.0,7.5,24.0,1,73.0
22,1994,7,19,0.0,0.0,0.03,0.0,71.0,22.0,7.5,24.0,8,73.0
15,2005,0,12,0.34,0.01,0.15,0.06,94.0,53.0,9.3,439.0,5,93.5
16,2013,0,16,0.0,0.0,0.19,0.0,71.0,22.0,7.5,24.0,8,73.0
27,2010,10,19,0.0,0.02,0.0,0.0,71.0,22.0,7.5,24.0,8,73.0
14,2000,5,16,0.25,0.17,0.0,0.03,71.0,22.0,7.5,24.0,8,73.0
28,2004,6,2,0.07,0.02,0.0,0.0,79.0,39.0,7.5,24.0,1,77.0
14,1998,10,12,0.0,0.0,0.71,0.05,94.0,4.0,8.7,40.0,1,90.5
4,2010,7,17,0.51,0.09,0.13,0.05,79.0,63.0,8.1,86.0,2,80.0
2,2011,3,19,0.09,0.0,0.0,0.01,67.0,5.0,7.3,8.0,2,70.0
16,2011,7,22,0.17,0.13,0.03,0.05,71.0,52.0,6.3,86.0,7,67.0
17,2016,0,25,0.0,0.0,0.03,0.0,71.0,22.0,7.5,24.0,8,73.0
16,2007,6,20,0.07,0.42,0.0,0.14,75.0,40.0,7.0,20.0,1,72.5
6,2001,0,23,0.11,0.04,0.0,0.0,71.0,22.0,7.5,24.0,1,73.0
14,1996,2,1,0.35,0.24,0.0,0.04,71.0,22.0,7.5,24.0,8,73.0
25,2009,6,26,0.16,0.0,0.0,0.01,71.0,22.0,5.2,9.0,1,61.5
4,2008,0,23,0.52,0.0,0.0,0.04,71.0,22.0,6.0,5.0,1,65.5
15,2007,0,25,0.11,0.09,0.64,0.03,55.0,14.0,8.2,16.0,7,68.5
15,2005,6,19,0.11,0.09,0.0,0.03,71.0,22.0,8.0,5.0,1,75.5
4,2008,10,19,0.04,0.02,0.0,0.0,71.0,22.0,7.5,24.0,1,73.0
15,2005,3,21,0.15,0.12,0.0,0.04,71.0,22.0,7.5,24.0,8,73.0
6,2003,2,15,0.01,0.0,0.0,0.0,75.0,14.0,8.1,8.0,5,78.0
18,2010,1,21,0.0,0.0,0.05,0.0,71.0,22.0,7.5,24.0,8,73.0
7,2004,8,19,0.01,0.0,0.0,0.0,71.0,22.0,7.5,24.0,7,73.0
27,2006,0,28,0.12,0.01,0.0,0.01,48.0,32.0,5.7,24.0,7,52.5
20,1995,2,20,0.0,0.0,0.42,0.0,71.0,22.0,7.5,24.0,8,73.0
7,2003,3,19,0.02,0.0,0.0,0.0,71.0,22.0,8.0,5.0,1,75.5
4,2012,0,29,0.0,0.12,0.0,0.01,71.0,22.0,7.5,24.0,2,73.0
4,2010,0,26,0.14,0.01,0.0,0.01,57.0,7.0,6.3,6.0,2,60.0
22,1995,4,19,0.0,0.0,0.04,0.0,71.0,22.0,7.5,24.0,8,73.0
18,2007,7,19,0.0,0.0,0.02,0.0,71.0,22.0,7.5,24.0,8,73.0
14,1999,10,16,0.0,0.0,0.31,0.02,71.0,22.0,7.5,24.0,8,73.0
12,2010,0,10,0.04,0.01,0.0,0.01,54.0,7.0,6.8,9.0,1,61.0
25,2010,3,26,0.0,0.11,0.0,0.02,71.0,22.0,7.5,24.0,8,73.0
6,2004,8,17,0.08,0.03,0.12,0.01,71.0,22.0,7.5,24.0,8,73.0
29,2016,8,7,0.06,0.07,0.0,0.01,49.0,12.0,4.1,106.0,5,45.0
20,1995,8,12,0.0,0.0,0.16,0.0,71.0,22.0,7.5,24.0,8,73.0
4,2008,1,12,0.03,0.01,0.11,0.0,64.0,24.0,7.8,21.0,7,71.0
14,1994,7,19,0.0,0.0,0.08,0.01,71.0,22.0,7.5,24.0,8,73.0
15,2002,0,10,0.04,0.03,0.0,0.01,63.0,4.0,7.5,24.0,1,69.0
18,2006,7,21,0.21,0.0,0.1,0.02,87.0,45.0,8.2,74.0,7,84.5
27,2016,10,12,0.01,0.02,0.0,0.0,71.0,22.0,6.5,17.0,1,68.0
14,1998,6,19,0.21,0.14,0.0,0.02,71.0,22.0,7.5,24.0,8,73.0
27,2008,3,2,1.0,0.13,0.0,0.1,70.0,59.0,6.7,48.0,7,68.5
27,2012,6,5,0.08,0.13,0.0,0.02,75.0,53.0,6.4,53.0,2,69.5
27,2006,0,9,0.1,0.03,0.01,0.01,73.0,57.0,7.2,52.0,5,72.5
4,2009,1,19,0.0,0.0,0.02,0.0,71.0,22.0,7.5,24.0,8,73.0
16,2013,0,25,0.0,0.0,0.23,0.0,64.0,35.0,7.5,25.0,7,69.5
25,2008,3,19,0.93,0.01,0.0,0.08,92.0,10.0,7.7,45.0,7,84.5
4,2009,1,26,0.07,0.08,0.0,0.02,71.0,22.0,7.5,24.0,8,73.0
18,2010,1,19,0.0,0.0,0.02,0.0,71.0,22.0,7.5,24.0,8,73.0
15,2000,10,12,0.09,0.07,0.0,0.02,71.0,22.0,7.5,24.0,8,73.0
2,2016,3,17,0.08,0.13,0.08,0.02,68.0,37.0,6.8,16.0,1,68.0
15,2007,7,22,0.03,0.03,0.01,0.01,71.0,22.0,7.5,24.0,7,73.0
27,2006,8,28,0.28,0.03,0.0,0.03,85.0,44.0,7.3,131.0,5,79.0
3,2001,7,20,0.0,0.0,0.19,0.0,80.0,10.0,8.9,18.0,7,84.5
16,2007,8,15,0.33,0.23,0.0,0.1,86.0,42.0,7.7,127.0,5,81.5
4,2010,1,19,0.05,0.03,0.0,0.01,71.0,22.0,7.5,24.0,1,73.0
2,2013,7,22,0.0,0.0,0.05,0.0,71.0,22.0,7.5,24.0,8,73.0
19,2016,0,19,0.0,0.0,0.03,0.0,71.0,22.0,7.5,24.0,8,73.0
14,2000,7,19,0.2,0.14,4.1,0.02,71.0,22.0,7.5,24.0,8,73.0
2,2011,0,25,0.12,0.05,0.2,0.01,61.0,30.0,7.7,35.0,7,69.0
14,2000,10,19,0.15,0.1,0.0,0.02,71.0,22.0,7.5,24.0,8,73.0
14,1998,2,21,3.27,2.22,1.4,0.29,96.0,15.0,9.1,367.0,7,93.5
2,2014,0,25,0.0,0.0,0.08,0.0,63.0,13.0,6.1,10.0,7,62.0
25,2008,10,19,0.0,0.0,0.02,0.0,71.0,22.0,7.5,24.0,8,73.0
18,2006,8,3,0.02,0.0,0.0,0.0,57.0,13.0,7.5,24.0,2,66.0
16,2012,0,16,0.0,0.0,0.02,0.0,71.0,22.0,7.5,24.0,8,73.0
4,2009,3,19,0.02,0.0,0.0,0.0,60.0,4.0,7.5,24.0,1,67.5
18,2009,0,23,0.39,0.0,0.0,0.0,71.0,22.0,7.5,24.0,8,73.0
4,2010,1,16,0.0,0.0,0.07,0.0,71.0,22.0,7.5,24.0,8,73.0
17,2015,2,25,0.09,0.13,0.08,0.04,71.0,22.0,7.5,24.0,8,73.0
4,2007,11,23,0.07,0.24,0.0,0.04,81.0,25.0,9.1,22.0,2,86.0
7,2005,10,2,0.03,0.01,0.0,0.0,71.0,22.0,8.8,9.0,7,79.5
18,2005,11,19,0.0,0.0,0.09,0.0,71.0,22.0,7.5,24.0,8,73.0
15,2010,10,21,0.2,0.16,0.0,0.05,71.0,22.0,7.5,24.0,1,73.0
18,2011,0,6,0.0,0.0,0.02,0.0,71.0,22.0,7.5,24.0,8,73.0
28,2001,10,23,0.08,0.02,0.0,0.0,71.0,26.0,7.5,24.0,7,73.0
7,2004,10,10,0.2,0.05,0.0,0.01,89.0,25.0,8.5,11.0,1,87.0
2,2011,0,20,0.26,0.15,0.05,0.04,55.0,57.0,5.5,31.0,1,55.0
28,2004,3,30,0.17,0.05,0.0,0.01,71.0,22.0,7.5,24.0,8,73.0
16,2015,10,24,0.22,0.21,0.0,0.08,71.0,22.0,6.0,21.0,7,65.5
29,2014,8,2,3.22,1.55,0.01,0.48,81.0,53.0,5.4,898.0,5,67.5
19,2012,2,4,0.1,0.04,0.01,0.03,79.0,25.0,7.5,66.0,7,77.0
25,2010,11,26,0.14,0.03,0.0,0.01,71.0,22.0,7.5,24.0,2,73.0
18,2006,2,21,0.0,0.0,0.07,0.0,71.0,22.0,7.5,24.0,8,73.0
5,1999,10,12,0.0,0.0,0.17,0.0,71.0,22.0,7.5,24.0,8,73.0
15,2007,0,24,0.19,0.15,0.0,0.05,36.0,7.0,6.4,17.0,7,50.0
28,2002,9,14,0.05,0.02,0.02,0.0,83.0,20.0,8.5,20.0,7,84.0
16,2016,2,19,0.02,0.02,0.02,0.01,71.0,22.0,7.5,24.0,7,73.0
16,2013,7,18,0.07,0.01,0.06,0.02,65.0,18.0,8.7,41.0,7,76.0
16,2014,1,19,0.05,0.02,0.0,0.02,71.0,22.0,8.2,48.0,8,76.5
27,2011,8,2,9.04,4.24,0.13,1.32,88.0,81.0,3.4,8713.0,5,61.0
25,2008,0,20,0.28,0.01,0.0,0.02,46.0,21.0,7.5,24.0,7,60.5
6,2005,0,20,0.0,0.0,0.7,0.02,71.0,22.0,7.5,24.0,8,73.0
4,2010,9,19,0.09,0.0,0.0,0.01,71.0,22.0,7.5,24.0,1,73.0
28,2004,6,16,0.18,0.05,0.0,0.01,71.0,22.0,7.5,24.0,8,73.0
27,2009,0,2,0.42,0.21,0.0,0.06,71.0,22.0,7.5,24.0,8,73.0
15,2007,3,19,0.0,0.0,0.05,0.0,71.0,22.0,7.5,24.0,8,73.0
14,1998,10,19,0.15,0.1,0.12,0.03,71.0,22.0,7.5,24.0,8,73.0
28,2002,10,12,0.02,0.01,0.0,0.0,71.0,8.0,7.5,24.0,7,73.0
18,2014,0,11,0.0,0.0,0.02,0.0,71.0,22.0,7.5,24.0,8,73.0
27,2011,0,12,0.0,0.0,0.01,0.0,71.0,22.0,7.5,24.0,5,73.0
2,2015,0,19,0.0,0.0,0.05,0.0,71.0,22.0,7.5,24.0,8,73.0
14,1998,10,15,1.41,0.05,0.0,0.04,71.0,22.0,7.5,24.0,8,73.0
25,2007,9,26,0.39,0.0,0.0,0.03,71.0,22.0,7.5,24.0,1,73.0
15,2002,2,26,0.16,0.12,0.0,0.04,68.0,19.0,8.0,8.0,7,74.0
25,2009,8,2,0.24,0.19,0.0,0.05,71.0,22.0,7.5,24.0,8,73.0
26,2016,0,0,0.0,0.03,0.0,0.0,71.0,22.0,6.9,7.0,7,70.0
9,2001,10,10,0.41,0.02,0.0,0.0,71.0,22.0,7.5,24.0,8,73.0
2,2016,7,17,2.98,1.45,2.26,0.45,71.0,22.0,7.5,24.0,8,73.0
15,2005,4,21,0.06,0.05,0.0,0.02,77.0,51.0,8.5,22.0,2,81.0
19,2011,0,25,0.05,0.06,0.11,0.02,67.0,35.0,7.5,73.0,7,71.0
12,2014,7,16,0.08,0.08,0.0,0.01,91.0,36.0,7.1,2318.0,7,81.0
18,2006,0,16,0.03,0.0,0.0,0.0,63.0,14.0,6.0,7.0,7,61.5
14,1995,5,19,0.03,0.02,0.0,0.0,71.0,22.0,7.5,24.0,8,73.0
9,1996,9,19,0.0,0.0,0.12,0.04,71.0,22.0,7.5,24.0,8,73.0
6,2004,3,27,0.15,0.05,0.0,0.0,71.0,22.0,7.5,24.0,8,73.0
4,2008,6,30,0.11,0.0,0.0,0.01,71.0,22.0,7.5,24.0,8,73.0
15,2005,0,16,0.0,0.0,0.44,0.0,71.0,22.0,7.5,24.0,8,73.0
27,2010,10,3,0.11,0.0,0.0,0.01,71.0,22.0,7.5,24.0,8,73.0
6,2002,4,19,0.02,0.01,0.0,0.0,71.0,22.0,7.5,24.0,8,73.0
27,2008,0,16,0.07,0.03,0.08,0.01,49.0,30.0,7.0,18.0,7,59.5
4,2009,1,25,0.0,0.0,0.08,0.0,71.0,22.0,7.5,24.0,8,73.0
27,2008,0,20,0.16,0.23,0.0,0.05,68.0,67.0,8.0,88.0,5,74.0
15,2009,1,19,0.0,0.0,0.13,0.0,71.0,22.0,7.5,24.0,8,73.0
14,1998,2,19,0.14,0.1,0.0,0.02,71.0,22.0,7.5,24.0,8,73.0
19,2014,7,18,0.03,0.03,0.08,0.02,71.0,22.0,7.5,24.0,8,73.0
27,2008,2,26,0.92,0.43,0.07,0.15,85.0,62.0,7.9,157.0,7,82.0
6,2004,5,13,0.02,0.01,0.0,0.0,71.0,22.0,7.5,24.0,8,73.0
14,1999,8,19,0.01,0.01,0.0,0.0,67.0,8.0,7.5,24.0,1,71.0
12,2016,11,24,0.09,0.12,0.0,0.02,88.0,104.0,7.1,1221.0,7,79.5
16,2015,10,19,0.0,0.02,0.0,0.0,71.0,22.0,7.5,24.0,1,73.0
18,2009,3,8,0.13,0.01,0.0,0.02,71.0,22.0,7.5,24.0,8,73.0
25,2007,10,19,0.21,0.0,0.0,0.02,71.0,22.0,7.5,24.0,8,73.0
15,2004,0,21,0.39,1.01,0.02,0.36,57.0,53.0,7.6,47.0,5,66.5
4,2009,3,26,0.07,0.0,0.0,0.01,71.0,22.0,7.5,24.0,1,73.0
17,2016,10,12,0.02,0.27,0.11,0.05,85.0,61.0,7.6,478.0,1,80.5
14,1996,2,19,0.0,0.0,0.26,0.02,71.0,22.0,7.5,24.0,8,73.0
16,2012,10,10,0.24,0.21,0.0,0.08,75.0,14.0,5.7,9.0,1,66.0
2,2016,0,16,0.0,0.0,0.1,0.0,71.0,22.0,7.5,24.0,8,73.0
15,2005,0,28,0.02,0.02,0.0,0.01,47.0,17.0,5.0,7.0,5,48.5
7,2003,10,10,0.12,0.03,0.0,0.0,89.0,16.0,7.8,6.0,1,83.5
18,2010,8,10,0.12,0.13,0.0,0.08,49.0,11.0,6.0,32.0,5,54.5
8,1992,1,20,0.0,0.0,0.12,0.0,71.0,22.0,7.5,24.0,8,73.0
6,2004,4,28,0.46,0.17,0.0,0.01,67.0,23.0,6.6,12.0,1,66.5
4,2007,4,0,0.01,0.0,0.0,0.0,71.0,22.0,7.5,24.0,8,73.0
18,2007,9,12,0.09,0.0,0.0,0.01,51.0,25.0,7.5,24.0,7,63.0
15,2009,0,19,0.17,0.01,0.0,0.08,71.0,22.0,8.3,9.0,7,77.0
9,2000,0,4,0.14,0.03,0.05,0.0,71.0,22.0,7.5,24.0,8,73.0
25,2009,0,19,0.14,0.01,0.0,0.01,71.0,22.0,5.9,13.0,2,65.0
4,2005,9,17,9.05,10.95,1.93,2.74,71.0,22.0,7.5,24.0,8,73.0
14,1995,2,19,0.17,0.11,0.43,0.05,71.0,22.0,7.5,24.0,8,73.0
19,2014,0,29,0.04,0.19,0.0,0.07,71.0,22.0,5.6,14.0,2,63.5
17,2016,8,4,0.04,0.0,0.0,0.01,71.0,22.0,7.5,24.0,8,73.0
29,2016,8,14,0.78,0.44,0.0,0.12,84.0,96.0,6.2,815.0,5,73.0
7,2004,8,19,0.03,0.01,0.0,0.0,71.0,22.0,7.5,24.0,8,73.0
4,2008,9,26,0.56,0.0,0.0,0.05,71.0,22.0,7.5,24.0,8,73.0
18,2006,5,6,0.04,0.0,0.0,0.0,74.0,19.0,7.8,6.0,1,76.0
19,2011,1,19,0.0,0.0,0.05,0.0,71.0,22.0,7.5,24.0,8,73.0
16,2010,0,10,0.13,0.2,0.0,0.07,38.0,27.0,2.8,23.0,7,33.0
17,2016,0,19,0.02,0.0,0.0,0.0,57.0,11.0,7.8,9.0,7,67.5
17,2015,1,19,0.0,0.0,0.05,0.0,81.0,17.0,8.3,29.0,5,82.0
12,2012,8,2,0.64,0.69,0.0,0.19,74.0,11.0,4.2,1635.0,5,58.0
19,2016,0,16,0.0,0.0,0.05,0.0,71.0,22.0,7.5,24.0,8,73.0
28,2005,4,19,0.01,0.0,0.0,0.0,57.0,6.0,7.5,24.0,2,66.0
6,2004,7,19,0.07,0.03,0.0,0.0,76.0,26.0,9.2,21.0,7,84.0
29,2016,8,19,0.02,0.0,0.0,0.0,70.0,4.0,7.5,24.0,5,72.5
6,2004,10,19,0.01,0.0,0.0,0.0,78.0,13.0,9.5,4.0,7,86.5
18,2013,1,19,0.0,0.0,0.02,0.0,71.0,22.0,7.5,24.0,8,73.0
4,2007,3,17,0.86,1.56,1.05,0.35,59.0,22.0,4.0,4.0,1,49.5
25,2008,10,10,0.8,0.47,0.0,0.14,81.0,18.0,8.7,34.0,1,84.0
2,2013,7,19,0.23,0.12,0.04,0.04,47.0,14.0,6.0,24.0,2,53.5
29,2014,0,26,2.27,0.9,0.0,0.33,72.0,59.0,4.1,1005.0,5,56.5
14,1999,10,21,0.25,0.12,1.48,0.03,71.0,22.0,7.5,24.0,8,73.0
7,2006,6,16,0.06,0.02,0.0,0.0,57.0,10.0,7.8,4.0,1,67.5
6,2002,3,3,0.13,0.05,0.0,0.0,75.0,7.0,7.5,24.0,1,75.0
27,2012,1,14,0.38,0.15,0.0,0.05,68.0,31.0,5.1,15.0,1,59.5
15,2001,10,21,0.99,0.32,1.38,0.2,85.0,30.0,8.9,16.0,1,87.0
16,2012,0,21,0.14,0.11,0.0,0.05,70.0,52.0,7.3,57.0,2,71.5
16,2013,8,16,0.0,0.0,0.1,0.0,71.0,22.0,7.5,24.0,8,73.0
4,2007,3,25,0.0,0.0,0.02,0.0,71.0,22.0,7.5,24.0,8,73.0
4,2011,11,2,0.05,0.02,0.0,0.01,71.0,22.0,7.5,24.0,2,73.0
16,2008,8,2,0.09,0.0,0.0,0.01,71.0,22.0,7.5,24.0,8,73.0
2,2013,0,16,0.0,0.0,0.03,0.0,71.0,22.0,7.5,24.0,8,73.0
15,2005,0,25,0.11,0.08,0.35,0.03,57.0,22.0,9.1,26.0,7,74.0
16,2010,10,26,0.11,0.17,0.0,0.06,45.0,17.0,4.3,8.0,1,44.0
18,2011,1,19,0.0,0.0,0.03,0.0,71.0,22.0,7.5,24.0,8,73.0
15,2000,6,19,0.66,0.52,0.15,0.17,76.0,15.0,8.9,64.0,1,82.5
14,2001,0,19,0.24,0.17,0.0,0.03,71.0,22.0,7.5,24.0,8,73.0
7,2003,8,4,0.06,0.02,0.0,0.0,71.0,22.0,7.5,24.0,8,73.0
12,1999,11,19,1.55,0.0,0.0,0.0,71.0,22.0,7.5,24.0,8,73.0
14,1998,6,19,0.02,0.01,0.0,0.0,71.0,22.0,7.5,24.0,8,73.0
28,2002,0,19,0.28,0.08,0.0,0.01,79.0,28.0,8.9,20.0,5,84.0
27,2007,0,24,0.1,0.01,0.0,0.01,45.0,30.0,5.4,16.0,7,49.5
15,2004,0,10,0.22,0.05,1.06,0.02,73.0,37.0,8.7,23.0,7,80.0
4,2009,3,2,0.09,0.01,0.0,0.01,71.0,22.0,7.5,24.0,1,73.0
8,1991,4,20,3.03,0.91,0.26,0.13,71.0,22.0,7.5,24.0,8,73.0
12,2007,4,2,0.02,0.0,0.0,0.0,62.0,16.0,7.1,29.0,7,66.5
25,2011,3,19,0.06,0.04,0.0,0.01,71.0,22.0,7.5,24.0,7,73.0
17,2016,8,10,1.1,2.15,0.21,0.61,88.0,31.0,8.4,809.0,5,86.0
16,2009,8,5,0.07,0.01,0.0,0.01,36.0,36.0,2.8,40.0,5,32.0
15,2002,8,4,0.07,0.06,0.08,0.02,50.0,18.0,6.3,8.0,5,56.5
12,2007,11,28,0.0,0.03,0.0,0.01,89.0,44.0,8.1,301.0,7,85.0
6,2004,7,4,0.0,0.0,0.08,0.0,71.0,22.0,7.5,24.0,8,73.0
12,2010,11,22,0.0,0.15,0.0,0.04,77.0,54.0,6.2,803.0,2,69.5
18,2011,11,19,0.0,0.0,0.42,0.0,71.0,22.0,7.5,24.0,8,73.0
2,2014,9,19,0.0,0.0,0.03,0.0,71.0,22.0,7.5,24.0,8,73.0
7,2003,0,19,0.05,0.01,0.0,0.0,71.0,22.0,7.5,24.0,8,73.0
25,2008,9,19,0.06,0.03,0.0,0.01,65.0,12.0,7.0,5.0,2,67.5
15,2011,2,23,0.05,0.04,0.0,0.01,71.0,22.0,3.4,5.0,7,52.5
2,2013,7,19,0.0,0.0,1.51,0.0,71.0,22.0,7.5,24.0,8,73.0
6,2003,4,23,1.04,0.37,0.0,0.06,71.0,22.0,7.5,24.0,1,73.0
2,2015,0,17,0.0,0.01,0.08,0.0,58.0,16.0,6.4,69.0,2,61.0
4,2005,3,20,0.08,0.0,0.0,0.01,61.0,13.0,7.5,24.0,7,68.0
5,1991,7,19,0.0,0.0,0.76,0.0,71.0,22.0,7.5,24.0,8,73.0
15,2002,10,10,0.8,0.63,0.0,0.21,88.0,18.0,8.9,18.0,1,88.5
25,2006,0,26,0.1,0.01,0.0,0.01,61.0,12.0,7.4,16.0,5,67.5
14,1999,8,3,0.25,0.17,0.0,0.03,71.0,22.0,7.5,24.0,8,73.0
14,2000,3,19,0.03,0.02,0.0,0.0,71.0,22.0,7.5,24.0,8,73.0
25,2009,3,19,0.21,0.0,0.0,0.02,71.0,22.0,7.5,24.0,7,73.0
25,2006,0,0,0.0,0.0,0.07,0.0,71.0,22.0,7.5,24.0,8,73.0
16,2011,0,10,0.14,0.13,0.0,0.05,43.0,21.0,5.7,27.0,7,50.0
15,2004,0,12,1.46,0.0,0.83,1.93,91.0,68.0,9.3,955.0,5,92.0
7,2004,0,10,0.05,0.01,0.0,0.0,47.0,24.0,6.1,7.0,7,54.0
26,2013,0,26,0.04,0.07,0.0,0.01,75.0,5.0,7.8,148.0,5,76.5
14,1997,4,21,0.0,0.0,0.17,0.01,71.0,22.0,7.5,24.0,8,73.0
2,2015,3,19,0.0,0.0,0.03,0.0,71.0,22.0,7.5,24.0,8,73.0
14,1994,11,19,0.0,0.0,0.24,0.02,71.0,22.0,7.5,24.0,8,73.0
15,2001,10,21,0.11,0.09,0.0,0.03,70.0,18.0,5.8,12.0,7,64.0
15,2006,9,10,0.02,0.01,0.0,0.27,68.0,27.0,8.0,25.0,7,74.0
18,2008,2,21,0.0,0.0,0.05,0.0,71.0,22.0,7.5,24.0,8,73.0
16,2013,8,21,0.3,0.25,0.0,0.1,71.0,22.0,7.5,24.0,8,73.0
4,2008,11,19,0.07,0.0,0.02,0.01,60.0,20.0,7.5,24.0,2,67.5
20,1996,2,4,0.0,0.0,0.11,0.0,71.0,22.0,7.5,24.0,8,73.0
25,2007,0,8,0.87,0.38,0.0,0.13,71.0,22.0,7.5,24.0,8,73.0
16,2013,10,12,0.0,0.0,0.26,0.0,71.0,22.0,7.5,24.0,8,73.0
7,2003,4,16,0.0,0.0,0.05,0.0,71.0,22.0,7.5,24.0,8,73.0
16,2013,0,18,0.05,0.01,0.04,0.01,71.0,22.0,7.5,24.0,8,73.0
27,2008,3,8,0.18,0.0,0.0,0.02,71.0,22.0,7.5,24.0,8,73.0
14,1999,6,10,0.22,0.15,0.0,0.03,71.0,22.0,7.5,24.0,8,73.0
18,2007,2,21,0.0,0.0,0.08,0.0,71.0,22.0,7.5,24.0,8,73.0
9,2000,2,15,0.19,0.05,0.0,0.0,71.0,22.0,7.5,24.0,8,73.0
12,2011,8,19,0.06,0.09,0.0,0.03,70.0,38.0,6.0,547.0,7,65.0
10,1993,4,4,0.28,0.07,0.16,0.01,71.0,22.0,7.5,24.0,8,73.0
7,2002,3,17,1.13,0.36,0.92,0.07,70.0,26.0,7.4,74.0,1,72.0
22,1997,5,19,0.0,0.0,0.3,0.0,71.0,22.0,7.5,24.0,8,73.0
8,1993,12,1,1.78,0.53,0.0,0.08,71.0,22.0,7.5,24.0,8,73.0
28,2004,10,2,0.09,0.02,0.0,0.0,59.0,5.0,7.5,6.0,7,67.0
15,2006,0,24,0.07,0.05,0.0,0.02,54.0,43.0,8.0,24.0,7,67.0
4,2007,5,19,0.07,0.0,0.0,0.01,73.0,17.0,4.2,5.0,1,57.5
29,2014,10,24,0.29,0.23,0.0,0.05,56.0,25.0,5.7,63.0,7,56.5
16,2013,8,19,0.02,0.01,0.0,0.01,71.0,22.0,7.5,24.0,8,73.0
15,2009,3,10,0.09,0.01,0.0,0.17,71.0,22.0,7.5,24.0,1,73.0
14,1998,8,16,0.02,0.02,0.0,0.0,71.0,22.0,7.5,24.0,8,73.0
15,2007,1,19,0.0,0.0,0.02,0.0,71.0,22.0,7.5,24.0,8,73.0
4,2009,8,19,0.04,0.0,0.0,0.0,71.0,22.0,7.5,24.0,2,73.0
4,2010,6,2,0.34,0.0,0.0,0.03,71.0,22.0,7.5,24.0,1,73.0
25,2010,10,19,0.02,0.0,0.0,0.0,71.0,22.0,7.5,24.0,8,73.0
25,2009,9,19,0.02,0.0,0.0,0.0,71.0,22.0,7.5,24.0,2,73.0
15,2005,9,10,0.67,0.03,0.0,0.11,75.0,31.0,4.4,166.0,7,59.5
12,2008,7,5,0.0,0.01,0.0,0.0,71.0,22.0,7.5,24.0,8,73.0
12,2009,1,19,0.0,0.04,0.0,0.01,71.0,22.0,7.5,24.0,7,73.0
14,1998,8,19,0.05,0.03,0.0,0.01,71.0,22.0,7.5,24.0,8,73.0
15,2006,1,19,0.0,0.0,0.03,0.0,71.0,22.0,7.5,24.0,8,73.0
15,2003,9,25,0.08,0.06,0.19,0.02,77.0,21.0,9.1,18.0,1,84.0
16,2009,8,19,0.11,0.01,0.0,0.01,27.0,24.0,2.8,66.0,5,27.5
14,1999,7,21,0.04,0.03,0.0,0.0,57.0,9.0,8.3,10.0,7,70.0
12,2009,0,2,0.02,0.0,0.0,0.0,67.0,5.0,7.5,24.0,2,71.0
12,2014,0,26,0.18,0.33,0.0,0.04,70.0,10.0,3.0,1463.0,5,50.0
7,2006,4,28,0.15,0.04,0.0,0.01,67.0,13.0,7.3,11.0,2,70.0
18,2010,3,19,0.0,0.0,0.02,0.0,71.0,22.0,7.5,24.0,8,73.0
17,2014,0,25,0.08,0.07,0.06,0.03,76.0,31.0,8.1,74.0,7,78.5
25,2007,8,2,0.1,0.0,0.0,0.01,71.0,22.0,5.3,6.0,7,62.0
6,2002,7,4,0.39,0.02,0.85,0.03,71.0,22.0,7.5,24.0,8,73.0
7,2005,3,23,0.16,0.04,0.0,0.01,71.0,22.0,7.5,24.0,1,73.0
22,1995,11,19,0.0,0.0,0.03,0.0,71.0,22.0,7.5,24.0,8,73.0
4,2009,7,22,0.0,0.0,0.17,0.0,71.0,22.0,7.5,24.0,8,73.0
28,2003,10,15,0.05,0.01,0.0,0.0,81.0,23.0,8.8,12.0,1,84.5
12,2012,0,4,0.0,0.03,0.0,0.01,48.0,8.0,3.8,188.0,5,43.0
6,2004,1,27,0.13,0.05,0.0,0.0,71.0,22.0,7.5,24.0,8,73.0
4,2007,0,17,0.0,0.0,0.01,0.0,71.0,22.0,7.5,24.0,8,73.0
15,2003,0,23,0.19,0.15,0.0,0.05,71.0,22.0,7.5,24.0,8,73.0
27,2008,3,10,1.78,0.24,0.0,0.18,92.0,69.0,8.3,156.0,7,87.5
7,2005,2,19,0.0,0.0,0.32,0.01,71.0,22.0,7.5,24.0,8,73.0
4,2006,7,26,0.09,0.0,0.02,0.01,68.0,44.0,8.2,32.0,1,75.0
18,2007,0,24,0.22,0.0,0.0,0.02,49.0,17.0,5.7,13.0,7,53.0
18,2008,1,19,0.0,0.0,0.04,0.0,71.0,22.0,7.5,24.0,8,73.0
16,2010,0,21,0.06,0.09,0.01,0.03,36.0,45.0,3.7,21.0,2,36.5
15,2001,9,24,0.06,0.05,0.0,0.02,63.0,20.0,6.2,5.0,1,62.5
0,1980,3,2,1.07,0.07,0.0,0.01,71.0,22.0,7.5,24.0,8,73.0
4,2008,1,19,0.02,0.0,0.0,0.0,71.0,22.0,7.5,24.0,1,73.0
9,1999,3,23,0.41,0.09,0.0,0.01,71.0,22.0,7.5,24.0,8,73.0
28,2002,0,2,0.07,0.02,0.0,0.0,54.0,18.0,5.0,4.0,7,52.0
12,2015,9,20,0.0,0.33,0.0,0.02,81.0,34.0,6.9,97.0,1,75.0
6,2003,8,19,0.01,0.0,0.0,0.0,76.0,11.0,7.5,24.0,7,75.5
4,2006,2,17,0.0,0.0,0.74,0.0,71.0,22.0,7.5,24.0,8,73.0
4,2008,0,12,0.0,0.0,0.03,0.0,71.0,22.0,7.5,24.0,8,73.0
17,2016,10,12,0.0,0.22,0.04,0.04,72.0,7.0,6.6,8.0,1,69.0
27,2008,0,26,0.18,0.34,0.0,0.07,55.0,50.0,6.4,58.0,7,59.5
28,2004,6,20,0.11,0.03,0.0,0.01,71.0,22.0,7.5,24.0,8,73.0
19,2016,0,19,0.0,0.0,0.03,0.0,71.0,22.0,7.5,24.0,8,73.0
17,2015,10,26,0.0,0.05,0.0,0.01,25.0,6.0,1.9,39.0,1,22.0
27,2011,3,23,0.16,0.05,0.0,0.02,53.0,4.0,7.5,24.0,1,64.0
25,2007,0,29,0.21,0.01,0.0,0.02,27.0,7.0,5.1,14.0,2,39.0
15,2004,3,19,0.07,0.05,0.0,0.02,48.0,20.0,6.7,13.0,5,57.5
16,2012,2,25,0.23,0.14,0.2,0.07,74.0,34.0,7.7,109.0,5,75.5
2,2012,0,22,0.88,0.26,0.34,0.1,75.0,54.0,8.2,267.0,2,78.5
15,2001,0,9,0.04,0.03,0.0,0.01,71.0,20.0,7.8,8.0,7,74.5
25,2008,9,7,0.26,0.0,0.0,0.02,71.0,22.0,7.5,24.0,1,73.0
15,2001,10,12,0.0,0.0,0.29,0.0,71.0,22.0,7.5,24.0,8,73.0
27,2010,8,2,9.7,3.68,0.11,1.13,87.0,89.0,6.3,1454.0,5,75.0
19,2015,7,19,0.0,0.0,0.06,0.0,71.0,22.0,7.5,24.0,8,73.0
4,2009,10,24,0.05,0.0,0.0,0.0,71.0,22.0,7.5,24.0,1,73.0
14,1996,3,21,0.03,0.02,0.21,0.02,71.0,22.0,7.5,24.0,8,73.0
15,2002,10,2,0.7,0.54,0.0,0.18,59.0,7.0,7.8,12.0,7,68.5
28,2005,0,7,0.02,0.0,0.0,0.0,73.0,20.0,7.4,5.0,7,73.5
28,2004,6,19,0.04,0.01,0.0,0.0,36.0,5.0,7.5,24.0,1,55.5
25,2007,6,19,0.01,0.0,0.0,0.0,71.0,22.0,7.5,24.0,1,73.0
26,2012,0,26,0.06,0.04,0.0,0.01,50.0,10.0,5.0,25.0,7,50.0
26,2014,0,17,0.58,0.42,0.13,0.1,76.0,81.0,8.3,662.0,7,79.5
25,2007,3,26,0.82,0.82,0.0,0.2,67.0,25.0,8.3,66.0,2,75.0
28,2003,4,23,0.11,0.03,0.0,0.01,71.0,22.0,7.5,24.0,8,73.0
20,1998,1,19,0.0,0.0,0.25,0.0,71.0,22.0,7.5,24.0,8,73.0
14,1999,7,12,0.0,0.0,0.45,0.03,71.0,22.0,7.5,24.0,8,73.0
27,2012,2,16,0.01,0.0,0.0,0.0,49.0,32.0,2.1,39.0,7,35.0
19,2016,3,25,0.0,0.0,0.04,0.0,71.0,22.0,7.5,24.0,8,73.0
15,2006,3,19,0.0,0.0,0.03,0.0,71.0,22.0,7.5,24.0,8,73.0
29,2014,10,10,0.6,1.42,0.0,0.16,82.0,33.0,5.4,347.0,1,68.0
4,2010,1,8,0.25,0.17,0.0,0.04,78.0,24.0,7.5,24.0,2,76.5
16,2014,8,2,0.03,0.0,0.0,0.01,71.0,22.0,5.9,8.0,7,65.0
6,2001,0,2,0.43,0.16,0.0,0.01,84.0,8.0,8.7,11.0,1,85.5
15,2008,10,10,0.03,0.0,0.0,0.28,71.0,22.0,7.5,24.0,8,73.0
14,1998,7,19,0.04,0.03,0.58,0.05,71.0,22.0,7.5,24.0,8,73.0
27,2011,10,2,0.24,0.02,0.0,0.02,71.0,22.0,7.5,24.0,7,73.0
27,2007,0,26,0.36,0.01,0.0,0.03,51.0,23.0,4.7,30.0,5,49.0
18,2007,8,10,0.5,0.39,0.02,0.25,69.0,20.0,7.3,30.0,7,71.0
19,2014,2,16,0.0,0.04,0.06,0.01,66.0,7.0,7.5,54.0,7,70.5
14,1999,9,19,0.06,0.04,0.0,0.01,71.0,22.0,7.5,24.0,8,73.0
26,2014,0,17,0.32,0.28,0.1,0.06,91.0,80.0,8.2,1217.0,5,86.5
27,2015,0,2,0.06,0.01,0.0,0.01,71.0,22.0,8.4,25.0,7,77.5
18,2010,11,19,0.0,0.0,0.01,0.0,71.0,22.0,7.5,24.0,8,73.0
2,2011,5,22,0.08,0.15,0.06,0.03,49.0,30.0,4.8,13.0,1,48.5
4,2008,9,3,0.2,0.01,0.0,0.02,71.0,22.0,7.5,24.0,8,73.0
14,1998,10,10,0.37,0.25,0.0,0.04,71.0,22.0,7.5,24.0,8,73.0
28,2005,0,26,0.68,0.38,0.0,0.05,94.0,70.0,9.0,160.0,5,92.0
18,2010,11,21,0.11,0.0,0.0,0.01,86.0,27.0,7.9,32.0,1,82.5
14,1999,10,10,0.79,0.54,0.0,0.09,71.0,22.0,7.5,24.0,8,73.0
25,2008,4,19,0.04,0.0,0.0,0.0,71.0,22.0,0.2,5.0,1,36.5
15,2002,2,20,0.78,0.44,0.56,0.04,94.0,36.0,8.0,84.0,7,87.0
15,2002,7,21,0.38,0.25,0.26,0.07,87.0,41.0,9.1,174.0,7,89.0
2,2014,1,19,0.0,0.0,0.01,0.0,71.0,22.0,7.5,24.0,8,73.0
15,2002,5,19,0.0,0.0,0.05,0.0,71.0,22.0,7.5,24.0,8,73.0
16,2009,5,16,0.26,0.04,0.06,0.04,74.0,51.0,8.1,50.0,1,77.5
18,2012,0,16,0.0,0.0,0.03,0.0,71.0,22.0,7.5,24.0,8,73.0
7,2004,11,17,0.48,0.13,0.56,0.03,90.0,54.0,9.1,137.0,1,90.5
15,2008,7,20,0.0,0.0,0.02,0.0,71.0,22.0,7.5,24.0,8,73.0
19,2015,0,16,0.0,0.0,0.17,0.0,57.0,25.0,7.3,15.0,2,65.0
27,2010,6,23,0.17,0.0,0.0,0.01,57.0,4.0,8.1,10.0,1,69.0
27,2011,3,19,0.04,0.0,0.0,0.0,71.0,22.0,7.5,24.0,2,73.0
15,2009,0,16,0.0,0.0,0.03,0.0,71.0,22.0,7.5,24.0,8,73.0
9,1998,2,23,1.94,0.39,0.03,0.02,71.0,22.0,7.5,24.0,8,73.0
14,1996,0,19,0.02,0.02,0.0,0.0,71.0,22.0,7.5,24.0,8,73.0
27,2012,0,6,0.0,0.0,0.03,0.0,71.0,22.0,7.5,24.0,8,73.0
18,2010,0,19,0.0,0.0,0.02,0.0,71.0,22.0,7.5,24.0,8,73.0
4,2008,3,26,0.07,0.0,0.0,0.01,71.0,22.0,7.5,24.0,1,73.0
9,2000,4,19,0.03,0.01,0.0,0.0,71.0,22.0,7.5,24.0,8,73.0
4,2010,1,12,0.05,0.0,0.0,0.0,71.0,22.0,7.5,24.0,8,73.0
15,2007,10,21,0.77,0.03,0.0,0.13,83.0,25.0,8.6,19.0,1,84.5
14,1998,10,10,0.37,0.25,0.0,0.04,71.0,22.0,7.5,24.0,8,73.0
14,1997,11,19,0.23,0.16,0.0,0.03,71.0,22.0,7.5,24.0,8,73.0
16,2008,10,10,0.13,0.0,0.0,0.01,64.0,12.0,7.1,12.0,1,67.5
29,2015,3,26,0.25,0.04,0.0,0.03,66.0,10.0,6.1,18.0,2,63.5
16,2015,0,25,0.0,0.0,0.03,0.0,71.0,22.0,7.4,5.0,7,72.5
18,2010,9,6,0.0,0.0,0.06,0.0,71.0,22.0,7.5,24.0,8,73.0
6,2003,4,19,0.02,0.01,0.0,0.0,35.0,6.0,7.5,24.0,1,55.0
25,2009,10,24,0.14,0.09,0.0,0.03,55.0,17.0,7.5,24.0,7,65.0
4,2008,1,23,0.11,0.01,0.0,0.01,71.0,22.0,7.5,24.0,8,73.0
16,2006,6,16,0.24,0.7,0.16,0.26,78.0,45.0,7.1,52.0,1,74.5
14,1997,7,19,0.0,0.0,0.23,0.02,71.0,22.0,7.5,24.0,8,73.0
6,2002,0,23,0.55,0.2,0.0,0.01,38.0,14.0,5.0,6.0,1,44.0
28,2002,10,19,0.08,0.02,0.0,0.0,71.0,22.0,7.5,24.0,8,73.0
29,2016,10,24,0.12,0.12,0.0,0.02,68.0,12.0,5.5,27.0,7,61.5
2,2012,4,26,0.06,0.08,0.0,0.01,71.0,8.0,6.3,65.0,2,67.0
15,2008,1,4,0.06,0.04,0.0,0.01,63.0,21.0,7.5,24.0,7,69.0
9,1998,4,2,0.49,0.13,0.0,0.01,71.0,22.0,7.5,24.0,8,73.0
7,2002,0,19,0.05,0.01,0.0,0.0,71.0,22.0,7.6,5.0,1,73.5
4,2007,9,19,0.05,0.0,0.0,0.0,66.0,8.0,7.5,24.0,1,70.5
14,1997,10,10,0.39,0.27,0.0,0.05,71.0,22.0,7.5,24.0,8,73.0
16,2010,0,26,0.17,0.24,0.0,0.09,71.0,22.0,7.5,24.0,8,73.0
22,1999,11,17,0.0,0.0,0.26,0.0,71.0,22.0,7.5,24.0,8,73.0
16,2011,3,26,0.1,0.1,0.0,0.04,71.0,22.0,7.5,24.0,1,73.0
19,2013,7,18,0.0,0.0,0.05,0.0,71.0,22.0,7.5,24.0,8,73.0
15,2002,1,10,0.07,0.05,0.0,0.02,72.0,24.0,7.9,8.0,7,75.5
22,1992,6,17,3.54,1.24,3.81,0.18,71.0,22.0,7.5,24.0,8,73.0
18,2009,10,20,0.0,0.26,0.0,0.09,69.0,10.0,6.9,7.0,1,69.0
4,2007,3,4,0.0,0.0,0.13,0.0,71.0,22.0,7.5,24.0,8,73.0
28,2005,0,23,0.08,0.02,0.0,0.0,75.0,55.0,8.1,16.0,5,78.0
16,2016,3,16,0.0,0.0,0.02,0.0,71.0,22.0,7.5,24.0,8,73.0
15,2008,0,20,0.32,0.01,0.0,0.05,50.0,4.0,6.0,5.0,7,55.0
4,2008,1,8,1.87,0.97,0.0,0.3,71.0,22.0,8.0,37.0,1,75.5
27,2007,7,14,0.45,0.26,0.11,0.08,78.0,68.0,8.3,432.0,7,80.5
16,2007,10,21,0.31,0.03,0.76,0.04,81.0,66.0,8.8,32.0,1,84.5
12,2011,11,19,0.1,0.13,0.0,0.04,78.0,46.0,7.7,359.0,7,77.5
25,2009,3,26,0.22,0.0,0.0,0.02,71.0,22.0,7.5,24.0,1,73.0
9,1998,0,17,4.1,1.89,1.45,0.16,71.0,22.0,7.5,24.0,8,73.0
14,2002,4,19,0.12,0.08,0.0,0.01,71.0,22.0,7.5,24.0,8,73.0
16,2014,7,7,0.02,0.05,0.0,0.01,36.0,8.0,3.7,77.0,5,36.5
15,2003,6,15,0.24,0.19,0.0,0.06,57.0,30.0,6.4,8.0,7,60.5
18,2013,1,19,0.0,0.0,0.01,0.0,71.0,22.0,7.5,24.0,8,73.0
26,2012,10,10,0.21,0.0,0.0,0.02,75.0,9.0,6.7,30.0,1,71.0
4,2007,0,24,0.04,0.0,0.0,0.0,35.0,8.0,4.8,13.0,2,41.5
16,2012,9,16,0.09,0.04,0.24,0.02,65.0,26.0,7.3,47.0,7,69.0
28,2005,10,2,0.4,0.2,0.0,0.03,77.0,40.0,7.7,15.0,7,77.0
4,2007,0,17,0.08,0.0,0.13,0.01,49.0,10.0,7.5,24.0,2,62.0
28,2005,8,2,1.22,0.39,0.0,0.06,83.0,40.0,8.9,106.0,7,86.0
2,2012,0,4,0.3,0.22,0.3,0.05,82.0,78.0,8.5,397.0,5,83.5
3,2000,7,20,0.0,0.0,0.09,0.0,93.0,21.0,9.4,98.0,7,93.5
2,2013,3,16,0.0,0.0,0.07,0.0,71.0,22.0,7.5,24.0,8,73.0
16,2008,3,12,0.08,0.0,0.0,0.01,71.0,22.0,6.6,7.0,1,68.5
27,2014,0,8,0.64,0.34,0.0,0.1,71.0,22.0,7.5,24.0,8,73.0
15,2002,11,26,0.1,0.08,0.0,0.03,47.0,7.0,7.4,8.0,7,60.5
9,1998,10,1,0.07,0.01,0.0,0.0,71.0,22.0,7.5,24.0,8,73.0
10,1990,10,16,0.0,0.0,0.3,0.0,71.0,22.0,7.5,24.0,8,73.0
15,2004,0,12,0.22,0.17,0.0,0.06,47.0,25.0,7.8,12.0,7,62.5
18,2005,2,10,0.29,0.0,0.0,0.02,58.0,15.0,8.7,30.0,7,72.5
12,2011,0,23,0.16,0.16,0.0,0.06,84.0,22.0,8.1,1263.0,5,82.5
9,2001,0,19,0.13,0.03,0.0,0.0,71.0,22.0,7.5,24.0,8,73.0
4,2011,0,16,0.0,0.0,0.08,0.0,71.0,22.0,7.5,24.0,8,73.0
16,2014,7,16,0.0,0.0,0.23,0.0,71.0,22.0,7.5,24.0,8,73.0
25,2006,4,15,0.08,0.0,0.0,0.01,45.0,12.0,1.4,5.0,2,29.5
5,1991,5,17,0.0,0.0,0.73,0.0,71.0,22.0,7.5,24.0,8,73.0
18,2011,1,19,0.0,0.0,0.14,0.0,71.0,22.0,7.5,24.0,8,73.0
28,2005,10,19,0.03,0.01,0.0,0.0,66.0,45.0,7.7,6.0,5,71.5
25,2008,1,19,0.45,0.0,0.0,0.03,71.0,22.0,7.5,24.0,1,73.0
0,1981,0,19,0.55,0.03,0.0,0.01,71.0,22.0,7.5,24.0,8,73.0
27,2011,0,10,0.71,0.49,0.02,0.12,84.0,72.0,7.5,533.0,5,79.5
25,2009,8,2,0.94,0.43,0.0,0.14,71.0,22.0,7.5,24.0,8,73.0
29,2016,1,22,0.09,0.03,0.0,0.01,85.0,4.0,8.7,123.0,5,86.0
25,2007,0,8,0.39,0.02,0.01,0.04,53.0,17.0,7.2,17.0,7,62.5
12,2004,8,19,0.0,0.02,0.0,0.0,81.0,62.0,8.1,284.0,5,81.0
6,2004,3,17,0.12,0.05,0.0,0.0,71.0,22.0,7.5,24.0,8,73.0
15,2003,4,2,0.31,0.24,0.0,0.08,58.0,24.0,7.2,13.0,7,65.0
2,2011,7,16,0.43,0.19,0.14,0.06,75.0,33.0,7.6,197.0,7,75.5
17,2016,0,19,0.01,0.0,0.0,0.0,42.0,9.0,2.3,7.0,2,32.5
4,2007,1,2,0.09,0.01,0.0,0.01,71.0,22.0,7.5,24.0,1,73.0
19,2012,0,29,0.16,0.11,0.0,0.06,62.0,9.0,6.7,46.0,2,64.5
18,2006,2,4,0.27,0.01,0.02,0.03,80.0,35.0,8.0,27.0,7,80.0
6,2004,5,13,0.04,0.01,0.0,0.0,37.0,6.0,7.5,24.0,1,56.0
4,2007,3,19,0.78,0.51,0.0,0.12,71.0,22.0,7.5,24.0,1,73.0
15,2002,2,3,2.17,0.28,0.55,0.08,67.0,28.0,7.9,71.0,7,73.0
16,2008,0,2,0.2,0.04,0.0,0.02,67.0,44.0,7.9,34.0,7,73.0
6,2004,4,19,0.05,0.02,0.0,0.0,71.0,22.0,7.5,24.0,1,73.0
4,2007,4,17,0.25,0.03,0.24,0.03,71.0,22.0,7.5,24.0,8,73.0
25,2008,10,10,0.28,0.51,0.0,0.09,80.0,18.0,8.4,22.0,1,82.0
22,1994,6,19,0.0,0.0,0.2,0.0,71.0,22.0,7.5,24.0,8,73.0
6,2005,3,27,0.67,0.25,0.0,0.02,71.0,22.0,7.5,24.0,8,73.0
25,2009,10,19,0.4,0.0,0.0,0.03,71.0,22.0,7.5,24.0,7,73.0
7,2005,8,17,0.68,0.18,0.19,0.03,67.0,59.0,8.1,106.0,7,74.0
25,2006,7,17,0.78,0.37,0.3,0.13,53.0,34.0,6.7,106.0,1,60.0
27,2006,8,6,0.0,0.0,0.02,0.0,71.0,22.0,7.5,24.0,8,73.0
2,2013,2,19,0.0,0.0,0.03,0.0,71.0,22.0,7.5,24.0,8,73.0
15,2009,0,2,0.11,0.0,0.0,0.08,64.0,4.0,7.5,24.0,2,69.5
6,2002,7,12,0.84,0.27,0.0,0.05,71.0,22.0,7.5,24.0,8,73.0
16,2012,0,2,0.12,0.1,0.0,0.04,40.0,9.0,6.4,31.0,5,52.0
25,2011,10,19,0.0,0.06,0.0,0.01,71.0,22.0,7.5,24.0,8,73.0
16,2007,8,24,0.2,0.33,0.0,0.13,80.0,35.0,7.7,107.0,5,78.5
27,2014,2,16,0.01,0.05,0.0,0.0,53.0,17.0,5.1,44.0,7,52.0
4,2008,9,26,0.31,0.0,0.0,0.03,71.0,22.0,7.5,24.0,1,73.0
18,2012,9,16,0.0,0.0,0.06,0.0,71.0,22.0,7.5,24.0,8,73.0
16,2012,1,19,0.04,0.13,0.0,0.04,92.0,78.0,8.8,1381.0,1,90.0
27,2011,8,26,0.28,0.12,0.0,0.04,84.0,81.0,7.7,95.0,2,80.5
27,2011,0,10,0.06,0.06,0.0,0.01,68.0,25.0,8.0,9.0,2,74.0
18,2011,7,27,0.0,0.0,0.81,0.0,71.0,22.0,7.5,24.0,8,73.0
18,2009,0,6,0.0,0.0,0.02,0.0,71.0,22.0,7.5,24.0,8,73.0
14,1996,1,19,0.46,0.31,0.0,0.05,71.0,22.0,7.5,24.0,8,73.0
27,2009,3,8,0.09,0.0,0.0,0.01,71.0,22.0,7.5,24.0,8,73.0
22,1995,7,19,0.0,0.0,0.71,0.0,71.0,22.0,7.5,24.0,8,73.0
28,2005,8,10,0.08,0.02,0.0,0.0,54.0,35.0,7.4,5.0,5,64.0
4,2005,5,16,0.16,0.0,0.1,0.01,71.0,41.0,7.1,7.0,1,71.0
6,2004,4,17,0.79,0.27,0.12,0.04,80.0,22.0,9.1,37.0,1,85.5
16,2011,7,19,0.14,0.0,0.07,0.02,55.0,12.0,7.9,44.0,2,67.0
0,1981,0,19,0.87,0.05,0.0,0.01,71.0,22.0,7.5,24.0,8,73.0
20,1995,6,20,0.21,0.16,0.77,0.02,71.0,22.0,7.5,24.0,8,73.0
4,2008,10,26,0.36,0.0,0.0,0.03,71.0,22.0,7.5,24.0,1,73.0
25,2008,5,19,0.07,0.01,0.0,0.01,56.0,7.0,7.8,4.0,1,67.0
12,2011,0,4,0.04,0.02,0.0,0.01,66.0,10.0,5.3,54.0,5,59.5
4,2005,3,0,0.07,0.0,0.0,0.01,67.0,8.0,7.5,24.0,1,71.0
27,2008,4,28,0.16,0.12,0.0,0.03,62.0,35.0,7.2,26.0,2,67.0
20,1997,1,19,0.0,0.0,0.14,0.0,71.0,22.0,7.5,24.0,8,73.0
28,2003,6,23,0.07,0.02,0.0,0.0,87.0,23.0,8.5,14.0,1,86.0
0,1981,0,27,0.27,0.02,0.0,0.0,71.0,22.0,7.5,24.0,8,73.0
4,2011,3,19,0.13,0.07,0.0,0.02,71.0,22.0,7.5,24.0,8,73.0
6,2005,5,30,0.01,0.0,0.0,0.0,71.0,22.0,7.5,24.0,1,73.0
2,2011,4,26,0.05,0.04,0.0,0.01,51.0,15.0,5.9,14.0,1,55.0
28,2006,6,19,0.03,0.01,0.0,0.0,73.0,38.0,7.3,8.0,7,73.0
17,2014,7,19,0.08,0.09,0.0,0.03,53.0,40.0,5.9,230.0,5,56.0
15,2008,10,10,0.4,0.02,0.0,0.07,71.0,22.0,7.5,24.0,1,73.0
0,1981,0,19,0.22,0.01,0.0,0.0,71.0,22.0,7.5,24.0,8,73.0
15,2002,3,19,0.14,0.11,0.0,0.04,30.0,4.0,5.1,17.0,1,40.5
19,2014,10,19,0.08,0.0,0.0,0.03,68.0,6.0,7.0,25.0,1,69.0
0,1983,0,2,0.32,0.02,0.0,0.0,71.0,22.0,7.5,24.0,8,73.0
27,2012,0,2,0.48,0.24,0.0,0.07,74.0,69.0,7.0,173.0,5,72.0
12,2011,0,8,0.03,0.0,0.0,0.0,73.0,11.0,6.6,17.0,2,69.5
14,1998,10,19,0.25,0.17,0.0,0.03,71.0,22.0,7.5,24.0,8,73.0
25,2011,3,27,0.0,0.17,0.0,0.04,71.0,22.0,7.5,24.0,8,73.0
25,2009,3,26,0.07,0.0,0.0,0.01,71.0,22.0,7.5,24.0,1,73.0
4,2010,1,19,0.02,0.0,0.0,0.0,71.0,22.0,7.5,24.0,1,73.0
16,2007,10,10,0.22,0.37,0.0,0.14,79.0,30.0,6.6,7.0,1,72.5
22,1994,1,19,0.0,0.0,0.81,0.0,71.0,22.0,7.5,24.0,8,73.0
28,2001,10,2,0.41,0.19,0.0,0.03,78.0,24.0,8.8,5.0,7,83.0
27,2011,0,29,0.07,0.04,0.0,0.01,59.0,17.0,7.2,23.0,7,65.5
14,1994,8,1,0.06,0.04,0.0,0.01,71.0,22.0,7.5,24.0,8,73.0
15,2007,10,24,0.17,0.13,0.0,0.04,66.0,4.0,7.5,24.0,1,70.5
16,2009,7,18,0.0,0.0,0.01,0.0,71.0,22.0,7.5,24.0,8,73.0
6,2002,3,17,0.43,0.16,0.0,0.01,71.0,22.0,7.5,24.0,8,73.0
2,2015,7,19,0.0,0.0,0.03,0.0,71.0,22.0,7.5,24.0,8,73.0
16,2011,0,2,0.11,0.18,0.0,0.06,57.0,41.0,5.6,27.0,7,56.5
4,2008,0,25,0.16,0.01,0.02,0.02,83.0,52.0,7.8,36.0,7,80.5
16,2008,10,21,0.64,0.0,0.0,0.05,85.0,33.0,8.7,76.0,1,86.0
27,2008,0,20,0.22,0.02,0.0,0.02,55.0,42.0,6.4,24.0,7,59.5
17,2015,0,29,0.96,0.67,0.12,0.34,74.0,58.0,7.9,1287.0,5,76.5
20,1995,2,20,0.0,0.0,0.23,0.0,71.0,22.0,7.5,24.0,8,73.0
18,2011,1,16,0.0,0.0,0.05,0.0,71.0,22.0,7.5,24.0,8,73.0
27,2011,7,4,0.0,0.0,0.03,0.0,71.0,22.0,7.5,24.0,8,73.0
3,2000,7,20,0.0,0.0,0.2,0.0,89.0,21.0,9.1,33.0,7,90.0
4,2007,1,19,0.06,0.0,0.05,0.0,72.0,5.0,7.5,24.0,7,73.5
22,1992,6,19,0.0,0.0,0.28,0.0,71.0,22.0,7.5,24.0,8,73.0
10,1987,4,12,0.45,0.06,0.42,0.0,71.0,22.0,7.5,24.0,8,73.0
15,2007,1,8,0.11,0.09,0.0,0.03,71.0,22.0,7.5,24.0,1,73.0
4,2007,3,19,0.0,0.0,0.33,0.0,71.0,22.0,7.5,24.0,8,73.0
4,2010,1,26,0.13,0.05,0.0,0.02,71.0,22.0,7.5,24.0,8,73.0
22,1993,2,16,0.0,0.0,0.27,0.0,71.0,22.0,7.5,24.0,8,73.0
6,2002,8,30,0.05,0.02,0.0,0.0,46.0,5.0,1.7,11.0,7,31.5
16,2010,2,21,0.29,0.21,0.0,0.09,48.0,39.0,7.5,77.0,7,61.5
27,2009,3,2,0.23,0.15,0.0,0.04,71.0,56.0,5.9,18.0,7,65.0
25,2010,6,19,0.03,0.0,0.0,0.0,71.0,22.0,7.5,24.0,1,73.0
15,2001,9,3,0.12,0.1,0.88,0.03,73.0,15.0,8.8,32.0,7,80.5
12,2005,9,10,0.01,0.01,0.0,0.0,71.0,22.0,7.5,24.0,8,73.0
15,2001,10,25,0.05,0.04,0.06,0.01,71.0,11.0,9.1,56.0,1,81.0
16,2007,4,2,0.26,0.29,0.02,0.11,60.0,33.0,7.0,40.0,7,65.0
16,2010,9,16,0.0,0.0,0.26,0.0,71.0,22.0,7.5,24.0,8,73.0
12,2008,7,19,0.0,0.01,0.0,0.0,76.0,30.0,7.6,61.0,7,76.0
15,2005,0,4,2.08,0.83,0.46,0.25,96.0,38.0,8.9,1013.0,5,92.5
14,1999,9,19,0.07,0.05,0.13,0.02,71.0,22.0,7.5,24.0,8,73.0
4,2011,0,23,0.15,0.05,0.0,0.02,71.0,22.0,7.5,24.0,8,73.0
15,2002,10,10,0.21,0.17,0.16,0.06,73.0,19.0,5.6,18.0,1,64.5
27,2008,10,15,0.08,0.01,0.0,0.01,68.0,34.0,7.2,13.0,5,70.0
17,2014,0,24,3.96,6.31,0.38,1.97,97.0,66.0,8.3,2899.0,5,90.0
14,2002,8,24,1.54,0.46,0.0,0.08,71.0,22.0,7.5,24.0,8,73.0
6,2002,10,19,0.4,0.15,0.0,0.01,71.0,22.0,7.5,24.0,8,73.0
2,2015,0,16,0.0,0.0,0.13,0.0,71.0,22.0,7.5,24.0,8,73.0
5,1991,1,17,0.85,0.31,0.56,0.04,71.0,22.0,7.5,24.0,8,73.0
4,2007,0,4,0.24,0.0,0.31,0.02,71.0,22.0,7.5,24.0,8,73.0
4,2008,1,12,0.0,0.0,0.04,0.0,71.0,22.0,7.5,24.0,8,73.0
7,2005,4,12,0.04,0.01,0.0,0.0,54.0,9.0,7.5,24.0,1,64.5
16,2014,0,22,0.1,0.17,0.02,0.05,71.0,22.0,7.5,24.0,8,73.0
15,2004,3,5,0.07,0.05,0.0,0.02,79.0,28.0,8.6,8.0,7,82.5
8,1993,12,1,0.0,0.0,0.03,0.0,71.0,22.0,7.5,24.0,8,73.0
15,2002,4,26,0.06,0.05,0.0,0.02,49.0,14.0,5.0,4.0,1,49.5
6,2002,6,19,0.1,0.04,0.0,0.0,71.0,22.0,7.5,24.0,8,73.0
15,2004,4,28,0.32,0.25,0.0,0.08,60.0,16.0,8.0,44.0,1,70.0
15,2007,3,19,0.0,0.0,0.01,0.0,71.0,22.0,7.5,24.0,8,73.0
19,2014,4,26,0.01,0.1,0.0,0.03,87.0,8.0,8.4,159.0,2,85.5
6,2004,4,17,0.4,0.15,0.17,0.01,55.0,15.0,4.8,4.0,1,51.5
17,2015,0,7,0.13,0.18,0.03,0.06,71.0,22.0,7.5,24.0,8,73.0
14,1998,10,10,0.22,1.47,0.04,0.14,71.0,22.0,7.5,24.0,8,73.0
16,2015,8,10,0.13,0.15,0.07,0.06,71.0,22.0,5.3,81.0,5,62.0
14,1997,11,10,0.18,0.12,0.0,0.02,71.0,22.0,7.5,24.0,8,73.0
25,2007,0,6,0.54,0.55,0.0,0.13,63.0,6.0,7.7,9.0,2,70.0
18,2009,2,16,0.14,0.0,0.0,0.01,60.0,15.0,6.2,10.0,7,61.0
6,2003,3,19,0.09,0.03,0.0,0.0,87.0,9.0,7.5,24.0,1,81.0
16,2011,6,26,0.24,0.52,0.01,0.18,79.0,53.0,7.7,114.0,7,78.0
12,2011,0,10,0.09,0.21,0.0,0.07,69.0,18.0,5.8,338.0,7,63.5
14,1997,10,10,0.61,0.42,0.0,0.07,71.0,22.0,7.5,24.0,8,73.0
17,2014,1,19,0.1,0.07,0.0,0.04,83.0,6.0,8.4,259.0,5,83.5
12,2010,9,27,0.0,0.03,0.0,0.0,71.0,22.0,7.5,24.0,8,73.0
16,2009,0,16,0.0,0.0,0.24,0.0,71.0,22.0,7.5,24.0,8,73.0
27,2007,10,10,0.45,0.01,0.0,0.04,80.0,42.0,8.2,30.0,1,81.0
15,2005,7,15,0.2,0.15,0.0,0.05,59.0,38.0,5.7,20.0,7,58.0
27,2008,3,19,0.21,0.0,0.0,0.02,63.0,16.0,4.9,10.0,7,56.0
4,2008,3,26,0.1,0.01,0.0,0.01,71.0,22.0,7.5,24.0,1,73.0
29,2014,0,7,0.15,0.13,0.0,0.03,71.0,22.0,7.5,24.0,8,73.0
22,1995,7,17,0.0,0.0,0.09,0.0,71.0,22.0,7.5,24.0,8,73.0
25,2007,8,0,0.06,0.0,0.0,0.0,71.0,22.0,7.5,24.0,1,73.0
27,2011,2,29,1.63,0.31,0.0,0.16,86.0,66.0,8.3,382.0,5,84.5
18,2013,10,12,0.0,0.0,0.2,0.0,71.0,22.0,7.5,24.0,8,73.0
19,2011,9,6,0.0,0.0,0.03,0.0,71.0,22.0,7.5,24.0,8,73.0
25,2009,3,24,0.29,0.0,0.0,0.02,71.0,22.0,3.0,4.0,1,50.5
16,2008,10,21,0.14,0.0,0.0,0.01,63.0,17.0,5.1,7.0,1,57.0
25,2008,5,7,0.02,0.0,0.0,0.0,62.0,12.0,6.4,5.0,1,63.0
15,2008,0,25,0.12,0.09,0.0,0.03,43.0,7.0,5.4,14.0,7,48.5
15,2009,1,6,0.0,0.0,0.03,0.0,71.0,22.0,7.5,24.0,8,73.0
28,2003,3,14,0.05,0.02,0.0,0.0,71.0,22.0,7.5,24.0,8,73.0
4,2008,1,12,0.0,0.0,0.11,0.0,71.0,22.0,7.5,24.0,8,73.0
2,2011,11,26,0.25,0.06,0.05,0.03,44.0,18.0,5.3,9.0,2,48.5
27,2007,10,24,0.79,0.0,0.0,0.07,81.0,33.0,7.0,28.0,1,75.5
28,2004,4,28,0.11,0.03,0.0,0.01,64.0,17.0,9.1,10.0,1,77.5
15,2005,8,19,0.22,0.17,0.0,0.06,58.0,25.0,8.8,51.0,7,73.0
16,2007,6,23,0.37,0.01,0.0,0.03,63.0,8.0,4.8,4.0,1,55.5
25,2015,3,26,0.41,0.46,0.0,0.08,71.0,22.0,7.5,24.0,2,73.0
27,2009,0,19,0.05,0.01,0.0,0.0,42.0,17.0,5.0,4.0,2,46.0
28,2005,1,26,0.04,0.01,0.0,0.0,75.0,17.0,7.5,24.0,7,75.0
16,2008,0,20,0.32,0.25,0.0,0.11,42.0,27.0,6.2,45.0,7,52.0
17,2015,2,4,0.0,0.08,0.0,0.01,71.0,28.0,5.9,94.0,7,65.0
27,2009,11,20,0.11,0.03,0.0,0.01,48.0,36.0,6.8,17.0,5,58.0
0,1988,8,2,0.47,0.03,0.0,0.01,71.0,22.0,7.5,24.0,8,73.0
4,2007,3,6,0.0,0.0,0.01,0.0,71.0,22.0,7.5,24.0,8,73.0
15,2010,1,19,0.0,0.0,0.02,0.0,71.0,22.0,7.5,24.0,8,73.0
12,2011,1,19,0.0,0.14,0.0,0.03,71.0,22.0,7.5,24.0,8,73.0
14,1996,1,19,0.17,0.12,0.0,0.02,71.0,22.0,7.5,24.0,8,73.0
4,2008,5,4,0.06,0.0,0.0,0.0,71.0,22.0,7.5,24.0,8,73.0
27,2007,0,25,0.17,0.01,0.0,0.02,53.0,27.0,7.4,13.0,7,63.5
18,2010,7,20,0.0,0.0,0.2,0.0,71.0,22.0,7.5,24.0,8,73.0
15,2007,9,19,0.0,0.0,0.26,0.0,71.0,22.0,7.5,24.0,8,73.0
28,2005,0,2,0.2,0.06,0.0,0.01,62.0,46.0,6.6,8.0,7,64.0
15,2007,3,6,0.0,0.0,0.12,0.0,71.0,22.0,7.5,24.0,8,73.0
17,2014,0,7,0.22,0.3,0.04,0.1,71.0,22.0,7.5,24.0,8,73.0
4,2008,4,19,0.06,0.0,0.0,0.0,75.0,5.0,7.5,24.0,1,75.0
5,2001,7,17,0.0,0.0,0.56,0.0,71.0,22.0,7.5,24.0,8,73.0
6,2004,6,13,0.43,0.16,0.0,0.01,71.0,22.0,7.5,24.0,1,73.0
12,2014,8,10,0.0,0.02,0.0,0.0,78.0,11.0,7.8,186.0,2,78.0
19,2012,6,21,0.0,0.04,0.0,0.01,78.0,39.0,6.8,123.0,1,73.0
14,1995,7,19,0.02,0.02,0.12,0.01,71.0,22.0,7.5,24.0,8,73.0
19,2015,0,19,0.0,0.0,0.02,0.0,71.0,22.0,7.5,24.0,8,73.0
27,2013,4,26,0.03,0.08,0.0,0.01,71.0,22.0,5.4,14.0,1,62.5
4,2005,6,13,0.1,0.0,0.0,0.01,35.0,5.0,7.5,24.0,1,55.0
18,2008,3,21,0.0,0.0,0.03,0.0,71.0,22.0,7.5,24.0,8,73.0
14,2001,2,2,0.4,0.27,0.0,0.05,72.0,12.0,8.4,18.0,7,78.0
15,2004,10,19,0.02,0.01,0.0,0.0,57.0,9.0,7.5,24.0,5,66.0
12,2012,8,24,0.42,0.41,0.0,0.1,89.0,38.0,8.2,2482.0,5,85.5
12,2004,8,10,0.01,0.01,0.0,0.0,71.0,22.0,7.5,24.0,8,73.0
22,1995,10,16,0.0,0.0,0.03,0.0,71.0,22.0,7.5,24.0,8,73.0
16,2009,11,19,0.0,0.0,0.04,0.0,71.0,22.0,7.5,24.0,8,73.0
15,2009,3,21,0.08,0.12,0.0,0.44,73.0,9.0,7.5,24.0,7,74.0
4,2005,3,0,0.06,0.0,0.0,0.0,40.0,6.0,7.5,24.0,7,57.5
28,2005,0,12,0.09,0.03,0.0,0.0,74.0,26.0,7.0,13.0,5,72.0
17,2016,6,19,0.02,0.05,0.0,0.01,71.0,22.0,7.5,24.0,8,73.0
16,2012,0,21,0.18,0.05,0.03,0.03,77.0,71.0,7.8,188.0,7,77.5
15,2005,3,21,0.37,0.01,0.0,0.06,71.0,22.0,7.5,24.0,8,73.0
14,1996,3,12,0.0,0.0,0.16,0.01,71.0,22.0,7.5,24.0,8,73.0
0,1981,4,3,0.9,0.05,0.0,0.01,71.0,22.0,7.5,24.0,8,73.0
9,1997,5,17,0.29,0.06,0.0,0.0,71.0,22.0,7.5,24.0,8,73.0
19,2014,1,16,0.0,0.0,0.06,0.0,71.0,22.0,7.5,24.0,8,73.0
17,2016,0,16,0.0,0.0,0.06,0.0,71.0,22.0,7.5,24.0,8,73.0
7,2002,2,23,0.38,0.1,0.0,0.01,64.0,25.0,6.9,20.0,7,66.5
16,2007,0,10,0.16,0.06,0.0,0.03,86.0,23.0,6.9,23.0,2,77.5
18,2010,0,16,0.03,0.0,0.62,0.0,71.0,30.0,7.9,35.0,7,75.0
12,2011,6,26,0.0,0.02,0.0,0.0,71.0,22.0,7.5,24.0,8,73.0
27,2008,11,0,0.07,0.01,0.0,0.01,56.0,24.0,5.7,19.0,2,56.5
25,2007,4,20,0.32,0.02,0.04,0.03,69.0,47.0,8.5,55.0,1,77.0
17,2016,4,2,0.04,0.08,0.0,0.02,80.0,47.0,5.5,17.0,2,67.5
28,2005,2,10,0.42,0.16,0.0,0.02,88.0,48.0,8.8,27.0,7,88.0
27,2007,6,5,0.38,0.4,0.0,0.09,83.0,59.0,7.4,94.0,1,78.5
27,2008,0,12,0.1,0.0,0.0,0.01,44.0,31.0,5.7,9.0,7,50.5
6,2004,8,30,0.02,0.01,0.0,0.0,46.0,11.0,7.5,24.0,1,60.5
15,2000,7,2,0.15,0.12,0.0,0.04,54.0,15.0,5.8,8.0,7,56.0
25,2008,3,19,0.16,0.0,0.0,0.01,71.0,22.0,7.5,24.0,1,73.0
4,2005,4,20,1.21,1.56,0.06,0.29,82.0,43.0,8.5,101.0,1,83.5
4,2006,4,29,0.2,0.05,0.0,0.02,71.0,22.0,7.5,24.0,1,73.0
6,2002,0,19,0.0,0.0,0.03,0.0,71.0,22.0,7.5,24.0,8,73.0
12,2009,11,19,0.0,0.04,0.0,0.01,79.0,48.0,8.1,184.0,7,80.0
15,2005,7,0,0.02,0.01,0.0,0.0,74.0,35.0,8.2,17.0,7,78.0
14,2003,3,21,0.23,0.15,0.0,0.03,71.0,22.0,7.5,24.0,8,73.0
4,2007,5,0,0.02,0.0,0.0,0.0,71.0,22.0,7.5,24.0,8,73.0
25,2009,1,26,0.12,0.13,0.0,0.03,71.0,22.0,7.5,24.0,5,73.0
6,2003,11,17,0.47,0.17,0.0,0.01,89.0,34.0,9.4,97.0,1,91.5
4,2011,10,24,0.08,0.0,0.0,0.01,71.0,22.0,7.5,24.0,1,73.0
12,2010,7,22,0.88,0.48,0.0,0.17,71.0,22.0,7.5,24.0,8,73.0
14,1999,10,26,0.07,0.05,0.0,0.01,64.0,6.0,7.5,24.0,1,69.5
4,2008,0,19,0.61,0.11,0.0,0.06,68.0,10.0,7.8,32.0,2,73.0
15,2003,8,16,0.3,0.23,0.0,0.08,81.0,29.0,8.1,12.0,7,81.0
6,2002,5,3,0.51,0.19,0.0,0.01,82.0,20.0,8.6,11.0,1,84.0
4,2009,5,19,0.13,0.0,0.0,0.01,71.0,22.0,7.5,24.0,1,73.0
25,2011,10,24,0.04,0.08,0.0,0.02,54.0,8.0,7.4,7.0,1,64.0
29,2014,10,27,0.03,0.0,0.0,0.0,64.0,15.0,5.4,59.0,1,59.0
16,2012,2,16,0.35,0.23,0.07,0.09,81.0,53.0,6.7,150.0,7,74.0
25,2009,8,10,0.32,0.1,0.01,0.04,82.0,76.0,8.1,82.0,5,81.5
15,2006,7,16,0.0,0.0,0.17,0.0,71.0,22.0,7.5,24.0,8,73.0
4,2010,11,25,0.0,0.0,0.01,0.0,71.0,22.0,7.5,24.0,8,73.0
9,1998,4,19,0.72,0.17,0.0,0.01,71.0,22.0,7.5,24.0,8,73.0
14,2001,6,24,0.44,0.3,0.0,0.05,34.0,6.0,5.3,6.0,1,43.5
14,1999,7,19,0.12,0.08,0.0,0.01,71.0,22.0,7.5,24.0,8,73.0
25,2007,1,19,0.03,0.0,0.0,0.0,71.0,22.0,7.5,24.0,1,73.0
14,1999,7,3,0.05,0.03,0.0,0.01,71.0,22.0,7.5,24.0,8,73.0
15,2008,3,19,0.08,0.06,0.0,0.02,71.0,22.0,7.5,24.0,7,73.0
16,2007,8,28,0.18,0.26,0.0,0.1,72.0,31.0,7.4,64.0,5,73.0
4,2009,10,20,1.21,1.62,0.27,0.37,71.0,22.0,7.5,24.0,8,73.0
18,2012,7,19,0.0,0.0,0.09,0.0,71.0,22.0,7.5,24.0,8,73.0
18,2006,7,9,0.2,0.01,0.0,0.02,72.0,13.0,7.8,5.0,7,75.0
17,2014,2,19,0.1,0.0,0.04,0.02,71.0,22.0,7.5,24.0,8,73.0
27,2008,10,10,0.11,0.0,0.0,0.01,67.0,14.0,8.4,28.0,1,75.5
14,1996,10,19,0.06,0.04,0.0,0.01,71.0,22.0,7.5,24.0,8,73.0
15,2004,6,10,0.69,0.54,0.0,0.18,87.0,19.0,8.4,15.0,1,85.5
7,2003,0,4,0.38,0.1,0.12,0.02,93.0,52.0,8.3,115.0,7,88.0
26,2013,8,22,0.05,0.05,0.0,0.01,71.0,22.0,7.5,24.0,8,73.0
25,2009,8,10,0.93,0.0,0.0,0.07,67.0,12.0,4.5,6.0,2,56.0
27,2009,2,4,1.82,0.7,0.15,0.26,93.0,77.0,7.3,292.0,7,83.0
12,2016,9,19,0.0,0.03,0.0,0.0,46.0,8.0,6.1,18.0,8,53.5
18,2007,7,16,0.0,0.0,0.12,0.0,71.0,22.0,7.5,24.0,8,73.0
16,2009,8,24,1.2,0.6,0.0,0.29,83.0,58.0,7.9,427.0,5,81.0
25,2008,3,19,0.1,0.02,0.0,0.01,54.0,8.0,7.6,7.0,2,65.0
25,2008,0,23,0.19,0.0,0.0,0.02,71.0,22.0,7.5,24.0,1,73.0
14,1999,9,19,0.01,0.01,0.0,0.0,71.0,22.0,7.5,24.0,8,73.0
25,2008,6,19,0.02,0.0,0.0,0.0,71.0,22.0,2.0,6.0,1,45.5
25,2011,6,19,0.01,0.0,0.0,0.0,71.0,22.0,7.5,24.0,1,73.0
2,2015,0,19,0.0,0.0,0.07,0.0,71.0,22.0,7.5,24.0,8,73.0
6,2005,3,23,0.44,0.16,0.0,0.01,71.0,22.0,7.5,24.0,8,73.0
4,2006,5,17,0.0,0.0,0.19,0.0,71.0,22.0,7.5,24.0,8,73.0
25,2010,8,10,0.09,0.0,0.0,0.0,71.0,22.0,7.5,24.0,2,73.0
9,1998,0,19,0.2,0.05,0.0,0.0,71.0,22.0,7.5,24.0,8,73.0
4,2008,7,25,0.08,0.0,0.05,0.01,58.0,4.0,7.5,24.0,1,66.5
19,2016,1,19,0.0,0.0,0.01,0.0,71.0,22.0,7.5,24.0,8,73.0
27,2006,10,12,0.08,0.9,0.02,0.0,71.0,22.0,7.5,24.0,8,73.0
14,2001,1,24,0.06,0.04,0.0,0.01,64.0,4.0,6.1,16.0,5,62.5
27,2013,0,22,0.07,0.08,0.0,0.02,69.0,14.0,7.2,45.0,5,70.5
27,2011,1,19,0.0,0.0,0.02,0.0,71.0,22.0,7.5,24.0,8,73.0
15,2006,4,26,0.01,0.01,0.0,0.0,57.0,6.0,7.5,24.0,2,66.0
14,1999,6,10,0.59,0.4,0.0,0.07,71.0,22.0,7.5,24.0,8,73.0
15,2002,11,25,0.0,0.0,0.13,0.0,71.0,22.0,7.5,24.0,8,73.0
18,2009,0,16,0.0,0.0,0.17,0.0,71.0,22.0,7.5,24.0,8,73.0
15,2003,4,1,0.12,0.09,0.0,0.03,63.0,20.0,7.6,11.0,7,69.5
4,2005,9,19,0.01,0.01,0.0,0.0,61.0,17.0,7.8,5.0,7,69.5
15,2008,3,21,0.0,0.06,0.0,0.48,71.0,22.0,7.5,24.0,8,73.0
14,1998,4,21,3.68,1.75,1.42,0.28,91.0,12.0,8.9,432.0,1,90.0
2,2015,0,16,0.0,0.0,0.13,0.0,71.0,22.0,7.5,24.0,8,73.0
10,1986,0,17,0.0,0.0,0.57,0.0,71.0,22.0,7.5,24.0,8,73.0
16,2012,0,21,0.5,0.27,0.04,0.15,74.0,69.0,7.3,540.0,7,73.5
28,2002,5,14,0.07,0.02,0.0,0.0,28.0,13.0,4.6,8.0,1,37.0
4,2007,7,19,0.16,0.0,0.06,0.01,70.0,25.0,7.0,24.0,7,70.0
27,2006,0,23,1.17,0.77,0.02,0.22,81.0,74.0,7.5,211.0,5,78.0
12,2011,9,19,0.0,0.06,0.0,0.01,71.0,22.0,7.5,24.0,8,73.0
22,1995,1,19,0.0,0.0,0.05,0.0,71.0,22.0,7.5,24.0,8,73.0
16,2010,4,2,0.16,0.02,0.0,0.02,57.0,11.0,4.5,6.0,2,51.0
28,2003,0,19,0.14,0.04,0.0,0.01,73.0,43.0,8.6,17.0,7,79.5
18,2010,7,12,0.0,0.0,0.02,0.0,71.0,22.0,7.5,24.0,8,73.0
28,2004,2,3,0.01,0.0,0.0,0.0,65.0,8.0,8.8,4.0,7,76.5
14,1997,10,19,0.24,0.16,0.0,0.03,71.0,22.0,7.5,24.0,8,73.0
15,2008,5,10,0.28,0.22,0.0,0.07,71.0,22.0,7.5,24.0,1,73.0
12,2008,11,23,0.0,0.02,0.0,0.0,71.0,22.0,7.5,24.0,8,73.0
27,2011,0,12,0.02,0.0,0.0,0.0,71.0,22.0,7.5,24.0,8,73.0
15,2007,0,23,0.21,0.16,0.0,0.05,71.0,22.0,7.5,24.0,8,73.0
18,2008,10,10,0.65,0.0,0.0,0.06,68.0,8.0,6.5,4.0,1,66.5
2,2015,1,16,0.0,0.0,0.08,0.0,71.0,22.0,7.5,24.0,8,73.0
17,2015,7,19,0.0,0.01,0.0,0.0,71.0,22.0,7.5,24.0,8,73.0
15,2000,9,19,0.05,0.04,0.0,0.01,73.0,16.0,7.5,24.0,7,74.0
25,2008,1,3,0.09,0.0,0.0,0.01,71.0,22.0,7.5,24.0,8,73.0
28,2003,1,23,0.01,0.0,0.0,0.0,77.0,24.0,8.3,12.0,7,80.0
14,1998,7,12,0.0,0.0,0.26,0.02,71.0,22.0,7.5,24.0,8,73.0
19,2015,0,16,0.0,0.03,0.13,0.01,76.0,4.0,6.3,17.0,7,69.5
15,2007,6,19,0.0,0.0,0.02,0.0,71.0,22.0,7.5,24.0,8,73.0
15,2001,8,5,0.07,0.06,0.0,0.02,52.0,12.0,6.4,5.0,7,58.0
18,2006,8,21,0.81,0.11,0.0,0.13,81.0,31.0,9.0,36.0,7,85.5
29,2015,10,19,0.02,0.0,0.0,0.0,45.0,4.0,7.5,24.0,8,60.0
9,1998,0,19,0.26,0.06,0.0,0.0,71.0,22.0,7.5,24.0,8,73.0
4,2008,6,19,0.07,0.0,0.0,0.01,23.0,9.0,2.4,12.0,1,23.5
16,2016,0,19,0.01,0.01,0.0,0.0,71.0,22.0,7.5,24.0,7,73.0
16,2007,10,24,0.15,0.0,0.0,0.01,77.0,19.0,7.2,12.0,1,74.5
4,2011,11,19,0.9,0.12,0.0,0.08,81.0,23.0,7.4,29.0,2,77.5
9,1998,10,19,0.08,0.02,0.0,0.0,71.0,22.0,7.5,24.0,8,73.0
28,2002,10,20,0.09,0.02,0.0,0.0,89.0,17.0,7.1,14.0,1,80.0
28,2003,7,23,0.03,0.01,0.0,0.0,71.0,22.0,7.5,24.0,8,73.0
6,2002,10,20,0.1,0.04,0.0,0.0,80.0,16.0,7.8,5.0,1,79.0
18,2010,10,12,0.0,0.0,0.2,0.0,71.0,22.0,7.5,24.0,8,73.0
25,2010,3,16,0.0,0.16,0.0,0.02,71.0,22.0,7.5,24.0,8,73.0
14,1996,0,19,0.02,0.01,0.0,0.0,71.0,22.0,7.5,24.0,8,73.0
25,2010,0,19,0.2,0.11,0.04,0.03,84.0,68.0,8.8,184.0,5,86.0
15,2005,0,20,0.11,0.09,0.0,0.03,74.0,33.0,8.4,65.0,5,79.0
12,2011,6,26,0.05,0.1,0.0,0.03,80.0,11.0,7.0,332.0,7,75.0
15,2005,9,26,0.1,0.08,0.0,0.03,59.0,33.0,7.5,18.0,5,67.0
18,2009,0,19,0.05,0.0,0.06,0.01,63.0,27.0,8.0,13.0,5,71.5
16,2009,3,12,0.07,0.02,0.0,0.01,66.0,8.0,7.5,24.0,7,70.5
6,2005,4,15,0.08,0.03,0.0,0.0,71.0,22.0,7.5,24.0,1,73.0
14,2001,7,10,0.37,0.25,0.0,0.04,58.0,10.0,8.3,12.0,7,70.5
27,2013,0,24,9.66,5.14,0.06,1.41,97.0,58.0,8.1,3711.0,5,89.0
28,2001,6,10,0.09,0.03,0.0,0.0,65.0,24.0,8.4,7.0,7,74.5
14,1999,0,19,0.31,0.21,0.0,0.04,71.0,22.0,7.5,24.0,8,73.0
25,2009,10,12,0.0,0.0,0.04,0.0,71.0,22.0,7.5,24.0,8,73.0
7,2004,4,23,0.26,0.07,0.0,0.01,75.0,22.0,8.6,8.0,1,80.5
15,2002,3,19,0.0,0.0,0.09,0.0,71.0,22.0,7.5,24.0,8,73.0
15,2005,10,12,0.0,0.0,0.11,0.0,71.0,22.0,7.5,24.0,8,73.0
16,2011,7,10,0.78,0.45,0.03,0.19,94.0,62.0,8.5,1081.0,5,89.5
16,2014,10,19,0.0,0.01,0.0,0.0,73.0,5.0,6.9,55.0,1,71.0
15,2002,7,19,0.06,0.05,0.0,0.02,65.0,9.0,8.8,77.0,1,76.5
15,2006,10,10,0.47,0.02,0.0,0.08,77.0,28.0,8.1,33.0,1,79.0
2,2013,7,17,0.25,0.45,1.33,0.05,71.0,22.0,7.5,24.0,8,73.0
18,2006,3,21,0.04,0.0,0.0,0.0,50.0,11.0,7.8,6.0,7,64.0
27,2012,6,3,0.04,0.0,0.0,0.0,71.0,22.0,7.5,24.0,8,73.0
6,2006,0,16,0.12,0.04,0.0,0.0,65.0,5.0,7.5,24.0,1,70.0
15,2003,2,9,0.3,0.23,0.0,0.08,51.0,24.0,7.8,29.0,5,64.5
4,2009,9,26,0.17,0.0,0.0,0.01,71.0,22.0,7.5,24.0,1,73.0
14,1998,10,12,0.0,0.0,0.75,0.05,71.0,22.0,7.5,24.0,8,73.0
16,2013,7,18,0.05,0.02,0.12,0.01,86.0,12.0,7.7,128.0,7,81.5
25,2009,3,16,0.41,0.0,0.0,0.03,53.0,8.0,6.8,5.0,1,60.5
18,2012,1,11,0.0,0.0,0.03,0.0,71.0,22.0,7.5,24.0,8,73.0
20,1997,3,20,0.0,0.0,0.11,0.0,71.0,22.0,7.5,24.0,8,73.0
4,2007,5,9,0.33,0.02,0.0,0.03,71.0,22.0,7.5,24.0,8,73.0
25,2007,8,28,0.11,0.0,0.0,0.01,80.0,55.0,8.2,26.0,1,81.0
5,1991,4,17,0.0,0.0,0.28,0.0,71.0,22.0,7.5,24.0,8,73.0
15,2006,10,12,0.0,0.0,0.16,0.0,71.0,22.0,7.5,24.0,8,73.0
4,2009,3,19,0.0,0.0,0.02,0.0,71.0,22.0,7.5,24.0,8,73.0
27,2008,8,20,0.15,0.1,0.0,0.02,76.0,63.0,6.8,43.0,5,72.0
29,2015,10,19,0.03,0.05,0.0,0.01,20.0,4.0,3.1,30.0,1,25.5
14,1995,11,19,0.14,0.09,0.0,0.02,71.0,22.0,7.5,24.0,8,73.0
4,2010,3,19,0.11,0.0,0.0,0.01,71.0,22.0,7.5,24.0,1,73.0
25,2010,0,10,0.22,0.27,0.0,0.05,41.0,8.0,5.0,11.0,7,45.5
15,2008,0,19,0.6,0.01,0.0,0.76,77.0,12.0,8.4,16.0,2,80.5
27,2014,0,2,0.09,0.06,0.0,0.01,71.0,22.0,7.5,24.0,8,73.0
12,2009,11,23,0.0,0.15,0.0,0.03,71.0,22.0,7.5,24.0,8,73.0
7,2005,0,2,0.29,0.07,0.0,0.01,76.0,36.0,7.2,21.0,7,74.0
17,2014,1,19,0.09,0.14,0.0,0.04,71.0,22.0,7.5,24.0,8,73.0
7,2002,10,12,0.03,0.01,0.0,0.0,75.0,7.0,7.5,24.0,1,75.0
29,2016,0,12,0.01,0.0,0.0,0.0,71.0,22.0,7.5,24.0,5,73.0
17,2016,10,19,0.0,0.02,0.0,0.0,31.0,22.0,4.5,66.0,8,38.0
12,2005,0,9,0.0,0.01,0.0,0.0,71.0,22.0,7.5,24.0,8,73.0
20,1996,2,4,0.0,0.0,0.35,0.0,71.0,22.0,7.5,24.0,8,73.0
18,2007,0,19,0.09,0.08,0.0,0.05,58.0,21.0,7.0,12.0,5,64.0
7,2005,11,17,0.25,0.07,0.07,0.01,76.0,43.0,8.8,18.0,7,82.0
28,2003,6,14,0.23,0.07,0.0,0.01,76.0,41.0,8.3,30.0,1,79.5
25,2008,5,19,0.16,0.0,0.0,0.0,71.0,22.0,7.5,24.0,8,73.0
18,2013,2,16,0.0,0.0,0.02,0.0,71.0,22.0,7.5,24.0,8,73.0
19,2013,4,19,0.13,0.06,0.0,0.06,75.0,15.0,8.2,148.0,2,78.5
19,2015,0,27,0.0,0.0,0.01,0.0,71.0,22.0,7.5,24.0,8,73.0
4,2010,0,2,0.17,0.01,0.0,0.01,73.0,13.0,7.0,6.0,2,71.5
4,2007,10,19,0.0,0.0,0.03,0.0,71.0,22.0,7.5,24.0,8,73.0
29,2016,9,19,0.0,0.01,0.0,0.0,53.0,15.0,6.3,63.0,7,58.0
14,2001,6,2,0.08,0.06,0.0,0.01,76.0,8.0,8.7,9.0,1,81.5
9,1998,3,19,0.08,0.02,0.0,0.0,71.0,22.0,7.5,24.0,8,73.0
15,2001,8,28,0.29,0.23,0.0,0.08,87.0,24.0,8.6,94.0,5,86.5
16,2011,0,12,0.02,0.0,0.0,0.01,71.0,22.0,7.5,24.0,8,73.0
2,2013,3,19,0.0,0.0,0.08,0.0,71.0,22.0,7.5,24.0,8,73.0
2,2011,4,19,0.0,0.06,0.0,0.01,71.0,22.0,7.5,24.0,8,73.0
15,2001,10,21,0.16,0.13,0.0,0.04,78.0,16.0,7.5,24.0,1,76.5
14,1999,10,21,0.52,0.35,0.0,0.06,71.0,22.0,7.5,24.0,8,73.0
29,2013,0,26,1.48,0.55,0.0,0.21,71.0,22.0,7.4,355.0,5,72.5
14,1997,11,10,0.02,0.01,0.0,0.0,71.0,22.0,7.5,24.0,8,73.0
14,1995,0,16,0.0,0.0,0.42,0.03,71.0,22.0,7.5,24.0,8,73.0
16,2012,0,25,0.19,0.09,0.11,0.05,58.0,43.0,5.0,152.0,5,54.0
4,2007,2,23,0.11,0.0,0.0,0.01,61.0,12.0,6.6,13.0,7,63.5
4,2009,3,19,0.01,0.0,0.0,0.0,71.0,22.0,7.5,24.0,8,73.0
18,2011,1,19,0.0,0.0,0.08,0.0,71.0,22.0,7.5,24.0,8,73.0
9,1999,2,19,0.23,0.06,0.0,0.0,71.0,22.0,7.5,24.0,8,73.0
8,1994,10,1,0.95,0.14,0.0,0.03,71.0,22.0,7.5,24.0,8,73.0
25,2011,8,19,0.09,0.0,0.0,0.01,71.0,22.0,7.5,24.0,7,73.0
6,2001,6,23,0.24,0.09,0.0,0.01,82.0,10.0,7.5,24.0,1,78.5
15,2004,0,12,0.03,0.03,0.0,0.01,71.0,22.0,7.5,24.0,8,73.0
4,2009,9,26,0.18,0.0,0.0,0.01,71.0,22.0,7.5,24.0,1,73.0
6,2002,7,19,0.04,0.01,0.0,0.0,76.0,12.0,8.3,8.0,1,79.5
16,2012,0,16,0.0,0.0,0.03,0.0,71.0,22.0,7.5,24.0,8,73.0
7,2005,0,4,0.04,0.01,0.0,0.0,62.0,27.0,6.9,8.0,7,65.5
3,1999,2,4,0.0,0.0,0.1,0.0,71.0,22.0,7.5,24.0,8,73.0
27,2011,10,2,0.0,0.02,0.0,0.0,71.0,22.0,7.5,24.0,1,73.0
28,2005,6,10,0.53,0.46,0.0,0.05,83.0,32.0,8.8,29.0,7,85.5
20,1998,2,4,0.0,0.0,0.03,0.0,71.0,22.0,7.5,24.0,8,73.0
4,2006,3,17,0.0,0.0,0.04,0.0,71.0,22.0,7.5,24.0,8,73.0
29,2014,0,22,0.35,0.21,0.0,0.05,71.0,22.0,7.5,24.0,8,73.0
15,2007,9,12,0.0,0.0,0.02,0.0,71.0,22.0,7.5,24.0,8,73.0
19,2012,0,12,0.12,0.16,0.05,0.06,71.0,22.0,7.5,24.0,8,73.0
18,2005,10,10,0.34,0.0,0.0,0.03,73.0,23.0,7.4,14.0,1,73.5
15,2005,6,10,2.03,1.79,0.08,0.47,82.0,36.0,9.1,137.0,7,86.5
3,1999,1,2,0.0,0.0,0.1,0.0,71.0,22.0,7.5,24.0,8,73.0
4,2010,3,29,0.25,0.0,0.0,0.02,71.0,22.0,7.5,24.0,8,73.0
15,2007,0,24,0.78,0.03,0.03,0.13,75.0,37.0,7.9,67.0,5,77.0
4,2007,11,19,0.03,0.01,0.0,0.0,59.0,6.0,6.2,5.0,1,60.5
4,2006,5,12,0.05,0.0,0.0,0.0,61.0,28.0,7.5,24.0,1,68.0
7,2001,10,10,0.42,0.11,0.0,0.01,87.0,20.0,8.6,18.0,1,86.5
4,2009,10,0,0.05,0.0,0.0,0.0,71.0,22.0,7.5,24.0,1,73.0
2,2012,0,16,0.0,0.0,0.02,0.0,71.0,22.0,7.5,24.0,8,73.0
7,2001,9,17,1.92,0.16,0.99,0.09,87.0,42.0,8.9,137.0,1,88.0
6,2005,1,23,0.05,0.02,0.0,0.0,71.0,22.0,7.5,24.0,8,73.0
28,2001,10,10,0.32,0.09,0.0,0.02,88.0,22.0,8.5,11.0,1,86.5
18,2011,1,19,0.0,0.0,0.02,0.0,71.0,22.0,7.5,24.0,8,73.0
28,2003,0,24,0.13,0.04,0.0,0.01,67.0,21.0,6.3,11.0,5,65.0
18,2011,1,11,0.0,0.0,0.01,0.0,71.0,22.0,7.5,24.0,8,73.0
6,2003,4,4,0.02,0.01,0.0,0.0,59.0,17.0,7.5,24.0,1,67.0
28,2004,11,19,0.02,0.01,0.0,0.0,61.0,24.0,7.5,24.0,8,68.0
4,2010,7,22,0.53,0.09,0.27,0.05,66.0,58.0,7.0,76.0,2,68.0
4,2010,3,19,0.01,0.0,0.0,0.0,71.0,22.0,7.5,24.0,2,73.0
26,2016,3,14,0.28,0.17,0.18,0.04,71.0,22.0,7.5,24.0,8,73.0
4,2007,10,26,0.03,0.0,0.0,0.0,71.0,22.0,7.5,24.0,1,73.0
27,2009,0,8,0.11,0.05,0.0,0.01,68.0,33.0,7.0,9.0,2,69.0
22,1991,11,25,0.0,0.0,0.25,0.0,71.0,22.0,7.5,24.0,8,73.0
27,2008,10,24,0.14,0.08,0.0,0.02,56.0,45.0,6.4,29.0,7,60.0
6,2002,7,19,0.04,0.01,0.0,0.0,71.0,22.0,7.5,24.0,8,73.0
16,2009,0,19,0.07,0.03,0.02,0.01,50.0,31.0,5.9,15.0,5,54.5
12,2009,8,24,0.01,0.14,0.0,0.03,81.0,37.0,7.8,1363.0,5,79.5
29,2016,0,19,0.01,0.0,0.0,0.0,74.0,13.0,6.7,7.0,8,70.5
7,2003,4,23,0.16,0.04,0.0,0.01,71.0,22.0,7.5,24.0,8,73.0
4,2008,1,16,0.0,0.0,0.04,0.0,71.0,22.0,7.5,24.0,8,73.0
2,2011,3,19,0.0,0.04,0.0,0.0,71.0,22.0,7.5,24.0,1,73.0
25,2008,2,4,0.0,0.0,0.1,0.0,71.0,22.0,7.5,24.0,8,73.0
14,1997,6,19,0.02,0.01,0.0,0.0,71.0,22.0,7.5,24.0,8,73.0
25,2008,9,13,0.14,0.01,0.0,0.01,61.0,4.0,7.5,24.0,1,68.0
22,1993,4,17,5.99,2.15,2.12,0.29,71.0,22.0,7.5,24.0,8,73.0
15,2000,8,19,0.28,0.22,0.0,0.07,77.0,23.0,6.8,13.0,5,72.5
12,2011,7,19,0.16,0.06,0.0,0.02,72.0,27.0,6.8,243.0,7,70.0
27,2008,10,10,0.65,0.0,0.0,0.05,83.0,24.0,7.7,26.0,1,80.0
4,2006,3,19,0.0,0.0,0.2,0.0,71.0,22.0,7.5,24.0,8,73.0
12,2008,11,10,0.01,0.64,0.0,0.02,71.0,22.0,7.5,24.0,8,73.0
27,2012,8,24,0.21,0.17,0.0,0.04,76.0,59.0,8.2,319.0,5,79.0
4,2011,0,23,0.06,0.03,0.0,0.01,71.0,22.0,7.5,24.0,8,73.0
2,2011,2,19,0.05,0.01,0.04,0.01,64.0,14.0,6.1,19.0,7,62.5
27,2011,0,23,0.16,0.06,0.0,0.02,71.0,22.0,7.5,24.0,8,73.0
16,2015,0,16,0.0,0.0,0.02,0.0,71.0,22.0,7.5,24.0,8,73.0
18,2007,2,4,0.0,0.0,0.08,0.0,71.0,22.0,7.5,24.0,8,73.0
20,1997,8,16,0.0,0.0,0.1,0.0,71.0,22.0,7.5,24.0,8,73.0
28,2005,8,19,0.03,0.01,0.0,0.0,60.0,10.0,6.5,4.0,5,62.5
4,2011,4,0,0.06,0.0,0.0,0.0,71.0,22.0,0.9,7.0,1,40.0
4,2011,5,3,0.05,0.0,0.0,0.0,71.0,22.0,7.5,24.0,1,73.0
14,1997,11,21,0.0,0.0,0.38,0.03,71.0,22.0,7.5,24.0,8,73.0
3,2000,6,20,0.0,0.0,0.13,0.0,84.0,25.0,7.7,11.0,1,80.5
25,2009,0,16,0.0,0.1,0.17,0.02,71.0,22.0,7.5,24.0,8,73.0
14,1999,3,21,0.09,0.06,0.0,0.01,71.0,22.0,7.5,24.0,8,73.0
27,2013,4,26,0.19,0.2,0.0,0.04,90.0,35.0,8.2,217.0,2,86.0
4,2008,9,26,0.23,0.0,0.0,0.02,71.0,22.0,7.0,4.0,1,70.5
28,2004,10,15,0.07,0.02,0.0,0.0,77.0,34.0,7.5,24.0,7,76.0
4,2007,4,0,0.0,0.0,0.14,0.0,71.0,22.0,7.5,24.0,8,73.0
7,2003,6,1,0.22,0.06,0.0,0.01,70.0,18.0,9.0,4.0,1,80.0
16,2008,7,21,0.33,0.16,0.36,0.08,64.0,77.0,7.5,213.0,7,69.5
18,2013,1,19,0.0,0.0,0.03,0.0,71.0,22.0,7.5,24.0,8,73.0
14,2001,4,19,0.07,0.05,0.0,0.01,72.0,12.0,8.8,25.0,1,80.0
27,2009,7,19,0.13,0.07,0.07,0.02,69.0,49.0,7.0,57.0,7,69.5
4,2007,0,28,0.42,0.02,0.0,0.04,73.0,8.0,5.9,10.0,1,66.0
18,2006,0,12,0.0,0.0,0.01,0.0,71.0,22.0,7.5,24.0,8,73.0
15,2003,7,20,0.0,0.0,0.24,0.0,71.0,22.0,7.5,24.0,8,73.0
15,2005,3,6,0.0,0.0,0.13,0.0,71.0,22.0,7.5,24.0,8,73.0
6,2001,3,13,0.05,0.02,0.0,0.0,71.0,22.0,7.5,24.0,8,73.0
4,2009,0,19,0.1,0.0,0.0,0.01,45.0,12.0,7.5,24.0,1,60.0
12,2008,0,26,0.0,0.02,0.0,0.0,71.0,22.0,7.5,24.0,8,73.0
2,2016,0,19,0.0,0.0,0.56,0.0,71.0,22.0,7.5,24.0,8,73.0
25,2007,0,19,0.05,0.0,0.0,0.0,57.0,4.0,7.5,24.0,1,66.0
14,1997,6,19,0.05,0.03,0.0,0.01,71.0,22.0,7.5,24.0,8,73.0
16,2012,6,10,0.71,1.46,0.06,0.58,71.0,22.0,7.5,24.0,8,73.0
15,2003,4,23,0.56,0.44,0.0,0.15,68.0,28.0,9.0,28.0,1,79.0
14,1997,9,19,0.24,0.16,0.0,0.03,91.0,12.0,7.8,12.0,1,84.5
7,2007,10,10,0.06,0.02,0.0,0.0,75.0,4.0,7.0,7.0,1,72.5
12,2014,0,29,0.0,0.06,0.0,0.0,71.0,22.0,6.8,21.0,2,69.5
14,1998,5,21,0.0,0.0,0.32,0.02,71.0,22.0,7.5,24.0,8,73.0
4,2012,0,11,0.0,0.0,0.01,0.0,71.0,22.0,7.5,24.0,8,73.0
5,2000,1,19,0.0,0.0,0.14,0.0,71.0,22.0,7.5,24.0,8,73.0
15,2002,0,10,1.94,1.95,0.08,0.7,82.0,32.0,8.2,78.0,7,82.0
12,2010,3,16,0.0,0.02,0.0,0.0,71.0,22.0,7.5,24.0,8,73.0
14,1997,3,19,0.02,0.01,0.0,0.0,71.0,22.0,7.5,24.0,8,73.0
2,2012,0,19,0.0,0.0,0.02,0.0,71.0,22.0,7.5,24.0,8,73.0
25,2011,3,23,0.22,0.01,0.0,0.02,71.0,22.0,7.5,24.0,8,73.0
27,2008,6,24,1.68,0.45,0.01,0.21,81.0,66.0,8.5,142.0,7,83.0
18,2008,2,4,0.0,0.0,0.06,0.0,71.0,22.0,7.5,24.0,8,73.0
25,2008,10,19,0.0,0.0,0.01,0.0,71.0,22.0,7.5,24.0,8,73.0
18,2009,7,11,0.04,0.0,0.01,0.0,71.0,22.0,7.8,17.0,7,74.5
12,2010,8,2,0.02,0.0,0.0,0.0,63.0,17.0,7.1,72.0,7,67.0
28,2005,8,19,0.05,0.01,0.0,0.0,32.0,9.0,5.8,10.0,5,45.0
16,2007,1,21,0.0,0.0,0.08,0.0,71.0,22.0,7.5,24.0,8,73.0
4,2009,3,13,0.08,0.0,0.0,0.01,71.0,22.0,7.5,24.0,1,73.0
14,1996,9,10,0.65,0.44,0.0,0.08,71.0,22.0,7.5,24.0,8,73.0
4,2008,3,17,0.0,0.0,0.51,0.0,71.0,22.0,7.5,24.0,8,73.0
18,2006,5,13,0.03,0.0,0.0,0.0,51.0,5.0,7.5,24.0,1,63.0
12,2009,11,20,0.01,0.97,0.0,0.1,90.0,62.0,6.9,2981.0,7,79.5
12,2006,11,28,0.0,0.03,0.0,0.01,74.0,32.0,7.6,43.0,2,75.0
7,2002,8,17,1.96,0.67,0.1,0.09,97.0,70.0,9.3,747.0,7,95.0
4,2009,6,23,0.13,0.0,0.0,0.01,71.0,22.0,7.5,24.0,1,73.0
15,2000,4,26,0.04,0.03,0.0,0.01,73.0,10.0,7.3,7.0,1,73.0
4,2007,3,19,0.0,0.0,0.01,0.0,71.0,22.0,7.5,24.0,8,73.0
14,1997,1,19,0.05,0.04,0.0,0.01,71.0,22.0,7.5,24.0,8,73.0
25,2009,3,19,0.0,0.16,0.0,0.01,71.0,22.0,7.5,24.0,8,73.0
28,2003,7,19,0.04,0.01,0.0,0.0,71.0,31.0,8.2,6.0,5,76.5
4,2011,3,0,0.06,0.03,0.0,0.01,71.0,22.0,7.5,24.0,2,73.0
15,2007,7,20,0.0,0.0,0.02,0.0,71.0,22.0,7.5,24.0,8,73.0
15,2003,4,19,0.04,0.03,0.0,0.01,59.0,22.0,6.6,14.0,7,62.5
4,2007,5,19,0.1,0.01,0.0,0.01,60.0,7.0,8.3,48.0,1,71.5
15,2008,9,12,0.0,0.0,0.03,0.0,71.0,22.0,7.5,24.0,8,73.0
15,2007,2,16,0.0,0.0,0.17,0.0,71.0,22.0,7.5,24.0,8,73.0
18,2006,6,19,0.04,0.0,0.0,0.0,52.0,19.0,7.5,24.0,1,63.5
29,2015,6,10,0.3,0.33,0.0,0.06,71.0,22.0,7.5,24.0,8,73.0
29,2016,0,2,0.01,0.0,0.0,0.0,56.0,4.0,3.1,14.0,5,43.5
20,1998,10,20,0.0,0.0,0.25,0.0,71.0,22.0,7.5,24.0,8,73.0
29,2014,8,10,1.84,0.8,0.04,0.27,86.0,68.0,6.4,2658.0,5,75.0
12,2006,5,19,0.0,0.02,0.0,0.0,71.0,22.0,7.5,24.0,1,73.0
18,2005,0,24,2.9,2.81,0.24,1.73,88.0,65.0,7.6,451.0,5,82.0
16,2014,10,24,0.36,0.29,0.0,0.13,55.0,5.0,3.1,57.0,7,43.0
9,1996,10,19,0.0,0.0,0.22,0.0,71.0,22.0,7.5,24.0,8,73.0
18,2006,6,5,0.01,0.0,0.0,0.0,61.0,18.0,7.5,24.0,1,68.0
4,2007,3,20,0.12,0.0,0.0,0.01,53.0,17.0,7.5,24.0,1,64.0
4,2005,4,17,0.0,0.0,0.22,0.0,71.0,22.0,7.5,24.0,8,73.0
14,2000,0,19,0.03,0.02,0.0,0.0,27.0,4.0,7.5,24.0,1,51.0
26,2013,8,2,0.22,0.09,0.01,0.03,69.0,6.0,3.4,256.0,5,51.5
15,2008,8,20,0.0,0.0,0.02,0.0,71.0,22.0,7.5,24.0,8,73.0
14,1998,1,19,0.03,0.02,0.07,0.01,71.0,22.0,7.5,24.0,8,73.0
16,2012,10,10,0.12,0.89,0.0,0.23,76.0,36.0,6.4,66.0,1,70.0
18,2007,8,19,0.02,0.0,0.02,0.01,78.0,26.0,7.4,25.0,7,76.0
25,2007,0,23,0.43,0.03,0.0,0.04,62.0,16.0,6.7,12.0,1,64.5
4,2008,0,19,0.0,0.0,0.03,0.0,71.0,22.0,7.5,24.0,8,73.0
16,2010,2,23,0.8,0.4,0.02,0.18,85.0,54.0,7.2,48.0,7,78.5
18,2012,0,11,0.0,0.0,0.02,0.0,71.0,22.0,7.5,24.0,8,73.0
28,2005,0,20,0.1,0.03,0.0,0.0,73.0,36.0,8.8,12.0,5,80.5
6,2007,0,23,0.14,0.05,0.0,0.0,65.0,4.0,7.5,24.0,1,70.0
18,2009,6,5,0.08,0.29,0.0,0.16,68.0,23.0,7.2,14.0,1,70.0
4,2009,0,19,0.0,0.0,0.03,0.0,71.0,22.0,7.5,24.0,8,73.0
15,2002,10,19,0.0,0.0,0.06,0.0,71.0,22.0,7.5,24.0,8,73.0
16,2014,0,2,0.04,0.04,0.01,0.02,71.0,22.0,7.5,24.0,8,73.0
16,2015,2,16,0.16,0.13,0.14,0.06,71.0,22.0,7.1,62.0,7,71.0
18,2006,10,19,0.06,0.0,0.0,0.0,71.0,22.0,4.0,4.0,7,55.5
14,1998,6,19,0.0,0.0,0.05,0.0,71.0,22.0,7.5,24.0,8,73.0
14,1997,9,19,0.0,0.0,0.29,0.02,71.0,22.0,7.5,24.0,8,73.0
22,1995,5,17,0.0,0.0,0.15,0.0,71.0,22.0,7.5,24.0,8,73.0
18,2010,1,19,0.0,0.0,0.04,0.0,71.0,22.0,7.5,24.0,8,73.0
2,2012,9,17,0.16,0.02,0.53,0.01,76.0,5.0,8.0,15.0,1,78.0
17,2016,1,19,0.0,0.0,0.01,0.0,69.0,13.0,7.5,11.0,8,72.0
16,2010,9,12,0.12,0.05,0.0,0.02,60.0,5.0,7.5,24.0,2,67.5
15,2006,0,4,0.0,0.0,0.26,0.0,71.0,22.0,7.5,24.0,8,73.0
4,2009,9,26,0.5,0.0,0.0,0.04,71.0,22.0,7.5,24.0,1,73.0
22,1994,11,19,0.0,0.0,0.37,0.0,71.0,22.0,7.5,24.0,8,73.0
14,1999,11,16,0.0,0.0,0.51,0.04,71.0,22.0,7.5,24.0,8,73.0
28,2003,10,20,0.11,0.03,0.0,0.01,89.0,22.0,8.6,14.0,1,87.5
15,2001,3,9,0.03,0.02,0.0,0.01,71.0,22.0,7.5,24.0,8,73.0
7,2003,2,19,0.05,0.01,0.0,0.0,71.0,22.0,7.5,24.0,8,73.0
15,2006,6,10,1.22,0.05,0.05,0.01,74.0,26.0,8.4,60.0,2,79.0
14,1996,3,21,0.02,0.01,0.16,0.01,71.0,22.0,7.5,24.0,8,73.0
5,2001,0,10,0.94,0.62,0.1,0.07,71.0,22.0,7.5,24.0,8,73.0
16,2011,10,10,1.93,0.15,0.0,0.17,79.0,31.0,5.5,56.0,1,67.0
25,2006,3,16,0.12,0.0,0.06,0.01,71.0,22.0,7.5,24.0,8,73.0
14,1997,9,19,0.0,0.0,1.02,0.07,71.0,22.0,7.5,24.0,8,73.0
14,2000,6,19,0.09,0.06,0.0,0.01,57.0,6.0,7.5,24.0,1,66.0
4,2009,7,26,0.15,0.02,0.0,0.01,71.0,22.0,7.5,24.0,8,73.0
4,2006,3,16,0.0,0.0,0.21,0.0,71.0,22.0,7.5,24.0,8,73.0
15,2008,0,16,0.0,0.0,0.06,0.0,71.0,22.0,7.5,24.0,8,73.0
4,2012,5,19,0.0,0.04,0.0,0.01,71.0,22.0,7.5,24.0,1,73.0
18,2009,11,21,0.17,0.5,0.0,0.11,69.0,32.0,7.3,19.0,2,71.0
18,2010,7,19,0.0,0.0,0.03,0.0,71.0,22.0,7.5,24.0,8,73.0
15,2003,10,16,0.0,0.0,0.28,0.0,71.0,22.0,7.5,24.0,8,73.0
25,2012,0,17,0.33,0.0,0.33,0.02,82.0,6.0,8.8,37.0,2,85.0
4,2007,0,26,0.1,0.0,0.0,0.01,39.0,6.0,5.6,7.0,1,47.5
18,2010,6,21,0.11,0.26,0.02,0.14,73.0,22.0,7.7,22.0,1,75.0
16,2010,11,26,0.18,0.22,0.02,0.08,76.0,37.0,7.3,50.0,7,74.5
4,2008,5,19,0.11,0.0,0.0,0.01,71.0,22.0,7.5,24.0,7,73.0
12,2011,11,19,0.01,0.05,0.0,0.01,61.0,18.0,5.6,95.0,1,58.5
4,2009,5,0,0.79,0.42,0.01,0.13,60.0,17.0,9.3,4.0,1,76.5
27,2006,6,10,0.76,0.69,0.02,0.18,77.0,52.0,6.3,82.0,2,70.0
6,2002,2,1,0.03,0.01,0.0,0.0,58.0,10.0,7.5,24.0,1,66.5
14,1997,0,16,0.1,0.07,0.0,0.01,71.0,22.0,7.5,24.0,8,73.0
15,2010,1,19,0.0,0.0,0.07,0.0,71.0,22.0,7.5,24.0,8,73.0
12,2011,1,19,0.0,0.07,0.0,0.01,71.0,22.0,7.5,24.0,8,73.0
15,2004,3,21,0.04,0.03,0.0,0.01,71.0,22.0,7.5,24.0,8,73.0
14,1998,5,23,0.05,0.03,1.1,0.08,71.0,22.0,7.5,24.0,8,73.0
4,2009,9,0,0.04,0.0,0.0,0.0,71.0,22.0,7.5,24.0,7,73.0
17,2014,0,22,0.28,0.38,0.03,0.13,71.0,22.0,7.5,24.0,8,73.0
26,2013,8,2,0.0,0.05,0.0,0.0,71.0,22.0,6.2,18.0,2,66.5
4,2007,9,19,0.03,0.0,0.0,0.0,60.0,13.0,7.5,24.0,1,67.5
15,2001,2,10,0.28,0.21,0.0,0.07,81.0,18.0,7.5,24.0,7,78.0
9,2000,8,19,0.34,0.07,0.0,0.0,71.0,22.0,7.5,24.0,8,73.0
16,2012,8,2,4.99,5.73,0.65,2.42,83.0,21.0,5.3,922.0,5,68.0
14,2000,10,19,0.32,0.22,0.0,0.04,71.0,22.0,7.5,24.0,8,73.0
12,2005,8,28,0.0,0.02,0.0,0.0,85.0,49.0,8.6,224.0,5,85.5
19,2014,4,18,0.0,0.0,0.01,0.0,58.0,16.0,7.7,23.0,7,67.5
18,2006,6,21,0.03,0.0,0.0,0.0,69.0,18.0,7.1,7.0,1,70.0
4,2008,9,0,0.22,0.0,0.0,0.02,71.0,22.0,7.5,24.0,1,73.0
17,2015,0,29,0.32,0.42,0.02,0.14,70.0,46.0,7.0,80.0,2,70.0
25,2008,9,0,0.51,0.27,0.01,0.08,62.0,17.0,4.9,12.0,1,55.5
15,2005,0,4,0.13,0.1,0.0,0.03,75.0,52.0,8.3,62.0,5,79.0
18,2009,8,19,0.38,0.23,0.0,0.15,63.0,25.0,8.0,41.0,7,71.5
4,2008,6,29,0.28,0.04,0.0,0.03,71.0,22.0,7.5,24.0,8,73.0
27,2011,3,27,0.11,0.09,0.0,0.02,71.0,22.0,7.5,24.0,8,73.0
12,2011,4,27,0.0,0.02,0.0,0.01,71.0,22.0,7.5,24.0,8,73.0
14,1999,7,19,0.0,0.0,0.14,0.01,71.0,22.0,7.5,24.0,8,73.0
12,2005,7,19,0.0,0.03,0.0,0.01,71.0,22.0,8.8,8.0,7,79.5
12,2011,1,26,0.01,0.02,0.0,0.01,71.0,22.0,7.5,24.0,7,73.0
14,1996,10,19,0.09,0.06,0.0,0.01,71.0,22.0,7.5,24.0,8,73.0
4,2008,3,19,0.05,0.0,0.0,0.0,71.0,22.0,7.5,24.0,8,73.0
27,2007,6,14,2.35,1.27,0.03,0.41,90.0,66.0,8.3,381.0,1,86.5
28,2005,1,14,0.49,0.2,0.0,0.02,71.0,22.0,7.5,24.0,8,73.0
4,2009,9,0,0.06,0.0,0.0,0.0,41.0,4.0,2.4,5.0,2,32.5
4,2008,3,19,0.0,0.0,0.04,0.0,71.0,22.0,7.5,24.0,8,73.0
4,2010,0,19,0.0,0.0,0.05,0.0,71.0,22.0,7.5,24.0,8,73.0
7,2004,10,10,0.54,0.14,0.0,0.02,90.0,26.0,7.5,24.0,1,82.5
16,2011,0,12,0.0,0.0,0.15,0.0,71.0,22.0,8.0,60.0,7,75.5
22,1997,10,12,0.0,0.0,0.16,0.0,71.0,22.0,7.5,24.0,8,73.0
16,2010,6,2,0.07,0.0,0.0,0.01,47.0,11.0,7.0,5.0,5,58.5
15,2007,10,16,0.0,0.0,0.06,0.0,71.0,22.0,7.5,24.0,8,73.0
18,2008,3,19,0.0,0.0,0.02,0.0,71.0,22.0,7.5,24.0,8,73.0
15,2005,1,3,0.07,0.06,0.0,0.02,83.0,47.0,7.8,104.0,5,80.5
16,2014,7,16,0.4,0.33,0.4,0.15,91.0,69.0,8.1,1107.0,7,86.0
4,2007,3,26,0.37,0.89,0.0,0.18,71.0,7.0,6.8,5.0,1,69.5
17,2015,0,22,0.17,0.13,0.37,0.06,71.0,22.0,7.5,24.0,8,73.0
12,2011,10,24,0.06,0.01,0.0,0.01,74.0,5.0,5.9,16.0,1,66.5
22,1996,10,12,0.0,0.0,0.19,0.0,71.0,22.0,7.5,24.0,8,73.0
29,2013,11,2,0.11,0.04,0.0,0.02,53.0,4.0,6.9,63.0,1,61.0
15,2006,9,25,0.01,0.01,0.0,0.0,62.0,13.0,8.5,11.0,7,73.5
15,2008,3,12,0.19,0.15,0.0,0.05,76.0,4.0,7.5,24.0,1,75.5
25,2009,0,19,0.07,0.0,0.0,0.01,71.0,22.0,7.5,24.0,2,73.0
2,2011,0,19,0.0,0.0,0.06,0.0,71.0,22.0,7.5,24.0,8,73.0
28,2002,6,5,0.03,0.01,0.0,0.0,86.0,25.0,7.4,14.0,1,80.0
18,2013,1,11,0.0,0.0,0.02,0.0,71.0,22.0,7.5,24.0,8,73.0
15,2003,6,20,0.03,0.02,0.0,0.01,57.0,21.0,7.5,24.0,7,66.0
18,2006,0,23,0.55,0.21,0.0,0.16,48.0,9.0,6.4,13.0,1,56.0
25,2011,10,10,0.15,0.5,0.0,0.11,71.0,22.0,7.5,24.0,8,73.0
2,2011,5,19,0.2,0.13,0.06,0.03,74.0,33.0,6.8,28.0,1,71.0
25,2010,3,26,0.1,0.0,0.0,0.01,71.0,22.0,7.5,24.0,2,73.0
7,2002,2,2,0.14,0.04,0.0,0.0,75.0,27.0,8.5,20.0,7,80.0
4,2009,9,12,0.0,0.0,0.26,0.0,71.0,22.0,7.5,24.0,8,73.0
25,2009,3,23,0.17,0.02,0.0,0.01,49.0,6.0,7.5,24.0,1,62.0
18,2010,0,29,0.07,0.02,0.0,0.02,71.0,22.0,7.5,24.0,2,73.0
16,2010,3,8,0.11,0.03,0.0,0.02,72.0,4.0,7.5,24.0,1,73.5
17,2013,8,10,1.35,1.55,0.17,0.51,85.0,18.0,6.9,1580.0,5,77.0
12,2016,9,3,0.0,0.02,0.0,0.0,43.0,7.0,2.4,31.0,1,33.5
12,2007,11,26,0.01,0.01,0.0,0.0,66.0,19.0,7.7,44.0,2,71.5
18,2008,0,19,0.03,0.0,0.0,0.0,71.0,22.0,7.5,24.0,2,73.0
4,2010,11,25,0.0,0.0,0.04,0.0,71.0,22.0,7.5,24.0,8,73.0
15,2004,3,19,0.2,0.16,0.0,0.05,71.0,22.0,7.5,24.0,1,73.0
29,2013,8,10,1.25,0.58,0.0,0.19,81.0,5.0,6.6,480.0,5,73.5
16,2009,0,9,2.24,1.31,0.07,0.61,91.0,70.0,8.9,1122.0,7,90.0
14,1999,10,25,0.0,0.0,0.18,0.01,71.0,22.0,7.5,24.0,8,73.0
14,1997,0,10,0.57,0.39,0.0,0.07,71.0,22.0,7.5,24.0,8,73.0
15,2005,10,3,0.1,0.08,0.0,0.03,71.0,22.0,7.5,24.0,8,73.0
15,2006,8,16,0.0,0.0,0.02,0.0,40.0,17.0,7.0,5.0,7,55.0
7,2003,0,4,0.04,0.01,0.0,0.0,59.0,15.0,8.5,31.0,5,72.0
14,1996,10,21,0.48,0.33,0.0,0.06,71.0,22.0,7.5,24.0,8,73.0
4,2004,6,19,0.04,0.0,0.0,0.0,71.0,22.0,7.5,24.0,1,73.0
15,2000,11,19,0.0,0.0,0.06,0.0,71.0,22.0,7.5,24.0,8,73.0
28,2002,0,2,0.1,0.03,0.0,0.0,53.0,20.0,4.0,4.0,5,46.5
4,2007,5,26,0.03,0.01,0.0,0.0,71.0,22.0,7.5,24.0,1,73.0
17,2015,1,19,0.0,0.06,0.0,0.01,72.0,14.0,7.2,23.0,7,72.0
16,2011,10,7,0.01,0.05,0.0,0.01,53.0,6.0,7.5,24.0,1,64.0
7,2003,10,3,0.04,0.01,0.0,0.0,60.0,11.0,7.5,24.0,1,67.5
6,2001,10,12,0.12,0.05,0.0,0.0,70.0,10.0,7.5,24.0,1,72.5
6,2003,4,17,1.2,0.48,0.29,0.07,78.0,26.0,8.9,53.0,1,83.5
4,2009,3,19,0.09,0.0,0.0,0.01,71.0,22.0,7.5,24.0,8,73.0
4,2008,3,26,0.41,0.0,0.0,0.03,68.0,7.0,7.0,4.0,1,69.0
25,2008,4,17,0.0,0.01,0.0,0.0,71.0,22.0,7.5,24.0,8,73.0
2,2016,7,19,0.0,0.0,0.03,0.0,71.0,22.0,7.5,24.0,8,73.0
14,2000,6,19,0.02,0.01,0.0,0.0,71.0,22.0,7.5,24.0,8,73.0
28,2005,8,2,0.85,0.43,0.0,0.06,88.0,71.0,7.4,116.0,5,81.0
14,1998,8,3,0.36,0.25,0.0,0.04,71.0,22.0,7.5,24.0,8,73.0
18,2006,0,4,0.08,0.0,0.0,0.01,74.0,34.0,6.8,6.0,7,71.0
16,2010,7,20,0.2,0.21,0.24,0.08,72.0,42.0,8.0,136.0,7,76.0
28,2003,10,10,0.47,0.13,0.0,0.02,89.0,18.0,8.2,14.0,1,85.5
2,2013,0,16,0.0,0.0,0.05,0.0,71.0,22.0,7.5,24.0,8,73.0
26,2013,0,19,0.02,0.0,0.0,0.0,71.0,22.0,5.5,8.0,1,63.0
4,2005,4,26,0.21,0.03,0.0,0.02,58.0,20.0,7.6,19.0,1,67.0
19,2012,2,29,0.42,0.13,0.0,0.1,85.0,51.0,7.8,192.0,5,81.5
18,2012,7,16,0.0,0.0,0.13,0.0,71.0,22.0,7.5,24.0,8,73.0
15,2001,8,23,0.76,0.96,0.0,0.2,88.0,25.0,8.0,69.0,5,84.0
15,2007,2,4,0.0,0.0,0.01,0.0,71.0,22.0,7.5,24.0,8,73.0
4,2004,3,25,0.0,0.0,0.04,0.0,71.0,22.0,7.5,24.0,8,73.0
16,2011,9,19,0.1,0.06,0.0,0.03,51.0,8.0,7.5,24.0,7,63.0
4,2007,9,26,0.45,0.48,0.0,0.11,71.0,22.0,7.4,5.0,1,72.5
16,2012,10,10,0.33,0.21,0.0,0.09,84.0,22.0,6.8,60.0,2,76.0
27,2011,10,2,0.18,0.01,0.0,0.02,71.0,22.0,7.5,24.0,1,73.0
20,1996,8,16,0.0,0.0,0.2,0.0,71.0,22.0,7.5,24.0,8,73.0
4,2008,5,19,0.0,0.03,0.0,0.0,68.0,14.0,7.5,24.0,8,71.5
7,2003,6,17,1.01,0.11,0.45,0.04,61.0,28.0,7.9,69.0,1,70.0
18,2004,9,0,0.05,0.0,0.0,0.0,71.0,22.0,7.5,24.0,8,73.0
6,2004,3,13,0.03,0.01,0.0,0.0,52.0,4.0,7.5,24.0,1,63.5
4,2008,9,20,0.0,0.0,0.02,0.0,71.0,22.0,7.5,24.0,8,73.0
18,2010,1,19,0.0,0.0,0.02,0.0,71.0,22.0,7.5,24.0,8,73.0
17,2016,0,12,0.01,0.02,0.01,0.0,71.0,22.0,7.8,11.0,5,74.5
17,2016,2,19,0.04,0.0,0.03,0.01,85.0,21.0,7.6,39.0,7,80.5
20,1997,11,20,0.0,0.0,0.15,0.0,71.0,22.0,7.5,24.0,8,73.0
12,2011,5,19,0.0,0.02,0.0,0.0,71.0,22.0,7.5,24.0,8,73.0
10,1984,8,17,0.68,0.16,0.41,0.02,71.0,22.0,7.5,24.0,8,73.0
6,2002,10,10,0.44,0.16,0.0,0.01,76.0,5.0,7.5,24.0,1,75.5
25,2008,10,19,0.11,0.0,0.0,0.01,71.0,22.0,7.5,24.0,8,73.0
4,2005,5,0,0.02,0.0,0.0,0.0,71.0,22.0,7.5,24.0,8,73.0
27,2014,8,26,0.45,0.37,0.0,0.08,71.0,22.0,7.0,109.0,5,70.5
4,2010,9,10,0.49,0.0,0.0,0.03,71.0,22.0,7.5,24.0,8,73.0
9,1998,6,1,0.06,0.02,0.0,0.0,71.0,22.0,7.5,24.0,8,73.0
15,2008,6,20,0.09,0.07,0.0,0.02,56.0,16.0,8.3,27.0,1,69.5
2,2012,0,2,0.12,0.01,0.0,0.01,59.0,9.0,5.0,13.0,2,54.5
15,2002,7,21,3.64,1.2,1.49,0.07,85.0,46.0,8.8,597.0,1,86.5
15,2002,10,23,0.02,0.01,0.07,0.0,71.0,12.0,9.0,10.0,1,80.5
15,2003,10,1,0.14,0.11,0.0,0.04,65.0,21.0,7.7,19.0,7,71.0
4,2007,0,16,0.0,0.0,0.05,0.0,71.0,22.0,7.5,24.0,8,73.0
18,2009,4,21,0.64,1.22,0.01,0.67,87.0,68.0,7.8,98.0,2,82.5
16,2011,0,25,0.06,0.04,0.07,0.02,44.0,22.0,7.0,24.0,5,57.0
16,2008,0,10,1.05,0.66,0.0,0.29,88.0,67.0,8.8,545.0,5,88.0
4,2009,5,23,0.22,0.0,0.0,0.02,71.0,22.0,7.5,24.0,1,73.0
14,2000,3,21,1.56,1.47,0.19,0.17,68.0,12.0,8.2,99.0,1,75.0
16,2013,7,4,0.0,0.0,0.02,0.0,71.0,22.0,7.5,24.0,8,73.0
14,2000,2,26,0.14,0.09,0.0,0.02,53.0,6.0,7.4,16.0,7,63.5
15,2004,8,16,0.02,0.01,0.0,0.0,71.0,22.0,7.5,24.0,8,73.0
17,2016,0,29,0.01,0.11,0.0,0.02,73.0,16.0,8.1,7.0,2,77.0
15,2005,3,16,0.0,0.0,0.02,0.0,71.0,22.0,7.5,24.0,8,73.0
7,2004,0,10,0.29,0.08,0.0,0.01,67.0,22.0,7.3,8.0,1,70.0
14,2000,6,21,0.05,0.03,0.0,0.01,85.0,7.0,8.9,16.0,1,87.0
27,2012,10,24,0.47,0.0,0.0,0.03,68.0,19.0,6.4,22.0,1,66.0
27,2009,0,5,0.15,0.14,0.0,0.03,75.0,60.0,7.2,46.0,7,73.5
15,2004,3,20,0.08,0.06,0.0,0.02,72.0,28.0,7.0,5.0,7,71.0
19,2014,0,11,0.0,0.0,0.02,0.0,71.0,22.0,7.5,24.0,8,73.0
29,2016,6,16,0.01,0.02,0.0,0.0,74.0,5.0,8.1,7.0,1,77.5
16,2014,1,19,0.0,0.0,0.03,0.0,71.0,22.0,7.5,24.0,8,73.0
14,1998,11,19,0.08,0.06,0.0,0.01,71.0,22.0,7.5,24.0,8,73.0
16,2009,6,23,0.52,0.25,0.0,0.12,74.0,44.0,7.4,10.0,1,74.0
25,2008,1,19,0.06,0.01,0.0,0.01,46.0,6.0,7.3,6.0,7,59.5
16,2009,8,19,0.22,0.27,0.01,0.11,70.0,61.0,6.4,55.0,5,67.0
2,2014,1,19,0.0,0.0,0.01,0.0,71.0,22.0,7.5,24.0,8,73.0
16,2009,7,19,0.36,0.11,0.03,0.07,77.0,66.0,8.0,96.0,2,78.5
17,2016,10,25,0.0,0.0,0.05,0.0,43.0,9.0,7.8,110.0,8,60.5
15,2007,2,19,0.0,0.0,0.02,0.0,71.0,22.0,7.5,24.0,8,73.0
14,2000,10,12,0.0,0.0,0.39,0.03,71.0,22.0,7.5,24.0,8,73.0
18,2005,10,20,0.0,0.0,0.02,0.0,71.0,22.0,7.5,24.0,8,73.0
15,2001,6,10,0.1,0.08,0.0,0.03,85.0,17.0,8.2,9.0,1,83.5
4,2006,3,17,0.0,0.99,2.32,0.02,71.0,22.0,7.5,24.0,8,73.0
25,2008,3,30,0.19,0.01,0.0,0.02,71.0,22.0,7.5,24.0,8,73.0
12,2009,0,2,0.02,0.0,0.0,0.0,71.0,22.0,7.5,24.0,8,73.0
28,2002,2,19,0.23,0.07,0.0,0.01,32.0,24.0,2.4,10.0,7,28.0
27,2007,10,10,0.19,0.0,0.0,0.02,67.0,33.0,7.1,15.0,1,69.0
4,2007,2,0,0.09,0.0,0.0,0.01,71.0,23.0,7.5,4.0,2,73.0
15,2007,3,19,0.04,0.03,0.0,0.01,33.0,5.0,4.5,6.0,1,39.0
12,1999,0,10,0.0,0.05,0.0,0.01,71.0,22.0,8.8,100.0,5,79.5
4,2010,0,10,0.19,0.18,0.0,0.04,56.0,6.0,6.0,4.0,2,58.0
12,2010,1,7,0.0,0.1,0.0,0.02,77.0,24.0,7.9,27.0,7,78.0
27,2006,10,19,0.34,0.0,0.0,0.03,66.0,22.0,3.9,37.0,1,52.5
18,2006,2,3,0.14,0.0,0.0,0.01,64.0,20.0,7.8,17.0,7,71.0
25,2009,3,2,0.31,0.21,0.0,0.06,74.0,17.0,7.7,6.0,7,75.5
15,2007,10,10,0.28,0.22,0.0,0.07,63.0,9.0,8.6,7.0,1,74.5
14,1997,10,21,0.28,0.19,0.0,0.03,71.0,22.0,7.5,24.0,8,73.0
28,2002,10,10,0.14,0.04,0.0,0.01,79.0,17.0,9.0,4.0,1,84.5
27,2011,3,2,0.07,0.02,0.0,0.01,71.0,22.0,7.5,24.0,1,73.0
7,2005,0,2,0.19,0.05,0.0,0.01,61.0,32.0,4.0,6.0,7,50.5
4,2007,11,23,0.07,0.0,0.0,0.01,71.0,22.0,7.5,24.0,2,73.0
18,2008,7,19,0.0,0.0,0.02,0.0,71.0,22.0,7.5,24.0,8,73.0
10,1987,7,16,0.0,0.0,1.25,0.0,71.0,22.0,7.5,24.0,8,73.0
19,2016,1,11,0.0,0.0,0.02,0.0,71.0,22.0,7.5,24.0,8,73.0
15,2005,10,25,0.02,0.02,0.06,0.01,69.0,15.0,8.3,8.0,1,76.0
16,2012,7,16,0.2,0.12,0.45,0.07,71.0,59.0,7.9,216.0,7,75.0
9,1999,4,19,0.1,0.02,0.0,0.0,71.0,22.0,7.5,24.0,8,73.0
6,2005,3,30,0.25,0.09,0.0,0.01,71.0,22.0,7.5,24.0,8,73.0
16,2010,3,8,0.1,0.01,0.0,0.01,71.0,22.0,7.5,24.0,1,73.0
2,2012,0,19,0.0,0.0,0.08,0.0,71.0,22.0,7.5,24.0,8,73.0
16,2016,10,12,0.0,0.04,0.03,0.01,71.0,22.0,7.5,24.0,8,73.0
27,2009,8,2,0.28,0.22,0.0,0.06,72.0,66.0,7.5,128.0,5,73.5
25,2010,3,26,2.64,1.33,0.01,0.39,56.0,37.0,8.3,31.0,2,69.5
25,2008,10,0,0.09,0.0,0.0,0.01,71.0,22.0,7.5,24.0,1,73.0
25,2010,8,19,0.07,0.02,0.0,0.01,71.0,4.0,7.5,24.0,5,73.0
19,2015,7,19,0.01,0.0,0.05,0.0,71.0,8.0,8.3,12.0,7,77.0
4,2005,0,12,0.15,0.0,0.0,0.0,71.0,22.0,7.5,24.0,8,73.0
4,2007,5,9,0.05,0.0,0.0,0.0,68.0,13.0,7.5,24.0,1,71.5
4,2009,3,19,0.0,0.09,0.0,0.01,71.0,22.0,7.5,24.0,8,73.0
19,2016,2,16,0.0,0.0,0.03,0.0,71.0,22.0,7.5,24.0,8,73.0
9,1998,10,19,0.02,0.01,0.0,0.0,71.0,22.0,7.5,24.0,8,73.0
27,2012,0,12,0.22,0.08,0.0,0.02,68.0,38.0,7.3,269.0,5,70.5
4,2006,7,19,0.0,0.0,0.03,0.0,71.0,22.0,7.5,24.0,8,73.0
25,2009,3,19,1.94,0.0,0.0,0.12,71.0,22.0,7.5,24.0,8,73.0
19,2016,3,19,0.0,0.0,0.06,0.0,71.0,22.0,7.5,24.0,8,73.0
27,2013,11,2,0.16,0.1,0.0,0.02,59.0,3.0,5.6,25.0,1,57.5
27,2011,0,19,0.07,0.05,0.03,0.01,75.0,44.0,7.0,47.0,7,72.5
4,2006,8,17,0.57,0.04,0.11,0.06,85.0,54.0,8.0,188.0,7,82.5
25,2009,1,19,0.07,0.0,0.0,0.01,71.0,22.0,7.5,24.0,1,73.0
18,2008,6,19,0.01,0.0,0.0,0.0,71.0,22.0,7.5,24.0,2,73.0
12,2006,0,28,0.01,0.02,0.0,0.0,73.0,18.0,7.5,57.0,5,74.0
15,2004,4,23,0.3,0.24,0.0,0.08,71.0,31.0,8.0,10.0,1,75.5
15,2005,6,21,0.45,0.02,0.0,0.07,76.0,46.0,7.7,63.0,7,76.5
16,2012,0,4,0.48,0.24,0.36,0.1,52.0,36.0,4.9,222.0,5,50.5
9,1999,1,19,0.05,0.01,0.11,0.0,71.0,22.0,7.5,24.0,8,73.0
15,2009,0,9,0.09,0.04,0.0,0.05,71.0,22.0,5.8,30.0,7,64.5
27,2010,0,16,0.3,0.19,0.0,0.05,82.0,72.0,7.8,295.0,7,80.0
16,2007,0,24,0.12,0.02,0.0,0.02,47.0,26.0,6.2,10.0,7,54.5
19,2014,10,12,0.0,0.0,0.12,0.0,71.0,22.0,7.5,24.0,8,73.0
4,2006,0,16,0.0,0.0,0.01,0.0,71.0,22.0,7.5,24.0,8,73.0
25,2009,5,30,0.02,0.0,0.0,0.0,71.0,22.0,7.5,24.0,1,73.0
4,2004,6,16,0.14,0.0,0.0,0.01,63.0,35.0,6.7,7.0,1,65.0
18,2012,1,19,0.0,0.0,0.01,0.0,71.0,22.0,7.5,24.0,8,73.0
15,2009,1,19,0.0,0.0,0.05,0.0,71.0,22.0,7.5,24.0,8,73.0
6,2003,9,26,0.34,0.13,0.11,0.01,81.0,25.0,9.6,116.0,1,88.5
15,2002,1,19,0.0,0.0,0.02,0.0,71.0,22.0,7.5,24.0,8,73.0
4,2010,1,12,0.0,0.0,0.19,0.0,71.0,22.0,7.5,24.0,8,73.0
18,2010,8,16,0.0,0.0,0.12,0.0,71.0,22.0,7.5,24.0,8,73.0
25,2009,6,19,0.08,0.0,0.0,0.01,71.0,22.0,7.5,24.0,1,73.0
19,2015,0,16,0.0,0.0,0.1,0.0,71.0,22.0,7.5,24.0,8,73.0
18,2006,2,16,0.26,0.0,0.0,0.0,70.0,11.0,6.6,11.0,7,68.0
12,2011,5,27,0.0,0.01,0.0,0.0,71.0,22.0,7.5,24.0,2,73.0
28,2006,10,10,0.02,0.01,0.0,0.0,75.0,14.0,7.7,6.0,2,76.0
27,2014,6,19,0.04,0.03,0.0,0.01,71.0,22.0,7.5,24.0,1,73.0
15,2004,3,19,0.8,0.03,0.0,0.13,60.0,8.0,7.7,11.0,1,68.5
15,2001,8,21,0.03,0.02,0.0,0.01,78.0,34.0,8.3,28.0,1,80.5
27,2013,8,19,0.0,0.0,0.01,0.0,71.0,22.0,7.5,24.0,7,73.0
5,1995,4,17,0.69,0.14,1.48,0.05,71.0,22.0,7.5,24.0,8,73.0
7,2002,7,26,0.06,0.02,0.0,0.0,63.0,20.0,8.0,10.0,1,71.5
26,2013,8,2,0.08,0.03,0.0,0.01,71.0,22.0,4.6,49.0,5,58.5
18,2012,0,19,0.0,0.0,0.02,0.0,71.0,22.0,7.5,24.0,8,73.0
28,2005,0,9,0.83,0.28,0.0,0.05,71.0,22.0,7.5,24.0,8,73.0
15,2006,1,19,0.0,0.0,0.04,0.0,71.0,22.0,7.5,24.0,8,73.0
18,2006,10,21,0.32,0.0,0.0,0.03,83.0,30.0,8.5,32.0,1,84.0
16,2014,0,22,0.05,0.05,0.02,0.02,71.0,22.0,7.1,55.0,5,71.0
16,2012,0,20,0.0,0.0,0.59,0.0,83.0,34.0,8.5,180.0,5,84.0
16,2013,0,7,0.56,0.41,0.09,0.19,76.0,26.0,6.3,278.0,5,69.5
27,2008,0,23,1.94,0.79,0.02,0.28,81.0,75.0,8.1,307.0,5,81.0
5,2000,7,12,0.0,0.0,2.17,0.01,71.0,22.0,7.5,24.0,8,73.0
14,2000,0,3,2.36,2.1,0.02,0.25,62.0,14.0,7.7,92.0,7,69.5
15,2002,6,19,0.04,0.03,0.0,0.01,80.0,4.0,9.0,41.0,1,85.0
15,2004,10,3,0.24,0.19,0.0,0.06,71.0,22.0,7.2,10.0,1,71.5
16,2012,6,5,0.12,0.63,0.05,0.23,81.0,23.0,7.5,54.0,1,78.0
16,2010,10,21,0.13,0.0,0.0,0.01,66.0,14.0,8.1,23.0,2,73.5
17,2014,10,24,1.47,0.54,0.01,0.43,83.0,50.0,7.0,291.0,1,76.5
7,2002,10,20,0.05,0.01,0.0,0.0,70.0,7.0,7.5,24.0,1,72.5
17,2015,7,7,0.08,0.0,0.02,0.02,71.0,22.0,7.5,24.0,8,73.0
2,2016,3,19,0.0,0.0,0.04,0.0,71.0,22.0,7.5,24.0,8,73.0
4,2006,0,23,0.04,0.0,0.0,0.0,71.0,22.0,7.5,24.0,8,73.0
27,2012,3,26,0.13,0.02,0.0,0.02,71.0,22.0,7.5,24.0,1,73.0
19,2016,1,19,0.0,0.03,0.01,0.01,78.0,6.0,7.8,6.0,5,78.0
9,1998,4,17,1.87,1.13,0.55,0.1,71.0,22.0,7.5,24.0,8,73.0
15,2001,6,21,0.16,0.12,0.0,0.04,77.0,21.0,8.3,21.0,7,80.0
14,1995,8,10,0.04,0.03,0.0,0.0,71.0,22.0,7.5,24.0,8,73.0
12,2009,8,10,0.0,0.07,0.0,0.02,71.0,22.0,8.2,11.0,5,76.5
27,2007,8,14,1.0,0.53,0.03,0.18,83.0,75.0,8.0,340.0,5,81.5
15,2003,0,19,0.21,0.16,0.0,0.06,68.0,27.0,8.8,16.0,5,78.0
9,1998,10,10,0.84,0.05,0.0,0.01,71.0,22.0,7.5,24.0,8,73.0
27,2012,8,24,1.89,0.88,0.04,0.25,89.0,59.0,8.2,892.0,5,85.5
18,2012,10,19,0.0,0.0,0.04,0.0,71.0,22.0,7.5,24.0,8,73.0
14,1996,10,12,0.01,0.0,0.09,0.01,71.0,22.0,7.5,24.0,8,73.0
15,2003,0,10,0.22,0.17,0.0,0.06,56.0,33.0,7.4,21.0,5,65.0
18,2006,11,23,0.11,0.43,0.0,0.23,70.0,22.0,6.6,18.0,2,68.0
14,2001,1,23,0.59,1.23,0.0,0.13,71.0,22.0,7.4,10.0,1,72.5
12,2014,7,26,0.07,0.1,0.0,0.01,85.0,48.0,8.6,1739.0,5,85.5
18,2011,3,19,0.0,0.0,0.02,0.0,71.0,22.0,7.5,24.0,8,73.0
18,2005,10,10,0.2,0.0,0.0,0.02,75.0,25.0,8.5,15.0,1,80.0
12,2008,11,19,0.0,0.02,0.0,0.0,45.0,11.0,6.8,45.0,7,56.5
2,2012,0,2,0.18,0.0,0.0,0.02,71.0,22.0,7.5,24.0,8,73.0
16,2015,0,19,0.0,0.0,0.01,0.0,71.0,22.0,7.5,24.0,8,73.0
15,2001,9,25,0.11,0.09,0.14,0.03,77.0,13.0,8.5,23.0,1,81.0
25,2007,7,25,0.08,0.0,0.01,0.01,65.0,33.0,7.7,14.0,2,71.0
17,2016,8,7,0.06,0.21,0.03,0.05,48.0,43.0,3.8,212.0,5,43.0
18,2008,2,19,0.0,0.0,0.02,0.0,71.0,22.0,7.5,24.0,8,73.0
15,2003,0,2,0.44,0.34,0.25,0.11,79.0,33.0,8.4,38.0,5,81.5
22,1993,2,17,0.52,0.16,1.29,0.03,71.0,22.0,7.5,24.0,8,73.0
15,2007,11,12,0.0,0.0,0.03,0.0,71.0,22.0,7.5,24.0,8,73.0
4,2011,5,19,0.01,0.02,0.0,0.0,71.0,22.0,7.5,24.0,8,73.0
27,2015,0,26,0.05,0.01,0.0,0.01,71.0,22.0,7.5,24.0,1,73.0
25,2008,10,19,0.33,0.0,0.0,0.03,71.0,22.0,1.1,10.0,1,41.0
4,2009,0,20,0.22,0.14,0.0,0.04,71.0,22.0,7.5,24.0,1,73.0
26,2012,7,17,0.24,0.19,0.22,0.04,71.0,22.0,7.5,24.0,8,73.0
4,2009,5,10,0.08,0.0,0.0,0.01,82.0,46.0,8.0,38.0,1,81.0
28,2005,0,10,0.16,0.04,0.0,0.01,65.0,56.0,7.1,21.0,7,68.0
4,2009,1,19,0.0,0.0,0.01,0.0,71.0,22.0,7.5,24.0,8,73.0
19,2014,0,16,0.0,0.0,0.15,0.0,71.0,22.0,7.5,24.0,8,73.0
12,2015,0,29,0.12,0.06,0.0,0.02,75.0,40.0,7.9,1295.0,5,77.0
28,2002,0,14,1.54,0.44,0.04,0.07,71.0,22.0,7.5,24.0,8,73.0
28,2002,0,28,0.05,0.02,0.0,0.0,47.0,17.0,8.3,6.0,7,65.0
15,2007,0,19,0.0,0.0,0.02,0.0,71.0,22.0,7.5,24.0,8,73.0
15,2006,6,10,0.06,0.04,0.0,0.01,68.0,26.0,8.9,16.0,1,78.5
7,2003,0,15,0.02,0.01,0.0,0.0,64.0,12.0,7.5,24.0,5,69.5
18,2009,1,19,0.0,0.0,0.01,0.0,71.0,22.0,7.5,24.0,8,73.0
15,2006,0,16,0.28,0.22,0.0,0.07,52.0,22.0,6.9,17.0,7,60.5
12,2014,7,19,0.0,0.02,0.0,0.0,87.0,59.0,8.7,2089.0,5,87.0
7,2002,2,4,0.09,0.02,0.0,0.0,68.0,20.0,8.9,27.0,7,78.5
28,2002,7,19,0.02,0.01,0.0,0.0,44.0,14.0,7.2,5.0,7,58.0
16,2008,8,9,0.05,0.1,0.0,0.03,51.0,28.0,3.1,25.0,5,41.0
25,2008,0,6,0.11,0.0,0.0,0.01,55.0,24.0,8.0,20.0,5,67.5
25,2007,1,19,0.04,0.0,0.0,0.0,71.0,22.0,7.5,24.0,2,73.0
7,2004,0,23,0.31,0.08,0.0,0.01,49.0,6.0,7.5,24.0,1,62.0
10,1985,5,17,0.73,0.16,0.4,0.03,71.0,22.0,7.5,24.0,8,73.0
9,1997,0,12,0.07,0.02,0.23,0.04,71.0,22.0,7.5,24.0,8,73.0
29,2016,0,26,0.0,0.01,0.0,0.0,71.0,22.0,7.5,24.0,8,73.0
25,2007,6,2,0.13,0.0,0.0,0.01,71.0,22.0,5.3,9.0,1,62.0
6,2004,8,28,0.02,0.01,0.0,0.0,47.0,11.0,7.5,24.0,1,61.0
4,2009,9,10,0.18,0.0,0.0,0.01,49.0,11.0,2.6,8.0,1,37.5
4,2008,10,2,0.19,0.0,0.0,0.02,39.0,11.0,7.5,24.0,1,57.0
27,2009,0,13,0.07,0.03,0.0,0.01,50.0,15.0,7.1,8.0,2,60.5
2,2015,0,19,0.03,0.05,0.0,0.01,71.0,22.0,7.5,24.0,8,73.0
2,2014,5,2,0.06,0.0,0.0,0.01,71.0,22.0,7.5,24.0,1,73.0
27,2010,10,10,0.71,2.39,0.02,0.4,88.0,66.0,7.5,155.0,1,81.5
18,2006,7,21,0.0,0.0,0.04,0.0,66.0,25.0,6.8,6.0,7,67.0
28,2002,10,2,0.34,0.18,0.0,0.02,93.0,22.0,8.4,17.0,7,88.5
16,2012,0,23,0.51,0.6,0.0,0.25,76.0,24.0,8.1,99.0,7,78.5
27,2006,11,10,0.0,0.04,0.0,0.0,79.0,50.0,7.5,83.0,7,77.0
4,2009,9,2,0.1,0.0,0.0,0.01,71.0,22.0,7.5,24.0,1,73.0
17,2014,0,0,0.0,0.05,0.01,0.01,83.0,4.0,7.9,47.0,7,81.0
14,1996,9,19,0.07,0.05,0.0,0.01,71.0,22.0,7.5,24.0,8,73.0
18,2012,1,19,0.0,0.0,0.01,0.0,71.0,22.0,7.5,24.0,8,73.0
27,2012,10,14,0.02,0.01,0.0,0.0,71.0,22.0,7.5,24.0,8,73.0
14,2001,10,21,0.08,0.05,0.0,0.01,53.0,10.0,7.5,24.0,1,64.0
16,2007,6,23,0.35,0.06,0.0,0.05,67.0,33.0,6.1,8.0,1,64.0
4,2010,0,23,0.17,0.03,0.0,0.02,71.0,22.0,7.5,24.0,2,73.0
27,2007,10,10,0.62,0.03,0.0,0.06,86.0,59.0,8.4,137.0,7,85.0
28,2005,0,19,0.08,0.02,0.0,0.0,70.0,52.0,7.4,19.0,5,72.0
2,2014,7,22,0.0,0.0,0.17,0.0,71.0,22.0,7.5,24.0,8,73.0
16,2011,0,19,0.52,0.46,0.0,0.19,76.0,36.0,7.3,34.0,2,74.5
15,2007,1,2,0.06,0.04,0.0,0.02,71.0,22.0,7.5,24.0,1,73.0
18,2011,2,16,0.09,0.07,0.15,0.04,59.0,16.0,7.2,26.0,7,65.5
4,2010,0,2,0.41,0.02,0.02,0.03,71.0,22.0,7.5,24.0,2,73.0
15,2009,1,11,0.0,0.0,0.01,0.0,71.0,22.0,7.5,24.0,8,73.0
14,1995,7,21,0.0,0.0,1.1,0.01,71.0,22.0,7.5,24.0,8,73.0
6,2005,3,30,0.04,0.01,0.0,0.0,71.0,22.0,7.5,24.0,8,73.0
14,1998,3,2,0.76,0.52,0.0,0.09,71.0,22.0,7.5,24.0,8,73.0
4,2007,11,22,0.01,0.0,0.03,0.0,72.0,19.0,8.9,9.0,2,80.5
4,2008,3,12,0.0,0.0,0.05,0.0,71.0,22.0,7.5,24.0,8,73.0
14,1998,2,1,0.06,0.04,0.0,0.01,71.0,22.0,7.5,24.0,8,73.0
28,2002,10,14,0.46,0.13,0.0,0.02,72.0,25.0,8.6,12.0,1,79.0
28,2003,10,10,0.15,0.04,0.0,0.01,82.0,18.0,9.0,9.0,1,86.0
15,2002,6,10,0.52,0.41,0.0,0.14,81.0,25.0,7.3,14.0,1,77.0
19,2012,0,20,0.0,0.0,0.02,0.0,71.0,22.0,7.5,24.0,8,73.0
26,2012,0,17,0.14,0.03,0.0,0.02,71.0,22.0,7.5,24.0,8,73.0
15,2008,0,19,0.49,0.0,0.01,0.75,68.0,7.0,7.4,33.0,7,71.0
0,1982,4,3,1.03,0.06,0.0,0.01,71.0,22.0,7.5,24.0,8,73.0
9,1999,9,17,2.23,0.68,0.66,0.06,71.0,22.0,7.5,24.0,8,73.0
7,2003,2,16,0.99,0.32,0.11,0.08,93.0,45.0,9.1,135.0,7,92.0
17,2016,0,25,0.0,0.0,0.04,0.0,71.0,22.0,7.5,24.0,8,73.0
18,2014,1,19,0.0,0.0,0.01,0.0,71.0,22.0,7.5,24.0,8,73.0
22,1991,7,19,0.0,0.0,0.05,0.0,71.0,22.0,7.5,24.0,8,73.0
25,2008,8,19,0.18,0.0,0.0,0.01,71.0,22.0,7.5,24.0,2,73.0
7,2005,8,26,0.04,0.01,0.0,0.0,72.0,8.0,7.8,5.0,5,75.0
15,2001,9,19,0.11,0.08,0.19,0.03,75.0,16.0,8.8,30.0,7,81.5
14,2000,0,24,0.1,0.07,0.0,0.01,68.0,10.0,5.3,4.0,1,60.5
4,2009,1,19,0.04,0.0,0.0,0.0,71.0,45.0,7.4,21.0,7,72.5
4,2010,1,19,0.0,0.0,0.03,0.0,71.0,22.0,7.5,24.0,8,73.0
14,2001,6,23,0.08,0.05,0.0,0.01,70.0,8.0,7.5,24.0,7,72.5
15,2000,6,10,0.04,0.03,0.11,0.01,55.0,18.0,7.5,24.0,1,65.0
14,2000,10,23,0.06,0.04,0.0,0.01,71.0,22.0,7.5,24.0,8,73.0
18,2009,10,24,0.09,0.0,0.0,0.01,67.0,5.0,7.5,24.0,2,71.0
12,2004,11,14,0.0,0.05,0.0,0.01,72.0,34.0,8.1,43.0,1,76.5
12,2014,6,26,0.0,0.15,0.0,0.01,71.0,12.0,6.4,463.0,7,67.5
29,2014,0,25,0.01,0.03,0.0,0.0,71.0,22.0,7.5,24.0,8,73.0
15,2004,11,19,0.04,0.03,0.0,0.01,64.0,25.0,6.0,6.0,7,62.0
15,2005,10,2,0.19,0.15,0.0,0.05,71.0,22.0,5.6,14.0,7,63.5
18,2009,0,16,0.0,0.0,0.03,0.0,71.0,22.0,7.5,24.0,8,73.0
27,2009,0,6,0.11,0.09,0.0,0.02,61.0,9.0,8.3,4.0,2,72.0
16,2010,3,21,0.0,0.02,0.0,0.01,71.0,22.0,7.5,24.0,8,73.0
4,2008,3,19,0.03,0.0,0.0,0.0,71.0,22.0,7.5,24.0,2,73.0
27,2008,0,2,0.12,0.1,0.0,0.03,62.0,23.0,7.5,24.0,2,68.5
10,1984,6,17,0.0,0.0,1.52,0.0,71.0,22.0,7.5,24.0,8,73.0
18,2008,9,16,0.0,0.0,0.16,0.0,71.0,22.0,7.5,24.0,8,73.0
15,2005,0,26,0.36,0.45,0.0,0.14,87.0,29.0,8.6,53.0,5,86.5
4,2006,0,2,0.1,0.0,0.0,0.01,50.0,17.0,7.8,6.0,2,64.0
19,2017,0,11,0.0,0.0,0.01,0.0,71.0,22.0,7.5,24.0,8,73.0
12,2007,11,28,0.0,0.03,0.0,0.01,50.0,40.0,2.8,53.0,7,39.0
4,2008,7,19,0.05,0.0,0.0,0.0,60.0,16.0,7.0,8.0,2,65.0
18,2011,3,21,0.0,0.04,0.0,0.01,71.0,22.0,7.5,24.0,8,73.0
15,2007,7,16,0.0,0.0,0.17,0.0,71.0,22.0,7.5,24.0,8,73.0
4,2007,9,19,0.07,0.05,0.0,0.01,78.0,14.0,7.5,19.0,1,76.5
4,2009,5,6,0.14,0.0,0.0,0.01,75.0,33.0,6.7,6.0,2,71.0
18,2010,1,11,0.0,0.0,0.04,0.0,71.0,22.0,7.5,24.0,8,73.0
16,2011,2,29,1.98,0.53,0.0,0.34,84.0,60.0,8.4,494.0,5,84.0
17,2016,8,4,0.06,0.0,0.0,0.01,60.0,19.0,6.7,94.0,5,63.5
25,2006,11,16,0.0,0.0,0.05,0.0,71.0,22.0,7.5,24.0,8,73.0
4,2010,0,19,0.0,0.14,0.0,0.02,71.0,22.0,7.5,24.0,8,73.0
18,2009,0,4,0.0,0.0,0.26,0.0,71.0,22.0,7.5,24.0,8,73.0
16,2010,7,19,0.24,0.0,0.0,0.02,71.0,22.0,7.5,24.0,8,73.0
28,2005,11,5,0.03,0.01,0.0,0.0,69.0,27.0,9.2,6.0,7,80.5
2,2011,0,4,0.16,0.16,0.13,0.03,65.0,69.0,6.4,110.0,5,64.5
10,1984,10,17,0.48,0.11,1.56,0.02,71.0,22.0,7.5,24.0,8,73.0
17,2016,4,10,0.11,0.16,0.02,0.05,69.0,50.0,4.7,578.0,7,58.0
9,2000,4,17,0.82,0.36,0.25,0.06,71.0,22.0,7.5,24.0,8,73.0
27,2007,11,5,0.34,0.03,0.01,0.03,76.0,47.0,8.3,70.0,7,79.5
6,2003,2,3,0.77,0.29,0.0,0.02,40.0,23.0,6.1,22.0,7,50.5
4,2011,5,20,0.0,0.0,0.14,0.0,71.0,22.0,7.5,24.0,8,73.0
12,2010,0,8,0.06,0.0,0.0,0.0,57.0,11.0,6.0,25.0,7,58.5
26,2013,4,17,1.25,0.62,0.18,0.18,77.0,59.0,7.9,288.0,1,78.0
18,2009,4,19,0.02,0.0,0.0,0.0,41.0,6.0,7.5,24.0,2,58.0
12,2008,1,9,0.0,0.02,0.0,0.0,71.0,22.0,7.5,24.0,8,73.0
14,2001,5,19,0.08,0.05,0.0,0.01,71.0,22.0,7.5,24.0,1,73.0
15,2004,10,15,0.14,0.11,0.0,0.04,77.0,30.0,9.5,4.0,7,86.0
7,2003,11,2,0.06,0.01,0.0,0.0,82.0,19.0,8.8,12.0,7,85.0
20,1995,2,20,0.0,0.0,0.03,0.0,71.0,22.0,7.5,24.0,8,73.0
15,2009,10,10,0.28,0.22,0.0,0.07,71.0,22.0,7.5,24.0,1,73.0
25,2011,10,16,0.14,0.0,0.25,0.01,69.0,9.0,7.0,8.0,1,69.5
16,2014,7,10,0.27,0.18,0.05,0.09,71.0,22.0,5.2,242.0,5,61.5
14,1995,7,12,0.21,0.14,0.21,0.04,71.0,22.0,7.5,24.0,8,73.0
4,2007,5,19,0.12,0.0,0.0,0.01,41.0,5.0,6.3,4.0,1,52.0
14,1999,5,19,0.03,0.02,0.0,0.0,71.0,22.0,7.5,24.0,8,73.0
4,2006,2,17,0.01,0.02,0.12,0.0,74.0,22.0,8.3,27.0,2,78.5
15,2002,6,21,0.03,0.02,0.0,0.01,70.0,14.0,4.4,5.0,1,57.0
4,2010,3,8,0.14,0.02,0.0,0.01,71.0,22.0,7.5,24.0,8,73.0
11,1994,2,19,0.0,0.0,0.2,0.0,71.0,22.0,7.5,24.0,8,73.0
18,2013,3,19,0.0,0.0,0.03,0.0,71.0,22.0,7.5,24.0,8,73.0
6,2006,1,23,0.06,0.02,0.0,0.0,69.0,10.0,9.0,4.0,1,79.5
25,2011,3,19,0.08,0.0,0.0,0.01,71.0,22.0,7.5,24.0,2,73.0
27,2012,8,24,0.24,0.11,0.0,0.03,80.0,71.0,7.5,219.0,5,77.5
27,2011,3,24,0.14,0.15,0.0,0.03,71.0,22.0,7.5,24.0,8,73.0
19,2013,7,19,0.0,0.0,0.06,0.0,71.0,22.0,7.5,24.0,8,73.0
15,2003,8,23,0.08,0.06,0.0,0.02,64.0,23.0,8.3,63.0,5,73.5
16,2011,8,10,2.85,2.89,0.35,1.08,85.0,38.0,7.5,1761.0,5,80.0
2,2011,3,26,0.13,0.03,0.0,0.01,71.0,22.0,7.5,24.0,8,73.0
14,1998,3,21,0.63,0.43,0.0,0.07,71.0,22.0,7.5,24.0,8,73.0
15,2002,11,25,0.04,0.03,0.0,0.01,71.0,12.0,6.6,5.0,1,68.5
4,2011,1,19,0.0,0.0,0.02,0.0,71.0,22.0,7.5,24.0,8,73.0
17,2015,3,2,0.34,0.38,0.0,0.14,80.0,69.0,6.2,160.0,7,71.0
15,2002,7,25,0.09,0.07,0.0,0.02,79.0,47.0,8.5,15.0,7,82.0
7,2005,1,17,0.23,0.06,0.09,0.01,71.0,22.0,7.5,24.0,8,73.0
6,2006,4,19,0.01,0.0,0.0,0.0,71.0,22.0,7.5,24.0,8,73.0
18,2006,3,4,0.27,0.0,0.0,0.02,72.0,37.0,7.0,5.0,7,71.0
18,2006,10,15,0.09,0.0,0.0,0.01,69.0,17.0,7.7,7.0,1,73.0
16,2011,6,5,0.12,0.74,0.11,0.24,82.0,36.0,7.1,55.0,1,76.5
15,2005,10,10,3.98,0.26,0.01,0.66,88.0,29.0,8.0,121.0,1,84.0
7,2002,3,15,0.08,0.02,0.0,0.0,66.0,14.0,7.5,24.0,7,70.5
14,2000,3,19,0.16,0.11,0.0,0.02,71.0,22.0,7.5,24.0,8,73.0
12,2014,3,19,0.0,0.01,0.0,0.0,71.0,22.0,7.5,24.0,8,73.0
29,2015,8,24,0.26,0.13,0.0,0.04,80.0,11.0,7.8,119.0,5,79.0
12,2000,9,19,0.0,0.01,0.0,0.0,71.0,22.0,8.0,9.0,1,75.5
15,2003,3,19,0.0,0.0,0.35,0.0,71.0,22.0,7.5,24.0,8,73.0
22,1994,2,16,0.0,0.0,0.31,0.0,71.0,22.0,7.5,24.0,8,73.0
15,2001,6,21,1.19,0.17,0.0,0.05,91.0,15.0,8.4,98.0,5,87.5
25,2007,4,17,1.95,0.86,0.59,0.31,85.0,56.0,7.9,417.0,1,82.0
15,2005,8,23,0.78,0.03,0.0,0.13,71.0,22.0,7.5,24.0,8,73.0
25,2008,11,17,0.28,0.12,0.19,0.04,71.0,22.0,7.5,24.0,8,73.0
15,2004,0,20,0.09,0.07,0.0,0.02,58.0,33.0,8.0,24.0,5,69.0
14,1998,10,21,0.17,0.12,0.0,0.02,71.0,22.0,7.5,24.0,8,73.0
4,2008,1,6,0.0,0.0,0.02,0.0,71.0,22.0,7.5,24.0,8,73.0
15,2002,5,23,1.11,0.71,0.0,0.27,44.0,7.0,6.2,11.0,1,53.0
25,2007,3,2,3.04,1.11,0.0,0.43,86.0,36.0,8.4,87.0,7,85.0
27,2012,3,4,0.08,0.02,0.02,0.01,38.0,58.0,2.4,92.0,5,31.0
1,1994,5,19,0.0,0.0,0.02,0.0,71.0,22.0,7.5,24.0,8,73.0
25,2010,4,20,0.92,0.6,0.01,0.15,78.0,58.0,8.5,301.0,1,81.5
4,2007,7,17,1.83,1.19,1.54,0.37,71.0,22.0,7.5,24.0,8,73.0
28,2003,6,9,0.04,0.01,0.0,0.0,68.0,28.0,7.5,24.0,7,71.5
4,2010,3,23,0.06,0.0,0.0,0.0,70.0,7.0,7.5,24.0,1,72.5
25,2006,0,15,0.04,0.0,0.0,0.0,71.0,22.0,7.5,24.0,8,73.0
14,1994,7,21,0.0,0.0,0.09,0.01,71.0,22.0,7.5,24.0,8,73.0
14,1999,1,21,0.24,0.16,0.0,0.03,71.0,22.0,7.5,24.0,8,73.0
6,2004,10,19,0.01,0.0,0.0,0.0,71.0,22.0,7.5,24.0,1,73.0
27,2007,0,14,0.18,0.0,0.01,0.01,38.0,45.0,2.9,44.0,5,33.5
14,1995,10,21,0.47,0.32,0.0,0.06,71.0,22.0,7.5,24.0,8,73.0
26,2015,7,17,0.12,0.05,0.06,0.02,71.0,22.0,7.5,24.0,8,73.0
26,2013,11,2,0.05,0.04,0.0,0.01,71.0,22.0,6.8,17.0,1,69.5
19,2013,2,29,0.09,0.0,0.0,0.03,71.0,22.0,7.5,24.0,8,73.0
14,1999,10,16,0.03,0.02,0.0,0.0,71.0,22.0,7.5,24.0,8,73.0
4,2005,7,17,1.15,0.04,0.83,0.0,62.0,34.0,8.1,97.0,1,71.5
12,1999,3,8,1.94,0.0,0.0,0.0,71.0,22.0,7.5,24.0,1,73.0
4,2010,3,19,0.15,0.0,0.0,0.01,71.0,22.0,7.5,24.0,1,73.0
17,2016,8,19,0.54,0.69,0.02,0.24,71.0,22.0,7.5,24.0,8,73.0
16,2011,7,16,0.29,0.18,0.67,0.09,78.0,65.0,8.2,468.0,7,80.0
17,2015,2,20,0.0,0.0,0.02,0.0,71.0,22.0,7.5,24.0,8,73.0
14,1999,6,19,0.07,0.05,0.3,0.03,71.0,22.0,7.5,24.0,8,73.0
4,2008,5,9,0.06,0.01,0.0,0.01,52.0,12.0,7.5,24.0,1,63.5
15,2002,6,1,0.42,0.32,0.0,0.11,86.0,31.0,8.2,48.0,1,84.0
19,2013,10,20,0.0,0.08,0.0,0.02,71.0,22.0,7.5,24.0,8,73.0
6,2002,4,27,0.02,0.01,0.0,0.0,73.0,10.0,7.5,24.0,1,74.0
15,2006,1,23,0.01,0.01,0.0,0.0,71.0,22.0,7.5,24.0,1,73.0
14,1996,6,10,1.43,0.05,0.0,0.04,71.0,22.0,7.5,24.0,8,73.0
14,1997,7,19,0.12,0.08,0.0,0.01,71.0,22.0,7.5,24.0,8,73.0
2,2011,0,17,0.47,0.26,0.35,0.07,56.0,36.0,7.1,50.0,2,63.5
14,1995,8,10,0.03,0.02,0.0,0.0,71.0,22.0,7.5,24.0,8,73.0
28,2005,10,10,0.19,0.05,0.0,0.01,79.0,35.0,8.4,18.0,2,81.5
12,2002,11,14,0.0,0.01,0.0,0.0,72.0,30.0,8.0,39.0,7,76.0
18,2006,10,21,0.0,0.0,0.03,0.0,71.0,22.0,7.5,24.0,8,73.0
7,2004,4,2,0.73,0.26,0.01,0.03,70.0,25.0,6.4,14.0,1,67.0
14,1998,4,19,0.18,0.12,0.0,0.02,71.0,22.0,7.5,24.0,8,73.0
4,2009,3,17,0.0,0.0,0.1,0.0,71.0,22.0,7.5,24.0,8,73.0
14,1997,2,4,0.16,0.11,0.12,0.03,71.0,22.0,7.5,24.0,8,73.0
27,2011,3,24,0.08,0.02,0.0,0.01,71.0,22.0,7.5,24.0,1,73.0
6,2002,3,19,0.14,0.05,0.0,0.0,71.0,22.0,7.5,24.0,8,73.0
15,2005,4,2,0.78,0.45,0.0,0.07,69.0,25.0,7.4,25.0,2,71.5
0,1982,10,2,0.52,0.03,0.0,0.01,71.0,22.0,7.5,24.0,8,73.0
14,1997,6,10,0.45,0.3,0.0,0.05,71.0,22.0,7.5,24.0,8,73.0
28,2003,10,14,0.21,0.06,0.0,0.01,80.0,41.0,9.0,9.0,1,85.0
7,2003,0,10,0.05,0.01,0.0,0.0,61.0,19.0,7.2,9.0,5,66.5
14,2000,2,1,0.12,0.08,0.0,0.01,26.0,7.0,4.0,5.0,1,33.0
16,2014,0,16,0.0,0.01,0.0,0.0,71.0,22.0,7.5,24.0,8,73.0
18,2010,0,19,0.0,0.0,0.19,0.0,71.0,22.0,7.5,24.0,8,73.0
27,2009,10,10,0.39,0.2,0.0,0.06,80.0,51.0,6.9,20.0,1,74.5
27,2010,7,20,0.23,0.12,0.0,0.04,63.0,68.0,7.2,201.0,5,67.5
15,2000,8,19,0.03,0.03,0.0,0.01,72.0,12.0,7.5,4.0,7,73.5
10,1984,3,17,0.0,0.0,1.45,0.0,71.0,22.0,7.5,24.0,8,73.0
15,2004,11,16,0.0,0.0,0.4,0.0,71.0,22.0,7.5,24.0,8,73.0
25,2010,10,19,0.25,0.0,0.0,0.02,71.0,22.0,7.5,24.0,7,73.0
6,2003,6,23,0.1,0.04,0.0,0.0,71.0,22.0,6.2,5.0,1,66.5
25,2011,8,19,0.03,0.0,0.0,0.0,71.0,22.0,7.5,24.0,8,73.0
25,2009,0,6,0.25,0.14,0.0,0.04,65.0,5.0,4.0,6.0,2,52.5
14,1997,8,21,0.03,0.02,0.0,0.0,76.0,11.0,7.5,24.0,7,75.5
25,2011,3,26,0.0,0.17,0.0,0.03,71.0,22.0,7.5,24.0,8,73.0
12,2011,1,19,0.0,0.03,0.0,0.01,71.0,22.0,7.5,24.0,8,73.0
25,2008,7,20,0.08,0.0,0.11,0.01,71.0,21.0,7.6,5.0,7,73.5
25,2010,0,2,0.14,0.1,0.0,0.02,41.0,15.0,6.5,8.0,7,53.0
6,2002,4,10,0.18,0.07,0.0,0.0,71.0,22.0,7.5,24.0,8,73.0
25,2008,10,12,0.0,0.0,0.08,0.0,71.0,22.0,7.5,24.0,8,73.0
16,2013,0,26,0.34,0.39,0.06,0.15,84.0,27.0,7.7,314.0,5,80.5
25,2007,3,15,1.47,0.77,0.0,0.24,25.0,8.0,4.3,26.0,1,34.0
14,1999,2,19,0.01,0.01,0.0,0.0,71.0,22.0,7.5,24.0,8,73.0
28,2005,8,2,0.38,0.12,0.0,0.02,79.0,55.0,7.8,29.0,5,78.5
18,2011,7,21,0.0,0.0,0.2,0.0,71.0,22.0,7.5,24.0,8,73.0
16,2011,10,26,0.12,0.0,0.0,0.01,71.0,22.0,7.0,10.0,1,70.5
12,2011,11,19,0.0,0.01,0.0,0.0,70.0,13.0,6.8,86.0,7,69.0
9,2000,6,2,0.09,0.02,0.0,0.0,71.0,22.0,7.5,24.0,8,73.0
12,2001,11,19,0.0,0.01,0.0,0.0,75.0,8.0,7.6,68.0,1,75.5
7,2002,6,1,0.09,0.02,0.0,0.0,36.0,14.0,5.6,5.0,1,46.0
15,2003,0,12,0.46,0.36,0.0,0.12,79.0,45.0,8.4,74.0,5,81.5
16,2015,10,12,0.09,0.12,0.15,0.04,71.0,22.0,7.2,40.0,1,71.5
6,2001,8,12,0.06,0.02,0.0,0.0,78.0,17.0,7.5,24.0,1,76.5
28,2004,6,19,0.01,0.0,0.0,0.0,69.0,12.0,7.0,9.0,7,69.5
16,2008,4,20,0.56,0.32,0.01,0.14,54.0,24.0,7.9,130.0,2,66.5
25,2009,1,7,0.0,0.02,0.0,0.0,70.0,6.0,7.5,24.0,7,72.5
16,2009,0,20,0.07,0.03,0.0,0.01,50.0,11.0,7.5,24.0,1,62.5
25,2010,9,19,0.01,0.0,0.0,0.0,71.0,22.0,7.5,24.0,1,73.0
4,2010,1,8,0.39,0.21,0.0,0.06,71.0,22.0,7.5,24.0,8,73.0
27,2011,0,19,0.08,0.05,0.0,0.01,39.0,27.0,4.4,29.0,5,41.5
25,2009,4,19,0.02,0.0,0.0,0.0,31.0,7.0,7.5,24.0,2,53.0
25,2011,1,19,0.05,0.0,0.0,0.0,66.0,7.0,4.1,9.0,7,53.5
15,2002,8,19,0.05,0.04,0.0,0.01,58.0,27.0,8.2,9.0,5,70.0
4,2006,2,16,0.02,0.01,0.16,0.0,61.0,22.0,4.4,10.0,7,52.5
4,2007,3,19,0.0,0.0,0.05,0.0,71.0,22.0,7.5,24.0,8,73.0
4,2008,8,19,0.1,0.0,0.0,0.01,35.0,4.0,7.5,24.0,1,55.0
16,2015,0,12,0.22,0.13,0.22,0.07,71.0,22.0,7.2,168.0,5,71.5
15,2010,4,6,0.05,0.04,0.0,0.01,71.0,22.0,7.5,24.0,8,73.0
16,2011,8,20,0.09,0.06,0.42,0.03,64.0,55.0,7.4,69.0,5,69.0
6,2002,0,23,0.1,0.04,0.0,0.0,58.0,8.0,7.5,24.0,7,66.5
4,2010,3,23,0.08,0.0,0.0,0.01,71.0,22.0,7.5,24.0,1,73.0
4,2010,1,27,0.04,0.01,0.0,0.0,71.0,22.0,7.5,24.0,1,73.0
25,2008,8,20,0.77,0.49,0.03,0.15,71.0,22.0,7.5,24.0,8,73.0
27,2008,10,19,0.02,0.01,0.0,0.0,48.0,10.0,7.5,24.0,1,61.5
15,2001,7,9,0.13,0.1,0.0,0.03,67.0,21.0,8.4,43.0,7,75.5
15,2002,8,12,0.08,0.06,0.0,0.02,61.0,12.0,7.5,24.0,5,68.0
18,2011,10,12,0.0,0.0,0.13,0.0,71.0,22.0,7.5,24.0,8,73.0
28,2005,8,14,0.54,0.13,0.0,0.02,89.0,37.0,7.4,34.0,5,81.5
18,2006,6,15,0.11,0.0,0.0,0.01,55.0,12.0,7.5,24.0,7,65.0
4,2008,9,10,0.34,0.2,0.0,0.06,71.0,22.0,7.5,24.0,1,73.0
4,2006,3,16,0.0,0.0,0.01,0.0,71.0,22.0,7.5,24.0,8,73.0
12,2012,11,19,0.0,0.02,0.0,0.0,78.0,11.0,8.0,58.0,7,79.0
7,2003,6,17,0.41,0.11,0.12,0.02,89.0,50.0,8.5,161.0,7,87.0
20,1996,1,19,0.0,0.0,0.03,0.0,71.0,22.0,7.5,24.0,8,73.0
29,2014,0,2,0.26,0.07,0.0,0.04,71.0,22.0,7.5,24.0,8,73.0
15,2006,0,19,0.0,0.0,0.02,0.0,71.0,22.0,7.5,24.0,8,73.0
6,2005,1,23,0.11,0.04,0.0,0.0,71.0,22.0,7.5,24.0,8,73.0
19,2016,1,19,0.0,0.0,0.01,0.0,71.0,22.0,7.5,24.0,8,73.0
14,1999,2,19,0.03,0.02,0.0,0.0,71.0,22.0,7.5,24.0,8,73.0
27,2012,0,16,0.48,0.32,0.02,0.08,88.0,82.0,8.3,818.0,5,85.5
15,2001,8,12,0.3,0.24,0.13,0.08,78.0,21.0,7.4,49.0,5,76.0
28,2004,2,3,0.1,0.03,0.0,0.0,63.0,22.0,8.2,6.0,7,72.5
15,2006,7,25,0.0,0.0,0.09,0.0,71.0,22.0,7.5,24.0,8,73.0
4,2011,1,19,0.08,0.0,0.0,0.01,71.0,22.0,7.5,24.0,1,73.0
9,1998,6,19,0.07,0.02,0.0,0.0,71.0,22.0,7.5,24.0,8,73.0
14,2000,2,19,0.04,0.03,0.0,0.0,71.0,22.0,7.5,24.0,8,73.0
14,1999,10,19,0.1,0.07,0.0,0.01,71.0,22.0,7.5,24.0,8,73.0
16,2009,10,24,0.07,0.0,0.0,0.01,49.0,8.0,6.5,8.0,1,57.0
25,2008,1,19,0.13,0.01,0.0,0.01,71.0,22.0,7.5,24.0,8,73.0
25,2009,0,6,0.05,0.0,0.0,0.0,42.0,7.0,5.5,8.0,2,48.5
16,2013,1,12,0.31,0.01,0.03,0.06,93.0,4.0,9.0,255.0,5,91.5
28,2004,6,19,0.02,0.01,0.0,0.0,71.0,22.0,7.5,24.0,8,73.0
25,2012,7,22,0.0,0.0,0.96,0.0,71.0,22.0,7.5,24.0,8,73.0
4,2007,3,0,0.15,0.0,0.0,0.01,71.0,22.0,7.5,24.0,8,73.0
4,2009,3,26,0.24,0.0,0.0,0.02,71.0,22.0,7.5,24.0,1,73.0
27,2008,10,24,1.0,0.16,0.0,0.11,84.0,32.0,7.2,44.0,1,78.0
4,2009,11,20,0.0,0.0,0.06,0.0,71.0,22.0,7.5,24.0,8,73.0
18,2010,2,21,0.0,0.0,0.08,0.0,71.0,22.0,7.5,24.0,8,73.0
14,1998,10,21,0.43,0.29,0.0,0.05,71.0,22.0,7.5,24.0,8,73.0
15,2008,1,19,0.0,0.0,0.02,0.0,71.0,22.0,7.5,24.0,8,73.0
28,2005,8,26,0.26,0.13,0.0,0.02,74.0,39.0,6.6,28.0,5,70.0
14,1995,9,19,0.04,0.03,0.0,0.0,71.0,22.0,7.5,24.0,8,73.0
7,2003,6,26,0.04,0.01,0.0,0.0,49.0,11.0,7.5,24.0,1,62.0
14,1998,10,19,0.12,0.08,0.0,0.01,71.0,22.0,7.5,24.0,8,73.0
17,2015,1,19,0.0,0.06,0.0,0.01,63.0,9.0,8.6,7.0,8,74.5
7,2006,0,15,0.31,0.08,0.0,0.01,57.0,24.0,6.7,6.0,2,62.0
28,2005,0,2,0.07,0.02,0.0,0.0,71.0,20.0,9.3,4.0,2,82.0
25,2011,0,16,0.27,0.02,0.0,0.02,45.0,4.0,7.5,24.0,2,60.0
18,2006,7,26,0.17,0.01,0.23,0.02,66.0,27.0,7.8,25.0,7,72.0
4,2007,9,26,1.32,1.19,0.0,0.3,71.0,22.0,7.6,7.0,1,73.5
7,2003,2,28,0.04,0.01,0.0,0.0,71.0,22.0,7.5,24.0,8,73.0
15,2003,4,19,0.03,0.02,0.0,0.01,71.0,22.0,7.5,24.0,1,73.0
12,2010,11,19,0.0,0.03,0.0,0.01,71.0,22.0,7.9,19.0,7,75.0
14,1998,8,19,0.04,0.02,0.0,0.0,71.0,22.0,7.5,24.0,8,73.0
15,2004,10,15,0.81,0.63,0.0,0.21,83.0,44.0,9.2,19.0,1,87.5
15,2003,3,21,0.09,0.07,0.0,0.02,73.0,34.0,8.0,5.0,1,76.5
18,2011,7,19,0.07,0.0,0.04,0.01,71.0,22.0,7.5,24.0,8,73.0
6,2002,0,26,0.27,0.1,0.0,0.01,47.0,11.0,7.5,24.0,1,61.0
27,2007,2,20,0.2,0.02,0.03,0.02,89.0,36.0,7.6,62.0,7,82.5
25,2009,3,2,0.11,0.01,0.0,0.01,71.0,22.0,7.5,24.0,1,73.0
27,2009,8,29,0.32,0.15,0.0,0.05,77.0,68.0,8.0,114.0,5,78.5
12,2011,8,5,0.01,0.04,0.0,0.01,67.0,25.0,4.9,103.0,5,58.0
0,1982,5,3,1.52,0.1,0.0,0.02,71.0,22.0,7.5,24.0,8,73.0
15,2009,3,2,0.15,0.06,0.0,0.2,71.0,22.0,4.4,7.0,2,57.5
16,2010,1,19,0.0,0.0,0.05,0.0,71.0,22.0,7.5,24.0,8,73.0
4,2008,9,26,0.7,0.82,0.0,0.19,71.0,22.0,7.5,24.0,1,73.0
25,2008,10,2,0.16,0.0,0.0,0.01,71.0,22.0,7.5,24.0,7,73.0
4,2006,7,17,6.38,4.46,6.04,1.36,71.0,22.0,7.5,24.0,8,73.0
16,2008,10,24,0.11,0.01,0.0,0.01,70.0,21.0,7.5,24.0,2,72.5
25,2011,3,2,0.14,0.02,0.0,0.02,71.0,22.0,7.5,24.0,1,73.0
19,2014,3,20,0.08,0.05,0.16,0.04,81.0,8.0,8.4,69.0,7,82.5
9,2000,2,1,0.18,0.04,0.0,0.0,71.0,22.0,7.5,24.0,8,73.0
6,2002,0,2,0.08,0.03,0.0,0.0,50.0,13.0,5.0,4.0,1,50.0
15,2001,6,27,0.0,1.1,0.42,0.33,71.0,22.0,7.5,24.0,8,73.0
4,2009,7,16,0.0,0.0,0.15,0.0,71.0,22.0,7.5,24.0,8,73.0
18,2006,0,2,0.05,0.0,0.0,0.01,73.0,41.0,7.6,9.0,5,74.5
19,2015,0,19,0.0,0.0,0.02,0.0,71.0,22.0,7.5,24.0,8,73.0
6,2004,6,19,0.01,0.0,0.0,0.0,23.0,4.0,7.5,24.0,1,49.0
16,2006,4,20,0.41,0.06,0.04,0.66,43.0,17.0,4.1,176.0,2,42.0
16,2010,7,18,0.12,0.06,0.21,0.03,74.0,19.0,6.7,109.0,7,70.5
11,1993,2,19,0.0,0.0,0.07,0.0,71.0,22.0,7.5,24.0,8,73.0
4,2011,3,26,0.11,0.0,0.0,0.01,71.0,22.0,7.5,24.0,8,73.0
27,2010,8,19,0.54,0.5,0.0,0.12,45.0,39.0,5.8,89.0,5,51.5
25,2008,11,23,0.06,0.02,0.0,0.01,64.0,26.0,4.3,13.0,2,53.5
14,1995,2,19,0.03,0.02,0.0,0.0,71.0,22.0,7.5,24.0,8,73.0
4,2010,5,17,1.63,0.51,0.35,0.18,79.0,51.0,7.7,18.0,1,78.0
4,2006,5,3,0.04,0.0,0.0,0.0,70.0,24.0,7.5,24.0,1,72.5
28,2002,6,23,0.05,0.02,0.0,0.0,67.0,26.0,5.0,4.0,7,58.5
12,2006,9,10,0.01,0.01,0.0,0.0,71.0,22.0,7.5,24.0,7,73.0
7,2003,7,23,0.04,0.01,0.0,0.0,72.0,19.0,7.5,24.0,7,73.5
26,2015,3,17,0.69,0.53,0.24,0.12,66.0,66.0,6.5,279.0,1,65.5
7,2005,0,12,0.09,0.02,0.0,0.0,57.0,10.0,7.5,24.0,2,66.0
25,2008,10,19,0.04,0.04,0.0,0.01,71.0,22.0,7.5,24.0,1,73.0
14,1998,3,19,0.0,0.0,0.05,0.0,71.0,22.0,7.5,24.0,8,73.0
6,2004,0,23,0.21,0.08,0.0,0.01,71.0,22.0,7.5,24.0,1,73.0
14,1999,6,19,1.07,0.16,0.0,0.04,71.0,22.0,7.5,24.0,8,73.0
6,2002,8,2,0.08,0.03,0.0,0.0,71.0,22.0,7.5,24.0,8,73.0
12,2002,11,14,0.02,0.06,0.0,0.01,89.0,31.0,8.9,484.0,7,89.0
16,2009,9,0,0.34,0.25,0.0,0.1,81.0,28.0,7.3,20.0,7,77.0
15,2002,0,2,0.15,0.12,0.0,0.04,49.0,21.0,6.1,14.0,5,55.0
6,2004,7,17,4.34,2.65,3.15,0.35,71.0,22.0,7.5,24.0,8,73.0
18,2011,0,16,0.0,0.0,0.12,0.0,71.0,22.0,7.5,24.0,8,73.0
29,2015,0,4,0.08,0.04,0.0,0.01,71.0,22.0,7.5,24.0,8,73.0
4,2006,1,0,0.06,0.02,0.0,0.01,60.0,25.0,6.8,6.0,2,64.0
29,2015,1,19,0.03,0.0,0.0,0.0,71.0,22.0,7.5,24.0,8,73.0
4,2006,0,6,0.39,0.0,0.0,0.03,56.0,23.0,6.5,13.0,2,60.5
6,2005,4,2,0.62,0.24,0.0,0.03,71.0,6.0,7.5,24.0,1,73.0
17,2015,0,22,0.0,0.06,0.06,0.01,86.0,20.0,7.6,225.0,7,81.0
7,2002,6,10,0.02,0.01,0.0,0.0,72.0,7.0,7.8,4.0,1,75.0
25,2007,4,19,0.06,0.0,0.0,0.0,19.0,5.0,2.7,28.0,1,23.0
28,2002,4,15,0.04,0.01,0.0,0.0,70.0,13.0,7.5,24.0,7,72.5
4,2010,1,16,0.06,0.1,0.0,0.02,71.0,22.0,7.5,24.0,1,73.0
22,1994,0,16,0.0,0.0,0.03,0.0,71.0,22.0,7.5,24.0,8,73.0
6,2007,3,27,0.87,0.32,0.0,0.02,71.0,22.0,7.5,24.0,8,73.0
18,2009,1,19,0.0,0.0,0.01,0.0,71.0,22.0,7.5,24.0,8,73.0
15,2006,7,20,0.0,0.0,0.19,0.0,68.0,18.0,8.5,23.0,7,76.5
16,2012,0,2,0.36,0.28,0.0,0.1,79.0,39.0,6.8,179.0,5,73.5
19,2012,7,19,0.0,0.0,0.07,0.0,71.0,22.0,7.5,24.0,8,73.0
9,1998,9,17,0.83,0.06,0.93,0.0,71.0,22.0,7.5,24.0,8,73.0
14,2003,10,19,0.23,0.16,0.0,0.03,71.0,22.0,7.5,24.0,8,73.0
22,1996,3,19,0.0,0.0,0.03,0.0,71.0,22.0,7.5,24.0,8,73.0
12,2006,9,26,0.0,0.01,0.0,0.0,56.0,25.0,4.0,35.0,2,48.0
15,2009,1,19,0.0,0.0,0.01,0.0,71.0,22.0,7.5,24.0,8,73.0
0,1983,1,3,0.38,0.02,0.0,0.0,71.0,22.0,7.5,24.0,8,73.0
25,2009,3,19,0.07,0.0,0.0,0.0,71.0,22.0,7.5,24.0,1,73.0
4,2005,0,8,0.15,0.01,0.0,0.01,65.0,20.0,7.5,4.0,2,70.0
16,2010,0,22,0.45,0.92,0.06,0.32,83.0,66.0,8.0,291.0,5,81.5
18,2013,0,19,0.0,0.0,0.12,0.0,71.0,22.0,7.5,24.0,8,73.0
6,2004,4,2,0.3,0.11,0.0,0.01,72.0,8.0,8.0,4.0,1,76.0
4,2007,3,26,0.47,0.0,0.0,0.04,71.0,22.0,7.5,24.0,8,73.0
4,2010,3,0,0.16,0.0,0.0,0.01,71.0,22.0,7.5,24.0,1,73.0
27,2007,0,8,0.29,0.02,0.0,0.03,58.0,42.0,5.3,21.0,7,55.5
18,2008,1,11,0.0,0.0,0.02,0.0,71.0,22.0,7.5,24.0,8,73.0
25,2012,0,10,0.18,0.44,0.0,0.07,71.0,22.0,1.6,21.0,1,43.5
4,2008,11,20,0.0,0.0,0.07,0.0,71.0,22.0,7.5,24.0,8,73.0
12,2016,9,20,0.0,0.09,0.0,0.01,81.0,41.0,4.3,57.0,1,62.0
15,2007,0,24,0.27,0.21,0.0,0.07,67.0,22.0,7.8,53.0,5,72.5
15,2010,0,19,0.0,0.0,0.02,0.0,71.0,22.0,7.5,24.0,8,73.0
26,2013,0,26,0.17,0.09,0.0,0.03,86.0,5.0,7.7,207.0,5,81.5
12,1999,1,19,0.0,0.01,0.0,0.0,91.0,26.0,8.9,439.0,5,90.0
7,2002,1,17,0.96,0.53,0.3,0.09,82.0,39.0,7.7,145.0,7,79.5
4,2006,0,19,0.02,0.0,0.0,0.0,71.0,22.0,7.5,24.0,1,73.0
14,2001,8,24,0.24,0.16,0.0,0.03,71.0,22.0,7.5,24.0,7,73.0
12,2011,9,19,0.0,0.05,0.0,0.01,71.0,22.0,7.5,24.0,8,73.0
15,2010,10,2,0.04,0.03,0.0,0.01,71.0,22.0,7.5,24.0,7,73.0
6,2004,0,19,0.0,0.0,0.08,0.0,71.0,22.0,7.5,24.0,8,73.0
28,2003,8,14,0.85,0.23,0.0,0.04,74.0,38.0,7.6,51.0,5,75.0
12,2007,8,28,0.01,0.0,0.0,0.0,71.0,30.0,7.6,124.0,5,73.5
19,2014,1,19,0.0,0.0,0.02,0.0,71.0,22.0,7.5,24.0,8,73.0
15,2007,4,23,0.24,0.19,0.0,0.06,71.0,22.0,7.5,24.0,1,73.0
15,2004,10,10,0.58,2.48,0.04,0.59,81.0,27.0,7.6,56.0,1,78.5
20,1997,2,4,0.0,0.0,0.26,0.0,71.0,22.0,7.5,24.0,8,73.0
15,2008,1,19,0.0,0.0,0.01,0.0,71.0,22.0,7.5,24.0,8,73.0
18,2008,6,24,0.52,0.27,0.0,0.19,79.0,26.0,8.7,43.0,7,83.0
16,2012,3,16,0.0,0.0,0.03,0.0,71.0,22.0,7.5,24.0,8,73.0
15,2006,1,19,0.0,0.0,0.02,0.0,71.0,22.0,7.5,24.0,8,73.0
25,2008,6,9,0.27,0.0,0.0,0.02,71.0,22.0,7.5,24.0,8,73.0
25,2010,3,19,0.0,0.06,0.0,0.01,71.0,22.0,7.5,24.0,8,73.0
28,2003,10,20,0.27,0.08,0.0,0.01,91.0,25.0,8.9,45.0,1,90.0
12,2005,1,3,0.0,0.02,0.0,0.0,85.0,41.0,8.3,375.0,5,84.0
6,2004,5,17,0.31,0.11,0.13,0.01,66.0,10.0,7.5,6.0,1,70.5
15,2003,9,16,0.05,0.04,0.61,0.01,66.0,10.0,8.5,37.0,7,75.5
14,1997,1,21,0.0,0.0,0.14,0.01,71.0,22.0,7.5,24.0,8,73.0
6,2005,6,10,0.19,0.07,0.0,0.0,71.0,22.0,8.3,14.0,1,77.0
28,2004,0,26,0.07,0.02,0.0,0.0,67.0,21.0,5.2,6.0,7,59.5
18,2013,1,11,0.0,0.0,0.02,0.0,71.0,22.0,7.5,24.0,8,73.0
19,2015,0,11,0.0,0.0,0.01,0.0,71.0,22.0,7.5,24.0,8,73.0
6,2004,0,17,0.0,0.0,0.06,0.0,71.0,22.0,7.5,24.0,8,73.0
6,2001,2,19,0.09,0.03,0.0,0.0,71.0,22.0,7.5,24.0,8,73.0
15,2004,9,12,1.04,0.81,0.0,0.27,77.0,26.0,9.0,20.0,1,83.5
15,2001,10,12,0.03,0.02,0.0,0.01,50.0,9.0,7.5,24.0,1,62.5
4,2008,0,29,0.47,0.01,0.0,0.04,70.0,4.0,7.5,24.0,1,72.5
15,2005,6,23,0.03,0.03,0.0,0.01,71.0,22.0,7.5,24.0,1,73.0
27,2012,0,2,0.14,0.09,0.0,0.02,39.0,28.0,5.0,51.0,5,44.5
14,1999,0,12,0.71,0.48,0.3,0.1,86.0,17.0,9.2,326.0,5,89.0
28,2003,0,20,0.04,0.01,0.0,0.0,79.0,43.0,8.3,12.0,7,81.0
12,2009,11,23,0.0,0.03,0.0,0.01,70.0,42.0,7.2,204.0,5,71.0
22,1994,7,17,0.0,0.0,0.81,0.0,71.0,22.0,7.5,24.0,8,73.0
27,2011,1,19,0.0,0.04,0.0,0.0,71.0,22.0,7.5,24.0,8,73.0
16,2009,0,26,0.32,0.42,0.0,0.16,71.0,22.0,7.5,24.0,8,73.0
7,2003,10,2,0.54,0.14,0.0,0.02,89.0,19.0,8.5,24.0,7,87.0
10,1984,8,16,0.18,0.06,1.27,0.01,71.0,22.0,7.5,24.0,8,73.0
16,2012,8,16,0.03,0.03,0.0,0.01,56.0,23.0,5.4,43.0,5,55.0
5,2001,7,19,0.0,0.0,0.39,0.0,71.0,22.0,7.5,24.0,8,73.0
12,2009,1,19,0.0,0.01,0.0,0.0,63.0,6.0,5.8,8.0,8,60.5
12,2007,9,10,0.01,0.04,0.0,0.01,78.0,20.0,7.3,29.0,7,75.5
4,2010,9,19,0.13,0.0,0.0,0.01,71.0,22.0,7.5,24.0,1,73.0
16,2009,11,20,0.13,0.02,0.0,0.02,51.0,28.0,5.3,20.0,5,52.0
6,2002,6,19,0.12,0.04,0.0,0.0,52.0,4.0,7.5,24.0,1,63.5
14,1999,10,19,0.12,0.08,0.0,0.01,71.0,22.0,7.5,24.0,8,73.0
25,2007,10,0,0.35,0.01,0.0,0.03,52.0,11.0,5.4,23.0,1,53.0
25,2011,3,26,0.4,0.0,0.0,0.02,71.0,22.0,7.5,24.0,2,73.0
14,1998,2,19,0.03,0.02,0.07,0.01,71.0,22.0,7.5,24.0,8,73.0
16,2012,0,29,0.5,0.5,0.0,0.19,81.0,28.0,7.5,81.0,2,78.0
14,1996,10,19,0.03,0.02,0.0,0.0,71.0,22.0,7.5,24.0,8,73.0
28,2003,4,16,0.05,0.02,0.0,0.0,75.0,18.0,8.4,8.0,7,79.5
4,2008,9,19,0.0,0.0,0.02,0.0,71.0,22.0,7.5,24.0,8,73.0
16,2009,0,10,0.2,0.21,0.0,0.07,72.0,54.0,8.1,118.0,5,76.5
18,2005,1,26,0.18,0.01,0.0,0.02,71.0,22.0,7.5,24.0,8,73.0
4,2005,2,19,0.0,0.0,0.23,0.0,71.0,22.0,7.5,24.0,8,73.0
7,2004,1,23,0.08,0.02,0.0,0.0,40.0,7.0,4.7,9.0,1,43.5
27,2011,3,26,0.84,0.19,0.01,0.08,77.0,30.0,8.2,62.0,7,79.5
12,2005,7,19,0.01,0.04,0.0,0.01,71.0,22.0,7.5,24.0,8,73.0
14,1999,0,19,0.5,0.34,0.0,0.06,71.0,22.0,7.5,24.0,8,73.0
16,2011,8,10,0.23,0.2,0.01,0.08,83.0,57.0,7.7,288.0,5,80.0
25,2009,3,26,0.03,0.0,0.0,0.0,71.0,22.0,7.5,24.0,1,73.0
25,2010,8,20,0.06,0.01,0.0,0.01,71.0,22.0,7.5,24.0,8,73.0
18,2013,1,19,0.0,0.0,0.01,0.0,71.0,22.0,7.5,24.0,8,73.0
18,2005,4,12,0.1,0.0,0.0,0.01,66.0,18.0,6.4,5.0,1,65.0
28,2003,2,16,0.78,0.18,0.03,0.0,92.0,39.0,8.9,54.0,7,90.5
15,2002,10,15,0.05,0.04,0.0,0.01,24.0,12.0,4.1,27.0,7,32.5
27,2014,8,2,0.02,0.0,0.0,0.0,71.0,22.0,7.3,4.0,7,72.0
16,2009,4,4,0.12,0.17,0.01,0.06,71.0,48.0,7.4,62.0,5,72.5
7,2005,10,17,0.93,0.24,0.25,0.04,76.0,38.0,8.6,41.0,1,81.0
16,2014,2,18,0.06,0.01,0.04,0.02,71.0,22.0,7.5,24.0,8,73.0
16,2010,2,19,0.21,0.07,0.09,0.04,87.0,29.0,8.0,65.0,7,83.5
27,2011,1,10,0.27,0.14,0.04,0.04,70.0,67.0,8.1,157.0,5,75.5
25,2012,3,26,0.01,0.1,0.0,0.01,71.0,22.0,7.5,24.0,1,73.0
25,2009,3,19,0.41,0.0,0.0,0.03,71.0,22.0,7.5,24.0,2,73.0
4,2011,1,19,0.04,0.04,0.0,0.01,71.0,22.0,7.5,24.0,2,73.0
4,2006,3,17,0.9,1.0,1.03,0.17,81.0,12.0,7.8,10.0,1,79.5
18,2012,0,19,0.0,0.0,0.01,0.0,71.0,22.0,7.5,24.0,8,73.0
27,2007,5,16,0.14,0.02,0.15,0.02,73.0,52.0,7.0,40.0,1,71.5
19,2014,3,19,0.18,0.64,0.9,0.24,71.0,22.0,7.5,24.0,8,73.0
14,2000,0,25,0.02,0.01,0.0,0.0,71.0,22.0,7.5,24.0,8,73.0
6,2002,4,19,0.31,0.11,0.0,0.01,71.0,22.0,7.5,24.0,8,73.0
0,1981,8,19,0.32,0.02,0.0,0.0,71.0,22.0,7.5,24.0,8,73.0
17,2014,7,10,0.73,0.88,0.08,0.32,89.0,43.0,7.4,1984.0,5,81.5
7,2006,10,24,0.13,0.03,0.0,0.0,66.0,8.0,7.5,24.0,1,70.5
16,2007,4,21,0.93,1.1,0.08,0.45,71.0,22.0,7.5,24.0,8,73.0
12,2010,7,19,0.01,0.01,0.0,0.0,71.0,22.0,7.5,24.0,8,73.0
15,2006,0,16,0.03,0.02,0.0,0.01,66.0,26.0,7.2,6.0,7,69.0
14,1998,10,10,1.68,0.04,0.0,0.04,71.0,22.0,7.5,24.0,8,73.0
17,2016,10,19,0.0,0.07,0.0,0.01,71.0,22.0,7.5,24.0,8,73.0
15,2006,3,19,0.0,0.0,0.11,0.0,71.0,22.0,7.5,24.0,8,73.0
16,2013,7,22,0.43,0.36,0.32,0.16,85.0,50.0,8.5,332.0,7,85.0
15,2008,10,19,0.04,0.03,0.0,0.01,71.0,22.0,7.5,24.0,1,73.0
14,1998,6,1,0.91,0.1,0.0,0.03,71.0,22.0,7.5,24.0,8,73.0
10,1985,2,16,0.0,0.0,1.05,0.0,71.0,22.0,7.5,24.0,8,73.0
28,2003,8,3,0.01,0.0,0.0,0.0,76.0,28.0,7.5,24.0,7,75.5
6,2002,4,26,0.07,0.03,0.0,0.0,60.0,4.0,7.5,24.0,1,67.5
4,2007,0,3,0.11,0.0,0.0,0.01,28.0,18.0,4.9,8.0,1,38.5
4,2009,9,12,0.0,0.0,0.01,0.0,71.0,22.0,7.5,24.0,8,73.0
18,2005,10,10,0.11,0.0,0.0,0.01,73.0,23.0,7.7,22.0,1,75.0
29,2016,0,4,0.02,0.0,0.0,0.0,71.0,22.0,7.5,24.0,8,73.0
4,2008,11,26,0.37,0.35,0.0,0.09,71.0,22.0,7.2,9.0,1,71.5
16,2012,0,16,0.0,0.0,0.03,0.0,71.0,22.0,7.5,24.0,8,73.0
15,2009,3,19,0.16,0.12,0.0,0.04,71.0,22.0,7.5,24.0,2,73.0
18,2010,1,19,0.0,0.0,0.01,0.0,71.0,22.0,7.5,24.0,8,73.0
18,2012,0,19,0.0,0.0,0.01,0.0,71.0,22.0,7.5,24.0,8,73.0
27,2011,10,26,0.14,0.1,0.0,0.03,41.0,8.0,7.4,7.0,1,57.5
14,2000,6,1,0.4,0.27,0.0,0.05,43.0,11.0,7.5,24.0,1,59.0
27,2011,3,26,0.29,0.08,0.0,0.03,71.0,22.0,7.5,24.0,1,73.0
25,2008,10,10,0.76,0.01,0.0,0.06,82.0,19.0,7.2,22.0,1,77.0
15,2003,6,19,0.45,0.35,0.0,0.12,71.0,22.0,7.5,24.0,8,73.0
15,2005,7,22,0.18,0.14,0.29,0.05,74.0,36.0,9.0,54.0,7,82.0
27,2007,8,28,0.07,0.01,0.0,0.01,66.0,43.0,7.1,16.0,5,68.5
4,2009,4,0,0.0,0.0,0.07,0.0,71.0,22.0,7.5,24.0,8,73.0
14,1998,1,23,1.63,1.53,0.0,0.18,71.0,22.0,7.5,24.0,8,73.0
15,2000,6,24,0.77,0.6,0.0,0.2,79.0,21.0,6.8,18.0,7,73.5
15,2001,9,19,2.06,0.56,0.38,0.17,89.0,22.0,9.1,95.0,1,90.0
28,2003,10,30,0.26,0.08,0.0,0.01,71.0,22.0,9.1,22.0,7,81.0
5,1992,5,17,0.0,0.0,0.23,0.0,71.0,22.0,7.5,24.0,8,73.0
17,2015,0,4,0.0,0.0,0.05,0.0,71.0,22.0,7.5,24.0,8,73.0
17,2014,0,20,0.0,0.0,0.15,0.0,71.0,22.0,7.5,24.0,8,73.0
2,2011,3,24,0.06,0.02,0.0,0.01,71.0,22.0,7.5,24.0,2,73.0
25,2012,9,16,0.0,0.0,0.08,0.0,71.0,22.0,7.5,24.0,8,73.0
27,2012,0,22,0.68,0.88,0.01,0.17,79.0,51.0,7.1,453.0,5,75.0
15,2001,6,26,0.29,0.23,0.0,0.08,63.0,10.0,8.6,8.0,1,74.5
3,2001,2,4,0.0,0.0,0.12,0.0,71.0,22.0,7.5,24.0,8,73.0
12,2015,9,27,0.0,0.04,0.0,0.0,71.0,22.0,4.0,8.0,1,55.5
7,2003,8,19,0.06,0.02,0.0,0.0,62.0,19.0,8.4,13.0,7,73.0
15,2006,3,25,0.0,0.0,0.01,0.0,71.0,22.0,7.5,24.0,8,73.0
14,1997,9,19,0.04,0.03,0.0,0.0,71.0,22.0,7.5,24.0,8,73.0
16,2014,0,16,0.0,0.0,0.14,0.0,71.0,22.0,7.5,24.0,8,73.0
16,2009,0,25,0.11,0.07,0.07,0.03,64.0,27.0,7.3,15.0,7,68.5
25,2008,0,9,0.13,0.27,0.0,0.05,70.0,12.0,7.2,20.0,7,71.0
2,2015,2,16,0.12,0.03,0.16,0.02,61.0,32.0,6.6,32.0,7,63.5
19,2016,0,19,0.0,0.0,0.01,0.0,71.0,22.0,7.5,24.0,8,73.0
2,2012,0,19,0.16,0.0,0.03,0.01,67.0,38.0,7.6,73.0,7,71.5
26,2013,4,2,0.38,0.15,0.0,0.05,89.0,7.0,6.0,96.0,2,74.5
15,2004,8,19,0.09,0.07,0.0,0.02,48.0,11.0,4.3,6.0,5,45.5
7,2005,2,3,0.16,0.04,0.0,0.01,48.0,11.0,6.6,11.0,7,57.0
12,2014,0,26,0.15,0.26,0.0,0.03,77.0,18.0,4.7,3288.0,5,62.0
18,2006,10,21,0.18,0.0,0.0,0.02,68.0,24.0,7.0,5.0,1,69.0
16,2011,0,23,0.04,0.04,0.0,0.01,71.0,22.0,7.5,24.0,8,73.0
15,2006,0,10,0.39,0.02,0.0,0.06,71.0,22.0,7.5,24.0,8,73.0
25,2007,9,12,1.35,0.52,0.0,0.19,73.0,16.0,7.1,27.0,2,72.0
7,2003,4,20,0.87,0.3,0.06,0.03,57.0,27.0,7.9,139.0,1,68.0
14,1999,1,19,0.72,0.89,0.04,0.1,71.0,22.0,7.5,24.0,8,73.0
27,2010,3,19,0.0,0.02,0.0,0.0,71.0,22.0,7.5,24.0,8,73.0
27,2012,0,25,0.16,0.05,0.03,0.02,58.0,39.0,4.4,136.0,5,51.0
6,2001,0,19,0.01,0.0,0.0,0.0,67.0,9.0,7.5,24.0,1,71.0
14,1995,0,19,0.05,0.03,0.0,0.01,71.0,22.0,7.5,24.0,8,73.0
16,2014,0,29,0.33,0.28,0.0,0.12,71.0,22.0,6.7,11.0,2,69.0
6,2003,10,3,0.14,0.05,0.0,0.0,71.0,22.0,7.5,24.0,1,73.0
16,2011,10,12,0.0,0.0,0.07,0.0,71.0,22.0,7.5,24.0,8,73.0
22,1993,3,19,0.0,0.0,0.19,0.0,71.0,22.0,7.5,24.0,8,73.0
4,2008,4,12,0.27,0.02,0.04,0.03,85.0,46.0,8.7,111.0,7,86.0
14,1996,5,19,2.1,0.24,0.0,0.07,71.0,22.0,7.5,24.0,8,73.0
17,2014,0,19,0.08,0.0,0.01,0.02,71.0,22.0,7.5,24.0,8,73.0
22,1994,5,19,0.0,0.0,0.7,0.0,71.0,22.0,7.5,24.0,8,73.0
25,2008,10,19,0.35,0.0,0.0,0.03,71.0,22.0,4.5,6.0,7,58.0
4,2011,3,3,0.05,0.0,0.0,0.0,71.0,22.0,7.5,24.0,8,73.0
29,2016,0,2,0.03,0.01,0.0,0.0,55.0,14.0,6.0,38.0,7,57.5
18,2008,2,16,0.0,0.0,0.26,0.0,71.0,22.0,7.5,24.0,8,73.0
25,2010,0,6,0.06,0.05,0.0,0.01,71.0,22.0,7.5,24.0,1,73.0
18,2013,7,16,0.0,0.0,0.15,0.0,74.0,7.0,8.3,6.0,7,78.5
15,2001,0,19,0.99,0.48,1.09,0.14,86.0,23.0,8.2,56.0,5,84.0
16,2011,10,2,0.17,0.03,0.0,0.03,71.0,22.0,7.5,24.0,7,73.0
4,2007,0,4,0.0,0.0,0.03,0.0,71.0,22.0,7.5,24.0,8,73.0
28,2006,3,19,0.02,0.01,0.0,0.0,61.0,20.0,7.5,24.0,7,68.0
27,2010,2,19,0.23,0.04,0.02,0.02,85.0,32.0,8.7,26.0,7,86.0
25,2009,10,24,0.14,0.0,0.0,0.01,71.0,22.0,7.5,24.0,8,73.0
19,2012,2,21,0.05,0.05,0.0,0.02,54.0,39.0,3.8,30.0,7,46.0
16,2007,0,21,2.31,1.72,0.12,0.77,88.0,66.0,8.1,2306.0,7,84.5
18,2011,1,11,0.0,0.0,0.04,0.0,71.0,22.0,7.5,24.0,8,73.0
7,2002,4,19,0.1,0.03,0.0,0.0,71.0,22.0,7.5,24.0,8,73.0
27,2006,0,10,0.23,0.01,0.0,0.02,51.0,48.0,6.2,49.0,7,56.5
16,2010,3,27,0.13,0.0,0.0,0.01,36.0,10.0,0.5,4.0,7,20.5
7,2004,6,10,0.7,0.39,0.01,0.03,71.0,22.0,7.5,24.0,8,73.0
12,2007,11,14,0.0,0.05,0.0,0.01,81.0,19.0,8.5,71.0,7,83.0
4,2006,9,26,0.5,0.01,0.0,0.04,71.0,22.0,7.8,9.0,1,74.5
14,1995,10,19,0.04,0.03,0.0,0.01,71.0,22.0,7.5,24.0,8,73.0
4,2008,7,22,0.61,0.16,0.49,0.08,92.0,57.0,8.9,440.0,2,90.5
15,2007,7,22,0.35,0.27,0.09,0.09,71.0,22.0,7.5,24.0,7,73.0
15,2003,8,21,0.34,0.27,0.0,0.09,73.0,33.0,8.3,19.0,7,78.0
16,2014,0,19,0.26,0.34,0.13,0.12,71.0,22.0,7.6,193.0,5,73.5
25,2009,6,5,0.1,0.22,0.0,0.04,51.0,10.0,5.5,22.0,2,53.0
15,2007,6,10,0.12,0.09,0.0,0.03,56.0,9.0,8.2,9.0,1,69.0
4,2009,1,19,0.06,0.3,0.0,0.04,57.0,8.0,3.1,9.0,1,44.0
14,1996,10,12,0.04,0.03,0.0,0.0,71.0,22.0,7.5,24.0,8,73.0
13,1996,7,19,0.0,0.0,0.03,0.0,71.0,22.0,7.5,24.0,8,73.0
16,2013,10,25,0.0,0.0,0.05,0.0,71.0,22.0,7.5,24.0,8,73.0
25,2011,7,19,0.0,0.0,0.19,0.0,71.0,22.0,7.5,24.0,8,73.0
20,1996,7,19,0.0,0.0,0.26,0.0,71.0,22.0,7.5,24.0,8,73.0
15,2007,3,21,0.04,1.08,0.0,0.32,73.0,13.0,7.5,8.0,2,74.0
27,2006,10,12,0.09,0.0,0.0,0.01,79.0,22.0,6.5,33.0,1,72.0
4,2005,0,2,0.17,0.0,0.0,0.01,71.0,22.0,7.5,24.0,8,73.0
16,2012,0,20,0.0,0.0,0.11,0.0,71.0,22.0,7.5,24.0,8,73.0
7,2003,9,10,0.35,0.13,0.0,0.01,85.0,16.0,7.7,22.0,7,81.0
22,1992,4,19,0.0,0.0,0.22,0.0,71.0,22.0,7.5,24.0,8,73.0
5,1999,7,17,9.0,6.18,7.2,0.71,71.0,22.0,7.5,24.0,8,73.0
2,2014,1,2,0.08,0.04,0.0,0.01,71.0,22.0,7.5,24.0,2,73.0
16,2010,0,24,0.6,0.96,0.13,0.36,71.0,22.0,7.5,24.0,8,73.0
15,2005,0,2,0.6,0.02,0.0,0.1,74.0,52.0,7.9,54.0,7,76.5
6,2005,4,26,0.05,0.02,0.0,0.0,61.0,12.0,7.5,24.0,1,68.0
18,2010,2,19,0.0,0.0,0.03,0.0,71.0,22.0,7.5,24.0,8,73.0
12,2002,9,10,1.72,1.21,0.0,0.14,75.0,18.0,7.8,22.0,7,76.5
15,2005,8,21,1.22,0.34,0.04,0.1,82.0,59.0,8.8,64.0,5,85.0
16,2006,10,20,0.0,0.0,0.01,0.0,71.0,22.0,7.5,24.0,8,73.0
18,2006,10,10,0.25,0.64,0.0,0.31,71.0,22.0,7.5,24.0,8,73.0
7,2005,10,10,0.44,0.11,0.0,0.02,86.0,21.0,8.5,11.0,1,85.5
4,2010,3,19,0.17,0.0,0.0,0.01,71.0,22.0,7.5,24.0,1,73.0
18,2010,1,11,0.0,0.0,0.03,0.0,71.0,22.0,7.5,24.0,8,73.0
12,2016,7,19,0.0,0.01,0.0,0.0,56.0,34.0,6.8,149.0,5,62.0
15,2008,1,11,0.0,0.0,0.03,0.0,71.0,22.0,7.5,24.0,8,73.0
9,1999,11,19,0.0,0.0,0.2,0.0,71.0,22.0,7.5,24.0,8,73.0
6,2001,7,19,0.01,0.01,0.0,0.0,77.0,11.0,7.5,24.0,1,76.0
6,2002,9,19,0.0,0.0,0.35,0.01,71.0,22.0,7.5,24.0,8,73.0
2,2014,0,29,0.28,0.31,0.05,0.05,71.0,22.0,5.4,13.0,2,62.5
4,2011,3,2,0.06,0.0,0.0,0.0,71.0,22.0,7.5,24.0,8,73.0
6,2005,3,23,1.31,0.49,0.0,0.03,71.0,22.0,7.5,24.0,8,73.0
6,2005,0,10,0.12,0.05,0.0,0.0,61.0,5.0,6.9,9.0,2,65.0
25,2007,0,16,0.0,0.0,0.01,0.0,71.0,22.0,7.5,24.0,8,73.0
4,2007,8,19,0.15,0.01,0.0,0.01,72.0,48.0,7.9,37.0,5,75.5
25,2008,3,15,0.03,0.02,0.0,0.0,71.0,22.0,7.5,24.0,7,73.0
25,2011,0,20,0.1,0.04,0.0,0.01,56.0,14.0,8.0,9.0,7,68.0
6,2004,4,17,0.0,0.0,0.09,0.0,71.0,22.0,7.5,24.0,8,73.0
16,2009,10,19,0.02,0.0,0.0,0.01,71.0,22.0,7.5,24.0,8,73.0
17,2015,0,26,0.0,0.08,0.0,0.01,73.0,13.0,6.8,50.0,7,70.5
14,1996,6,19,0.23,0.16,0.0,0.03,71.0,22.0,7.5,24.0,8,73.0
16,2008,10,15,0.12,0.0,0.0,0.01,54.0,23.0,6.5,4.0,1,59.5
4,2008,1,26,0.08,0.35,0.0,0.05,71.0,22.0,7.5,24.0,1,73.0
4,2010,9,0,0.18,0.0,0.0,0.01,71.0,22.0,7.5,24.0,1,73.0
16,2011,8,22,0.5,0.59,0.07,0.22,89.0,50.0,8.2,682.0,5,85.5
15,2001,7,19,0.02,0.02,0.04,0.01,64.0,13.0,7.8,6.0,7,71.0
20,1995,9,20,0.0,0.0,0.19,0.0,71.0,22.0,7.5,24.0,8,73.0
5,1998,7,17,5.89,5.04,3.12,0.59,71.0,22.0,7.5,24.0,8,73.0
17,2015,2,16,0.08,0.14,0.0,0.04,71.0,22.0,7.5,24.0,8,73.0
16,2016,0,29,0.1,0.12,0.0,0.04,71.0,22.0,5.5,8.0,2,63.0
14,1996,10,19,0.01,0.01,0.0,0.0,71.0,22.0,7.5,24.0,8,73.0
25,2010,0,23,0.12,0.07,0.0,0.02,53.0,4.0,6.6,5.0,7,59.5
27,2011,7,27,0.4,0.07,0.03,0.03,67.0,50.0,6.6,140.0,5,66.5
4,2006,5,17,0.0,0.0,0.05,0.0,71.0,22.0,7.5,24.0,8,73.0
29,2015,10,24,1.95,0.15,0.0,0.24,86.0,14.0,6.2,115.0,2,74.0
4,2008,9,4,0.12,0.0,0.0,0.01,71.0,22.0,7.5,24.0,1,73.0
2,2014,7,20,0.0,0.0,0.05,0.0,71.0,22.0,7.5,24.0,8,73.0
6,2003,2,16,0.11,0.04,0.0,0.0,63.0,5.0,7.5,24.0,1,69.0
6,2006,0,23,0.01,0.0,0.0,0.0,71.0,22.0,7.5,24.0,8,73.0
15,2004,3,19,0.16,0.12,0.0,0.04,71.0,22.0,7.5,24.0,8,73.0
25,2008,10,3,0.04,0.01,0.0,0.0,71.0,22.0,7.5,24.0,8,73.0
4,2010,10,3,0.16,0.0,0.0,0.01,71.0,22.0,7.5,24.0,8,73.0
7,2002,10,9,0.06,0.02,0.0,0.0,72.0,11.0,9.3,4.0,1,82.5
27,2008,8,10,1.09,0.37,0.02,0.16,72.0,76.0,7.6,233.0,5,74.0
2,2012,1,19,0.0,0.0,0.03,0.0,71.0,22.0,7.5,24.0,8,73.0
4,2012,5,19,0.0,0.02,0.0,0.0,71.0,22.0,7.5,24.0,8,73.0
16,2008,10,24,0.56,0.0,0.0,0.05,82.0,30.0,7.0,37.0,1,76.0
4,2010,3,19,0.14,0.0,0.0,0.01,71.0,22.0,7.5,24.0,1,73.0
4,2010,3,19,0.05,0.0,0.0,0.0,71.0,22.0,7.5,24.0,1,73.0
4,2010,10,3,0.13,0.0,0.0,0.01,71.0,22.0,7.5,24.0,1,73.0
17,2016,10,24,0.17,0.34,0.0,0.09,69.0,50.0,6.9,88.0,7,69.0
3,1999,10,20,0.0,0.0,0.09,0.0,71.0,22.0,7.5,24.0,8,73.0
25,2010,10,2,0.22,0.05,0.0,0.03,71.0,22.0,7.5,24.0,1,73.0
15,2004,0,2,0.22,0.17,0.0,0.06,64.0,41.0,8.5,19.0,7,74.5
4,2009,9,26,0.07,0.03,0.0,0.01,82.0,11.0,7.3,7.0,1,77.5
27,2009,4,29,0.1,0.0,0.0,0.01,51.0,10.0,5.4,5.0,2,52.5
16,2010,0,19,0.07,0.0,0.0,0.01,71.0,22.0,7.5,24.0,8,73.0
25,2010,10,10,0.75,0.0,0.0,0.05,71.0,22.0,7.5,24.0,1,73.0
25,2008,10,19,0.17,0.18,0.0,0.04,71.0,22.0,7.5,24.0,1,73.0
6,2002,7,19,0.14,0.05,0.0,0.0,79.0,20.0,7.8,8.0,1,78.5
25,2009,5,23,0.28,0.39,0.0,0.08,58.0,22.0,6.0,8.0,1,59.0
4,2008,1,19,0.0,0.0,0.03,0.0,71.0,22.0,7.5,24.0,8,73.0
9,2000,10,10,0.05,0.01,0.0,0.0,71.0,22.0,7.5,24.0,8,73.0
4,2005,9,3,0.1,0.02,1.12,0.01,59.0,20.0,7.7,6.0,1,68.0
17,2014,3,19,0.0,0.16,0.0,0.03,47.0,19.0,4.1,18.0,8,44.0
15,2006,0,19,1.85,0.64,0.01,0.19,84.0,32.0,9.0,41.0,2,87.0
15,2005,7,19,0.32,0.25,0.0,0.08,77.0,48.0,8.8,43.0,7,82.5
4,2008,9,19,0.0,0.01,0.0,0.0,71.0,22.0,7.5,24.0,1,73.0
12,2009,11,26,0.0,0.03,0.0,0.01,71.0,22.0,7.5,24.0,7,73.0
6,2002,10,3,0.31,0.11,0.0,0.01,71.0,22.0,7.5,24.0,8,73.0
4,2008,3,26,0.0,0.2,0.0,0.0,71.0,22.0,8.8,5.0,1,79.5
15,2001,3,5,0.08,0.06,0.0,0.02,77.0,16.0,8.5,11.0,7,81.0
12,2006,6,10,0.0,0.04,0.0,0.01,78.0,17.0,7.2,249.0,2,75.0
4,2007,5,22,0.06,0.0,0.0,0.0,61.0,29.0,7.0,5.0,1,65.5
15,2002,0,9,0.19,0.15,0.0,0.05,67.0,18.0,8.8,19.0,5,77.5
6,2002,4,23,0.25,0.09,0.0,0.01,71.0,22.0,7.5,24.0,1,73.0
14,1997,3,19,0.39,0.27,0.0,0.05,71.0,22.0,7.5,24.0,8,73.0
22,1995,9,19,0.0,0.0,0.06,0.0,71.0,22.0,7.5,24.0,8,73.0
7,2006,0,2,0.12,0.03,0.0,0.0,50.0,31.0,6.3,8.0,7,56.5
15,2002,10,21,0.11,0.09,0.0,0.03,55.0,20.0,7.5,24.0,1,65.0
19,2015,0,19,0.01,0.0,0.04,0.0,71.0,22.0,7.5,24.0,8,73.0
12,2005,8,19,0.0,0.01,0.0,0.0,76.0,13.0,8.0,142.0,5,78.0
20,1994,1,19,0.0,0.0,0.06,0.0,71.0,22.0,7.5,24.0,8,73.0
28,2005,8,30,0.05,0.02,0.0,0.0,44.0,9.0,8.5,4.0,5,64.5
27,2010,3,16,0.1,0.08,0.0,0.02,57.0,33.0,4.8,4.0,1,52.5
3,2001,0,16,0.0,0.0,0.04,0.0,71.0,22.0,7.5,24.0,8,73.0
9,1998,3,10,0.07,0.02,0.0,0.0,71.0,22.0,7.5,24.0,8,73.0
25,2008,3,26,0.0,0.02,0.0,0.0,71.0,22.0,7.5,24.0,8,73.0
3,1999,6,20,0.0,0.0,0.41,0.0,71.0,22.0,7.5,24.0,8,73.0
12,1988,9,19,0.0,0.02,0.0,0.01,64.0,75.0,2.2,4572.0,2,43.0
4,2006,7,17,0.14,0.02,0.0,0.0,71.0,22.0,7.5,24.0,8,73.0
15,2005,11,12,0.06,0.05,0.07,0.02,68.0,31.0,8.6,17.0,7,77.0
16,2011,3,19,0.0,0.02,0.0,0.0,71.0,22.0,7.5,24.0,8,73.0
7,2002,10,12,0.04,0.01,0.0,0.0,62.0,6.0,7.5,24.0,1,68.5
2,2013,1,17,0.17,0.2,0.53,0.03,71.0,27.0,7.5,21.0,1,73.0
15,2004,6,19,0.19,0.15,0.0,0.05,70.0,30.0,8.5,16.0,7,77.5
14,1998,8,12,0.04,0.02,0.0,0.0,71.0,22.0,7.5,24.0,8,73.0
4,2007,0,16,0.0,0.0,0.06,0.0,71.0,22.0,7.5,24.0,8,73.0
14,1999,6,19,0.03,0.02,0.0,0.0,71.0,22.0,7.5,24.0,8,73.0
4,2007,1,12,0.09,0.02,0.06,0.01,59.0,19.0,7.5,24.0,2,67.0
12,2012,8,26,0.22,0.62,0.0,0.12,88.0,43.0,8.2,3183.0,5,85.0
2,2016,3,20,0.03,0.0,0.0,0.0,71.0,22.0,7.5,24.0,8,73.0
14,1994,6,21,0.0,0.0,0.06,0.0,71.0,22.0,7.5,24.0,8,73.0
26,2013,4,16,0.03,0.01,0.0,0.0,58.0,9.0,6.5,16.0,2,61.5
20,1996,8,19,0.0,0.0,0.02,0.0,71.0,22.0,7.5,24.0,8,73.0
25,2012,0,23,0.11,0.02,0.0,0.01,74.0,4.0,6.0,9.0,7,67.0
14,1999,2,19,0.06,0.04,0.0,0.01,71.0,22.0,7.5,24.0,8,73.0
14,1997,10,19,0.0,0.0,0.15,0.01,71.0,22.0,7.5,24.0,8,73.0
15,2008,1,19,0.0,0.0,0.01,0.0,71.0,22.0,7.5,24.0,8,73.0
6,2004,3,27,0.31,0.11,0.0,0.01,71.0,22.0,7.5,24.0,8,73.0
25,2008,6,19,0.02,0.0,0.0,0.0,71.0,22.0,0.6,5.0,1,38.5
2,2013,0,29,0.0,0.04,0.0,0.0,43.0,4.0,8.3,4.0,1,63.0
17,2014,7,26,0.0,0.01,0.04,0.0,82.0,46.0,8.0,451.0,2,81.0
4,2010,9,12,0.0,0.0,0.03,0.0,71.0,22.0,7.5,24.0,8,73.0
20,1995,8,20,0.0,0.0,0.37,0.0,71.0,22.0,7.5,24.0,8,73.0
15,2001,6,21,6.85,5.09,1.87,1.16,95.0,54.0,8.4,314.0,1,89.5
4,2010,9,19,0.0,0.01,0.0,0.0,71.0,22.0,7.5,24.0,8,73.0
15,2009,2,19,0.0,0.0,0.04,0.0,71.0,22.0,7.5,24.0,8,73.0
4,2007,10,12,0.0,0.0,0.08,0.0,71.0,22.0,7.5,24.0,8,73.0
14,1997,8,19,0.05,0.03,0.0,0.01,71.0,22.0,7.5,24.0,8,73.0
7,2001,0,17,2.38,0.67,0.46,0.1,78.0,34.0,8.5,161.0,1,81.5
18,2007,10,10,0.2,0.76,0.0,0.39,79.0,7.0,7.4,15.0,1,76.5
25,2007,9,0,0.04,0.0,0.0,0.0,71.0,22.0,7.5,24.0,1,73.0
15,2004,6,26,0.11,0.08,0.0,0.03,52.0,17.0,6.8,8.0,1,60.0
4,2007,11,20,0.2,0.0,0.0,0.02,61.0,13.0,8.0,9.0,1,70.5
28,2002,11,9,0.05,0.02,0.0,0.0,67.0,12.0,8.4,5.0,7,75.5
27,2011,2,4,0.0,0.03,0.04,0.0,79.0,44.0,6.2,85.0,7,70.5
20,1994,10,20,0.0,0.0,0.04,0.0,71.0,22.0,7.5,24.0,8,73.0
14,1999,11,16,0.0,0.0,0.16,0.01,71.0,22.0,7.5,24.0,8,73.0
25,2011,10,20,1.12,1.87,0.27,0.45,71.0,22.0,7.5,24.0,8,73.0
4,2011,0,19,0.11,0.16,0.0,0.04,71.0,22.0,7.5,24.0,1,73.0
28,2003,6,19,0.17,0.05,0.0,0.01,71.0,22.0,7.5,24.0,8,73.0
14,2000,2,19,0.0,0.0,0.11,0.01,71.0,22.0,8.9,39.0,7,80.0
12,2007,8,10,0.0,0.11,0.0,0.03,96.0,34.0,9.3,1495.0,5,94.5
17,2014,7,19,0.0,0.0,0.02,0.0,58.0,22.0,7.1,81.0,7,64.5
4,2006,10,10,0.2,0.0,0.0,0.02,70.0,9.0,6.5,10.0,1,67.5
15,2005,10,12,0.0,0.0,0.45,0.0,71.0,22.0,7.5,24.0,8,73.0
16,2010,0,24,1.41,0.2,0.03,0.16,89.0,46.0,7.6,105.0,1,82.5
25,2010,10,19,0.06,0.0,0.0,0.0,71.0,22.0,7.5,24.0,1,73.0
15,2002,10,20,0.12,0.09,0.0,0.03,83.0,17.0,8.0,6.0,1,81.5
16,2007,8,2,3.11,2.26,0.28,1.03,94.0,44.0,8.4,993.0,5,89.0
18,2007,6,26,0.03,0.14,0.0,0.07,57.0,28.0,7.9,18.0,5,68.0
2,2013,1,4,0.0,0.0,0.38,0.0,71.0,22.0,7.5,24.0,8,73.0
4,2008,3,0,0.06,0.0,0.0,0.0,71.0,22.0,7.5,24.0,1,73.0
25,2008,6,30,0.3,0.0,0.0,0.02,71.0,22.0,7.5,24.0,1,73.0
4,2009,1,19,0.0,0.0,0.03,0.0,71.0,22.0,7.5,24.0,8,73.0
27,2008,0,2,2.4,1.01,0.0,0.36,77.0,60.0,7.5,66.0,2,76.0
15,2002,3,15,0.2,0.15,0.0,0.05,73.0,24.0,7.8,6.0,7,75.5
15,2005,4,20,0.5,0.02,0.0,0.08,45.0,28.0,6.0,137.0,2,52.5
15,2005,2,10,0.72,0.03,0.0,0.12,88.0,37.0,9.0,37.0,7,89.0
4,2009,9,19,0.27,0.03,0.0,0.02,71.0,22.0,7.5,24.0,1,73.0
15,2008,3,2,0.61,0.0,0.0,0.18,71.0,11.0,6.3,15.0,7,67.0
16,2011,6,19,0.05,0.0,0.0,0.01,53.0,5.0,7.5,24.0,2,64.0
18,2006,8,26,0.17,0.01,0.0,0.02,58.0,37.0,7.5,39.0,5,66.5
14,1995,8,21,0.03,0.02,0.05,0.01,71.0,22.0,7.5,24.0,8,73.0
15,2004,0,19,0.34,0.27,0.0,0.09,65.0,30.0,7.6,62.0,5,70.5
27,2009,0,12,0.07,0.0,0.0,0.01,62.0,12.0,8.0,6.0,2,71.0
15,2009,1,19,0.0,0.0,0.02,0.0,71.0,22.0,7.5,24.0,8,73.0
28,2002,10,26,0.05,0.01,0.0,0.0,71.0,22.0,7.5,24.0,8,73.0
28,2003,0,26,0.57,0.33,0.0,0.04,92.0,41.0,7.8,72.0,7,85.0
4,2008,3,12,0.01,0.0,0.0,0.0,71.0,22.0,7.5,24.0,1,73.0
27,2013,9,19,0.22,0.13,0.0,0.04,33.0,12.0,6.2,30.0,1,47.5
15,2003,7,21,0.18,0.14,0.0,0.05,72.0,39.0,8.2,33.0,7,77.0
16,2012,10,12,0.18,0.63,0.49,0.24,82.0,37.0,6.7,146.0,1,74.5
14,1997,6,19,0.06,0.04,0.23,0.02,71.0,22.0,7.5,24.0,8,73.0
16,2011,8,21,0.0,0.01,0.0,0.0,71.0,22.0,7.5,24.0,5,73.0
14,1996,2,19,0.0,0.0,0.09,0.01,71.0,22.0,7.5,24.0,8,73.0
4,2007,1,15,0.06,0.0,0.0,0.0,71.0,22.0,7.2,6.0,1,71.5
14,1998,6,19,0.04,0.03,0.0,0.0,71.0,22.0,7.5,24.0,8,73.0
9,2000,10,10,0.6,0.03,0.0,0.01,71.0,22.0,7.5,24.0,8,73.0
7,2004,8,19,0.03,0.01,0.0,0.0,35.0,11.0,2.0,9.0,5,27.5
17,2014,0,12,0.45,0.47,0.17,0.18,75.0,70.0,6.2,1311.0,5,68.5
2,2014,5,19,0.0,0.01,0.0,0.0,71.0,22.0,7.5,24.0,1,73.0
19,2016,1,11,0.0,0.0,0.02,0.0,71.0,22.0,7.5,24.0,8,73.0
15,2004,0,25,0.03,0.03,0.0,0.01,75.0,27.0,8.3,6.0,7,79.0
25,2009,3,10,0.7,0.52,0.0,0.13,63.0,16.0,6.3,6.0,1,63.0
12,2016,8,10,0.0,0.04,0.0,0.0,82.0,6.0,7.5,44.0,2,78.5
15,2010,8,21,0.03,0.02,0.0,0.01,71.0,22.0,7.9,9.0,7,75.0
25,2009,8,13,0.07,0.0,0.0,0.01,31.0,6.0,5.0,11.0,7,40.5
18,2006,11,20,0.0,0.0,0.02,0.0,71.0,22.0,7.5,24.0,8,73.0
4,2010,4,20,0.92,0.73,0.0,0.17,70.0,24.0,7.5,28.0,1,72.5
4,2011,5,27,0.0,0.03,0.0,0.0,71.0,22.0,7.5,24.0,8,73.0
7,2004,4,4,0.32,0.08,0.0,0.01,81.0,32.0,8.8,17.0,1,84.5
25,2011,10,19,0.0,0.02,0.0,0.0,71.0,22.0,7.5,24.0,7,73.0
15,2000,3,25,0.02,0.02,0.0,0.01,71.0,22.0,7.5,24.0,8,73.0
4,2009,5,19,0.07,0.06,0.0,0.01,43.0,4.0,7.5,24.0,1,59.0
4,2010,7,19,0.0,0.0,0.13,0.0,71.0,22.0,7.5,24.0,8,73.0
6,2002,1,19,0.01,0.0,0.0,0.0,71.0,22.0,7.5,24.0,8,73.0
15,2007,11,12,0.0,0.0,0.02,0.0,71.0,22.0,7.5,24.0,8,73.0
25,2008,10,12,0.09,0.84,0.11,0.15,83.0,19.0,8.4,43.0,1,83.5
28,2006,0,2,0.08,0.02,0.0,0.0,53.0,38.0,8.1,7.0,7,67.0
12,2003,10,9,0.0,1.15,0.0,0.11,71.0,22.0,7.5,24.0,8,73.0
7,2002,4,26,0.04,0.01,0.0,0.0,46.0,10.0,7.5,24.0,1,60.5
25,2009,3,19,0.0,0.19,0.0,0.01,71.0,22.0,7.5,24.0,8,73.0
28,2005,0,23,0.01,0.0,0.0,0.0,69.0,27.0,3.0,4.0,7,49.5
4,2010,5,12,0.1,0.0,0.0,0.01,71.0,22.0,7.5,24.0,2,73.0
15,2001,6,9,0.13,0.1,0.0,0.03,62.0,17.0,7.5,24.0,1,68.5
12,2016,9,10,0.02,0.08,0.0,0.01,77.0,10.0,5.7,30.0,7,67.0
28,2003,2,14,0.21,0.06,0.0,0.01,68.0,41.0,8.5,27.0,7,76.5
9,1999,10,12,0.0,0.0,0.39,0.03,71.0,22.0,7.5,24.0,8,73.0
17,2016,2,16,0.41,0.45,0.11,0.17,79.0,60.0,8.2,201.0,7,80.5
4,2011,3,6,0.13,0.01,0.0,0.01,71.0,22.0,7.5,24.0,1,73.0
14,2002,2,16,0.0,0.0,0.05,0.0,71.0,22.0,7.5,24.0,8,73.0
4,2008,9,19,0.02,0.0,0.0,0.0,71.0,22.0,7.5,24.0,1,73.0
27,2012,0,29,0.9,0.61,0.0,0.15,79.0,59.0,7.2,114.0,2,75.5
14,1995,3,10,0.18,0.12,0.0,0.02,71.0,22.0,7.5,24.0,8,73.0
17,2015,7,18,0.03,0.0,0.03,0.01,78.0,33.0,8.1,63.0,7,79.5
4,2008,8,22,0.12,0.01,0.01,0.01,85.0,41.0,7.6,16.0,1,80.5
18,2010,7,4,0.0,0.0,0.6,0.0,71.0,22.0,7.5,24.0,8,73.0
2,2015,1,19,0.0,0.0,0.04,0.0,71.0,22.0,7.5,24.0,8,73.0
15,2004,8,10,0.85,1.06,0.09,0.32,84.0,42.0,9.1,51.0,7,87.5
14,2000,10,9,0.15,0.1,0.0,0.02,57.0,10.0,7.5,24.0,1,66.0
27,2013,8,20,0.36,0.34,0.0,0.07,48.0,47.0,3.8,449.0,5,43.0
28,2003,10,28,0.05,0.01,0.0,0.0,71.0,22.0,7.5,24.0,8,73.0
27,2011,4,20,0.71,0.53,0.0,0.13,77.0,49.0,8.3,340.0,1,80.0
20,1997,11,19,0.0,0.0,0.11,0.0,71.0,22.0,7.5,24.0,8,73.0
4,2008,7,13,0.02,0.0,0.0,0.0,65.0,17.0,7.5,24.0,2,70.0
4,2009,5,29,1.67,0.3,0.02,0.18,79.0,72.0,7.6,110.0,2,77.5
12,2015,0,24,0.39,0.69,0.0,0.09,96.0,57.0,7.9,3756.0,5,87.5
2,2016,0,17,0.05,0.21,0.25,0.02,71.0,22.0,7.5,24.0,8,73.0
17,2016,1,19,0.01,0.0,0.0,0.0,70.0,27.0,6.8,64.0,7,69.0
15,2004,2,19,0.0,0.0,0.01,0.0,71.0,22.0,7.5,24.0,8,73.0
4,2007,3,19,0.03,0.0,0.0,0.0,71.0,22.0,7.5,24.0,7,73.0
25,2010,3,2,0.48,0.09,0.0,0.04,88.0,20.0,7.5,17.0,7,81.5
2,2013,7,17,0.89,0.58,0.46,0.14,71.0,22.0,7.5,24.0,8,73.0
4,2007,3,19,0.0,0.0,0.07,0.0,71.0,22.0,7.5,24.0,8,73.0
16,2010,0,24,0.45,0.45,0.06,0.18,71.0,22.0,7.4,17.0,5,72.5
9,1998,7,12,0.38,0.08,0.0,0.01,71.0,22.0,7.5,24.0,8,73.0
9,1998,8,1,0.9,0.23,0.0,0.02,71.0,22.0,7.5,24.0,8,73.0
16,2012,0,16,0.0,0.0,0.02,0.0,71.0,22.0,7.5,24.0,8,73.0
18,2009,1,16,0.0,0.0,0.23,0.0,71.0,22.0,7.5,24.0,8,73.0
2,2013,3,19,0.0,0.0,0.08,0.0,71.0,22.0,7.5,24.0,8,73.0
15,2008,11,25,0.0,0.0,0.03,0.0,71.0,22.0,7.5,24.0,8,73.0
12,2005,11,24,0.02,0.12,0.0,0.03,94.0,50.0,8.3,909.0,2,88.5
25,2009,3,12,0.16,0.07,0.0,0.02,49.0,5.0,7.5,24.0,7,62.0
12,2010,11,20,0.02,0.53,0.0,0.12,81.0,56.0,7.9,515.0,7,80.0
4,2010,1,19,0.0,0.0,0.01,0.0,71.0,22.0,7.5,24.0,8,73.0
22,1995,10,19,0.0,0.0,0.45,0.0,71.0,22.0,7.5,24.0,8,73.0
12,2009,10,9,0.0,0.01,0.0,0.0,71.0,22.0,7.5,24.0,8,73.0
16,2011,10,2,0.11,0.05,0.0,0.02,71.0,22.0,7.4,5.0,7,72.5
4,2009,1,19,0.18,0.43,0.0,0.05,71.0,22.0,7.5,24.0,8,73.0
6,2004,8,30,0.02,0.01,0.0,0.0,71.0,22.0,7.5,24.0,7,73.0
15,2005,7,4,0.0,0.0,0.23,0.0,71.0,22.0,7.5,24.0,8,73.0
27,2010,10,0,0.09,0.0,0.0,0.01,71.0,22.0,7.5,24.0,8,73.0
20,1995,7,20,0.0,0.0,0.3,0.0,71.0,22.0,7.5,24.0,8,73.0
25,2009,3,19,0.0,0.32,0.0,0.03,71.0,22.0,7.5,24.0,8,73.0
4,2007,3,22,0.0,0.0,0.41,0.0,71.0,22.0,7.5,24.0,8,73.0
28,2001,6,10,0.05,0.01,0.0,0.0,83.0,11.0,5.5,8.0,1,69.0
15,2002,10,20,0.0,0.0,0.55,0.0,71.0,22.0,7.5,24.0,8,73.0
28,2004,3,19,0.05,0.02,0.0,0.0,47.0,20.0,5.4,7.0,5,50.5
7,2002,10,15,0.07,0.02,0.0,0.0,77.0,9.0,7.5,24.0,1,76.0
14,1996,2,19,1.98,0.7,0.0,0.11,71.0,22.0,7.5,24.0,8,73.0
15,2005,0,9,1.98,1.14,0.01,0.41,71.0,22.0,7.5,24.0,8,73.0
18,2005,3,0,0.12,0.0,0.0,0.01,65.0,17.0,2.8,17.0,7,46.5
7,2004,0,23,0.22,0.06,0.0,0.01,65.0,8.0,7.5,24.0,1,70.0
29,2014,1,19,0.0,0.0,0.01,0.0,71.0,22.0,7.5,24.0,8,73.0
25,2007,0,28,0.39,0.02,0.0,0.03,69.0,16.0,5.8,22.0,2,63.5
4,2010,5,19,0.12,0.0,0.0,0.01,71.0,22.0,7.5,24.0,1,73.0
19,2013,7,16,0.0,0.0,0.45,0.0,71.0,22.0,7.5,24.0,8,73.0
4,2010,0,19,0.09,0.0,0.0,0.01,71.0,22.0,7.5,24.0,8,73.0
18,2009,10,10,0.12,0.07,0.0,0.05,70.0,7.0,7.5,24.0,1,72.5
18,2009,0,24,0.28,0.49,0.03,0.27,90.0,77.0,7.3,146.0,5,81.5
7,2003,2,19,0.0,0.0,0.21,0.01,71.0,22.0,7.5,24.0,8,73.0
29,2016,8,10,1.28,0.77,0.0,0.2,87.0,37.0,8.2,440.0,5,84.5
15,2004,7,22,0.0,0.0,0.27,0.0,71.0,22.0,7.5,24.0,8,73.0
27,2012,10,10,0.1,0.06,0.0,0.02,71.0,45.0,5.1,14.0,1,61.0
18,2012,0,16,0.0,0.0,0.04,0.0,71.0,22.0,7.5,24.0,8,73.0
15,2004,10,2,0.18,0.14,0.0,0.05,71.0,22.0,8.7,15.0,7,79.0
15,2002,0,19,0.11,0.09,0.0,0.03,47.0,12.0,7.2,6.0,7,59.5
4,2010,5,19,0.05,0.11,0.0,0.02,71.0,22.0,7.5,24.0,1,73.0
16,2009,0,19,0.19,0.18,0.0,0.07,43.0,22.0,5.3,16.0,7,48.0
12,2014,0,29,0.0,0.05,0.0,0.0,68.0,6.0,7.5,24.0,2,71.5
4,2009,5,26,0.0,0.23,0.0,0.0,71.0,22.0,7.5,24.0,8,73.0
4,2010,6,19,0.02,0.0,0.0,0.0,71.0,22.0,7.5,24.0,1,73.0
27,2006,0,9,0.29,0.06,0.01,0.03,82.0,53.0,8.7,102.0,5,84.5
27,2008,8,10,0.81,0.46,0.04,0.15,83.0,70.0,7.7,263.0,7,80.0
6,2003,0,23,0.31,0.12,0.0,0.01,53.0,6.0,7.5,24.0,1,64.0
25,2010,3,17,0.18,0.0,0.0,0.01,71.0,22.0,7.5,24.0,1,73.0
27,2011,3,0,0.17,0.02,0.0,0.01,71.0,22.0,7.5,24.0,1,73.0
18,2008,1,4,0.09,0.0,0.0,0.01,62.0,19.0,8.0,8.0,7,71.0
8,1994,4,19,0.97,0.37,0.03,0.05,71.0,22.0,7.5,24.0,8,73.0
16,2011,10,24,0.17,0.39,0.0,0.13,82.0,37.0,7.7,55.0,1,79.5
4,2009,1,17,0.0,0.0,0.14,0.0,71.0,22.0,7.5,24.0,8,73.0
4,2011,5,19,0.0,0.04,0.0,0.01,71.0,22.0,7.5,24.0,1,73.0
4,2010,5,29,1.06,0.29,0.0,0.11,81.0,53.0,8.2,46.0,2,81.5
25,2010,10,7,0.02,0.0,0.0,0.0,71.0,22.0,7.5,24.0,1,73.0
18,2012,7,16,0.0,0.0,0.06,0.0,71.0,22.0,7.5,24.0,8,73.0
15,2005,0,23,0.02,0.02,0.0,0.01,66.0,19.0,5.8,9.0,7,62.0
4,2005,0,22,0.13,0.0,0.31,0.01,83.0,41.0,7.6,45.0,1,79.5
16,2008,3,21,0.0,0.1,0.0,0.03,71.0,22.0,7.5,24.0,8,73.0
26,2015,0,29,0.3,0.18,0.0,0.05,62.0,5.0,6.5,29.0,2,63.5
28,2006,10,10,0.97,0.03,0.0,0.03,83.0,27.0,8.7,6.0,1,85.0
4,2009,3,17,0.0,0.0,0.07,0.0,71.0,22.0,7.5,24.0,8,73.0
15,2007,7,19,0.0,0.0,0.08,0.0,71.0,22.0,7.5,24.0,8,73.0
25,2011,10,10,0.41,0.0,0.0,0.03,71.0,22.0,6.2,5.0,1,66.5
18,2011,3,19,0.0,0.0,0.1,0.0,71.0,22.0,7.5,24.0,8,73.0
9,1999,6,10,0.25,0.06,0.0,0.0,71.0,22.0,7.5,24.0,8,73.0
19,2013,7,18,0.04,0.02,0.08,0.02,70.0,38.0,7.4,129.0,7,72.0
15,2003,8,23,0.06,0.05,0.0,0.02,62.0,26.0,7.0,9.0,7,66.0
6,2003,3,12,0.68,0.25,0.0,0.02,71.0,22.0,7.5,24.0,8,73.0
19,2014,1,11,0.0,0.0,0.01,0.0,71.0,22.0,7.5,24.0,8,73.0
27,2008,0,19,0.46,0.2,0.01,0.07,69.0,63.0,7.1,120.0,5,70.0
14,1996,11,19,0.05,0.03,0.0,0.01,71.0,22.0,7.5,24.0,8,73.0
25,2011,1,17,0.17,0.13,0.0,0.03,65.0,26.0,8.2,5.0,1,73.5
18,2010,1,23,0.08,0.03,0.0,0.02,71.0,22.0,7.5,24.0,2,73.0
28,2003,10,10,0.24,0.49,0.0,0.05,82.0,20.0,8.2,23.0,1,82.0
4,2007,10,19,0.0,0.0,0.04,0.0,71.0,22.0,7.5,24.0,8,73.0
15,2004,8,3,0.08,0.06,0.0,0.02,68.0,29.0,8.0,11.0,7,74.0
4,2007,3,16,0.0,0.0,0.09,0.0,71.0,22.0,7.5,24.0,8,73.0
15,2008,1,19,0.0,0.0,0.02,0.0,71.0,22.0,7.5,24.0,8,73.0
27,2012,10,10,0.38,0.26,0.0,0.06,82.0,65.0,6.4,186.0,1,73.0
17,2016,8,19,0.03,0.0,0.0,0.01,77.0,15.0,6.9,15.0,5,73.0
4,2006,8,8,0.06,0.0,0.0,0.0,66.0,13.0,7.5,24.0,1,70.5
6,2005,7,17,0.71,0.52,0.74,0.08,71.0,22.0,7.5,24.0,8,73.0
27,2006,0,14,0.27,0.02,0.02,0.03,56.0,51.0,7.3,58.0,5,64.5
18,2005,4,4,0.27,0.01,0.0,0.03,79.0,34.0,8.3,44.0,2,81.0
6,2007,3,6,0.01,0.0,0.0,0.0,71.0,22.0,7.5,24.0,8,73.0
29,2015,8,19,0.05,0.05,0.0,0.01,62.0,10.0,7.2,40.0,8,67.0
12,2011,7,19,1.16,2.12,0.0,0.6,94.0,32.0,8.1,9073.0,5,87.5
18,2008,10,12,0.02,0.53,0.19,0.25,80.0,17.0,6.8,11.0,1,74.0
25,2008,1,12,0.07,0.0,0.0,0.01,54.0,11.0,6.0,6.0,2,57.0
4,2010,3,19,0.05,0.0,0.0,0.0,71.0,22.0,7.5,24.0,8,73.0
25,2010,2,20,0.04,0.02,0.0,0.01,45.0,38.0,6.9,11.0,7,57.0
15,2005,8,9,0.09,0.07,0.0,0.02,62.0,15.0,8.5,10.0,5,73.5
17,2015,8,2,0.78,0.79,0.04,0.31,86.0,81.0,6.0,1079.0,7,73.0
18,2005,6,10,0.69,0.37,0.02,0.24,74.0,36.0,8.5,38.0,1,79.5
10,1983,4,17,0.23,0.05,0.84,0.01,71.0,22.0,7.5,24.0,8,73.0
28,2002,10,10,0.2,0.4,0.0,0.04,88.0,11.0,7.7,11.0,1,82.5
27,2010,7,19,0.11,0.02,0.0,0.01,72.0,13.0,7.8,50.0,5,75.0
4,2010,3,16,0.0,0.0,0.02,0.0,71.0,22.0,7.5,24.0,8,73.0
14,1998,0,19,0.07,0.05,0.0,0.01,71.0,22.0,7.5,24.0,8,73.0
25,2010,3,26,0.25,0.65,0.0,0.12,48.0,6.0,3.3,4.0,2,40.5
2,2011,0,2,0.32,0.2,0.0,0.05,82.0,8.0,4.9,62.0,2,65.5
2,2012,7,17,1.12,0.41,0.64,0.14,75.0,69.0,5.6,382.0,1,65.5
16,2006,10,10,0.31,0.12,0.0,0.07,81.0,30.0,7.5,24.0,1,78.0
25,2009,3,17,0.0,0.0,0.04,0.0,71.0,22.0,7.5,24.0,8,73.0
4,2009,6,13,0.01,0.0,0.0,0.0,71.0,22.0,7.5,24.0,1,73.0
14,1997,7,19,0.13,0.09,0.0,0.01,86.0,9.0,9.0,41.0,7,88.0
21,1994,6,20,0.0,0.0,0.07,0.0,71.0,22.0,7.5,24.0,8,73.0
16,2008,0,24,4.76,3.69,0.44,1.61,98.0,64.0,7.5,2833.0,5,86.5
2,2011,0,19,0.0,0.01,0.0,0.0,71.0,22.0,7.5,24.0,8,73.0
15,2008,1,12,0.0,0.0,0.02,0.0,71.0,22.0,7.5,24.0,8,73.0
25,2008,9,13,0.1,0.02,0.0,0.01,60.0,7.0,7.5,24.0,1,67.5
27,2010,10,10,0.32,0.42,0.02,0.09,83.0,61.0,8.1,58.0,1,82.0
2,2011,7,22,0.0,0.0,0.13,0.0,71.0,22.0,7.5,24.0,8,73.0
4,2008,10,19,0.01,0.0,0.0,0.0,71.0,22.0,7.5,24.0,1,73.0
25,2008,6,26,0.14,0.27,0.0,0.05,41.0,12.0,4.2,15.0,2,41.5
25,2009,4,29,0.11,0.0,0.0,0.01,65.0,6.0,7.5,24.0,2,70.0
16,2010,6,7,0.08,0.02,0.0,0.02,66.0,36.0,6.2,13.0,2,64.0
27,2014,0,7,0.03,0.04,0.0,0.01,32.0,12.0,3.8,74.0,5,35.0
27,2012,8,10,0.1,0.06,0.0,0.02,74.0,65.0,7.1,174.0,5,72.5
12,2008,7,2,0.01,0.13,0.0,1.18,91.0,47.0,7.5,930.0,7,83.0
4,2009,5,20,0.0,0.0,0.3,0.0,71.0,22.0,7.5,24.0,8,73.0
14,1999,9,12,0.0,0.0,1.26,0.09,71.0,22.0,7.5,24.0,8,73.0
27,2012,10,24,2.6,0.2,0.01,0.19,88.0,41.0,7.2,131.0,1,80.0
15,2008,7,22,0.73,0.03,0.0,0.12,68.0,20.0,7.2,105.0,2,70.0
12,2011,0,26,0.14,0.48,0.0,0.12,80.0,20.0,7.4,771.0,5,77.0
15,2006,7,25,0.09,0.07,0.15,0.02,84.0,54.0,6.4,42.0,7,74.0
27,2014,0,2,0.1,0.11,0.0,0.02,71.0,22.0,7.5,24.0,8,73.0
7,2005,0,28,0.11,0.03,0.0,0.0,84.0,30.0,9.1,14.0,7,87.5
4,2013,10,6,0.0,0.03,0.0,0.0,71.0,22.0,7.5,24.0,1,73.0
12,2011,11,19,0.0,0.03,0.0,0.01,63.0,12.0,6.8,27.0,6,65.5
14,1996,10,19,0.07,0.04,0.0,0.01,71.0,22.0,7.5,24.0,8,73.0
25,2009,6,10,0.39,0.0,0.0,0.03,70.0,12.0,8.1,9.0,1,75.5
14,2000,10,21,0.23,0.16,0.0,0.03,56.0,10.0,7.5,24.0,1,65.5
29,2014,3,14,0.11,0.05,0.0,0.02,73.0,26.0,7.0,151.0,2,71.5
25,2009,10,19,0.02,0.02,0.0,0.0,71.0,22.0,7.5,24.0,7,73.0
27,2009,0,12,0.13,0.12,0.0,0.03,59.0,39.0,7.4,50.0,5,66.5
19,2016,0,18,0.0,0.0,0.02,0.0,71.0,22.0,7.5,24.0,8,73.0
27,2013,2,16,0.29,0.16,0.01,0.05,70.0,16.0,7.7,67.0,7,73.5
14,2000,6,10,0.07,0.04,0.0,0.01,71.0,22.0,7.5,24.0,8,73.0
25,2012,0,8,0.0,0.01,0.0,0.0,71.0,22.0,7.5,24.0,8,73.0
4,2008,3,19,0.01,0.02,0.0,0.0,71.0,22.0,7.5,24.0,1,73.0
25,2008,0,4,0.13,0.03,0.06,0.01,62.0,17.0,8.2,37.0,5,72.0
12,2014,7,7,0.0,0.02,0.0,0.0,57.0,47.0,1.4,544.0,5,35.5
14,1995,6,19,0.09,0.06,0.0,0.01,71.0,22.0,7.5,24.0,8,73.0
18,2012,1,12,0.0,0.0,0.07,0.0,71.0,22.0,7.5,24.0,8,73.0
15,2001,9,12,0.0,0.0,0.05,0.0,71.0,22.0,7.5,24.0,8,73.0
16,2008,10,10,0.08,0.26,0.0,0.06,71.0,22.0,7.5,24.0,8,73.0
29,2016,0,4,0.01,0.0,0.0,0.0,71.0,22.0,8.8,12.0,5,79.5
15,2005,8,10,0.1,0.08,0.0,0.03,51.0,32.0,5.3,7.0,5,52.0
6,2001,0,10,0.87,0.66,0.08,0.08,64.0,8.0,7.1,7.0,1,67.5
15,2007,4,2,0.74,0.03,0.01,0.12,50.0,14.0,6.5,28.0,7,57.5
4,2011,4,19,0.04,0.01,0.0,0.0,71.0,22.0,7.5,24.0,1,73.0
25,2008,6,19,0.06,0.0,0.0,0.0,71.0,22.0,7.5,24.0,1,73.0
16,2010,3,21,0.1,0.0,0.0,0.01,71.0,22.0,7.5,24.0,7,73.0
14,1998,6,19,0.17,0.12,0.0,0.02,71.0,22.0,7.5,24.0,8,73.0
28,2003,5,23,0.15,0.04,0.0,0.01,62.0,13.0,7.5,24.0,1,68.5
27,2008,0,24,0.53,0.4,0.03,0.11,80.0,56.0,8.3,154.0,7,81.5
4,2011,1,4,0.0,0.0,0.26,0.0,71.0,22.0,7.5,24.0,8,73.0
12,2000,7,19,0.01,0.1,0.0,0.02,88.0,34.0,8.8,1056.0,5,88.0
15,2001,10,21,0.19,0.15,0.0,0.05,51.0,18.0,4.6,5.0,1,48.5
29,2016,6,19,0.03,0.02,0.0,0.01,71.0,22.0,7.5,24.0,8,73.0
19,2016,7,25,0.0,0.0,0.02,0.0,71.0,22.0,7.5,24.0,8,73.0
14,2000,10,10,1.58,0.05,0.0,0.04,90.0,14.0,6.8,4.0,1,79.0
29,2014,8,26,0.8,0.69,0.01,0.14,82.0,15.0,7.5,383.0,5,78.5
15,2004,7,4,0.11,0.08,0.28,0.03,68.0,37.0,8.9,46.0,7,78.5
14,2000,6,10,0.31,0.21,0.0,0.04,71.0,22.0,7.5,24.0,8,73.0
19,2015,1,18,0.02,0.02,0.06,0.01,71.0,22.0,7.5,24.0,8,73.0
15,2007,7,25,0.0,0.0,0.05,0.0,71.0,22.0,7.5,24.0,8,73.0
16,2010,1,21,1.29,1.21,0.06,0.47,87.0,107.0,7.7,2759.0,5,82.0
16,2016,3,16,0.0,0.0,0.03,0.0,71.0,22.0,7.5,24.0,8,73.0
22,1992,7,19,0.0,0.0,0.07,0.0,71.0,22.0,7.5,24.0,8,73.0
6,2002,0,19,0.47,0.17,0.0,0.01,71.0,7.0,7.4,5.0,1,72.5
22,1994,8,19,0.0,0.0,0.46,0.0,71.0,22.0,7.5,24.0,8,73.0
28,2003,6,1,0.18,0.05,0.0,0.01,88.0,23.0,5.1,23.0,1,69.5
18,2010,1,11,0.0,0.0,0.02,0.0,71.0,22.0,7.5,24.0,8,73.0
18,2009,3,20,0.0,0.0,0.26,0.0,71.0,22.0,7.5,24.0,8,73.0
4,2006,2,13,0.05,0.0,0.0,0.0,60.0,25.0,5.8,9.0,7,59.0
18,2007,4,2,0.01,0.23,0.0,0.05,52.0,7.0,7.4,9.0,7,63.0
18,2012,7,19,0.0,0.0,0.05,0.0,71.0,22.0,7.5,24.0,8,73.0
15,2004,10,10,1.1,0.06,0.0,0.18,90.0,28.0,8.6,51.0,1,88.0
4,2008,0,19,0.65,0.22,0.0,0.09,71.0,22.0,2.8,4.0,1,49.5
16,2010,10,21,2.13,1.12,0.1,0.5,76.0,64.0,7.9,104.0,2,77.5
25,2007,1,26,0.34,0.01,0.0,0.03,70.0,4.0,8.1,12.0,1,75.5
14,1998,11,25,0.0,0.0,0.04,0.0,71.0,22.0,7.5,24.0,8,73.0
4,2008,0,20,0.22,0.0,0.0,0.02,50.0,15.0,7.5,24.0,2,62.5
14,1998,3,6,0.0,0.0,0.99,0.07,71.0,22.0,7.5,24.0,8,73.0
7,2003,6,23,0.06,0.02,0.0,0.0,55.0,14.0,7.0,5.0,7,62.5
12,2002,8,10,0.01,0.01,0.0,0.0,89.0,27.0,8.6,327.0,7,87.5
27,2011,6,26,0.0,0.06,0.0,0.01,71.0,22.0,7.5,24.0,8,73.0
28,2003,6,19,0.01,0.0,0.0,0.0,45.0,9.0,7.3,8.0,1,59.0
26,2015,0,16,0.0,0.01,0.0,0.0,71.0,22.0,2.8,11.0,1,49.5
18,2005,8,23,0.14,0.0,0.0,0.01,74.0,49.0,8.3,30.0,5,78.5
25,2011,11,16,0.0,0.0,0.12,0.0,71.0,22.0,7.5,24.0,8,73.0
27,2011,1,19,0.0,0.0,0.02,0.0,71.0,22.0,7.5,24.0,8,73.0
18,2006,1,21,0.3,0.43,0.0,0.22,52.0,47.0,6.7,18.0,5,59.5
9,2000,9,19,0.21,0.05,0.0,0.0,71.0,22.0,7.5,24.0,8,73.0
3,1998,1,19,0.0,0.0,0.06,0.0,71.0,22.0,7.5,24.0,8,73.0
28,2004,7,1,0.19,0.06,0.0,0.01,77.0,44.0,7.9,16.0,7,78.0
27,2007,0,23,0.23,0.02,0.0,0.02,56.0,14.0,7.5,24.0,1,65.5
15,2007,5,6,0.06,0.05,0.0,0.02,78.0,11.0,7.0,6.0,2,74.0
4,2008,1,19,0.06,0.0,0.0,0.0,54.0,37.0,7.1,15.0,7,62.5
16,2012,1,16,0.0,0.0,0.03,0.0,71.0,22.0,7.5,24.0,8,73.0
27,2007,3,26,0.18,0.01,0.0,0.02,67.0,16.0,7.3,19.0,1,70.0
15,2008,8,20,0.0,0.0,0.04,0.0,71.0,22.0,7.5,24.0,8,73.0
16,2009,10,10,0.75,0.0,0.0,0.06,80.0,20.0,6.9,14.0,1,74.5
9,1997,2,19,0.17,0.04,0.0,0.0,71.0,22.0,7.5,24.0,8,73.0
15,2005,1,2,0.08,0.06,0.0,0.02,71.0,22.0,7.5,24.0,8,73.0
16,2015,8,2,0.49,0.87,0.07,0.26,71.0,22.0,7.5,24.0,8,73.0
2,2015,0,17,0.0,0.0,0.23,0.0,71.0,22.0,7.5,24.0,8,73.0
18,2005,4,12,0.17,0.0,0.0,0.01,61.0,40.0,7.3,21.0,7,67.0
18,2011,3,21,0.05,0.03,0.17,0.02,74.0,41.0,7.2,35.0,1,73.0
25,2008,3,8,0.77,0.31,0.0,0.11,71.0,22.0,7.5,24.0,1,73.0
6,2004,11,17,0.0,0.0,0.08,0.0,71.0,22.0,7.5,24.0,8,73.0
25,2011,3,17,0.25,0.03,0.17,0.02,68.0,42.0,7.5,24.0,1,71.5
22,1994,10,19,0.0,0.0,0.37,0.0,71.0,22.0,7.5,24.0,8,73.0
6,2002,0,2,0.92,0.35,0.01,0.05,71.0,22.0,7.5,24.0,8,73.0
22,1998,4,4,0.0,0.0,0.14,0.0,71.0,22.0,7.5,24.0,8,73.0
14,1997,4,19,1.57,1.79,0.0,0.2,71.0,22.0,7.5,24.0,8,73.0
4,2005,9,19,0.0,0.0,0.1,0.0,71.0,22.0,7.5,24.0,8,73.0
17,2016,0,18,0.0,0.01,0.01,0.0,72.0,35.0,5.8,29.0,5,65.0
18,2010,6,8,0.08,0.02,0.0,0.02,63.0,16.0,6.7,15.0,2,65.0
4,2007,5,19,0.0,0.01,0.0,0.0,71.0,22.0,7.5,24.0,1,73.0
12,2014,8,26,0.15,0.44,0.0,0.04,80.0,17.0,6.7,1064.0,5,73.5
18,2010,1,19,0.0,0.0,0.02,0.0,71.0,22.0,7.5,24.0,8,73.0
28,2004,6,5,0.09,0.03,0.0,0.0,71.0,22.0,7.5,24.0,8,73.0
17,2013,0,26,1.07,1.31,0.06,0.42,83.0,29.0,7.8,1530.0,5,80.5
4,2010,7,13,0.07,0.0,0.0,0.01,69.0,4.0,7.5,24.0,2,72.0
16,2009,2,19,0.36,0.1,0.06,0.06,87.0,50.0,8.4,112.0,7,85.5
4,2012,0,19,0.0,0.02,0.0,0.0,71.0,22.0,7.5,24.0,8,73.0
17,2015,7,4,0.0,0.0,0.08,0.0,71.0,22.0,7.5,24.0,8,73.0
27,2012,10,0,0.0,0.16,0.0,0.02,73.0,7.0,6.2,5.0,2,67.5
18,2009,8,19,0.03,0.0,0.0,0.0,67.0,22.0,6.1,9.0,7,64.0
18,2014,0,25,0.0,0.0,0.05,0.0,71.0,22.0,7.5,24.0,8,73.0
4,2006,4,17,1.45,0.07,1.1,0.15,81.0,42.0,7.4,67.0,1,77.5
4,2008,1,23,0.42,0.0,0.0,0.03,71.0,22.0,7.5,24.0,1,73.0
14,1999,9,26,0.11,0.07,0.12,0.02,82.0,6.0,9.3,78.0,1,87.5
15,2006,11,23,0.03,0.02,0.0,0.01,71.0,26.0,8.0,5.0,5,75.5
4,2008,10,19,0.0,0.0,0.03,0.0,71.0,22.0,7.5,24.0,8,73.0
22,1994,2,19,0.0,0.0,0.12,0.0,71.0,22.0,7.5,24.0,8,73.0
14,1996,6,19,0.04,0.02,0.0,0.0,71.0,22.0,7.5,24.0,8,73.0
25,2008,1,4,0.08,0.0,0.0,0.01,60.0,28.0,7.8,5.0,7,69.0
15,2006,1,25,0.0,0.0,0.02,0.0,71.0,22.0,7.5,24.0,8,73.0
14,2000,8,21,1.5,0.55,0.02,0.08,71.0,22.0,7.5,24.0,8,73.0
25,2009,10,19,0.09,0.0,0.0,0.01,71.0,22.0,7.5,24.0,2,73.0
27,2007,8,26,0.87,0.05,0.02,0.08,86.0,58.0,8.1,89.0,7,83.5
15,2005,3,20,0.0,0.0,0.13,0.0,71.0,22.0,7.5,24.0,8,73.0
0,1981,0,19,0.74,0.04,0.0,0.01,71.0,22.0,7.5,24.0,8,73.0
25,2010,4,6,0.17,0.09,0.0,0.02,71.0,22.0,7.5,24.0,2,73.0
29,2013,6,10,0.46,0.17,0.0,0.07,75.0,18.0,5.8,175.0,2,66.5
2,2011,0,26,0.05,0.09,0.0,0.02,56.0,8.0,5.7,12.0,2,56.5
19,2013,0,25,0.04,0.04,0.25,0.02,71.0,44.0,8.0,136.0,7,75.5
4,2009,1,19,0.0,0.0,0.03,0.0,71.0,22.0,7.5,24.0,8,73.0
18,2009,7,25,0.0,0.0,0.03,0.0,71.0,22.0,7.5,24.0,8,73.0
6,2005,0,23,0.16,0.06,0.0,0.0,71.0,22.0,8.8,4.0,1,79.5
15,2004,10,10,4.18,0.26,0.01,0.08,91.0,30.0,7.9,78.0,1,85.0
25,2009,10,12,0.09,0.26,0.05,0.05,71.0,22.0,7.5,24.0,8,73.0
18,2006,8,21,0.26,0.01,0.0,0.03,87.0,58.0,9.0,118.0,5,88.5
29,2015,6,5,0.08,0.15,0.0,0.02,64.0,13.0,5.3,22.0,1,58.5
27,2008,8,2,4.81,1.88,0.0,0.69,84.0,84.0,7.6,580.0,5,80.0
15,2004,0,20,0.03,0.02,0.0,0.01,59.0,21.0,8.4,10.0,7,71.5
16,2011,2,19,0.06,0.0,0.0,0.01,71.0,22.0,7.5,24.0,8,73.0
2,2012,0,16,0.0,0.0,0.07,0.0,71.0,22.0,7.5,24.0,8,73.0
15,2007,3,2,0.08,0.06,0.0,0.02,71.0,22.0,7.5,24.0,2,73.0
16,2008,10,10,0.29,0.02,0.0,0.03,88.0,25.0,7.7,41.0,2,82.5
18,2005,2,23,0.36,0.0,0.0,0.03,81.0,30.0,8.5,37.0,7,83.0
14,1998,0,19,0.01,0.01,0.0,0.0,71.0,22.0,7.5,24.0,8,73.0
15,2008,6,19,0.1,0.08,0.0,0.03,37.0,5.0,7.5,24.0,1,56.0
0,1981,0,19,0.36,0.02,0.0,0.0,71.0,22.0,7.5,24.0,8,73.0
2,2011,0,0,0.0,0.04,0.06,0.01,71.0,22.0,7.5,24.0,8,73.0
27,2009,7,10,1.76,0.55,0.03,0.22,86.0,68.0,7.9,725.0,5,82.5
15,2008,1,19,0.0,0.0,0.1,0.0,71.0,22.0,7.5,24.0,8,73.0
12,2009,0,10,0.0,0.02,0.0,0.0,57.0,24.0,6.7,42.0,7,62.0
12,2012,0,10,0.09,0.16,0.0,0.02,71.0,22.0,8.0,60.0,5,75.5
4,2007,0,23,0.49,0.62,0.0,0.14,71.0,22.0,7.5,24.0,8,73.0
22,1996,7,19,0.0,0.0,0.31,0.0,71.0,22.0,7.5,24.0,8,73.0
27,2012,10,24,0.04,0.0,0.0,0.0,71.0,22.0,7.5,24.0,8,73.0
16,2009,10,10,0.46,0.25,0.01,0.12,84.0,50.0,7.8,53.0,7,81.0
15,2001,4,19,0.06,0.05,0.0,0.02,53.0,18.0,6.7,6.0,1,60.0
15,2006,10,10,1.41,0.05,0.0,0.23,87.0,18.0,8.6,23.0,1,86.5
18,2009,0,25,0.0,0.0,0.05,0.0,71.0,22.0,7.5,24.0,8,73.0
25,2007,10,24,0.39,0.72,0.0,0.15,68.0,36.0,5.8,21.0,1,63.0
25,2008,9,26,0.33,0.02,0.0,0.03,71.0,22.0,6.1,18.0,1,66.0
4,2010,3,6,0.0,0.0,0.04,0.0,71.0,22.0,7.5,24.0,8,73.0
14,1999,1,23,0.57,0.67,0.0,0.07,71.0,22.0,7.5,24.0,8,73.0
16,2014,3,20,0.09,0.03,0.1,0.03,78.0,15.0,8.6,49.0,7,82.0
4,2009,3,30,0.18,0.0,0.0,0.01,71.0,22.0,7.5,24.0,1,73.0
25,2008,7,19,0.07,0.0,0.0,0.01,50.0,22.0,8.1,24.0,7,65.5
25,2010,1,19,0.02,0.0,0.0,0.0,71.0,22.0,7.5,24.0,1,73.0
12,2016,10,10,0.0,0.11,0.0,0.01,84.0,12.0,4.2,160.0,1,63.0
14,1999,3,21,0.54,0.36,0.0,0.06,71.0,22.0,7.5,24.0,8,73.0
4,2009,1,8,0.27,0.0,0.0,0.02,45.0,4.0,7.5,24.0,1,60.0
6,2003,6,23,0.02,0.01,0.0,0.0,73.0,9.0,7.5,24.0,1,74.0
12,2002,9,14,0.01,0.01,0.0,0.0,69.0,16.0,6.5,22.0,1,67.0
15,2001,0,1,0.07,0.05,0.0,0.02,64.0,15.0,7.3,37.0,7,68.5
4,2008,3,19,0.0,0.0,0.32,0.0,71.0,22.0,7.5,24.0,8,73.0
19,2013,0,25,0.0,0.0,0.07,0.0,71.0,22.0,7.5,24.0,8,73.0
17,2015,0,21,1.03,0.81,0.26,0.38,92.0,100.0,8.6,6383.0,5,89.0
15,2003,10,20,0.0,0.0,0.52,0.0,71.0,22.0,7.5,24.0,8,73.0
4,2005,5,0,0.14,0.0,0.0,0.01,40.0,12.0,7.5,24.0,1,57.5
4,2011,6,8,0.68,0.4,0.04,0.11,71.0,22.0,7.5,24.0,8,73.0
14,2001,10,1,0.03,0.02,0.0,0.0,71.0,22.0,7.5,24.0,8,73.0
12,2012,4,26,0.0,0.06,0.0,0.01,86.0,11.0,8.4,337.0,2,85.0
7,2003,3,17,0.5,0.16,0.46,0.03,76.0,55.0,8.3,21.0,1,79.5
15,2006,0,16,0.06,0.05,0.0,0.02,53.0,13.0,7.7,6.0,1,65.0
10,1985,8,4,0.65,0.14,0.21,0.0,71.0,22.0,7.5,24.0,8,73.0
25,2007,2,23,0.38,0.5,0.0,0.11,59.0,13.0,5.9,18.0,7,59.0
9,1999,6,1,0.14,0.04,0.0,0.0,71.0,22.0,7.5,24.0,8,73.0
15,2008,3,16,0.06,0.04,0.0,0.01,71.0,22.0,7.5,24.0,7,73.0
10,1986,0,17,1.33,0.31,1.04,0.05,71.0,22.0,7.5,24.0,8,73.0
15,2004,0,26,0.13,0.1,0.0,0.03,65.0,24.0,8.6,12.0,7,75.5
26,2012,0,16,0.02,0.01,0.05,0.0,71.0,22.0,7.5,24.0,8,73.0
19,2014,1,19,0.07,0.0,0.01,0.02,71.0,22.0,7.5,24.0,8,73.0
4,2005,5,3,0.05,0.0,0.0,0.0,65.0,24.0,7.5,24.0,1,70.0
15,2004,10,20,0.0,0.0,0.36,0.0,71.0,22.0,7.5,24.0,8,73.0
4,2010,9,19,0.06,0.0,0.0,0.0,71.0,22.0,7.5,24.0,8,73.0
12,2011,11,27,0.0,0.03,0.0,0.0,66.0,4.0,7.8,48.0,2,72.0
6,2006,7,12,0.2,0.08,0.0,0.01,71.0,22.0,7.5,24.0,8,73.0
6,2003,3,5,0.15,0.06,0.0,0.0,71.0,22.0,4.8,5.0,1,59.5
14,2000,7,19,1.62,0.77,2.78,0.14,94.0,22.0,8.9,779.0,7,91.5
18,2008,3,19,0.0,0.0,0.02,0.0,71.0,22.0,7.5,24.0,8,73.0
16,2008,8,26,0.44,0.34,0.0,0.15,76.0,48.0,8.0,70.0,5,78.0
4,2012,0,16,0.0,0.0,0.05,0.0,71.0,22.0,7.5,24.0,8,73.0
16,2006,10,10,0.47,0.0,0.01,0.04,76.0,25.0,4.2,22.0,1,59.0
25,2011,4,19,0.01,0.0,0.0,0.0,71.0,22.0,7.5,24.0,1,73.0
28,2005,6,26,0.05,0.01,0.0,0.0,51.0,40.0,6.9,8.0,5,60.0
15,2007,0,6,0.09,0.0,0.0,0.74,71.0,22.0,7.6,14.0,2,73.5
4,2006,0,8,0.15,0.0,0.0,0.01,71.0,22.0,7.5,24.0,1,73.0
14,1999,0,19,0.8,0.54,0.0,0.09,77.0,4.0,7.9,8.0,1,78.0
18,2009,0,26,0.43,0.47,0.05,0.28,63.0,38.0,7.2,69.0,5,67.5
25,2011,0,23,0.14,0.03,0.0,0.01,71.0,22.0,7.5,24.0,2,73.0
6,2001,6,19,0.34,0.13,0.0,0.01,50.0,5.0,5.3,6.0,1,51.5
25,2009,10,17,0.35,0.69,0.28,0.14,71.0,22.0,7.5,24.0,8,73.0
12,2009,1,19,0.0,0.01,0.0,0.0,67.0,15.0,5.7,54.0,5,62.0
4,2009,9,0,0.07,0.0,0.0,0.01,71.0,22.0,7.5,24.0,1,73.0
16,2009,6,5,0.27,0.52,0.0,0.19,87.0,63.0,8.2,94.0,7,84.5
7,2002,0,4,0.54,0.27,0.45,0.04,71.0,22.0,7.5,24.0,8,73.0
28,2003,4,14,0.09,0.03,0.0,0.0,73.0,38.0,8.4,22.0,7,78.5
12,2010,10,20,0.0,1.01,0.0,0.25,85.0,23.0,8.4,77.0,1,84.5
28,2003,0,23,0.09,0.02,0.0,0.0,79.0,21.0,9.1,11.0,7,85.0
28,2003,10,14,0.24,0.07,0.0,0.01,74.0,29.0,8.8,16.0,1,81.0
6,2005,0,30,0.03,0.01,0.0,0.0,71.0,22.0,7.5,24.0,8,73.0
15,2006,1,20,0.0,0.0,0.16,0.0,71.0,22.0,7.5,24.0,8,73.0
3,1999,10,20,0.0,0.0,0.32,0.0,71.0,22.0,7.5,24.0,8,73.0
25,2010,0,3,0.12,0.0,0.0,0.01,41.0,6.0,7.5,24.0,2,58.0
16,2012,8,2,0.11,0.16,0.0,0.07,71.0,22.0,7.5,24.0,8,73.0
2,2012,3,19,0.0,0.01,0.0,0.0,71.0,22.0,7.5,24.0,8,73.0
4,2009,7,22,0.12,0.06,0.27,0.02,75.0,37.0,7.3,21.0,2,74.0
27,2008,10,19,0.04,0.0,0.0,0.0,56.0,14.0,5.9,15.0,7,57.5
12,2011,7,19,0.0,0.02,0.0,0.01,74.0,44.0,7.6,602.0,7,75.0
4,2006,11,19,0.01,0.01,0.0,0.0,40.0,12.0,5.4,8.0,2,47.0
25,2009,10,5,0.0,0.22,0.0,0.01,71.0,22.0,7.5,24.0,8,73.0
18,2010,10,12,0.0,0.0,0.24,0.0,71.0,22.0,7.5,24.0,8,73.0
14,2001,2,10,0.23,1.16,0.0,0.11,71.0,22.0,7.5,24.0,8,73.0
4,2008,0,19,0.1,0.02,0.0,0.01,52.0,10.0,7.5,24.0,7,63.5
19,2014,7,19,0.0,0.0,0.02,0.0,71.0,22.0,7.5,24.0,8,73.0
16,2011,0,25,0.25,0.13,0.46,0.06,57.0,25.0,7.4,57.0,7,65.5
12,2006,10,20,0.0,0.02,0.0,0.0,87.0,17.0,7.5,24.0,1,81.0
6,2004,7,19,0.02,0.01,0.0,0.0,76.0,17.0,6.5,11.0,7,70.5
12,2009,10,12,0.0,0.01,0.0,0.0,78.0,8.0,6.9,49.0,1,73.5
19,2015,3,16,0.0,0.0,0.04,0.0,71.0,22.0,7.5,24.0,8,73.0
17,2014,7,2,0.51,0.98,0.06,0.28,71.0,22.0,7.5,24.0,5,73.0
4,2009,2,6,0.05,0.0,0.0,0.0,71.0,22.0,7.5,24.0,7,73.0
25,2008,3,16,0.0,0.0,0.67,0.0,71.0,22.0,7.5,24.0,8,73.0
15,2000,7,12,0.04,0.03,0.0,0.01,48.0,16.0,6.3,39.0,7,55.5
6,2004,0,23,0.36,0.13,0.0,0.01,56.0,4.0,7.5,24.0,1,65.5
4,2010,3,19,0.0,0.01,0.0,0.0,71.0,22.0,7.5,24.0,8,73.0
4,2007,10,19,0.02,0.0,0.0,0.0,71.0,22.0,7.5,24.0,1,73.0
15,2005,8,10,0.12,0.09,0.0,0.03,84.0,39.0,9.1,117.0,5,87.5
2,2013,8,2,0.0,0.06,0.0,0.0,71.0,22.0,7.5,24.0,2,73.0
27,2008,10,10,0.2,0.0,0.0,0.02,70.0,23.0,5.6,8.0,1,63.0
15,2006,5,19,0.0,0.23,0.0,0.05,75.0,4.0,7.5,24.0,1,75.0
5,1999,11,12,0.0,0.0,1.1,0.0,71.0,22.0,7.5,24.0,8,73.0
16,2008,0,9,0.45,0.55,0.05,0.22,75.0,42.0,7.2,166.0,7,73.5
15,2004,10,12,0.0,0.0,0.54,0.0,71.0,22.0,7.5,24.0,8,73.0
6,2005,5,30,0.02,0.01,0.0,0.0,71.0,22.0,7.5,24.0,1,73.0
7,2003,4,23,0.31,0.08,0.0,0.01,71.0,16.0,8.2,9.0,1,76.5
26,2013,3,26,0.31,0.23,0.0,0.05,72.0,13.0,7.6,45.0,2,74.0
15,2004,10,19,0.17,0.14,0.0,0.05,63.0,20.0,7.5,24.0,5,69.0
18,2010,1,19,0.0,0.0,0.02,0.0,71.0,22.0,7.5,24.0,8,73.0
16,2008,10,20,0.13,0.2,0.0,0.07,67.0,31.0,7.4,7.0,2,70.5
9,1999,7,12,0.16,0.04,0.05,0.0,71.0,22.0,7.5,24.0,8,73.0
20,1994,9,10,0.0,0.0,0.08,0.0,71.0,22.0,7.5,24.0,8,73.0
15,2009,10,24,0.33,0.01,0.0,0.05,71.0,22.0,8.6,11.0,1,78.5
5,1989,10,17,0.75,0.3,0.9,0.04,71.0,22.0,7.5,24.0,8,73.0
4,2007,0,19,0.03,0.01,0.0,0.0,63.0,11.0,6.8,13.0,2,65.5
2,2012,7,17,0.9,0.45,0.54,0.13,92.0,72.0,9.1,1130.0,7,91.5
27,2008,7,19,0.18,0.0,0.01,0.01,71.0,7.0,7.0,35.0,7,70.5
14,1997,11,21,0.0,0.0,0.18,0.01,71.0,22.0,7.5,24.0,8,73.0
6,2001,1,26,0.3,0.11,0.0,0.01,71.0,22.0,7.5,24.0,8,73.0
4,2008,7,17,0.0,0.0,0.3,0.0,71.0,22.0,7.5,24.0,8,73.0
6,2001,7,19,0.01,0.0,0.0,0.0,71.0,22.0,7.5,24.0,8,73.0
27,2008,10,10,2.21,0.12,0.0,0.2,83.0,50.0,7.0,125.0,1,76.5
25,2008,3,26,0.2,0.0,0.0,0.02,71.0,22.0,7.5,24.0,1,73.0
18,2009,8,21,0.27,0.35,0.05,0.21,81.0,67.0,8.1,84.0,5,81.0
15,2008,1,19,0.0,0.0,0.04,0.0,71.0,22.0,7.5,24.0,8,73.0
18,2005,6,21,0.47,0.34,0.0,0.23,88.0,56.0,7.9,102.0,1,83.5
14,2000,5,19,0.17,0.12,0.0,0.02,71.0,22.0,7.5,24.0,8,73.0
28,2002,0,10,0.45,0.24,0.0,0.03,79.0,17.0,8.1,18.0,7,80.0
4,2008,4,28,0.38,0.0,0.0,0.03,45.0,12.0,5.8,8.0,1,51.5
12,2011,9,10,0.11,0.17,0.0,0.05,71.0,22.0,6.3,14.0,7,67.0
4,2009,3,24,0.39,0.01,0.0,0.03,71.0,22.0,7.5,24.0,8,73.0
27,2012,0,19,0.0,0.0,0.01,0.0,71.0,22.0,7.5,24.0,8,73.0
16,2009,8,29,0.13,0.28,0.01,0.1,43.0,41.0,3.9,70.0,7,41.0
14,1998,11,25,0.03,0.02,0.0,0.0,71.0,22.0,7.5,24.0,8,73.0
25,2011,4,23,0.11,0.06,0.0,0.02,79.0,20.0,8.1,26.0,2,80.0
16,2011,3,19,0.01,0.03,0.0,0.01,71.0,22.0,7.5,24.0,8,73.0
15,2001,2,23,1.19,1.15,0.04,0.41,71.0,22.0,7.5,24.0,8,73.0
4,2009,1,19,0.0,0.0,0.03,0.0,71.0,22.0,7.5,24.0,8,73.0
14,1996,10,19,0.03,0.02,0.0,0.0,71.0,22.0,7.5,24.0,8,73.0
4,2008,9,25,0.06,0.0,0.0,0.0,71.0,22.0,7.5,24.0,8,73.0
16,2011,10,10,0.84,4.3,0.11,1.39,71.0,22.0,7.5,24.0,8,73.0
27,2012,0,2,0.28,0.12,0.0,0.04,79.0,52.0,8.3,160.0,7,81.0
4,2008,8,19,0.12,0.0,0.01,0.01,70.0,38.0,7.4,13.0,7,72.0
5,2001,11,17,0.0,0.0,0.89,0.0,71.0,22.0,7.5,24.0,8,73.0
25,2007,1,30,0.04,0.0,0.0,0.0,71.0,22.0,7.5,24.0,1,73.0
25,2007,8,19,0.04,0.0,0.0,0.0,67.0,9.0,7.6,9.0,7,71.5
25,2010,3,16,0.0,0.0,0.3,0.0,71.0,22.0,7.5,24.0,8,73.0
0,1983,0,19,0.15,0.01,0.0,0.0,71.0,22.0,7.5,24.0,8,73.0
20,1994,10,20,0.0,0.0,0.06,0.0,71.0,22.0,7.5,24.0,8,73.0
27,2008,3,14,0.33,0.25,0.0,0.07,76.0,32.0,7.4,25.0,7,75.0
28,2006,10,10,0.42,0.12,0.0,0.01,88.0,20.0,6.9,10.0,1,78.5
15,2004,6,21,3.01,0.01,1.1,7.53,89.0,74.0,8.5,272.0,1,87.0
4,2007,9,26,1.3,1.26,0.0,0.31,71.0,22.0,7.7,15.0,1,74.0
25,2009,3,26,0.58,0.0,0.0,0.04,71.0,22.0,7.5,24.0,1,73.0
25,2009,7,18,0.12,0.0,0.01,0.01,76.0,12.0,7.1,15.0,7,73.5
25,2008,9,17,1.82,1.12,1.32,0.36,73.0,50.0,7.6,119.0,1,74.5
14,1998,1,21,0.0,0.0,0.11,0.01,71.0,22.0,7.5,24.0,8,73.0
12,1998,11,28,0.0,0.02,0.0,0.0,93.0,20.0,9.0,326.0,1,91.5
27,2009,0,20,0.07,0.03,0.0,0.01,53.0,13.0,7.5,24.0,1,64.0
15,2006,11,3,0.55,0.02,0.0,0.09,69.0,32.0,2.9,52.0,2,49.0
12,2014,8,19,0.13,0.29,0.0,0.03,81.0,23.0,8.2,1647.0,5,81.5
15,2003,10,10,0.93,0.52,0.0,0.22,93.0,41.0,9.1,125.0,1,92.0
4,2008,4,30,0.07,0.03,0.0,0.01,44.0,5.0,7.5,24.0,1,59.5
7,2002,1,17,0.15,0.04,0.0,0.01,50.0,9.0,8.9,10.0,1,69.5
7,2006,1,23,0.17,0.04,0.0,0.01,71.0,22.0,7.5,24.0,1,73.0
28,2005,0,19,0.54,0.11,0.0,0.03,71.0,22.0,7.5,24.0,8,73.0
16,2014,7,25,0.05,0.03,0.06,0.02,67.0,23.0,7.8,49.0,7,72.5
9,2000,6,19,0.05,0.01,0.0,0.0,71.0,22.0,7.5,24.0,8,73.0
25,2009,10,19,0.0,0.01,0.0,0.0,71.0,22.0,7.5,24.0,8,73.0
28,2005,0,19,0.08,0.02,0.0,0.0,53.0,34.0,8.0,8.0,7,66.5
4,2007,10,26,0.46,0.01,0.0,0.0,71.0,22.0,7.5,24.0,8,73.0
12,2007,11,27,0.0,0.02,0.0,0.0,71.0,22.0,7.5,24.0,8,73.0
7,2003,7,26,0.04,0.01,0.0,0.0,51.0,6.0,8.0,7.0,1,65.5
7,2002,8,2,0.18,0.05,0.0,0.01,75.0,17.0,7.8,19.0,7,76.5
6,2004,10,30,0.04,0.02,0.0,0.0,71.0,22.0,7.5,24.0,1,73.0
15,2004,1,28,0.17,0.13,0.0,0.04,60.0,44.0,6.3,18.0,5,61.5
28,2002,0,20,0.09,0.02,0.0,0.0,71.0,22.0,7.5,24.0,8,73.0
16,2010,3,21,0.0,0.06,0.0,0.01,71.0,22.0,7.5,24.0,8,73.0
28,2003,10,4,0.02,0.01,0.0,0.0,49.0,12.0,7.5,24.0,1,62.0
12,2007,0,9,0.0,0.03,0.0,0.01,83.0,26.0,8.1,242.0,7,82.0
18,2013,10,20,0.0,0.0,0.04,0.0,71.0,22.0,7.5,24.0,8,73.0
12,2003,9,28,0.0,0.02,0.0,0.0,72.0,15.0,8.7,55.0,7,79.5
2,2015,0,19,0.0,0.04,0.0,0.0,71.0,22.0,7.5,24.0,1,73.0
15,2001,10,10,0.85,0.66,0.0,0.22,92.0,33.0,8.9,71.0,1,90.5
18,2006,3,0,0.13,0.0,0.0,0.01,71.0,22.0,7.5,24.0,8,73.0
15,2007,3,10,0.09,0.07,0.0,0.02,52.0,12.0,7.5,24.0,2,63.5
29,2016,8,2,0.63,0.33,0.0,0.1,91.0,18.0,5.6,668.0,7,73.5
22,1995,3,19,0.0,0.0,0.03,0.0,71.0,22.0,7.5,24.0,8,73.0
25,2008,3,2,2.32,0.96,0.0,0.34,86.0,18.0,7.6,71.0,7,81.0
4,2009,11,19,0.0,0.01,0.0,0.0,71.0,22.0,7.5,24.0,8,73.0
27,2011,0,29,2.99,1.27,0.04,0.42,94.0,87.0,8.7,1472.0,7,90.5
0,1982,0,19,0.26,0.02,0.0,0.0,71.0,22.0,7.5,24.0,8,73.0
15,2008,6,19,0.01,0.01,0.0,0.0,57.0,12.0,7.5,24.0,1,66.0
28,2005,10,19,0.02,0.01,0.0,0.0,62.0,6.0,7.5,24.0,1,68.5
25,2010,10,19,0.0,0.09,0.0,0.01,71.0,22.0,7.5,24.0,8,73.0
18,2005,1,21,0.19,0.41,0.0,0.22,66.0,43.0,8.7,52.0,7,76.5
12,2006,11,20,0.0,0.08,0.0,0.02,88.0,39.0,8.9,648.0,7,88.5
14,1998,8,10,1.44,1.09,0.0,0.14,92.0,17.0,8.6,80.0,7,89.0
18,2009,0,19,0.0,0.0,0.07,0.0,71.0,22.0,7.5,24.0,8,73.0
7,2006,2,16,0.0,0.0,0.09,0.0,71.0,22.0,7.5,24.0,8,73.0
27,2008,0,28,0.09,0.01,0.0,0.01,59.0,40.0,7.5,24.0,2,67.0
14,1997,7,10,0.29,0.19,0.07,0.04,71.0,22.0,7.5,24.0,8,73.0
15,2004,0,23,0.24,0.19,0.0,0.06,65.0,8.0,7.3,8.0,1,69.0
19,2013,7,19,0.04,0.01,0.12,0.01,48.0,19.0,6.8,56.0,5,58.0
18,2005,8,12,0.28,0.29,0.0,0.17,59.0,42.0,6.5,61.0,7,62.0
4,2011,7,19,0.0,0.0,0.01,0.0,71.0,22.0,7.5,24.0,8,73.0
4,2006,0,6,0.01,0.0,0.0,0.0,71.0,22.0,7.5,24.0,8,73.0
25,2009,9,23,0.1,0.0,0.0,0.01,71.0,22.0,7.5,24.0,8,73.0
28,2003,2,23,0.43,0.11,0.0,0.02,68.0,26.0,7.3,25.0,7,70.5
28,2005,9,26,0.07,0.02,0.0,0.0,61.0,43.0,4.1,9.0,5,51.0
2,2014,0,19,0.0,0.0,0.01,0.0,71.0,22.0,7.5,24.0,8,73.0
7,2002,2,12,0.0,0.0,0.05,0.0,60.0,15.0,6.3,4.0,7,61.5
27,2005,6,16,0.1,0.02,0.07,0.01,74.0,65.0,7.1,28.0,1,72.5
4,2010,0,8,0.89,0.94,0.02,0.21,71.0,22.0,7.5,24.0,8,73.0
2,2013,9,19,0.0,0.0,0.03,0.0,71.0,22.0,7.5,24.0,8,73.0
25,2010,10,19,0.16,0.0,0.0,0.01,71.0,22.0,7.5,24.0,1,73.0
28,2003,2,9,0.13,0.04,0.0,0.01,50.0,15.0,5.0,7.0,5,50.0
27,2016,4,2,0.04,0.05,0.0,0.01,71.0,22.0,7.5,24.0,2,73.0
28,2002,10,12,0.01,0.0,0.0,0.0,68.0,6.0,7.5,24.0,1,71.5
15,2003,11,19,0.0,0.0,0.19,0.0,71.0,22.0,7.5,24.0,8,73.0
9,2002,10,2,0.06,0.02,0.0,0.0,71.0,22.0,7.5,24.0,8,73.0
15,2002,6,19,0.35,0.27,0.0,0.09,66.0,8.0,7.5,24.0,1,70.5
15,2000,10,12,0.0,0.0,0.2,0.0,71.0,22.0,7.5,24.0,8,73.0
27,2011,0,27,0.0,0.0,0.02,0.0,71.0,22.0,7.5,24.0,8,73.0
6,2006,10,10,0.02,0.01,0.0,0.0,68.0,4.0,9.3,4.0,1,80.5
6,2003,8,10,0.12,0.04,0.0,0.0,73.0,17.0,8.3,11.0,7,78.0
6,2003,2,26,0.05,0.02,0.0,0.0,71.0,22.0,7.5,24.0,8,73.0
6,2004,5,17,0.0,0.0,0.07,0.0,71.0,22.0,7.5,24.0,8,73.0
19,2014,7,16,0.0,0.0,0.19,0.0,71.0,22.0,7.5,24.0,8,73.0
15,2005,0,25,0.03,0.02,0.0,0.01,60.0,36.0,7.9,14.0,5,69.5
4,2009,6,23,0.35,0.08,0.0,0.04,71.0,22.0,7.5,24.0,1,73.0
18,2008,2,23,0.41,0.2,0.0,0.14,72.0,9.0,6.0,9.0,7,66.0
15,2002,6,3,0.76,0.59,0.0,0.2,71.0,37.0,5.7,36.0,7,64.0
25,2009,0,23,0.38,0.01,0.0,0.0,71.0,22.0,7.5,24.0,8,73.0
15,2003,6,23,0.17,0.13,0.0,0.04,56.0,13.0,5.3,8.0,7,54.5
2,2012,0,8,0.36,0.04,0.04,0.04,71.0,22.0,7.5,24.0,8,73.0
6,2005,4,23,0.13,0.05,0.0,0.0,71.0,22.0,7.5,24.0,8,73.0
9,1998,4,12,0.06,0.02,0.13,0.1,71.0,22.0,7.5,24.0,8,73.0
27,2009,8,19,0.09,0.0,0.0,0.01,44.0,25.0,4.8,76.0,5,46.0
2,2011,5,19,0.07,0.0,0.02,0.0,67.0,11.0,5.3,4.0,1,60.0
4,2011,1,19,0.0,0.02,0.0,0.0,71.0,22.0,7.5,24.0,2,73.0
28,2003,6,4,0.02,0.0,0.0,0.0,57.0,17.0,6.0,5.0,1,58.5
25,2008,1,13,0.06,0.0,0.0,0.0,71.0,22.0,7.5,24.0,1,73.0
25,2007,3,26,0.46,0.01,0.0,0.04,68.0,8.0,7.5,24.0,1,71.5
27,2007,11,19,0.08,0.0,0.0,0.01,46.0,17.0,7.3,7.0,7,59.5
16,2010,4,21,0.0,0.05,0.0,0.02,71.0,22.0,7.4,23.0,1,72.5
7,2002,10,10,0.12,0.03,0.0,0.0,78.0,13.0,6.5,4.0,7,71.5
2,2011,4,26,0.11,0.23,0.0,0.04,71.0,22.0,7.5,24.0,8,73.0
15,2005,0,26,0.06,0.04,0.0,0.01,68.0,39.0,7.7,27.0,5,72.5
18,2013,1,19,0.0,0.0,0.02,0.0,71.0,22.0,7.5,24.0,8,73.0
15,2002,8,2,0.09,0.07,0.0,0.02,65.0,28.0,8.6,16.0,5,75.5
27,2015,8,2,0.24,0.08,0.0,0.03,71.0,22.0,4.4,59.0,7,57.5
15,2007,0,9,0.41,0.02,0.0,0.07,71.0,22.0,8.2,29.0,7,76.5
27,2013,3,26,0.69,0.16,0.0,0.09,71.0,22.0,7.5,24.0,8,73.0
4,2009,1,8,0.38,0.25,0.0,0.07,71.0,22.0,7.5,24.0,1,73.0
28,2002,9,19,0.03,0.01,0.01,0.0,74.0,23.0,8.3,14.0,7,78.5
15,2006,0,9,0.01,0.01,0.0,0.0,67.0,23.0,7.9,41.0,5,73.0
28,2005,8,26,0.23,0.07,0.0,0.01,85.0,41.0,8.6,25.0,5,85.5
5,1989,5,17,2.18,0.96,2.0,0.2,71.0,22.0,7.5,24.0,8,73.0
25,2010,3,23,1.65,0.57,0.0,0.2,71.0,9.0,7.5,24.0,1,73.0
4,2006,5,19,0.04,0.0,0.0,0.0,71.0,22.0,7.5,24.0,8,73.0
2,2016,0,17,0.02,0.01,0.08,0.0,72.0,16.0,6.8,5.0,1,70.0
15,2010,1,11,0.0,0.0,0.03,0.0,71.0,22.0,7.5,24.0,8,73.0
4,2005,5,0,0.14,0.0,0.0,0.01,39.0,12.0,2.5,4.0,1,32.0
25,2009,0,5,0.11,0.22,0.0,0.04,68.0,30.0,7.9,15.0,7,73.5
8,1993,0,4,0.0,0.0,0.07,0.0,71.0,22.0,7.5,24.0,8,73.0
16,2013,7,18,0.07,0.02,0.1,0.02,53.0,44.0,7.5,80.0,7,64.0
28,2003,10,15,0.07,0.02,0.0,0.0,76.0,16.0,7.5,24.0,1,75.5
15,2005,2,16,0.01,0.01,0.0,0.0,71.0,22.0,7.5,24.0,8,73.0
17,2015,0,19,0.02,0.03,0.0,0.01,71.0,22.0,7.5,24.0,8,73.0
15,2008,7,19,0.34,0.04,0.36,0.08,90.0,47.0,8.9,634.0,5,89.5
6,2001,4,19,0.08,0.03,0.0,0.0,73.0,8.0,7.5,24.0,1,74.0
14,1998,1,19,0.02,0.01,0.12,0.01,49.0,5.0,5.7,7.0,5,53.0
15,2005,3,19,0.04,0.03,0.0,0.01,72.0,14.0,9.0,13.0,1,81.0
12,2001,0,10,0.01,0.04,0.0,0.01,65.0,11.0,7.8,76.0,1,71.5
22,1995,10,1,0.87,0.12,0.0,0.02,71.0,22.0,7.5,24.0,8,73.0
15,2003,6,10,0.53,0.41,0.0,0.14,88.0,15.0,8.9,77.0,1,88.5
15,2001,6,10,2.02,1.17,0.0,0.42,64.0,23.0,7.7,32.0,7,70.5
4,2010,0,20,0.14,0.16,0.0,0.03,54.0,7.0,7.5,24.0,2,64.5
4,2012,5,27,0.0,0.02,0.0,0.0,71.0,22.0,7.5,24.0,8,73.0
29,2013,0,14,1.06,0.35,0.01,0.15,78.0,69.0,6.8,908.0,5,73.0
19,2014,1,19,0.03,0.0,0.0,0.01,71.0,22.0,8.4,29.0,5,77.5
27,2012,6,20,0.2,0.33,0.0,0.05,71.0,22.0,7.5,24.0,8,73.0
12,2011,1,27,0.0,0.02,0.0,0.0,71.0,22.0,7.5,6.0,7,73.0
29,2015,8,24,0.37,0.2,0.0,0.06,74.0,31.0,5.1,336.0,5,62.5
18,2011,6,8,0.1,0.01,0.0,0.02,71.0,22.0,7.5,24.0,8,73.0
4,2009,6,25,0.05,0.0,0.02,0.0,70.0,5.0,9.0,5.0,1,80.0
22,1996,5,19,0.0,0.0,0.44,0.0,71.0,22.0,7.5,24.0,8,73.0
12,2015,0,19,0.0,0.08,0.0,0.0,76.0,30.0,7.6,338.0,5,76.0
25,2007,10,12,0.0,0.0,0.14,0.0,71.0,22.0,7.5,24.0,8,73.0
15,2001,0,21,0.21,0.16,0.12,0.05,67.0,19.0,7.8,19.0,5,72.5
4,2008,10,26,0.15,0.0,0.0,0.01,71.0,22.0,7.5,24.0,1,73.0
17,2016,8,26,1.35,1.7,0.15,0.6,80.0,64.0,7.0,2219.0,5,75.0
29,2014,3,26,0.08,0.09,0.0,0.01,58.0,6.0,8.3,28.0,1,70.5
28,2001,4,19,0.25,0.1,0.0,0.01,49.0,19.0,5.4,9.0,7,51.5
26,2013,0,29,0.19,0.09,0.0,0.03,68.0,5.0,7.4,127.0,7,71.0
9,2000,0,19,0.19,0.05,0.0,0.0,71.0,22.0,7.5,24.0,8,73.0
16,2009,6,21,0.0,0.05,0.0,0.01,89.0,15.0,8.4,115.0,2,86.5
7,2003,3,16,0.48,0.12,0.0,0.02,71.0,22.0,7.5,24.0,8,73.0
16,2007,10,26,0.03,0.0,0.0,0.0,59.0,8.0,5.1,7.0,2,55.0
28,2005,1,2,0.01,0.0,0.0,0.0,71.0,22.0,7.5,24.0,8,73.0
16,2013,8,10,0.26,0.42,0.03,0.16,77.0,23.0,6.3,288.0,5,70.0
16,2009,1,19,0.0,0.0,0.02,0.0,71.0,22.0,7.5,24.0,8,73.0
15,2005,0,16,0.0,0.0,0.18,0.0,71.0,22.0,7.5,24.0,8,73.0
4,2009,9,23,0.1,0.0,0.0,0.01,71.0,22.0,7.5,24.0,8,73.0
4,2011,3,2,0.23,0.0,0.0,0.02,71.0,22.0,7.5,24.0,1,73.0
18,2006,7,19,0.03,0.0,0.0,0.0,70.0,18.0,6.4,8.0,2,67.0
14,1998,2,19,0.05,0.04,0.07,0.01,71.0,22.0,7.5,24.0,8,73.0
12,2004,7,3,0.0,0.02,0.0,0.0,71.0,22.0,8.2,11.0,5,76.5
15,2005,0,8,0.36,0.01,0.0,0.06,68.0,36.0,8.4,17.0,7,76.0
22,1991,8,17,1.06,0.38,0.15,0.05,71.0,22.0,7.5,24.0,8,73.0
2,2011,4,18,0.09,0.03,0.01,0.01,82.0,29.0,7.7,72.0,2,79.5
15,2006,7,19,0.0,0.0,0.18,0.0,71.0,22.0,7.5,24.0,8,73.0
4,2007,3,17,0.0,0.0,0.61,0.0,71.0,22.0,7.5,24.0,8,73.0
29,2016,0,14,0.3,0.2,0.01,0.05,77.0,106.0,6.8,1659.0,5,72.5
25,2006,3,20,1.05,0.91,0.04,0.24,74.0,53.0,5.7,72.0,1,65.5
16,2011,0,21,2.77,2.75,0.19,1.03,92.0,97.0,8.3,3712.0,7,87.5
4,2010,3,23,0.39,0.0,0.0,0.03,71.0,22.0,7.5,24.0,1,73.0
9,2000,6,17,0.65,0.15,0.19,0.01,71.0,22.0,7.5,24.0,8,73.0
6,2002,10,12,0.01,0.0,0.0,0.0,66.0,9.0,7.5,24.0,1,70.5
7,2003,3,17,0.0,0.0,0.27,0.01,71.0,22.0,7.5,24.0,8,73.0
4,2010,0,19,0.15,0.0,0.0,0.01,71.0,22.0,7.5,24.0,1,73.0
12,2010,2,19,0.0,0.01,0.0,0.0,71.0,22.0,8.7,26.0,7,79.0
18,2011,1,19,0.0,0.0,0.01,0.0,71.0,22.0,7.5,24.0,8,73.0
12,2007,9,26,0.0,0.04,0.0,0.01,79.0,22.0,6.9,40.0,7,74.0
27,2008,1,8,0.18,0.05,0.0,0.02,57.0,18.0,7.1,7.0,2,64.0
14,1997,6,19,0.01,0.01,0.0,0.0,71.0,22.0,7.5,24.0,8,73.0
17,2016,7,19,0.0,0.0,0.37,0.0,71.0,22.0,7.5,24.0,8,73.0
14,2000,8,19,0.14,0.1,0.0,0.02,71.0,22.0,7.5,24.0,8,73.0
26,2014,0,29,0.21,0.21,0.0,0.04,71.0,22.0,7.0,20.0,2,70.5
6,2005,0,2,0.22,0.08,0.0,0.01,62.0,4.0,7.3,12.0,2,67.5
4,2008,1,19,0.03,0.0,0.0,0.0,71.0,22.0,7.5,24.0,1,73.0
12,2008,7,3,0.32,0.01,0.0,0.0,86.0,30.0,8.5,1660.0,5,85.5
19,2014,7,16,0.0,0.0,0.3,0.0,67.0,28.0,7.6,131.0,7,71.5
17,2015,8,10,2.99,3.49,0.22,1.28,71.0,22.0,7.5,24.0,8,73.0
28,2004,0,24,0.14,0.04,0.0,0.01,74.0,37.0,7.9,19.0,5,76.5
6,2002,3,19,0.33,0.12,0.0,0.01,62.0,4.0,5.5,4.0,1,58.5
18,2009,0,2,0.21,0.23,0.0,0.14,71.0,22.0,7.5,24.0,2,73.0
15,2002,4,21,1.44,1.01,0.57,0.3,71.0,22.0,7.5,24.0,8,73.0
19,2016,0,19,0.0,0.0,0.01,0.0,71.0,22.0,7.5,24.0,8,73.0
18,2006,10,19,0.04,0.0,0.0,0.0,71.0,22.0,7.5,24.0,7,73.0
15,2002,2,26,0.13,0.1,0.0,0.03,71.0,22.0,7.5,24.0,8,73.0
16,2010,10,10,0.52,0.27,0.0,0.12,78.0,20.0,5.4,14.0,1,66.0
2,2011,10,19,0.01,0.0,0.0,0.0,71.0,22.0,7.5,24.0,7,73.0
4,2007,5,17,0.0,0.0,0.07,0.0,71.0,22.0,7.5,24.0,8,73.0
27,2010,10,19,0.08,0.0,0.0,0.01,71.0,22.0,7.5,24.0,7,73.0
4,2008,3,26,0.24,0.0,0.0,0.02,59.0,4.0,6.7,6.0,1,63.0
15,2005,8,26,0.16,0.12,0.0,0.04,74.0,37.0,8.4,42.0,5,79.0
15,2004,10,20,0.41,0.32,0.0,0.11,86.0,14.0,8.1,10.0,1,83.5
26,2013,7,22,0.0,0.0,0.41,0.0,71.0,22.0,7.5,24.0,8,73.0
12,2009,8,19,0.01,0.0,0.0,0.0,71.0,22.0,7.5,24.0,8,73.0
28,2006,10,10,0.01,0.0,0.0,0.0,76.0,18.0,7.5,24.0,8,75.5
4,2005,0,10,0.2,0.01,0.0,0.02,68.0,15.0,6.0,6.0,1,64.0
17,2016,3,3,0.02,0.0,0.0,0.0,71.0,22.0,7.5,24.0,1,73.0
25,2010,0,10,0.2,0.02,0.0,0.02,62.0,7.0,7.5,24.0,1,68.5
28,2003,6,28,0.7,0.58,0.0,0.07,71.0,22.0,7.5,24.0,8,73.0
15,2007,0,2,0.31,0.01,0.0,0.05,62.0,15.0,8.3,19.0,2,72.5
27,2011,2,23,0.18,0.14,0.0,0.03,75.0,64.0,7.2,45.0,7,73.5
9,2001,7,23,0.08,0.02,0.0,0.0,71.0,22.0,7.5,24.0,8,73.0
14,1999,7,16,0.56,0.38,0.28,0.08,71.0,22.0,7.5,24.0,8,73.0
6,2003,6,19,0.02,0.01,0.0,0.0,71.0,22.0,7.5,24.0,8,73.0
14,1999,6,10,1.58,0.64,0.0,0.09,86.0,14.0,8.5,28.0,1,85.5
27,2006,8,26,0.2,0.03,0.0,0.02,78.0,46.0,6.2,80.0,5,70.0
25,2009,10,26,0.24,0.03,0.0,0.02,72.0,33.0,8.7,30.0,1,79.5
7,2005,3,16,0.17,0.04,0.0,0.01,60.0,23.0,7.5,24.0,2,67.5
27,2010,1,19,0.0,0.0,0.02,0.0,71.0,22.0,7.5,24.0,8,73.0
16,2015,0,2,0.16,0.15,0.0,0.06,71.0,22.0,4.2,6.0,2,56.5
14,1998,7,21,0.26,0.1,0.72,0.02,80.0,13.0,8.5,44.0,1,82.5
28,2003,10,14,0.2,0.04,0.0,0.01,80.0,34.0,7.7,20.0,1,78.5
12,2003,9,10,1.67,0.0,0.0,0.0,79.0,20.0,8.2,25.0,7,80.5
18,2011,0,19,0.0,0.0,0.14,0.0,71.0,22.0,7.5,24.0,8,73.0
16,2013,0,16,0.1,0.1,0.0,0.04,71.0,22.0,7.5,24.0,8,73.0
4,2006,8,2,0.03,0.0,0.0,0.0,39.0,4.0,7.4,10.0,2,56.5
4,2010,8,2,0.5,0.04,0.0,0.04,74.0,13.0,6.0,54.0,7,67.0
25,2011,4,17,0.58,0.21,0.79,0.07,77.0,49.0,8.5,156.0,2,81.0
4,2010,2,19,0.04,0.0,0.0,0.0,71.0,22.0,7.5,24.0,7,73.0
18,2012,1,19,0.0,0.0,0.05,0.0,71.0,22.0,7.5,24.0,8,73.0
17,2015,10,10,2.34,0.3,0.0,0.6,83.0,37.0,5.9,180.0,1,71.0
4,2007,7,19,0.09,0.0,0.0,0.01,56.0,8.0,7.5,24.0,2,65.5
15,2005,11,23,0.15,0.11,0.0,0.04,74.0,24.0,8.0,13.0,5,77.0
16,2011,10,21,0.0,0.1,0.0,0.02,71.0,22.0,7.5,24.0,8,73.0
18,2009,1,12,0.0,0.0,0.08,0.0,71.0,22.0,7.5,24.0,8,73.0
4,2007,3,26,0.0,0.0,0.01,0.0,71.0,22.0,7.5,24.0,8,73.0
27,2007,11,19,0.13,0.02,0.0,0.01,73.0,24.0,2.8,34.0,2,50.5
14,1998,1,16,0.02,0.01,0.0,0.0,71.0,22.0,7.5,24.0,8,73.0
18,2007,4,19,0.0,0.04,0.0,0.01,71.0,22.0,7.5,24.0,8,73.0
12,2007,0,2,0.01,0.0,0.0,0.0,57.0,9.0,5.3,11.0,2,55.0
5,1998,1,17,1.0,0.63,0.45,0.13,71.0,22.0,7.5,24.0,8,73.0
4,2008,1,24,0.33,0.0,0.0,0.02,71.0,22.0,7.5,24.0,8,73.0
17,2015,6,19,0.2,0.7,0.02,0.16,83.0,37.0,6.6,363.0,1,74.5
14,1995,1,19,0.0,0.0,0.03,0.0,71.0,22.0,7.5,24.0,8,73.0
16,2012,9,6,0.0,0.0,0.02,0.0,71.0,22.0,7.5,24.0,8,73.0
6,2001,5,16,0.0,0.0,0.15,0.0,62.0,16.0,7.5,24.0,1,68.5
4,2011,3,19,0.0,0.0,0.02,0.0,71.0,22.0,7.5,24.0,8,73.0
12,1996,0,9,0.96,0.07,0.0,0.0,86.0,18.0,8.5,3552.0,5,85.5
4,2010,4,29,0.09,0.0,0.0,0.01,71.0,22.0,7.5,24.0,8,73.0
18,2014,10,12,0.0,0.0,0.09,0.0,71.0,22.0,7.5,24.0,8,73.0
28,2004,1,26,0.09,0.03,0.0,0.0,45.0,14.0,7.3,4.0,5,59.0
25,2009,3,0,0.07,0.0,0.0,0.01,71.0,22.0,7.5,24.0,1,73.0
27,2011,10,0,0.03,0.21,0.0,0.04,55.0,14.0,3.9,13.0,1,47.0
29,2016,8,10,0.37,0.15,0.0,0.05,87.0,31.0,8.0,261.0,5,83.5
27,2006,6,23,0.22,0.01,0.0,0.02,65.0,16.0,6.1,8.0,1,63.0
15,2006,4,20,0.01,0.01,0.0,0.0,53.0,32.0,6.7,10.0,1,60.0
27,2010,8,19,0.0,0.04,0.0,0.01,77.0,10.0,8.6,16.0,8,81.5
27,2016,10,24,0.09,0.02,0.0,0.01,71.0,22.0,3.4,11.0,1,52.5
2,2016,0,17,0.02,0.01,0.01,0.0,64.0,56.0,5.1,219.0,7,57.5
4,2008,0,23,0.18,0.11,0.0,0.03,71.0,22.0,7.5,24.0,1,73.0
15,2003,6,16,0.06,0.05,0.0,0.02,71.0,22.0,7.5,24.0,8,73.0
12,2007,0,10,0.0,0.03,0.0,0.0,63.0,11.0,7.1,34.0,2,67.0
9,1999,3,15,0.13,0.03,0.0,0.0,71.0,22.0,7.5,24.0,8,73.0
4,2011,5,27,0.0,0.04,0.0,0.01,71.0,22.0,7.5,24.0,8,73.0
12,2006,11,23,0.0,0.04,0.0,0.01,93.0,55.0,8.8,1128.0,5,90.5
14,1998,7,19,0.01,0.01,0.07,0.01,71.0,22.0,7.5,24.0,8,73.0
28,2004,8,24,0.4,0.12,0.0,0.02,74.0,61.0,8.5,26.0,5,79.5
14,1997,10,12,0.01,0.01,0.0,0.0,71.0,22.0,7.5,24.0,8,73.0
6,2004,0,19,0.03,0.01,0.0,0.0,40.0,9.0,7.5,24.0,1,57.5
6,2002,0,10,1.21,0.64,0.05,0.09,76.0,11.0,7.9,14.0,1,77.5
12,2008,1,26,0.01,0.83,0.0,0.07,71.0,22.0,7.5,24.0,8,73.0
18,2011,7,4,0.0,0.0,0.31,0.0,71.0,22.0,7.5,24.0,8,73.0
4,2007,8,26,0.03,0.0,0.0,0.0,72.0,27.0,8.0,25.0,7,76.0
12,2007,11,14,0.0,0.02,0.0,0.0,71.0,22.0,7.8,6.0,7,74.5
12,2014,0,22,0.0,0.05,0.0,0.0,59.0,22.0,7.4,379.0,5,66.5
7,2005,0,2,0.13,0.03,0.0,0.0,59.0,25.0,8.8,24.0,5,73.5
12,2013,11,23,0.06,0.25,0.0,0.04,80.0,82.0,2.1,6157.0,5,50.5
27,2012,0,29,0.31,0.12,0.02,0.04,70.0,64.0,7.0,260.0,5,70.0
25,2006,8,19,0.12,0.01,0.0,0.01,73.0,38.0,8.0,22.0,7,76.5
17,2016,10,19,0.0,0.04,0.0,0.01,64.0,4.0,6.8,12.0,1,66.0
14,1996,8,1,0.24,0.16,0.04,0.03,71.0,22.0,7.5,24.0,8,73.0
17,2016,10,10,1.25,0.17,0.0,0.32,82.0,35.0,4.9,83.0,1,65.5
17,2014,0,2,0.19,0.18,0.0,0.07,78.0,46.0,5.6,32.0,2,67.0
9,1998,3,17,1.25,0.53,0.87,0.05,71.0,22.0,7.5,24.0,8,73.0
4,2009,1,26,0.03,0.01,0.0,0.0,71.0,22.0,7.5,4.0,7,73.0
7,2004,2,19,0.0,0.0,0.43,0.01,71.0,22.0,7.5,24.0,8,73.0
2,2012,7,19,0.32,0.0,0.21,0.03,78.0,33.0,8.1,122.0,2,79.5
6,2004,7,12,0.1,0.04,0.0,0.0,71.0,22.0,7.5,24.0,8,73.0
4,2007,9,19,0.0,0.0,0.03,0.0,71.0,22.0,7.5,24.0,8,73.0
27,2011,0,10,0.63,0.57,0.0,0.15,68.0,65.0,6.0,160.0,7,64.0
4,2009,3,7,0.03,0.0,0.0,0.0,71.0,22.0,7.5,24.0,8,73.0
17,2015,7,18,0.02,0.01,0.05,0.01,71.0,22.0,7.5,24.0,8,73.0
2,2013,9,8,0.04,0.03,0.0,0.01,71.0,22.0,4.3,6.0,1,57.0
27,2010,9,10,1.27,0.81,0.0,0.2,76.0,42.0,7.1,71.0,7,73.5
16,2006,10,24,0.3,0.04,0.0,0.03,80.0,20.0,7.4,8.0,1,77.0
6,2002,10,2,0.41,0.15,0.0,0.01,85.0,13.0,8.8,4.0,1,86.5
18,2010,1,19,0.0,0.0,0.02,0.0,71.0,22.0,7.5,24.0,8,73.0
2,2014,10,10,0.09,0.34,0.0,0.03,71.0,22.0,2.4,35.0,1,47.5
16,2012,6,16,0.05,0.09,0.0,0.03,72.0,20.0,6.0,29.0,7,66.0
25,2007,10,0,0.06,0.0,0.0,0.01,36.0,5.0,7.5,24.0,1,55.5
6,2004,2,16,0.06,0.02,0.0,0.0,71.0,22.0,7.5,24.0,8,73.0
0,1980,8,3,4.0,0.26,0.0,0.05,71.0,22.0,7.5,24.0,8,73.0
6,2006,3,8,0.01,0.0,0.0,0.0,71.0,22.0,7.5,24.0,1,73.0
14,1997,5,1,0.18,0.12,0.0,0.02,71.0,22.0,7.5,24.0,8,73.0
4,2007,2,15,0.07,0.01,0.0,0.01,73.0,26.0,8.6,22.0,5,79.5
2,2015,7,17,0.17,0.1,0.18,0.03,81.0,70.0,7.4,103.0,7,77.5
4,2008,5,7,0.5,0.0,0.0,0.04,67.0,19.0,6.8,6.0,1,67.5
15,2009,3,19,0.05,0.04,0.0,0.01,71.0,22.0,7.5,24.0,7,73.0
16,2007,7,26,1.69,0.85,0.14,0.43,93.0,45.0,8.0,604.0,5,86.5
28,2003,10,10,0.18,0.05,0.0,0.01,81.0,16.0,7.5,24.0,1,78.0
4,2009,7,16,0.12,0.02,0.21,0.01,73.0,21.0,7.9,24.0,2,76.0
4,2008,3,17,0.0,0.0,0.56,0.0,71.0,22.0,7.5,24.0,8,73.0
25,2011,3,23,0.19,0.0,0.0,0.01,81.0,5.0,7.7,6.0,7,79.0
4,2004,6,26,0.31,0.22,0.0,0.06,60.0,38.0,7.5,13.0,1,67.5
16,2015,0,19,0.02,0.05,0.0,0.01,71.0,22.0,7.5,24.0,8,73.0
25,2008,0,19,0.52,0.21,0.0,0.07,45.0,6.0,7.8,11.0,2,61.5
12,2006,9,24,0.01,0.03,0.0,0.0,71.0,22.0,7.5,24.0,8,73.0
19,2017,7,20,0.0,0.0,0.01,0.0,71.0,22.0,7.5,24.0,8,73.0
29,2014,0,26,0.9,0.53,0.0,0.14,78.0,15.0,5.8,712.0,5,68.0
6,2005,0,26,0.33,0.12,0.0,0.01,59.0,8.0,7.5,24.0,2,67.0
4,2006,9,26,0.17,0.0,0.0,0.01,71.0,22.0,7.5,24.0,1,73.0
16,2012,7,18,0.06,0.03,0.06,0.02,42.0,40.0,5.0,78.0,7,46.0
22,1991,4,12,0.32,0.05,0.25,0.01,71.0,22.0,7.5,24.0,8,73.0
27,2013,8,24,1.22,0.54,0.02,0.16,93.0,33.0,8.5,1647.0,5,89.0
9,1999,6,23,0.19,0.05,0.0,0.0,71.0,22.0,7.5,24.0,8,73.0
16,2011,11,19,0.18,0.0,0.0,0.02,85.0,8.0,7.9,60.0,2,82.0
4,2007,11,19,0.01,0.0,0.0,0.0,74.0,12.0,7.4,7.0,2,74.0
27,2010,2,23,0.9,0.31,0.0,0.11,84.0,70.0,6.7,80.0,7,75.5
15,2006,1,19,0.0,0.0,0.01,0.0,71.0,22.0,7.5,24.0,8,73.0
12,2016,6,5,0.0,0.03,0.0,0.0,86.0,33.0,8.7,288.0,1,86.5
17,2016,3,21,0.06,0.14,0.02,0.04,59.0,48.0,7.1,73.0,5,65.0
5,1994,4,17,1.57,0.62,0.55,0.34,71.0,22.0,7.5,24.0,8,73.0
4,2007,0,2,0.43,0.0,0.0,0.04,55.0,12.0,7.5,24.0,2,65.0
14,1998,3,21,0.12,0.08,0.41,0.04,71.0,22.0,7.5,24.0,8,73.0
6,2005,3,19,0.02,0.01,0.0,0.0,71.0,22.0,7.5,24.0,8,73.0
19,2013,1,29,0.01,0.09,0.0,0.03,64.0,5.0,6.6,8.0,2,65.0
12,2009,11,19,0.02,0.0,0.0,0.0,71.0,27.0,7.1,38.0,7,71.0
27,2011,10,24,2.31,0.14,0.01,0.16,90.0,42.0,7.7,134.0,1,83.5
9,1997,6,26,0.11,0.13,0.0,0.01,71.0,22.0,7.5,24.0,8,73.0
17,2016,7,18,0.07,0.04,0.07,0.02,87.0,49.0,8.2,178.0,7,84.5
25,2007,2,19,0.06,0.0,0.0,0.0,37.0,14.0,4.8,5.0,7,42.5
12,2013,6,5,0.0,0.06,0.0,0.01,80.0,17.0,5.7,571.0,1,68.5
25,2007,3,19,0.05,0.0,0.0,0.0,43.0,16.0,4.8,5.0,2,45.5
16,2011,7,27,0.26,0.1,0.06,0.05,70.0,28.0,7.0,65.0,5,70.0
4,2007,7,16,0.0,0.0,0.26,0.0,71.0,22.0,7.5,24.0,8,73.0
12,2011,7,27,0.02,0.0,0.0,0.0,81.0,26.0,7.3,399.0,2,77.0
19,2013,11,11,0.0,0.0,0.06,0.0,71.0,22.0,7.5,24.0,8,73.0
15,2002,8,10,1.45,1.29,0.12,0.46,77.0,20.0,8.5,66.0,7,81.0
16,2014,2,16,0.15,0.14,0.09,0.06,73.0,26.0,7.5,100.0,7,74.0
15,2002,6,26,0.32,0.25,0.0,0.08,47.0,11.0,6.0,6.0,7,53.5
16,2011,0,2,0.13,0.07,0.0,0.03,58.0,43.0,7.2,29.0,7,65.0
16,2011,0,29,2.71,1.85,0.11,0.81,96.0,42.0,8.6,2162.0,7,91.0
16,2011,0,23,0.07,0.01,0.0,0.01,70.0,4.0,7.0,4.0,2,70.0
17,2014,0,29,0.13,0.38,0.0,0.09,72.0,47.0,6.6,88.0,2,69.0
4,2011,9,0,0.12,0.05,0.0,0.02,51.0,5.0,7.5,24.0,1,63.0
14,1996,8,12,0.02,0.01,0.0,0.0,71.0,22.0,7.5,24.0,8,73.0
28,2002,0,10,0.18,0.05,0.0,0.01,79.0,30.0,9.1,31.0,7,85.0
25,2007,6,10,0.53,0.45,0.0,0.12,61.0,16.0,6.9,14.0,2,65.0
4,2009,3,6,0.0,0.0,0.03,0.0,71.0,22.0,7.5,24.0,8,73.0
16,2008,8,24,0.75,0.46,0.01,0.2,94.0,51.0,8.7,881.0,5,90.5
27,2008,1,19,0.0,0.0,0.03,0.0,71.0,22.0,7.5,24.0,8,73.0
28,2005,3,14,0.05,0.01,0.0,0.0,55.0,26.0,7.5,24.0,1,65.0
18,2007,5,3,0.03,0.0,0.0,0.0,55.0,35.0,6.5,6.0,7,60.0
16,2011,0,16,0.0,0.09,0.11,0.02,62.0,14.0,7.3,34.0,8,67.5
16,2013,0,21,1.23,0.63,0.04,0.35,80.0,89.0,7.5,914.0,5,77.5
15,2004,0,4,0.19,0.15,0.17,0.05,58.0,35.0,7.7,70.0,5,67.5
26,2016,7,17,0.2,0.14,0.05,0.03,75.0,72.0,6.8,208.0,1,71.5
15,2002,11,20,0.01,0.01,0.0,0.0,78.0,26.0,8.9,9.0,7,83.5
25,2009,7,19,0.12,0.0,0.06,0.01,64.0,26.0,7.8,43.0,7,71.0
4,2009,4,26,0.2,0.01,0.0,0.02,71.0,22.0,7.5,24.0,1,73.0
27,2008,10,10,0.14,0.14,0.0,0.03,63.0,48.0,6.9,18.0,1,66.0
16,2010,7,21,0.23,0.09,0.27,0.04,60.0,45.0,7.1,64.0,7,65.5
27,2006,8,26,0.0,0.0,0.01,0.0,71.0,22.0,7.5,24.0,8,73.0
25,2007,3,16,0.0,0.0,0.02,0.0,71.0,22.0,7.5,24.0,8,73.0
6,2004,6,30,0.35,0.13,0.0,0.01,62.0,4.0,7.8,8.0,1,70.0
4,2008,0,3,0.08,0.02,0.0,0.01,78.0,18.0,7.5,15.0,7,76.5
14,1998,11,10,0.03,0.02,0.03,0.01,71.0,22.0,7.5,24.0,8,73.0
28,2005,6,19,0.06,0.02,0.0,0.0,71.0,22.0,7.5,24.0,1,73.0
15,2003,6,1,0.41,0.32,0.0,0.11,68.0,19.0,7.5,24.0,1,71.5
26,2015,8,17,1.54,1.18,1.46,0.26,81.0,88.0,8.5,1184.0,2,83.0
12,2006,9,10,0.46,0.05,0.0,0.0,78.0,29.0,8.6,35.0,7,82.0
27,2011,0,19,0.08,0.05,0.0,0.01,56.0,18.0,7.8,20.0,7,67.0
29,2015,0,22,0.44,0.39,0.0,0.08,71.0,24.0,7.0,186.0,5,70.5
16,2011,7,16,0.75,0.51,0.54,0.22,89.0,54.0,8.7,1397.0,5,88.0
14,1998,6,19,0.09,0.06,0.0,0.01,71.0,22.0,7.5,24.0,8,73.0
7,2005,3,17,0.95,0.11,0.46,0.04,64.0,25.0,7.9,53.0,1,71.5
4,2008,1,19,0.24,0.0,0.0,0.02,71.0,22.0,7.5,24.0,1,73.0
18,2008,4,21,0.04,0.03,0.04,0.02,72.0,56.0,7.8,35.0,2,75.0
12,2009,0,23,0.0,0.03,0.0,0.01,72.0,24.0,6.8,380.0,5,70.0
4,2011,3,16,0.0,0.0,0.03,0.0,71.0,22.0,7.5,24.0,8,73.0
20,1995,8,20,0.0,0.0,0.34,0.0,71.0,22.0,7.5,24.0,8,73.0
15,2005,8,19,0.0,0.0,0.17,0.0,71.0,22.0,7.5,24.0,8,73.0
16,2009,0,23,0.0,0.08,0.0,0.01,71.0,22.0,7.5,24.0,8,73.0
27,2006,7,24,2.82,1.03,0.13,0.4,94.0,90.0,8.7,1109.0,5,90.5
6,2002,2,4,0.11,0.04,0.0,0.0,83.0,17.0,7.8,10.0,7,80.5
4,2010,3,23,0.17,0.0,0.0,0.01,71.0,22.0,7.5,24.0,8,73.0
4,2008,3,19,0.0,0.0,0.01,0.0,71.0,22.0,7.5,24.0,8,73.0
25,2007,7,22,0.09,0.0,0.11,0.01,76.0,34.0,8.0,20.0,2,78.0
15,2007,10,10,0.59,0.02,0.01,0.1,68.0,10.0,6.6,9.0,1,67.0
25,2007,1,16,0.07,0.0,0.11,0.01,67.0,17.0,8.5,32.0,7,76.0
4,2006,3,19,0.0,0.0,0.03,0.0,71.0,22.0,7.5,24.0,8,73.0
27,2006,10,24,0.53,0.0,0.0,0.04,84.0,46.0,7.8,67.0,1,81.0
16,2007,10,10,0.12,0.01,0.0,0.02,81.0,31.0,6.5,16.0,1,73.0
22,1996,7,19,0.0,0.0,0.04,0.0,71.0,22.0,7.5,24.0,8,73.0
17,2015,8,19,0.05,0.12,0.0,0.03,62.0,26.0,6.8,88.0,8,65.0
4,2008,10,12,0.0,0.0,0.02,0.0,71.0,22.0,7.5,24.0,8,73.0
27,2011,2,19,0.07,0.0,0.0,0.01,71.0,22.0,7.5,24.0,8,73.0
6,2005,4,2,0.06,0.02,0.0,0.0,71.0,22.0,7.5,24.0,8,73.0
5,1999,0,17,0.0,0.0,0.31,0.0,71.0,22.0,7.5,24.0,8,73.0
12,2010,8,10,0.2,0.23,0.0,0.06,72.0,26.0,6.4,516.0,5,68.0
4,2010,7,19,0.0,0.0,0.12,0.0,71.0,22.0,7.5,24.0,8,73.0
4,2009,3,19,0.37,0.0,0.0,0.03,71.0,22.0,7.5,24.0,8,73.0
18,2010,7,18,0.06,0.0,0.03,0.01,65.0,16.0,7.3,11.0,7,69.0
16,2012,0,12,0.21,0.15,0.04,0.06,64.0,41.0,6.9,262.0,5,66.5
4,2009,3,19,0.5,0.0,0.0,0.04,71.0,22.0,7.5,24.0,1,73.0
15,2004,2,4,0.32,0.25,0.0,0.08,78.0,30.0,8.7,20.0,7,82.5
6,2004,10,17,0.32,0.12,0.0,0.01,84.0,38.0,8.6,14.0,1,85.0
16,2011,10,24,0.15,0.03,0.0,0.02,72.0,13.0,6.3,9.0,1,67.5
20,1994,4,20,0.0,0.0,0.09,0.0,71.0,22.0,7.5,24.0,8,73.0
28,2006,0,28,0.37,0.11,0.0,0.02,76.0,41.0,8.4,46.0,5,80.0
15,2003,0,1,0.06,0.05,0.0,0.02,65.0,19.0,5.8,8.0,5,61.5
15,2007,10,10,0.65,0.03,0.0,0.11,83.0,6.0,8.3,23.0,1,83.0
27,2015,10,2,0.06,0.0,0.0,0.01,71.0,22.0,2.8,10.0,7,49.5
6,2004,6,23,0.32,0.12,0.0,0.01,71.0,22.0,7.5,24.0,1,73.0
15,2002,7,19,0.0,0.0,0.54,0.0,71.0,22.0,7.5,24.0,8,73.0
25,2007,4,12,0.14,0.0,0.01,0.01,67.0,29.0,6.3,15.0,1,65.0
16,2012,1,19,0.0,0.0,0.01,0.0,71.0,22.0,7.5,24.0,8,73.0
14,1999,9,21,0.22,0.15,0.4,0.05,71.0,22.0,7.5,24.0,8,73.0
25,2007,10,4,0.19,0.0,0.03,0.02,71.0,22.0,7.5,24.0,8,73.0
4,2009,0,23,0.07,0.07,0.0,0.01,71.0,22.0,7.5,24.0,1,73.0
14,1999,3,26,0.14,0.1,0.0,0.02,71.0,22.0,7.5,24.0,8,73.0
7,2002,0,9,0.04,0.01,0.0,0.0,71.0,15.0,7.5,24.0,5,73.0
17,2015,10,10,0.36,0.16,0.0,0.11,78.0,28.0,5.5,157.0,2,66.5
14,1998,6,10,1.45,0.04,0.0,0.04,71.0,22.0,7.5,24.0,8,73.0
16,2009,2,16,1.2,0.97,0.17,0.42,79.0,63.0,7.4,211.0,7,76.5
17,2016,4,21,0.5,0.76,0.04,0.24,71.0,22.0,7.5,24.0,8,73.0
26,2012,4,19,0.0,0.03,0.0,0.0,71.0,22.0,7.5,24.0,8,73.0
27,2013,0,25,0.09,0.05,0.0,0.01,65.0,21.0,7.5,35.0,7,70.0
0,1981,10,3,0.2,0.01,0.0,0.0,71.0,22.0,7.5,24.0,8,73.0
15,2003,10,19,0.37,0.29,0.0,0.1,71.0,22.0,9.0,40.0,7,80.5
7,2002,2,16,0.04,0.01,0.08,0.0,71.0,22.0,7.5,24.0,8,73.0
16,2008,1,21,0.0,0.0,0.04,0.0,71.0,22.0,7.5,24.0,8,73.0
4,2009,5,16,0.0,0.0,0.04,0.0,71.0,22.0,7.5,24.0,8,73.0
19,2014,1,12,0.0,0.0,0.03,0.0,71.0,22.0,7.5,24.0,8,73.0
25,2008,8,2,1.17,0.58,0.0,0.18,83.0,19.0,7.6,78.0,5,79.5
2,2011,7,16,0.0,0.0,0.16,0.0,71.0,22.0,7.5,24.0,8,73.0
18,2010,1,11,0.0,0.0,0.01,0.0,71.0,22.0,7.5,24.0,8,73.0
15,2003,3,16,0.0,0.0,0.44,0.0,71.0,22.0,7.5,24.0,8,73.0
25,2006,4,26,0.06,0.0,0.0,0.01,49.0,5.0,5.6,7.0,2,52.5
4,2007,5,17,0.17,0.02,0.3,0.02,83.0,33.0,8.7,36.0,1,85.0
25,2009,9,26,0.12,0.06,0.0,0.02,81.0,24.0,8.5,15.0,2,83.0
18,2007,6,20,0.03,0.15,0.0,0.07,74.0,14.0,7.2,9.0,1,73.0
4,2010,0,12,0.0,0.0,0.03,0.0,71.0,22.0,7.5,24.0,8,73.0
9,2000,11,17,0.13,0.03,0.0,0.0,71.0,22.0,7.5,24.0,8,73.0
4,2005,8,19,0.01,0.0,0.0,0.0,49.0,9.0,5.2,5.0,1,50.5
15,2005,0,15,0.09,0.07,0.0,0.02,75.0,37.0,8.0,23.0,5,77.5
2,2011,6,8,0.21,0.0,0.0,0.02,71.0,22.0,7.5,24.0,8,73.0
4,2004,10,10,0.24,0.0,0.0,0.02,68.0,25.0,7.7,7.0,1,72.5
16,2008,2,15,0.22,0.12,0.0,0.06,71.0,22.0,7.5,24.0,8,73.0
28,2004,4,28,0.11,0.03,0.0,0.01,66.0,30.0,8.7,29.0,1,76.5
20,1995,1,19,0.0,0.0,0.06,0.0,71.0,22.0,7.5,24.0,8,73.0
15,2006,11,19,0.01,0.0,0.03,0.0,53.0,10.0,7.5,24.0,2,64.0
17,2016,8,10,0.34,0.25,0.05,0.12,89.0,56.0,8.4,704.0,5,86.5
14,1997,1,19,0.07,0.05,0.0,0.01,71.0,22.0,7.5,24.0,8,73.0
29,2013,10,10,0.67,0.05,0.0,0.08,73.0,18.0,5.9,111.0,1,66.0
15,2004,3,12,0.22,0.17,0.0,0.06,71.0,22.0,7.5,24.0,8,73.0
12,2011,10,10,0.0,0.03,0.0,0.01,72.0,11.0,3.9,24.0,1,55.5
6,2006,4,8,0.09,0.03,0.0,0.0,71.0,22.0,7.5,24.0,8,73.0
15,2005,3,19,0.16,0.13,0.0,0.04,67.0,20.0,7.5,24.0,7,71.0
15,2004,7,22,0.12,0.09,0.0,0.03,77.0,13.0,8.0,10.0,7,78.5
15,2003,4,26,0.14,0.11,0.0,0.04,76.0,21.0,8.6,38.0,1,81.0
4,2008,7,12,0.04,0.01,0.48,0.0,69.0,13.0,7.6,9.0,2,72.5
27,2011,9,12,0.08,0.0,0.0,0.01,71.0,22.0,7.5,24.0,2,73.0
4,2008,7,25,0.16,0.0,0.02,0.01,72.0,36.0,7.6,19.0,2,74.0
4,2011,8,19,0.02,0.0,0.0,0.0,71.0,22.0,7.5,24.0,1,73.0
15,2002,10,19,0.53,0.41,0.0,0.14,71.0,22.0,7.5,24.0,1,73.0
15,2004,10,1,0.06,0.04,0.0,0.01,71.0,22.0,7.5,24.0,8,73.0
17,2016,0,26,0.03,0.26,0.0,0.05,81.0,52.0,7.9,110.0,1,80.0
9,1999,8,2,0.13,0.03,0.0,0.0,71.0,22.0,7.5,24.0,8,73.0
14,1995,2,19,0.0,0.0,0.33,0.02,71.0,22.0,7.5,24.0,8,73.0
6,2002,10,26,0.03,0.01,0.0,0.0,71.0,22.0,7.5,24.0,1,73.0
14,1998,1,24,0.06,0.04,0.0,0.01,71.0,22.0,7.5,24.0,8,73.0
16,2012,0,22,0.59,1.05,0.07,0.44,83.0,30.0,7.5,511.0,5,79.0
25,2011,0,26,0.12,0.16,0.0,0.04,71.0,22.0,5.7,6.0,2,64.0
16,2010,10,10,2.04,0.15,0.0,0.2,83.0,36.0,6.1,68.0,1,72.0
22,1995,10,25,0.0,0.0,0.3,0.0,71.0,22.0,7.5,24.0,8,73.0
15,2004,1,8,0.17,0.13,0.0,0.04,65.0,34.0,8.6,20.0,2,75.5
27,2011,6,26,0.25,0.37,0.0,0.07,80.0,63.0,7.6,130.0,7,78.0
18,2010,7,19,0.18,0.01,0.1,0.03,58.0,10.0,8.1,39.0,7,69.5
15,2008,0,2,0.24,0.0,0.0,0.41,73.0,6.0,8.6,5.0,2,79.5
14,1995,8,21,0.0,0.0,0.15,0.01,71.0,22.0,7.5,24.0,8,73.0
4,2009,10,24,0.06,0.01,0.0,0.01,71.0,4.0,7.8,5.0,7,74.5
16,2014,7,18,0.05,0.01,0.0,0.01,71.0,18.0,7.3,27.0,7,72.0
4,2011,11,12,0.1,0.03,0.07,0.01,71.0,22.0,7.5,24.0,8,73.0
28,2003,2,14,0.21,0.06,0.0,0.01,65.0,32.0,6.5,8.0,5,65.0
14,1998,7,2,0.07,0.05,0.0,0.01,71.0,22.0,7.5,24.0,8,73.0
16,2013,3,20,0.08,0.0,0.19,0.02,73.0,10.0,8.4,108.0,7,78.5
15,2001,10,12,0.18,0.14,0.0,0.05,58.0,15.0,7.8,14.0,1,68.0
18,2011,1,19,0.0,0.0,0.03,0.0,71.0,22.0,7.5,24.0,8,73.0
6,2005,0,23,0.02,0.01,0.0,0.0,71.0,22.0,7.5,24.0,1,73.0
4,2007,7,22,0.3,0.02,1.27,0.03,80.0,44.0,7.9,50.0,2,79.5
25,2008,6,19,0.07,0.4,0.0,0.07,71.0,22.0,7.5,24.0,8,73.0
6,2002,4,16,0.02,0.01,0.0,0.0,78.0,20.0,9.3,6.0,1,85.5
6,2004,1,8,0.54,0.2,0.0,0.01,39.0,6.0,7.6,5.0,1,57.5
4,2009,0,13,0.02,0.0,0.0,0.0,71.0,22.0,7.5,24.0,8,73.0
18,2004,3,21,0.13,0.15,0.0,0.05,51.0,48.0,5.8,4.0,2,54.5
16,2008,10,10,0.08,0.18,0.0,0.06,63.0,37.0,6.9,19.0,1,66.0
16,2013,7,19,0.0,0.0,0.01,0.0,71.0,22.0,7.5,24.0,8,73.0
4,2008,0,19,0.06,0.0,0.0,0.0,55.0,23.0,7.0,5.0,2,62.5
14,1996,10,19,0.02,0.01,0.0,0.0,71.0,22.0,7.5,24.0,8,73.0
18,2004,7,16,0.03,0.0,0.11,0.0,63.0,25.0,6.9,11.0,2,66.0
12,2013,0,12,0.0,0.1,0.0,0.01,74.0,9.0,4.4,239.0,1,59.0
27,2011,10,10,0.55,0.1,0.0,0.05,86.0,56.0,7.0,72.0,2,78.0
29,2016,0,29,0.14,0.13,0.0,0.02,76.0,11.0,7.0,18.0,2,73.0
18,2007,7,22,0.39,0.02,0.13,0.04,67.0,34.0,7.7,47.0,2,72.0
12,2009,9,26,0.0,0.32,0.0,0.06,82.0,32.0,8.8,132.0,7,85.0
19,2016,7,19,0.0,0.0,0.02,0.0,71.0,22.0,7.5,24.0,8,73.0
14,1999,4,19,0.17,0.12,0.0,0.02,71.0,22.0,7.5,24.0,8,73.0
15,2003,2,20,0.02,0.01,0.0,0.0,71.0,22.0,7.5,24.0,8,73.0
2,2014,4,17,0.61,0.34,0.79,0.09,80.0,68.0,8.8,206.0,1,84.0
2,2011,9,0,0.5,0.07,0.0,0.05,56.0,6.0,6.0,7.0,1,58.0
27,2008,10,19,0.56,0.0,0.0,0.05,70.0,28.0,5.9,34.0,1,64.5
15,2007,7,18,0.03,0.02,0.0,0.01,69.0,20.0,7.5,41.0,2,72.0
14,2000,10,19,0.03,0.02,0.0,0.0,57.0,5.0,7.5,24.0,1,66.0
18,2010,7,19,0.0,0.0,0.16,0.0,71.0,22.0,7.5,24.0,8,73.0
15,2005,6,12,0.07,0.06,0.0,0.02,70.0,43.0,7.6,17.0,1,73.0
4,2010,3,3,0.13,0.0,0.0,0.01,71.0,22.0,7.5,24.0,8,73.0
5,1994,4,17,1.97,0.76,1.07,0.11,71.0,22.0,7.5,24.0,8,73.0
4,2008,0,2,0.56,0.56,0.0,0.14,71.0,22.0,7.5,24.0,8,73.0
6,2004,3,27,0.17,0.06,0.0,0.0,71.0,22.0,7.5,24.0,8,73.0
27,2008,4,20,0.54,0.32,0.0,0.09,60.0,50.0,7.8,238.0,2,69.0
12,2005,8,2,0.0,0.02,0.0,0.0,81.0,62.0,7.6,281.0,5,78.5
4,2009,9,19,0.03,0.0,0.0,0.0,71.0,22.0,7.5,24.0,1,73.0
19,2013,0,16,0.0,0.0,0.12,0.0,71.0,22.0,7.5,24.0,8,73.0
18,2008,3,26,0.11,0.0,0.0,0.01,64.0,4.0,8.4,18.0,1,74.0
12,2006,11,26,0.0,0.03,0.0,0.01,77.0,41.0,7.9,349.0,7,78.0
19,2015,0,25,0.0,0.0,0.06,0.0,71.0,22.0,7.5,24.0,7,73.0
4,2009,5,19,0.0,0.0,0.2,0.0,71.0,22.0,7.5,24.0,8,73.0
15,2006,10,21,0.17,0.13,0.55,0.05,70.0,44.0,8.1,8.0,1,75.5
25,2008,10,2,0.2,0.0,0.0,0.02,61.0,5.0,7.5,24.0,1,68.0
27,2009,8,19,0.09,0.01,0.0,0.01,28.0,33.0,2.8,64.0,5,28.0
12,2008,9,7,0.0,0.02,0.0,0.0,73.0,16.0,7.9,222.0,7,76.0
9,2001,4,23,0.53,0.22,0.0,0.02,71.0,22.0,7.5,24.0,8,73.0
2,2014,7,19,0.07,0.02,0.0,0.01,71.0,22.0,7.5,24.0,8,73.0
7,2002,10,20,0.12,0.03,0.0,0.0,84.0,11.0,7.5,24.0,1,79.5
19,2015,1,19,0.0,0.0,0.02,0.0,71.0,22.0,7.5,24.0,8,73.0
22,1991,0,17,2.42,0.91,1.15,0.13,71.0,22.0,7.5,24.0,8,73.0
6,2005,10,19,0.12,0.04,0.0,0.0,71.0,22.0,7.5,24.0,8,73.0
15,2001,4,19,0.07,0.05,0.0,0.02,58.0,7.0,3.5,6.0,1,46.5
28,2003,7,2,1.68,0.44,0.0,0.08,94.0,72.0,9.2,317.0,7,93.0
15,2011,1,19,0.0,0.0,0.01,0.0,71.0,22.0,7.5,24.0,8,73.0
4,2010,7,19,0.0,0.0,0.05,0.0,71.0,22.0,7.5,24.0,8,73.0
6,2004,1,4,0.0,0.0,0.16,0.0,71.0,22.0,7.5,24.0,8,73.0
22,1993,7,19,0.0,0.0,0.11,0.0,71.0,22.0,7.5,24.0,8,73.0
6,2005,6,23,0.09,0.03,0.0,0.0,71.0,22.0,7.5,24.0,8,73.0
16,2010,3,21,0.0,0.07,0.0,0.02,71.0,22.0,7.5,24.0,8,73.0
18,2012,11,16,0.0,0.0,0.31,0.0,71.0,22.0,7.5,24.0,8,73.0
4,2010,3,2,0.12,0.0,0.0,0.01,71.0,22.0,7.5,24.0,1,73.0
28,2007,10,10,0.22,0.06,0.0,0.01,76.0,6.0,6.0,4.0,1,68.0
7,2002,1,28,0.15,0.04,0.06,0.01,81.0,19.0,8.5,15.0,1,83.0
4,2006,7,17,1.28,0.03,0.73,0.12,69.0,21.0,7.6,50.0,1,72.5
4,2006,3,0,0.13,0.0,0.0,0.01,38.0,4.0,7.5,24.0,1,56.5
28,2006,8,9,0.01,0.0,0.0,0.0,71.0,37.0,8.5,11.0,7,78.0
28,2003,8,28,0.13,0.04,0.0,0.01,82.0,35.0,8.7,15.0,7,84.5
15,2002,10,19,0.0,0.0,0.05,0.0,71.0,22.0,7.5,24.0,8,73.0
6,2002,6,19,0.19,0.07,0.0,0.0,78.0,4.0,7.5,24.0,1,76.5
12,2013,8,24,0.0,0.05,0.0,0.0,66.0,45.0,6.5,621.0,5,65.5
16,2013,8,2,4.1,3.63,0.38,1.25,71.0,10.0,2.6,1047.0,5,48.5
17,2016,10,10,0.19,0.08,0.0,0.06,78.0,26.0,5.8,67.0,2,68.0
15,2002,10,20,0.09,0.07,0.0,0.02,68.0,13.0,7.5,24.0,1,71.5
4,2006,0,15,0.27,0.01,0.0,0.02,71.0,22.0,0.3,9.0,1,37.0
14,1999,3,19,0.01,0.01,0.0,0.0,71.0,22.0,7.5,24.0,8,73.0
14,1999,6,26,0.99,0.16,0.0,0.04,71.0,22.0,7.5,24.0,8,73.0
18,2007,11,19,0.05,0.0,0.01,0.01,69.0,29.0,6.5,6.0,2,67.0
19,2014,0,19,0.0,0.0,0.05,0.0,71.0,22.0,7.5,24.0,8,73.0
12,2003,9,10,0.01,0.24,0.0,0.03,84.0,36.0,8.7,268.0,1,85.5
27,2011,4,26,0.38,0.32,0.0,0.08,87.0,55.0,8.2,209.0,2,84.5
25,2009,0,16,0.17,0.0,0.0,0.01,71.0,33.0,8.2,5.0,1,76.5
14,1998,6,19,0.07,0.04,0.0,0.01,71.0,22.0,7.5,24.0,8,73.0
4,2010,2,19,0.0,0.0,0.05,0.0,71.0,22.0,7.5,24.0,8,73.0
6,2004,11,3,0.08,0.03,0.0,0.0,71.0,22.0,6.8,8.0,1,69.5
4,2006,9,19,0.02,0.0,0.0,0.0,46.0,7.0,7.7,6.0,2,61.5
4,2011,0,8,0.34,0.46,0.0,0.1,69.0,5.0,7.5,24.0,2,72.0
4,2006,1,4,0.21,0.04,0.26,0.03,71.0,22.0,7.5,24.0,8,73.0
26,2016,3,26,0.03,0.06,0.0,0.01,71.0,22.0,7.5,24.0,2,73.0
25,2010,8,27,0.01,0.01,0.0,0.0,71.0,22.0,7.5,24.0,7,73.0
17,2016,0,4,0.0,0.0,0.03,0.0,71.0,22.0,7.5,24.0,8,73.0
25,2008,9,26,0.22,0.0,0.0,0.02,71.0,22.0,7.5,24.0,1,73.0
12,2007,6,2,0.01,0.0,0.0,0.0,71.0,22.0,5.8,5.0,8,64.5
9,2000,0,23,0.29,0.06,0.0,0.0,71.0,22.0,7.5,24.0,8,73.0
4,2008,1,17,0.75,0.39,0.0,0.12,65.0,28.0,7.5,24.0,1,70.0
5,2000,4,17,1.04,0.72,0.3,0.13,71.0,22.0,7.5,24.0,8,73.0
4,2006,0,12,0.05,0.0,0.0,0.0,58.0,7.0,7.5,24.0,1,66.5
16,2014,0,16,0.0,0.0,0.06,0.0,71.0,22.0,7.5,24.0,8,73.0
18,2009,7,19,0.14,0.0,0.08,0.02,79.0,27.0,8.5,65.0,7,82.0
16,2007,0,10,0.18,0.03,0.0,0.03,67.0,35.0,6.6,25.0,2,66.5
15,2006,3,10,0.28,0.21,0.0,0.07,71.0,22.0,7.5,24.0,2,73.0
14,1998,11,12,0.02,0.01,0.0,0.0,71.0,22.0,7.5,24.0,8,73.0
15,2002,6,10,1.68,0.31,0.02,0.09,89.0,31.0,8.5,92.0,1,87.0
28,2005,0,24,1.26,0.61,0.0,0.09,93.0,58.0,8.6,118.0,0,89.5
18,2008,11,16,0.0,0.0,0.16,0.0,71.0,22.0,7.5,24.0,8,73.0
27,2011,3,14,0.27,0.06,0.0,0.03,71.0,22.0,7.5,24.0,8,73.0
12,2003,9,14,0.02,0.02,0.0,0.01,85.0,39.0,9.0,185.0,7,87.5
18,2006,6,10,0.87,0.97,0.0,0.58,73.0,14.0,7.9,39.0,2,76.0
16,2014,6,19,0.02,0.01,0.0,0.0,58.0,4.0,3.5,4.0,1,46.5
27,2011,3,0,0.1,0.01,0.0,0.01,71.0,22.0,7.5,24.0,1,73.0
25,2010,8,26,0.35,0.2,0.01,0.06,80.0,73.0,8.6,178.0,7,83.0
25,2007,4,28,0.18,0.02,0.0,0.02,60.0,8.0,6.4,15.0,2,62.0
16,2010,0,4,0.18,0.12,0.0,0.05,59.0,50.0,6.0,36.0,7,59.5
17,2016,1,2,0.01,0.0,0.0,0.0,71.0,22.0,7.5,24.0,2,73.0
26,2012,0,8,0.13,0.07,0.01,0.02,57.0,14.0,5.6,46.0,1,56.5
18,2011,11,19,0.0,0.0,0.01,0.0,71.0,22.0,7.5,24.0,8,73.0
4,2006,11,23,0.05,0.02,0.0,0.01,64.0,24.0,7.0,16.0,2,67.0
17,2015,7,7,0.0,0.05,0.0,0.01,71.0,22.0,7.5,24.0,8,73.0
15,2009,1,11,0.0,0.0,0.01,0.0,71.0,22.0,7.5,24.0,8,73.0
16,2011,3,16,0.0,0.0,0.08,0.0,71.0,22.0,7.5,24.0,8,73.0
4,2008,11,25,0.0,0.0,0.03,0.0,71.0,22.0,7.5,24.0,8,73.0
14,1998,9,12,0.0,0.0,0.56,0.04,71.0,22.0,7.5,24.0,8,73.0
15,2002,0,21,1.23,1.77,0.05,0.49,72.0,49.0,6.8,88.0,5,70.0
22,1993,10,25,0.0,0.0,0.53,0.0,71.0,22.0,7.5,24.0,8,73.0
15,2003,11,10,0.09,0.07,0.0,0.02,66.0,17.0,8.4,30.0,7,75.0
22,1994,2,19,0.0,0.0,0.4,0.0,71.0,22.0,7.5,24.0,8,73.0
16,2006,9,19,0.0,0.0,0.01,0.0,71.0,22.0,7.5,24.0,8,73.0
7,2003,2,19,0.53,0.14,0.0,0.02,72.0,21.0,8.1,20.0,7,76.5
15,2007,2,3,1.15,0.0,0.76,1.09,73.0,24.0,9.2,173.0,7,82.5
14,1999,0,19,0.66,0.48,0.01,0.06,71.0,22.0,7.5,24.0,8,73.0
19,2016,7,18,0.0,0.0,0.03,0.0,71.0,22.0,7.5,24.0,8,73.0
25,2008,10,3,0.04,0.0,0.0,0.0,37.0,4.0,7.8,5.0,1,57.5
15,2002,8,19,0.98,0.53,0.0,0.06,55.0,10.0,8.6,45.0,7,70.5
4,2009,1,12,0.09,0.0,0.0,0.01,56.0,14.0,8.8,4.0,7,72.0
16,2011,0,19,0.11,0.06,0.08,0.03,78.0,46.0,7.5,40.0,7,76.5
19,2014,1,19,0.0,0.0,0.03,0.0,71.0,22.0,7.5,24.0,8,73.0
28,2002,10,1,0.08,0.02,0.0,0.0,58.0,26.0,7.8,9.0,5,68.0
27,2010,6,2,0.25,0.27,0.0,0.06,82.0,78.0,8.3,169.0,2,82.5
4,2009,11,7,0.02,0.0,0.0,0.0,71.0,22.0,7.5,24.0,1,73.0
15,2008,3,21,0.23,0.04,0.0,1.09,64.0,11.0,7.5,24.0,7,69.5
15,2007,6,4,0.05,0.04,0.0,0.01,62.0,26.0,9.1,7.0,1,76.5
6,2005,9,26,0.18,0.06,0.0,0.0,71.0,22.0,7.9,8.0,1,75.0
7,2004,8,19,0.12,0.03,0.0,0.0,56.0,11.0,6.7,7.0,7,61.5
15,2003,2,16,1.06,0.62,0.13,0.25,92.0,41.0,8.8,120.0,7,90.0
6,2006,4,28,0.18,0.07,0.0,0.0,71.0,22.0,7.5,24.0,1,73.0
28,2002,0,20,0.13,0.04,0.03,0.01,88.0,36.0,8.2,102.0,7,85.0
2,2011,9,17,0.4,0.36,0.13,0.07,71.0,64.0,7.4,88.0,1,72.5
16,2007,3,21,0.45,0.56,0.0,0.12,82.0,48.0,5.9,15.0,7,70.5
4,2008,10,20,0.0,0.0,0.19,0.0,71.0,22.0,7.5,24.0,8,73.0
27,2010,8,20,0.19,0.16,0.03,0.04,84.0,70.0,8.4,182.0,5,84.0
2,2013,0,16,0.0,0.0,0.35,0.0,71.0,22.0,7.5,24.0,8,73.0
16,2008,0,8,0.14,0.01,0.0,0.02,56.0,16.0,5.6,8.0,7,56.0
15,2005,3,21,0.31,0.24,0.0,0.08,71.0,22.0,7.5,24.0,8,73.0
6,2003,4,23,0.24,0.09,0.0,0.01,72.0,21.0,8.1,18.0,1,76.5
15,2006,7,25,0.22,0.03,0.0,0.2,86.0,52.0,8.4,116.0,5,85.0
18,2008,7,19,0.0,0.0,0.02,0.0,71.0,22.0,7.5,24.0,8,73.0
12,2013,0,26,0.22,0.38,0.0,0.05,84.0,10.0,7.7,1470.0,5,80.5
19,2014,7,22,0.0,0.0,0.06,0.0,71.0,22.0,7.5,24.0,8,73.0
4,2009,10,19,0.0,0.0,0.01,0.0,71.0,22.0,7.5,24.0,8,73.0
17,2016,9,16,0.0,0.0,0.1,0.0,71.0,22.0,7.5,24.0,8,73.0
14,1998,6,19,0.19,0.13,0.0,0.02,71.0,22.0,7.5,24.0,8,73.0
27,2010,8,13,0.04,0.0,0.0,0.0,38.0,8.0,1.7,10.0,7,27.5
25,2008,3,2,1.03,0.14,0.0,0.1,73.0,16.0,7.2,19.0,7,72.5
18,2006,3,21,0.0,0.0,0.02,0.0,71.0,22.0,7.5,24.0,8,73.0
14,2000,0,9,0.23,0.15,0.29,0.05,39.0,10.0,7.0,47.0,5,54.5
15,2000,6,1,0.08,0.06,0.0,0.02,49.0,13.0,7.6,7.0,1,62.5
4,2008,1,19,0.02,0.0,0.0,0.0,47.0,12.0,7.5,24.0,7,61.0
14,1996,3,19,0.02,0.01,0.0,0.0,71.0,22.0,7.5,24.0,8,73.0
7,2004,8,26,0.04,0.01,0.0,0.0,68.0,25.0,8.2,5.0,5,75.0
25,2009,3,19,0.0,0.12,0.0,0.01,71.0,22.0,7.5,24.0,8,73.0
27,2011,8,23,0.83,0.48,0.02,0.12,70.0,85.0,6.0,399.0,5,65.0
15,2002,8,19,0.13,0.1,0.0,0.03,56.0,16.0,7.0,4.0,5,63.0
25,2009,7,2,0.25,0.05,0.0,0.03,50.0,8.0,5.2,16.0,7,51.0
14,1995,10,19,0.0,0.0,0.1,0.01,71.0,22.0,7.5,24.0,8,73.0
9,1997,6,19,0.06,0.01,0.0,0.0,71.0,22.0,7.5,24.0,8,73.0
19,2014,1,11,0.0,0.0,0.05,0.0,71.0,22.0,7.5,24.0,8,73.0
14,1996,6,19,0.73,0.5,0.0,0.09,71.0,22.0,7.5,24.0,8,73.0
28,2002,4,19,0.59,0.57,0.0,0.07,70.0,16.0,8.1,19.0,1,75.5
20,1996,1,19,0.0,0.0,0.36,0.0,71.0,22.0,7.5,24.0,8,73.0
25,2008,2,10,0.19,0.01,0.0,0.02,61.0,15.0,5.6,7.0,7,58.5
16,2016,0,16,0.0,0.0,0.04,0.0,71.0,22.0,7.5,24.0,8,73.0
25,2010,10,10,0.23,0.25,0.0,0.06,84.0,29.0,8.3,23.0,1,83.5
25,2010,3,13,0.06,0.0,0.0,0.0,71.0,22.0,7.5,24.0,8,73.0
7,2005,1,17,0.11,0.03,0.0,0.0,66.0,43.0,8.5,23.0,5,75.5
0,1981,0,2,0.37,0.02,0.0,0.0,71.0,22.0,7.5,24.0,8,73.0
9,2001,9,17,0.0,0.0,0.26,0.05,71.0,22.0,7.5,24.0,8,73.0
14,1998,2,1,2.47,0.76,0.0,0.13,71.0,22.0,7.5,24.0,8,73.0
27,2014,7,7,0.03,0.02,0.0,0.0,51.0,11.0,4.1,42.0,5,46.0
27,2009,10,12,0.12,0.58,0.03,0.08,78.0,34.0,7.6,29.0,1,77.0
18,2006,5,0,0.08,0.0,0.0,0.01,71.0,22.0,7.5,24.0,1,73.0
6,2005,10,19,0.02,0.01,0.0,0.0,71.0,22.0,7.5,24.0,8,73.0
7,2005,4,2,0.52,0.13,0.0,0.02,70.0,21.0,7.5,24.0,2,72.5
28,2003,6,9,0.06,0.02,0.0,0.0,54.0,22.0,5.8,5.0,7,56.0
25,2007,0,4,1.32,0.56,0.14,0.2,71.0,22.0,7.5,24.0,8,73.0
15,2005,3,16,2.08,1.35,0.0,0.54,61.0,21.0,7.5,24.0,2,68.0
18,2007,5,6,0.02,0.0,0.0,0.0,60.0,18.0,7.5,24.0,1,67.5
16,2008,3,12,0.11,0.0,0.0,0.01,71.0,22.0,7.5,24.0,2,73.0
18,2009,2,23,0.17,0.01,0.0,0.02,51.0,7.0,7.5,24.0,2,63.0
27,2006,10,10,0.42,0.0,0.0,0.04,59.0,32.0,4.9,60.0,1,54.0
28,2002,6,19,0.02,0.01,0.0,0.0,60.0,7.0,7.5,24.0,1,67.5
12,2011,5,19,0.02,0.0,0.0,0.0,71.0,22.0,7.5,24.0,1,73.0
4,2008,10,2,0.06,0.0,0.0,0.0,61.0,5.0,7.5,24.0,1,68.0
27,2006,9,26,0.36,0.02,0.0,0.03,66.0,58.0,7.9,53.0,7,72.5
16,2013,7,18,0.0,0.0,0.02,0.0,71.0,22.0,7.5,24.0,8,73.0
28,2004,10,19,0.15,0.04,0.0,0.01,74.0,41.0,7.5,24.0,5,74.5
4,2010,9,19,0.04,0.01,0.0,0.0,71.0,22.0,7.5,24.0,1,73.0
18,2013,1,19,0.0,0.0,0.01,0.0,71.0,22.0,7.5,24.0,8,73.0
15,2001,6,19,0.09,0.07,0.02,0.02,75.0,19.0,7.6,9.0,1,75.5
2,2011,7,19,0.0,0.0,0.04,0.0,65.0,8.0,7.8,16.0,7,71.5
16,2009,1,8,0.14,0.06,0.0,0.03,71.0,22.0,3.4,17.0,1,52.5
16,2012,0,19,0.72,0.52,0.04,0.25,89.0,35.0,7.9,781.0,5,84.0
19,2014,0,21,0.0,0.08,0.12,0.02,82.0,24.0,8.4,125.0,5,83.0
2,2015,0,4,0.0,0.0,0.14,0.0,71.0,22.0,7.5,24.0,8,73.0
7,2002,4,23,0.03,0.01,0.0,0.0,71.0,22.0,7.5,24.0,8,73.0
4,2009,3,19,0.04,0.02,0.0,0.01,71.0,22.0,7.5,24.0,1,73.0
27,2009,8,6,0.1,0.01,0.0,0.01,53.0,53.0,7.0,27.0,7,61.5
7,2005,0,20,0.05,0.01,0.0,0.0,73.0,24.0,8.3,15.0,5,78.0
15,2005,2,19,0.16,0.13,0.0,0.04,66.0,21.0,8.8,6.0,7,77.0
25,2009,0,19,0.05,0.04,0.0,0.01,71.0,22.0,7.5,24.0,1,73.0
14,2001,5,26,0.03,0.02,0.0,0.0,71.0,22.0,7.5,24.0,8,73.0
28,2005,6,15,0.11,0.03,0.0,0.01,59.0,36.0,3.0,4.0,7,44.5
15,2004,7,26,0.1,0.08,0.0,0.03,76.0,44.0,8.6,14.0,7,81.0
6,2001,4,19,0.2,0.08,0.0,0.01,72.0,10.0,5.7,6.0,1,64.5
20,1995,2,16,0.0,0.0,0.15,0.0,71.0,22.0,7.5,24.0,8,73.0
16,2011,3,26,0.25,0.19,0.0,0.08,66.0,11.0,8.4,16.0,2,75.0
4,2010,5,6,0.37,0.05,0.0,0.03,71.0,22.0,7.5,24.0,8,73.0
4,2010,9,19,0.0,0.0,0.01,0.0,71.0,22.0,7.5,24.0,8,73.0
15,2009,2,16,0.0,0.0,0.11,0.0,71.0,22.0,7.5,24.0,8,73.0
27,2010,0,24,1.84,0.12,0.01,0.13,89.0,50.0,8.1,100.0,1,85.0
19,2013,0,19,0.0,0.01,0.09,0.0,85.0,17.0,7.8,112.0,7,81.5
14,2000,6,19,0.06,0.04,0.0,0.01,71.0,22.0,7.5,24.0,8,73.0
19,2012,7,19,0.0,0.0,0.04,0.0,71.0,22.0,7.5,24.0,8,73.0
27,2011,0,10,0.1,0.06,0.01,0.02,76.0,76.0,8.4,139.0,5,80.0
7,2004,10,19,0.02,0.01,0.0,0.0,71.0,22.0,7.5,24.0,8,73.0
16,2009,8,2,0.28,0.3,0.0,0.12,71.0,22.0,7.5,24.0,8,73.0
4,2009,8,2,0.36,0.02,0.0,0.03,71.0,22.0,7.5,24.0,8,73.0
15,2001,10,12,0.06,0.9,0.53,0.27,71.0,22.0,7.5,24.0,8,73.0
15,2002,7,21,0.03,0.02,0.0,0.01,70.0,17.0,7.5,24.0,1,72.5
27,2011,7,19,0.0,0.0,0.01,0.0,71.0,22.0,7.5,24.0,8,73.0
27,2009,10,24,0.19,0.01,0.0,0.02,76.0,31.0,6.2,35.0,2,69.0
27,2011,3,2,0.25,0.0,0.0,0.02,71.0,22.0,7.5,24.0,2,73.0
15,2007,1,19,0.0,0.0,0.11,0.0,71.0,22.0,7.5,24.0,8,73.0
14,2001,1,19,0.1,0.07,0.0,0.01,71.0,22.0,7.5,24.0,8,73.0
19,2015,11,24,0.0,0.0,0.02,0.0,71.0,22.0,7.5,24.0,8,73.0
7,2003,0,26,0.25,0.06,0.0,0.01,92.0,33.0,8.4,41.0,7,88.0
18,2009,9,19,0.0,0.0,0.08,0.0,43.0,6.0,6.7,6.0,7,55.0
14,1999,11,25,0.0,0.0,0.19,0.01,71.0,22.0,7.5,24.0,8,73.0
28,2002,10,20,0.11,0.03,0.0,0.01,84.0,12.0,8.4,5.0,1,84.0
4,2006,9,0,3.07,1.91,0.07,0.57,67.0,35.0,7.2,21.0,1,69.5
17,2015,7,19,0.04,0.0,0.0,0.01,71.0,22.0,7.5,24.0,8,73.0
17,2015,0,21,0.24,0.29,0.01,0.1,71.0,22.0,7.5,24.0,8,73.0
28,2002,4,12,0.06,0.02,0.0,0.0,71.0,22.0,7.5,24.0,1,73.0
14,1994,2,21,0.39,0.26,0.53,0.08,69.0,4.0,6.3,4.0,7,66.0
16,2014,10,19,0.0,0.01,0.0,0.0,71.0,22.0,7.5,24.0,1,73.0
27,2011,3,0,0.05,0.01,0.0,0.0,71.0,22.0,7.5,24.0,8,73.0
27,2008,10,20,1.75,0.86,0.0,0.28,67.0,45.0,6.8,18.0,2,67.5
4,2008,7,17,0.83,0.0,0.0,0.06,70.0,17.0,7.9,15.0,1,74.5
25,2009,3,8,1.04,0.66,0.0,0.18,49.0,15.0,6.6,13.0,1,57.5
4,2010,9,7,0.1,0.0,0.0,0.01,71.0,22.0,7.5,24.0,1,73.0
28,2005,4,16,0.11,0.04,0.0,0.01,65.0,16.0,7.5,24.0,1,70.0
14,1998,0,19,1.88,1.47,2.02,0.45,89.0,13.0,9.2,364.0,5,90.5
15,2001,10,12,0.0,0.0,0.12,0.0,71.0,22.0,7.5,24.0,8,73.0
19,2014,7,19,0.0,0.0,0.08,0.0,71.0,22.0,7.5,24.0,8,73.0
4,2009,3,19,0.07,0.0,0.0,0.01,71.0,22.0,7.5,24.0,1,73.0
4,2007,4,20,0.53,0.48,0.01,0.12,78.0,32.0,8.2,66.0,1,80.0
12,2010,9,10,0.01,0.54,0.0,0.11,71.0,22.0,6.5,17.0,7,68.0
20,1995,7,20,0.0,0.0,0.11,0.0,71.0,22.0,7.5,24.0,8,73.0
14,1998,0,19,0.13,0.09,0.0,0.01,71.0,22.0,7.5,24.0,8,73.0
12,2010,7,3,0.0,0.02,0.0,0.0,66.0,34.0,6.2,694.0,7,64.0
14,2000,10,10,0.39,0.26,0.0,0.05,71.0,22.0,7.5,24.0,8,73.0
12,2016,8,2,0.25,0.24,0.0,0.04,91.0,62.0,6.8,4052.0,7,79.5
25,2008,0,26,0.2,0.01,0.0,0.02,71.0,22.0,7.5,24.0,2,73.0
27,2014,8,2,1.31,0.43,0.0,0.18,71.0,22.0,4.7,504.0,7,59.0
6,2004,0,12,0.23,0.09,0.0,0.01,65.0,9.0,7.5,24.0,1,70.0
15,2004,10,19,0.3,0.24,0.0,0.08,48.0,14.0,6.8,4.0,1,58.0
14,1998,11,10,0.05,0.04,0.0,0.01,71.0,22.0,7.5,24.0,8,73.0
18,2008,10,10,0.23,0.07,0.03,0.06,71.0,22.0,7.3,8.0,1,72.0
17,2016,7,22,0.04,0.11,0.22,0.03,71.0,22.0,7.5,24.0,8,73.0
18,2005,6,24,1.65,1.21,0.0,0.79,74.0,34.0,8.4,31.0,2,79.0
12,2011,10,10,0.04,0.33,0.0,0.1,71.0,22.0,7.5,24.0,8,73.0
25,2009,5,19,0.01,0.0,0.0,0.0,71.0,22.0,7.5,24.0,8,73.0
0,1982,8,3,0.58,0.03,0.0,0.01,71.0,22.0,7.5,24.0,8,73.0
15,2002,0,3,0.21,0.16,0.0,0.05,64.0,22.0,7.2,9.0,1,68.0
14,1997,10,10,0.51,0.35,0.0,0.06,71.0,22.0,7.5,24.0,8,73.0
25,2010,3,2,0.47,0.4,0.0,0.09,77.0,26.0,7.5,17.0,7,76.0
3,1999,10,20,0.0,0.0,0.23,0.0,71.0,22.0,7.5,24.0,8,73.0
18,2012,7,19,0.0,0.0,0.02,0.0,71.0,22.0,7.5,24.0,8,73.0
16,2011,2,4,0.0,0.04,0.04,0.01,80.0,36.0,6.2,114.0,7,71.0
28,2002,6,3,0.09,0.02,0.0,0.0,78.0,15.0,7.5,24.0,1,76.5
14,1998,0,19,0.03,0.02,0.04,0.01,71.0,22.0,7.5,24.0,8,73.0
4,2008,7,19,0.12,0.03,0.05,0.01,69.0,46.0,6.5,15.0,1,67.0
18,2010,1,19,0.0,0.0,0.04,0.0,71.0,22.0,7.5,24.0,8,73.0
15,2008,4,28,0.12,0.01,0.0,0.27,71.0,22.0,7.1,25.0,2,71.0
6,2005,0,19,0.02,0.01,0.0,0.0,71.0,22.0,7.5,24.0,8,73.0
27,2013,4,2,0.86,0.34,0.0,0.12,83.0,37.0,5.7,45.0,2,70.0
15,2003,3,21,0.2,0.16,0.0,0.05,71.0,22.0,7.5,24.0,8,73.0
15,2001,6,23,0.27,0.21,0.0,0.07,76.0,17.0,8.3,9.0,1,79.5
19,2011,4,21,0.14,0.12,0.0,0.04,57.0,62.0,5.5,53.0,2,56.0
12,1997,8,28,4.03,0.0,0.09,0.0,96.0,24.0,9.1,3161.0,5,93.5
27,2012,0,19,0.0,0.0,0.02,0.0,71.0,22.0,7.5,24.0,8,73.0
14,2000,1,23,0.15,0.1,0.0,0.02,51.0,8.0,6.0,7.0,5,55.5
5,2000,0,12,0.0,0.0,0.07,0.0,71.0,22.0,7.5,24.0,8,73.0
7,2004,10,10,0.11,0.03,0.0,0.0,78.0,22.0,8.5,6.0,1,81.5
15,2002,10,2,0.23,0.18,0.0,0.06,76.0,22.0,9.1,7.0,7,83.5
12,2001,9,19,0.0,0.01,0.0,0.0,91.0,12.0,8.8,130.0,7,89.5
20,1996,6,20,0.0,0.0,0.11,0.0,71.0,22.0,7.5,24.0,8,73.0
28,2003,4,2,0.15,0.04,0.0,0.01,58.0,27.0,6.4,9.0,7,61.0
4,2011,3,16,0.0,0.0,0.03,0.0,71.0,22.0,7.5,24.0,8,73.0
15,2008,1,19,0.0,0.0,0.02,0.0,71.0,22.0,7.5,24.0,8,73.0
8,1994,7,19,0.0,0.0,0.14,0.0,71.0,22.0,7.5,24.0,8,73.0
27,2006,10,24,0.11,0.0,0.0,0.01,70.0,17.0,7.3,11.0,1,71.5
15,2007,7,25,0.22,0.2,0.16,0.05,89.0,25.0,8.3,296.0,5,86.0
15,2002,10,1,0.38,0.29,0.0,0.1,81.0,15.0,8.4,17.0,1,82.5
28,2004,6,5,0.04,0.01,0.0,0.0,83.0,35.0,7.5,6.0,1,79.0
12,2009,8,26,0.0,0.03,0.0,0.0,78.0,39.0,8.0,282.0,5,79.0
2,2015,0,16,0.0,0.0,0.09,0.0,71.0,22.0,7.5,24.0,8,73.0
27,2006,8,26,1.4,0.02,0.02,0.1,90.0,78.0,8.0,215.0,7,85.0
28,2003,6,1,0.02,0.0,0.0,0.0,71.0,22.0,7.5,24.0,8,73.0
16,2011,0,23,0.04,0.03,0.0,0.01,71.0,22.0,7.5,24.0,8,73.0
15,2002,2,15,1.81,0.52,0.0,0.15,79.0,31.0,8.8,96.0,5,83.5
27,2007,6,23,0.25,0.31,0.0,0.07,75.0,38.0,7.3,31.0,7,74.0
27,2006,2,26,0.04,0.0,0.0,0.0,60.0,33.0,6.1,7.0,7,60.5
28,2005,0,8,0.15,0.04,0.0,0.01,72.0,31.0,6.0,6.0,7,66.0
12,2015,7,19,0.03,0.06,0.0,0.01,81.0,65.0,7.3,1170.0,5,77.0
6,2002,0,10,0.53,0.2,0.0,0.01,71.0,22.0,7.5,24.0,8,73.0
4,2011,0,19,0.0,0.0,0.04,0.0,71.0,22.0,7.5,24.0,8,73.0
4,2007,11,12,0.0,0.01,0.04,0.0,71.0,22.0,7.5,24.0,8,73.0
2,2013,11,25,0.0,0.0,0.03,0.0,71.0,22.0,7.5,24.0,8,73.0
18,2009,3,10,0.08,0.0,0.0,0.01,71.0,22.0,7.5,24.0,1,73.0
15,2003,6,21,0.0,0.47,0.77,0.17,71.0,22.0,7.5,24.0,8,73.0
27,2014,1,19,0.04,0.05,0.0,0.01,71.0,22.0,7.5,24.0,8,73.0
2,2011,10,19,0.12,0.0,0.06,0.01,57.0,5.0,7.5,24.0,1,66.0
15,2005,10,21,0.07,0.05,0.0,0.02,62.0,24.0,7.5,24.0,2,68.5
28,2004,0,12,0.04,0.01,0.0,0.0,61.0,15.0,7.5,24.0,7,68.0
6,2003,0,4,0.02,0.01,0.0,0.0,58.0,7.0,7.5,24.0,1,66.5
15,2000,0,16,0.24,0.19,0.75,0.06,78.0,20.0,7.7,6.0,1,77.5
15,2007,1,19,0.0,0.0,0.01,0.0,71.0,22.0,7.5,24.0,8,73.0
16,2007,10,10,0.56,0.02,0.01,0.05,73.0,28.0,6.8,10.0,1,70.5
7,2003,0,12,0.26,0.07,0.0,0.01,57.0,25.0,8.0,8.0,1,68.5
16,2015,6,19,0.0,0.03,0.01,0.01,71.0,22.0,4.8,4.0,8,59.5
12,2015,0,2,0.0,0.03,0.0,0.0,74.0,9.0,7.6,56.0,7,75.0
25,2007,4,20,1.21,1.19,0.04,0.29,69.0,44.0,6.6,174.0,1,67.5
7,2001,10,1,0.17,0.04,0.0,0.01,66.0,17.0,5.6,9.0,1,61.0
6,2002,5,1,0.03,0.01,0.0,0.0,71.0,11.0,7.5,24.0,1,73.0
16,2011,0,26,0.02,0.0,0.0,0.0,67.0,21.0,6.8,29.0,5,67.5
4,2005,5,17,3.43,5.35,5.32,1.18,77.0,37.0,7.1,19.0,1,74.0
14,1997,8,16,0.38,0.87,0.33,0.1,71.0,22.0,7.5,24.0,8,73.0
9,2000,0,23,0.4,0.09,0.0,0.01,71.0,22.0,7.5,24.0,8,73.0
6,2002,10,12,0.0,0.0,0.24,0.01,71.0,22.0,7.5,24.0,8,73.0
5,1995,5,17,0.0,0.0,0.32,0.0,71.0,22.0,7.5,24.0,8,73.0
16,2010,3,10,0.18,0.04,0.0,0.03,71.0,22.0,7.5,24.0,1,73.0
15,2002,2,1,0.16,0.13,0.0,0.04,59.0,15.0,6.7,6.0,7,63.0
15,2001,2,19,0.06,0.05,0.0,0.02,79.0,15.0,7.8,16.0,7,78.5
17,2015,0,20,0.0,0.0,0.17,0.0,71.0,22.0,7.5,24.0,8,73.0
2,2014,3,16,0.0,0.0,0.03,0.0,71.0,22.0,7.5,24.0,8,73.0
16,2014,1,6,0.0,0.0,0.02,0.0,71.0,22.0,7.5,24.0,8,73.0
25,2012,3,17,1.06,1.09,0.76,0.22,73.0,45.0,6.8,155.0,1,70.5
18,2006,1,15,0.0,0.01,0.0,0.0,69.0,4.0,4.8,5.0,1,58.5
12,2009,6,5,0.0,0.02,0.0,0.0,67.0,16.0,6.7,86.0,1,67.0
15,2008,3,8,0.17,0.13,0.0,0.04,71.0,22.0,7.5,24.0,8,73.0
28,2003,10,10,1.02,0.02,0.0,0.05,92.0,27.0,8.3,48.0,1,87.5
20,1998,11,20,0.0,0.0,0.08,0.0,71.0,22.0,7.5,24.0,8,73.0
20,1997,0,4,0.0,0.0,0.17,0.0,71.0,22.0,7.5,24.0,8,73.0
12,2016,6,10,0.0,0.03,0.0,0.0,71.0,22.0,7.5,24.0,8,73.0
17,2014,7,22,0.33,0.23,0.08,0.11,71.0,22.0,7.5,24.0,8,73.0
7,2003,8,23,0.03,0.01,0.0,0.0,79.0,12.0,7.3,4.0,5,76.0
14,1996,2,1,0.01,0.01,0.13,0.01,71.0,22.0,7.5,24.0,8,73.0
4,2007,3,19,0.0,0.0,0.34,0.0,71.0,22.0,7.5,24.0,8,73.0
25,2007,2,15,0.19,0.02,0.0,0.02,71.0,29.0,8.4,33.0,5,77.5
19,2015,7,6,0.0,0.0,0.05,0.0,71.0,22.0,7.5,24.0,8,73.0
6,2002,10,27,0.01,0.01,0.0,0.0,62.0,4.0,7.5,24.0,1,68.5
4,2007,3,12,0.11,0.0,0.0,0.01,61.0,17.0,4.9,7.0,7,55.0
6,2004,1,17,0.0,0.0,0.11,0.0,71.0,22.0,7.5,24.0,8,73.0
12,2008,8,19,0.0,0.45,0.0,0.03,36.0,7.0,3.6,16.0,5,36.0
27,2011,3,19,0.0,0.02,0.0,0.0,71.0,22.0,7.5,24.0,8,73.0
12,2011,8,10,0.89,1.43,0.0,0.46,89.0,61.0,7.5,4926.0,5,82.0
15,2006,6,16,0.03,0.02,0.0,0.01,59.0,22.0,6.6,24.0,7,62.5
16,2009,0,21,1.7,0.44,0.06,0.4,91.0,50.0,8.7,529.0,5,89.0
4,2008,1,23,0.07,0.0,0.0,0.01,71.0,22.0,7.5,24.0,8,73.0
18,2010,11,16,0.0,0.0,0.12,0.0,71.0,22.0,7.5,24.0,8,73.0
4,2007,0,13,0.01,0.0,0.0,0.0,35.0,5.0,7.5,24.0,2,55.0
16,2015,0,16,0.0,0.0,0.15,0.0,71.0,22.0,7.5,24.0,8,73.0
14,1995,2,1,0.03,0.02,0.0,0.0,71.0,22.0,7.5,24.0,8,73.0
7,2005,10,10,0.11,0.03,0.0,0.0,71.0,22.0,7.5,24.0,8,73.0
15,2002,6,10,0.06,0.05,0.0,0.02,57.0,10.0,7.5,24.0,1,66.0
12,2008,11,14,0.04,0.18,0.0,0.04,71.0,22.0,8.4,14.0,1,77.5
18,2010,1,19,0.0,0.0,0.05,0.0,71.0,22.0,7.5,24.0,8,73.0
18,2010,1,27,0.0,0.0,0.02,0.0,71.0,22.0,7.5,24.0,8,73.0
14,1998,10,10,0.59,0.4,0.0,0.07,71.0,22.0,7.5,24.0,8,73.0
14,1995,4,21,0.0,0.0,0.02,0.0,71.0,22.0,7.5,24.0,8,73.0
14,1998,2,19,0.0,0.0,0.16,0.01,71.0,22.0,7.5,24.0,8,73.0
2,2011,3,19,0.0,0.0,0.02,0.0,71.0,22.0,7.5,24.0,8,73.0
14,1995,6,21,0.17,0.12,0.71,0.07,71.0,22.0,7.5,24.0,8,73.0
2,2011,10,19,0.11,0.0,0.0,0.01,71.0,22.0,7.5,24.0,1,73.0
12,2011,8,26,0.05,0.05,0.0,0.01,51.0,12.0,3.3,126.0,5,42.0
5,1989,10,17,0.66,0.27,0.65,0.03,71.0,22.0,7.5,24.0,8,73.0
18,2010,1,11,0.0,0.0,0.09,0.0,71.0,22.0,7.5,24.0,8,73.0
19,2015,3,19,0.0,0.0,0.06,0.0,71.0,22.0,7.5,24.0,8,73.0
27,2013,0,8,0.97,0.34,0.0,0.13,74.0,38.0,6.5,79.0,2,69.5
28,2004,6,23,0.34,0.08,0.0,0.02,81.0,18.0,9.3,12.0,1,87.0
15,2008,10,21,0.08,0.06,0.0,0.02,71.0,22.0,7.5,24.0,1,73.0
18,2007,6,23,0.03,0.0,0.0,0.0,71.0,22.0,7.5,24.0,8,73.0
27,2008,3,12,0.08,0.0,0.0,0.01,71.0,22.0,7.5,24.0,2,73.0
7,2002,10,10,0.16,0.04,0.0,0.01,91.0,11.0,8.1,9.0,1,86.0
16,2010,8,16,0.1,0.12,0.02,0.05,60.0,44.0,5.9,27.0,5,59.5
14,1994,2,19,0.06,0.04,0.0,0.01,71.0,22.0,7.5,24.0,8,73.0
16,2011,8,2,0.33,0.33,0.0,0.12,72.0,38.0,6.3,52.0,7,67.5
9,1998,10,19,0.2,0.05,0.0,0.0,71.0,22.0,7.5,24.0,8,73.0
16,2009,0,10,0.54,0.27,0.0,0.13,83.0,61.0,7.6,162.0,5,79.5
20,1997,11,19,0.0,0.0,0.55,0.0,71.0,22.0,7.5,24.0,8,73.0
15,2005,9,19,0.0,0.0,0.26,0.0,71.0,22.0,7.5,24.0,8,73.0
20,1996,2,20,0.0,0.0,0.13,0.0,71.0,22.0,7.5,24.0,8,73.0
12,2013,8,20,0.1,0.06,0.0,0.02,45.0,40.0,3.5,1156.0,5,40.0
27,2009,3,29,0.12,0.0,0.0,0.01,71.0,22.0,7.5,24.0,8,73.0
15,2006,7,16,0.0,0.0,0.52,0.0,71.0,22.0,7.5,24.0,8,73.0
4,2008,2,19,0.19,0.02,0.13,0.02,55.0,12.0,5.7,11.0,7,56.0
28,2002,0,15,0.13,0.04,0.0,0.01,54.0,9.0,8.9,10.0,7,71.5
15,2005,1,23,0.34,0.01,0.0,0.06,71.0,22.0,7.5,24.0,8,73.0
6,2002,8,19,0.07,0.03,0.0,0.0,71.0,22.0,7.5,24.0,8,73.0
15,2006,10,10,3.63,0.24,0.01,0.61,84.0,29.0,8.2,39.0,1,83.0
16,2016,7,16,0.0,0.0,0.12,0.0,71.0,22.0,7.5,24.0,8,73.0
16,2010,3,23,0.06,0.02,0.0,0.01,71.0,22.0,7.5,24.0,7,73.0
14,1996,2,16,0.0,0.0,0.18,0.01,71.0,22.0,7.5,24.0,8,73.0
15,2007,7,19,0.05,0.04,0.02,0.01,60.0,6.0,8.8,44.0,7,74.0
16,2010,2,23,0.44,0.46,0.01,0.18,74.0,42.0,6.9,41.0,7,71.5
15,2003,2,4,0.06,0.05,0.0,0.02,65.0,33.0,6.9,7.0,7,67.0
29,2016,10,19,0.0,0.01,0.0,0.0,71.0,22.0,6.6,5.0,1,68.5
4,2006,0,8,0.72,0.03,0.0,0.06,71.0,22.0,7.0,4.0,1,70.5
14,1996,0,19,0.05,0.03,0.0,0.01,71.0,22.0,7.5,24.0,8,73.0
16,2011,2,10,0.45,0.49,0.0,0.18,84.0,52.0,7.3,95.0,5,78.5
16,2012,2,16,0.28,0.31,0.13,0.13,82.0,50.0,8.2,193.0,7,82.0
14,1998,7,19,0.0,0.0,0.16,0.01,71.0,22.0,7.5,24.0,8,73.0
25,2010,3,19,0.0,0.21,0.0,0.04,71.0,22.0,7.5,24.0,8,73.0
18,2007,8,21,0.32,0.01,0.0,0.03,71.0,22.0,7.5,24.0,8,73.0
18,2006,0,28,0.08,0.0,0.0,0.01,71.0,22.0,7.5,24.0,8,73.0
15,2005,0,12,0.18,0.14,0.05,0.05,70.0,30.0,7.5,46.0,5,72.5
6,2004,3,17,0.13,0.05,0.0,0.0,71.0,22.0,7.5,24.0,8,73.0
4,2008,3,19,0.04,0.0,0.0,0.0,71.0,22.0,7.5,24.0,1,73.0
6,2004,1,19,0.0,0.0,0.25,0.01,71.0,22.0,7.5,24.0,8,73.0
10,1986,8,19,0.32,0.06,0.57,0.01,71.0,22.0,7.5,24.0,8,73.0
15,2002,0,12,0.18,0.14,0.16,0.05,87.0,17.0,9.0,126.0,5,88.5
6,2005,3,13,0.02,0.01,0.0,0.0,71.0,22.0,7.5,24.0,8,73.0
4,2009,0,2,0.2,0.15,0.0,0.04,54.0,4.0,7.5,24.0,1,64.5
16,2009,10,21,0.66,0.0,0.0,0.06,90.0,27.0,8.1,61.0,1,85.5
15,2004,8,2,1.51,1.12,0.01,0.24,76.0,49.0,7.7,69.0,7,76.5
4,2009,3,7,0.01,0.0,0.0,0.0,66.0,7.0,7.5,24.0,7,70.5
27,2009,8,9,0.05,0.03,0.0,0.01,30.0,21.0,5.9,33.0,5,44.5
28,2002,0,3,0.11,0.03,0.0,0.01,53.0,19.0,5.2,5.0,7,52.5
15,2009,3,21,0.0,0.06,0.0,0.39,71.0,22.0,7.5,24.0,8,73.0
16,2008,6,20,0.0,0.0,0.08,0.0,71.0,22.0,7.5,24.0,8,73.0
28,2003,0,14,0.0,0.0,0.03,0.0,71.0,22.0,7.5,24.0,8,73.0
14,1996,0,9,2.29,1.97,0.13,0.24,91.0,13.0,8.6,147.0,7,88.5
25,2012,0,17,0.0,0.0,0.1,0.0,71.0,22.0,7.5,24.0,8,73.0
15,2005,8,9,0.04,0.04,0.0,0.01,71.0,36.0,9.0,25.0,5,80.5
26,2013,0,29,0.31,0.35,0.02,0.06,82.0,8.0,8.0,71.0,2,81.0
15,2001,7,19,0.05,0.04,0.0,0.01,60.0,14.0,8.5,13.0,7,72.5
16,2012,10,21,0.0,0.0,0.28,0.0,71.0,22.0,7.9,9.0,1,75.0
25,2008,3,2,0.28,0.0,0.0,0.02,71.0,22.0,7.5,24.0,8,73.0
27,2011,1,19,0.0,0.0,0.08,0.0,71.0,22.0,7.5,24.0,8,73.0
27,2006,6,3,0.23,0.04,0.02,0.02,82.0,69.0,8.0,86.0,2,81.0
28,2006,6,5,0.03,0.01,0.0,0.0,84.0,25.0,8.0,6.0,2,82.0
18,2009,7,19,0.0,0.0,0.03,0.0,71.0,22.0,7.5,24.0,8,73.0
4,2007,9,19,0.11,0.0,0.0,0.01,71.0,22.0,7.5,24.0,1,73.0
17,2013,0,29,0.59,0.76,0.01,0.26,83.0,22.0,7.7,262.0,2,80.0
15,2009,3,16,0.0,0.0,0.08,0.0,71.0,22.0,7.5,24.0,8,73.0
16,2011,2,23,0.53,0.45,0.02,0.17,72.0,28.0,6.9,80.0,7,70.5
28,2006,6,23,0.15,0.04,0.0,0.01,70.0,22.0,7.5,24.0,1,72.5
27,2007,6,23,0.22,0.34,0.0,0.07,68.0,24.0,7.6,21.0,7,72.0
17,2015,0,6,0.0,0.0,0.1,0.0,71.0,22.0,7.5,24.0,8,73.0
4,2010,7,16,0.0,0.0,0.07,0.0,71.0,22.0,7.5,24.0,8,73.0
2,2016,0,19,0.01,0.0,0.0,0.0,77.0,20.0,8.4,62.0,2,80.5
2,2012,0,17,0.0,0.0,0.27,0.0,71.0,22.0,7.5,24.0,8,73.0
14,1996,10,1,0.12,0.08,0.0,0.01,71.0,22.0,7.5,24.0,8,73.0
18,2010,9,6,0.0,0.0,0.1,0.0,71.0,22.0,7.5,24.0,8,73.0
4,2008,10,20,0.29,0.37,0.0,0.08,65.0,19.0,7.5,24.0,1,70.0
6,2003,4,2,0.14,0.05,0.0,0.0,72.0,8.0,7.2,5.0,1,72.0
15,2007,7,18,0.04,0.03,0.11,0.01,71.0,22.0,7.5,24.0,8,73.0
27,2009,3,12,0.01,0.0,0.0,0.0,71.0,22.0,7.5,24.0,2,73.0
20,1995,8,19,0.0,0.0,0.06,0.0,71.0,22.0,7.5,24.0,8,73.0
6,2002,10,3,0.13,0.05,0.0,0.0,83.0,14.0,7.5,24.0,1,79.0
5,2001,7,19,0.0,0.0,0.12,0.0,71.0,22.0,7.5,24.0,8,73.0
12,2012,1,19,0.0,0.05,0.0,0.01,76.0,9.0,6.7,15.0,8,71.5
18,2007,0,2,0.09,0.0,0.0,0.01,60.0,6.0,7.5,24.0,1,67.5
18,2009,2,4,0.0,0.0,0.05,0.0,71.0,22.0,7.5,24.0,8,73.0
15,2006,10,20,0.0,0.0,0.02,0.0,71.0,22.0,7.5,24.0,8,73.0
28,2005,1,24,0.02,0.0,0.0,0.0,48.0,15.0,5.5,4.0,2,51.5
19,2014,7,19,0.0,0.0,0.07,0.0,71.0,22.0,7.5,24.0,8,73.0
18,2007,7,0,0.07,0.0,0.06,0.01,64.0,22.0,6.6,19.0,2,65.0
27,2008,2,0,0.07,0.0,0.01,0.01,71.0,22.0,6.6,8.0,7,68.5
18,2006,1,8,0.25,0.0,0.0,0.02,52.0,34.0,8.0,17.0,7,66.0
4,2008,0,16,0.0,0.0,0.08,0.0,71.0,22.0,7.5,24.0,8,73.0
28,2004,4,19,0.03,0.01,0.0,0.0,69.0,25.0,7.5,24.0,1,72.0
14,1997,9,19,0.0,0.0,0.74,0.05,71.0,22.0,7.5,24.0,8,73.0
6,2006,7,19,0.0,0.0,0.02,0.0,71.0,22.0,7.5,24.0,8,73.0
7,2004,4,23,0.16,0.04,0.0,0.01,71.0,22.0,7.5,24.0,8,73.0
6,2003,0,23,0.02,0.01,0.0,0.0,44.0,16.0,8.6,5.0,7,65.0
15,2008,9,12,0.12,0.09,0.0,0.03,61.0,9.0,7.5,24.0,1,68.0
19,2016,7,19,0.0,0.0,0.09,0.0,71.0,22.0,7.5,24.0,8,73.0
6,2004,5,27,0.02,0.01,0.0,0.0,62.0,5.0,7.5,24.0,1,68.5
7,2004,4,2,0.2,0.05,0.0,0.01,71.0,22.0,7.5,24.0,8,73.0
4,2005,6,13,0.07,0.0,0.0,0.01,33.0,7.0,7.5,24.0,1,54.0
18,2010,7,19,0.0,0.0,0.01,0.0,71.0,22.0,7.5,24.0,8,73.0
15,2005,0,19,0.64,0.02,0.0,0.1,71.0,22.0,7.5,24.0,8,73.0
12,2002,0,19,0.0,0.02,0.0,0.0,82.0,26.0,8.5,235.0,7,83.5
16,2007,0,10,0.16,0.19,0.0,0.08,68.0,38.0,4.4,40.0,5,56.0
14,1998,4,19,0.55,0.38,0.0,0.06,88.0,13.0,9.1,69.0,7,89.5
10,1985,5,16,0.0,0.0,0.41,0.0,71.0,22.0,7.5,24.0,8,73.0
18,2006,5,0,0.13,0.0,0.0,0.01,67.0,7.0,7.5,24.0,1,71.0
4,2005,3,13,0.02,0.0,0.0,0.0,71.0,22.0,7.5,24.0,7,73.0
18,2008,1,19,0.0,0.0,0.03,0.0,71.0,22.0,7.5,24.0,8,73.0
16,2015,10,10,0.0,0.01,0.0,0.0,71.0,22.0,7.5,24.0,8,73.0
15,2007,1,19,0.0,0.0,0.02,0.0,71.0,22.0,7.5,24.0,8,73.0
22,1992,8,12,0.0,0.0,0.13,0.0,71.0,22.0,7.5,24.0,8,73.0
15,2005,11,22,0.0,0.0,0.21,0.0,71.0,22.0,7.5,24.0,8,73.0
6,2004,0,2,0.07,0.03,0.0,0.0,33.0,11.0,6.3,6.0,7,48.0
6,2004,4,23,0.33,0.12,0.0,0.01,45.0,5.0,7.5,24.0,1,60.0
4,2007,0,16,0.0,0.0,0.04,0.0,71.0,22.0,7.5,24.0,8,73.0
16,2016,0,22,0.0,0.0,0.13,0.0,71.0,22.0,7.5,24.0,8,73.0
6,2002,8,26,0.03,0.01,0.0,0.0,69.0,8.0,7.5,24.0,7,72.0
6,2002,10,1,0.08,0.03,0.0,0.0,49.0,11.0,7.5,24.0,1,62.0
25,2008,0,23,0.14,0.0,0.0,0.01,63.0,5.0,8.0,5.0,2,71.5
25,2007,8,0,0.04,0.0,0.0,0.0,71.0,22.0,7.5,24.0,2,73.0
16,2009,2,23,1.07,0.44,0.01,0.24,84.0,58.0,8.1,47.0,7,82.5
14,1996,4,1,0.05,0.03,0.0,0.01,71.0,22.0,7.5,24.0,8,73.0
14,1999,10,10,0.18,0.12,0.0,0.02,71.0,22.0,7.5,24.0,8,73.0
6,2003,5,2,0.04,0.01,0.0,0.0,75.0,16.0,9.1,15.0,1,83.0
4,2009,0,19,0.22,0.14,0.0,0.04,71.0,22.0,5.3,4.0,2,62.0
15,2006,7,0,0.0,0.0,0.1,0.0,71.0,30.0,7.7,43.0,7,74.0
16,2009,10,10,0.46,0.02,0.01,0.05,81.0,32.0,7.5,25.0,1,78.0
27,2010,10,19,0.0,0.02,0.0,0.0,71.0,22.0,7.5,24.0,8,73.0
28,2003,8,2,0.17,0.05,0.0,0.01,61.0,26.0,6.5,13.0,5,63.0
15,2006,3,21,0.2,0.16,0.0,0.05,71.0,22.0,7.5,24.0,8,73.0
7,2001,1,26,0.2,0.05,0.0,0.01,70.0,17.0,5.8,16.0,7,64.0
18,2008,0,20,0.46,0.09,0.0,0.09,44.0,7.0,6.5,16.0,7,54.5
14,1995,0,19,0.06,0.04,0.0,0.01,71.0,22.0,7.5,24.0,8,73.0
16,2013,8,10,0.06,0.04,0.0,0.02,71.0,22.0,7.5,24.0,8,73.0
12,2010,7,10,0.01,0.32,0.0,0.06,94.0,55.0,8.8,3559.0,5,91.0
12,2012,0,19,0.0,0.12,0.0,0.02,79.0,17.0,8.7,992.0,8,83.0
15,2004,7,22,0.0,0.0,0.29,0.0,71.0,22.0,7.5,24.0,8,73.0
16,2010,4,21,0.52,0.08,0.01,0.08,85.0,46.0,8.8,172.0,2,86.5
15,2004,10,10,1.15,0.08,0.0,0.19,80.0,36.0,8.9,45.0,1,84.5
14,1998,8,24,0.77,0.54,0.0,0.07,71.0,22.0,7.5,24.0,8,73.0
19,2016,0,25,0.0,0.0,0.01,0.0,71.0,22.0,7.5,24.0,8,73.0
28,2005,7,3,0.02,0.01,0.0,0.0,54.0,5.0,8.8,4.0,1,71.0
28,2004,2,28,0.08,0.02,0.0,0.0,37.0,29.0,4.7,13.0,5,42.0
25,2015,0,2,0.02,0.12,0.0,0.01,71.0,22.0,7.5,24.0,8,73.0
25,2008,10,16,0.0,0.0,0.01,0.0,71.0,22.0,7.5,24.0,8,73.0
15,2007,9,20,0.0,0.0,0.06,0.0,71.0,22.0,7.5,24.0,8,73.0
7,2002,10,20,0.09,0.02,0.0,0.0,66.0,18.0,7.5,24.0,1,70.5
14,1997,9,19,0.06,0.04,0.15,0.02,71.0,22.0,7.5,24.0,8,73.0
22,1996,7,19,0.0,0.0,1.36,0.0,71.0,22.0,7.5,24.0,8,73.0
22,1994,9,19,0.0,0.0,0.91,0.0,71.0,22.0,7.5,24.0,8,73.0
4,2008,7,19,0.06,0.0,0.0,0.0,71.0,22.0,7.5,24.0,1,73.0
19,2014,0,19,0.02,0.0,0.04,0.01,72.0,20.0,8.5,22.0,7,78.5
15,2008,0,16,0.0,0.0,0.28,0.0,71.0,22.0,7.5,24.0,8,73.0
15,2003,0,12,0.45,0.35,0.0,0.12,59.0,29.0,8.7,31.0,1,73.0
25,2009,8,19,0.29,0.0,0.0,0.02,71.0,22.0,7.5,24.0,7,73.0
14,1997,6,19,0.08,0.05,0.0,0.01,71.0,22.0,7.5,24.0,8,73.0
6,2005,0,3,0.2,0.08,0.0,0.01,69.0,12.0,8.2,26.0,2,75.5
18,2011,3,20,0.0,0.0,0.33,0.0,71.0,22.0,7.5,24.0,8,73.0
15,2003,11,3,0.19,0.15,0.0,0.05,60.0,9.0,8.8,25.0,7,74.0
4,2008,10,2,0.5,0.0,0.0,0.04,71.0,22.0,7.5,24.0,1,73.0
17,2014,3,26,0.35,0.17,0.0,0.11,71.0,22.0,7.5,24.0,8,73.0
15,2003,0,23,0.22,0.17,0.0,0.06,71.0,22.0,7.5,24.0,8,73.0
28,2003,11,2,0.1,0.03,0.0,0.0,79.0,31.0,8.5,22.0,7,82.0
28,2002,0,26,1.85,1.04,0.0,0.13,93.0,46.0,8.5,121.0,7,89.0
22,1993,7,19,0.0,0.0,1.15,0.0,71.0,22.0,7.5,24.0,8,73.0
12,2008,8,3,0.0,0.01,0.0,0.0,50.0,23.0,6.6,104.0,5,58.0
6,2005,3,30,0.08,0.03,0.0,0.0,52.0,6.0,7.5,24.0,1,63.5
16,2011,0,25,0.04,0.04,0.16,0.02,64.0,11.0,7.8,9.0,7,71.0
16,2008,0,2,0.21,0.21,0.0,0.09,76.0,23.0,7.3,18.0,2,74.5
27,2013,8,10,2.15,1.01,0.02,0.31,79.0,21.0,5.6,542.0,5,67.5
28,2005,1,8,0.06,0.02,0.0,0.0,65.0,19.0,7.3,6.0,2,69.0
16,2012,7,10,0.63,0.56,0.03,0.2,93.0,30.0,5.5,1849.0,5,74.0
18,2013,3,11,0.0,0.0,0.01,0.0,71.0,22.0,7.5,24.0,8,73.0
6,2001,3,12,0.42,0.16,0.15,0.01,71.0,22.0,7.5,24.0,8,73.0
25,2009,0,12,0.09,0.0,0.0,0.01,71.0,7.0,8.2,5.0,2,76.5
18,2012,1,19,0.0,0.0,0.08,0.0,71.0,22.0,7.5,24.0,8,73.0
15,2006,0,19,0.01,0.01,0.0,0.0,71.0,22.0,7.5,24.0,8,73.0
18,2006,10,15,0.09,0.0,0.0,0.01,71.0,22.0,7.5,4.0,5,73.0
27,2007,10,24,0.24,0.0,0.0,0.02,75.0,22.0,6.8,52.0,2,71.5
7,2002,10,20,0.08,0.02,0.0,0.0,76.0,31.0,8.1,9.0,1,78.5
4,2013,1,27,0.0,0.03,0.0,0.0,71.0,22.0,7.5,24.0,2,73.0
4,2006,0,19,0.96,0.03,0.0,0.08,47.0,9.0,5.0,38.0,1,48.5
18,2010,3,16,0.0,0.0,0.41,0.0,71.0,22.0,7.5,24.0,8,73.0
4,2009,5,19,0.07,0.0,0.0,0.0,68.0,13.0,7.5,24.0,1,71.5
25,2009,1,26,0.17,0.0,0.0,0.01,71.0,22.0,7.5,24.0,1,73.0
7,2002,5,23,0.17,0.04,0.0,0.01,47.0,10.0,5.6,8.0,1,51.5
6,2002,7,12,0.0,0.0,0.26,0.01,71.0,22.0,7.5,24.0,8,73.0
27,2007,10,3,0.08,0.02,0.0,0.01,55.0,32.0,7.5,24.0,1,65.0
4,2010,7,19,0.0,0.0,0.13,0.0,71.0,22.0,7.5,24.0,8,73.0
15,2002,8,19,0.04,0.03,0.0,0.01,56.0,17.0,7.5,24.0,5,65.5
15,2010,4,6,0.13,0.06,0.0,0.04,71.0,22.0,7.5,24.0,2,73.0
16,2012,8,12,0.06,0.04,0.01,0.02,50.0,32.0,4.7,47.0,5,48.5
25,2011,0,10,0.07,0.04,0.0,0.01,52.0,8.0,7.5,24.0,2,63.5
4,2011,0,20,0.08,0.03,0.0,0.01,64.0,18.0,7.2,9.0,2,68.0
7,2003,6,9,0.03,0.01,0.0,0.0,56.0,10.0,7.5,24.0,7,65.5
18,2007,5,19,0.07,0.0,0.0,0.01,51.0,10.0,7.5,24.0,1,63.0
18,2010,9,19,0.0,0.0,0.03,0.0,71.0,22.0,7.5,24.0,7,73.0
20,1997,10,20,0.0,0.0,0.49,0.0,71.0,22.0,7.5,24.0,8,73.0
14,1995,10,21,0.0,0.0,0.23,0.02,71.0,22.0,7.5,24.0,8,73.0
12,2011,8,2,0.41,0.98,0.0,0.32,78.0,26.0,2.5,5664.0,5,51.5
28,2003,6,15,0.1,0.03,0.0,0.0,57.0,22.0,7.5,24.0,7,66.0
17,2015,10,21,0.68,0.08,0.0,0.17,80.0,44.0,7.8,190.0,1,79.0
27,2011,9,16,0.0,0.0,0.05,0.0,71.0,22.0,7.5,24.0,8,73.0
14,1999,0,19,0.01,0.01,0.0,0.0,71.0,22.0,7.5,24.0,8,73.0
14,1999,0,19,0.29,0.2,0.0,0.03,71.0,22.0,7.5,24.0,8,73.0
18,2008,2,19,0.05,0.0,0.01,0.01,54.0,14.0,6.3,8.0,2,58.5
2,2012,0,19,0.0,0.0,0.08,0.0,71.0,22.0,7.5,24.0,8,73.0
26,2015,10,17,0.13,0.15,0.14,0.02,58.0,58.0,5.3,133.0,1,55.5
6,2005,1,30,0.02,0.01,0.0,0.0,71.0,22.0,7.5,24.0,2,73.0
27,2015,10,7,0.15,0.0,0.0,0.02,71.0,22.0,3.8,6.0,1,54.5
4,2009,1,19,0.01,0.0,0.0,0.0,71.0,22.0,7.5,24.0,8,73.0
16,2016,0,4,0.0,0.0,0.03,0.0,71.0,22.0,7.5,24.0,8,73.0
16,2014,2,16,0.1,0.1,0.06,0.04,54.0,32.0,5.3,103.0,7,53.5
29,2014,8,10,0.39,0.23,0.0,0.06,76.0,65.0,7.4,438.0,2,75.0
4,2011,0,16,0.26,0.04,0.0,0.02,71.0,22.0,7.5,24.0,2,73.0
17,2016,0,22,0.0,0.04,0.0,0.01,71.0,22.0,7.5,24.0,8,73.0
4,2010,1,23,0.19,0.06,0.0,0.02,71.0,22.0,7.5,24.0,8,73.0
29,2015,0,29,0.86,0.3,0.01,0.12,74.0,26.0,7.8,387.0,5,76.0
18,2006,8,19,0.02,0.0,0.0,0.0,59.0,14.0,7.5,24.0,1,67.0
4,2006,5,19,0.0,0.0,0.02,0.0,71.0,22.0,7.5,24.0,8,73.0
16,2013,1,19,0.02,0.0,0.01,0.01,71.0,22.0,7.1,14.0,5,71.0
22,1996,6,19,0.0,0.0,0.9,0.0,71.0,22.0,7.5,24.0,8,73.0
15,2009,0,2,0.21,0.16,0.0,0.05,71.0,22.0,5.7,7.0,1,64.0
4,2011,0,24,0.42,0.0,0.0,0.03,71.0,22.0,7.5,24.0,3,73.0
12,2001,10,9,0.0,0.03,0.0,0.0,71.0,22.0,7.5,24.0,8,73.0
6,2003,3,23,0.03,0.01,0.0,0.0,70.0,12.0,7.5,24.0,1,72.5
14,1996,3,21,0.26,0.16,1.46,0.03,92.0,15.0,7.4,48.0,4,83.0
27,2009,0,2,0.84,0.35,0.0,0.12,78.0,83.0,7.8,356.0,5,78.0
4,2011,1,19,0.0,0.0,0.05,0.0,71.0,22.0,7.5,24.0,8,73.0
2,2013,0,4,0.0,0.0,0.05,0.0,71.0,22.0,7.5,24.0,8,73.0
27,2010,10,26,0.1,0.05,0.0,0.01,61.0,34.0,5.3,7.0,7,57.0
7,2003,10,19,0.1,0.03,0.0,0.0,70.0,4.0,9.4,5.0,1,82.0
28,2003,10,10,0.62,0.04,0.0,0.02,89.0,22.0,8.8,24.0,1,88.5
18,2012,7,19,0.0,0.0,0.02,0.0,71.0,22.0,7.5,24.0,8,73.0
14,1998,6,10,0.9,0.61,0.0,0.11,71.0,22.0,7.5,24.0,8,73.0
10,1986,10,16,0.15,0.0,2.05,0.0,71.0,22.0,7.5,24.0,8,73.0
4,2008,3,16,0.0,0.0,0.65,0.0,71.0,22.0,7.5,24.0,8,73.0
4,2010,5,19,0.13,0.06,0.0,0.02,71.0,22.0,7.5,24.0,1,73.0
28,2001,9,19,0.3,0.1,0.0,0.02,76.0,22.0,7.5,24.0,7,75.5
28,2002,8,10,0.53,0.17,0.0,0.03,73.0,39.0,8.9,16.0,5,81.0
29,2014,10,12,0.03,0.1,0.0,0.01,79.0,9.0,7.3,65.0,1,76.0
4,2009,1,19,0.07,0.1,0.0,0.02,57.0,7.0,7.5,24.0,1,66.0
27,2011,8,19,1.41,0.49,0.01,0.17,95.0,66.0,8.5,997.0,2,90.0
9,1998,10,12,0.0,0.0,0.27,0.0,71.0,22.0,7.5,24.0,8,73.0
4,2008,0,2,1.4,0.59,0.0,0.2,80.0,15.0,7.9,16.0,1,79.5
25,2009,8,19,0.02,0.0,0.0,0.0,71.0,22.0,7.5,24.0,1,73.0
17,2013,2,29,0.46,0.3,0.0,0.16,71.0,22.0,7.5,24.0,8,73.0
9,1999,4,17,3.33,0.79,1.09,0.06,71.0,22.0,7.5,24.0,8,73.0
4,2008,7,22,0.17,0.02,1.36,0.02,84.0,46.0,8.5,57.0,2,84.5
27,2006,0,4,1.16,0.64,0.08,0.2,85.0,82.0,7.6,520.0,5,80.5
4,2008,1,19,0.04,0.0,0.0,0.0,48.0,33.0,6.2,18.0,7,55.0
16,2009,0,4,1.96,1.41,1.08,0.64,84.0,76.0,7.5,667.0,5,79.5
6,2005,7,12,0.01,0.01,0.0,0.0,71.0,22.0,7.5,24.0,8,73.0
18,2009,0,2,0.13,0.03,0.0,0.03,60.0,6.0,7.5,12.0,7,67.5
16,2015,10,10,0.41,1.84,0.05,0.4,71.0,22.0,3.2,58.0,1,51.5
14,1998,10,10,0.33,0.22,0.0,0.04,71.0,22.0,7.5,24.0,8,73.0
17,2015,7,16,0.0,0.01,0.09,0.0,69.0,35.0,8.0,79.0,7,74.5
18,2005,7,16,0.08,0.0,0.0,0.01,68.0,24.0,7.7,26.0,7,72.5
27,2010,9,19,0.11,0.07,0.0,0.02,63.0,33.0,7.2,19.0,7,67.5
18,2011,1,6,0.0,0.0,0.02,0.0,71.0,22.0,7.5,24.0,8,73.0
4,2006,8,9,0.06,0.0,0.0,0.0,72.0,11.0,6.4,15.0,7,68.0
15,2004,0,20,0.02,0.01,0.0,0.0,62.0,29.0,6.7,7.0,5,64.5
15,2003,11,2,0.1,0.08,0.0,0.03,78.0,27.0,8.0,22.0,7,79.0
27,2012,8,14,6.65,2.28,0.04,0.74,87.0,87.0,7.0,3260.0,5,78.5
25,2009,3,16,0.0,0.0,0.4,0.0,71.0,22.0,7.5,24.0,8,73.0
17,2016,2,16,0.11,0.13,0.07,0.05,66.0,45.0,7.8,49.0,7,72.0
17,2016,0,19,0.01,0.0,0.0,0.0,51.0,28.0,5.5,39.0,5,53.0
16,2013,10,10,0.16,0.14,0.0,0.07,74.0,28.0,3.8,26.0,1,56.0
16,2013,11,16,0.0,0.0,0.07,0.0,71.0,22.0,7.5,24.0,8,73.0
27,2009,7,22,0.32,0.2,0.21,0.06,72.0,56.0,7.2,150.0,7,72.0
12,2010,9,10,0.01,0.05,0.0,0.02,71.0,22.0,5.4,14.0,7,62.5
14,1997,0,1,0.04,0.03,0.0,0.0,71.0,22.0,7.5,24.0,8,73.0
16,2012,10,24,1.73,0.43,0.05,0.27,90.0,26.0,8.0,99.0,1,85.0
5,2000,7,19,0.0,0.0,0.27,0.0,71.0,22.0,7.5,24.0,8,73.0
15,2003,0,23,1.26,0.6,0.05,0.18,71.0,22.0,7.5,24.0,8,73.0
15,2004,6,23,0.29,0.23,0.0,0.08,62.0,8.0,8.1,8.0,1,71.5
4,2010,6,19,0.01,0.0,0.0,0.0,71.0,22.0,7.5,24.0,1,73.0
14,2000,4,26,0.16,0.11,0.0,0.02,71.0,22.0,7.5,24.0,8,73.0
27,2009,0,23,0.03,0.04,0.0,0.0,71.0,22.0,6.5,15.0,1,68.0
19,2013,7,20,0.0,0.0,0.16,0.0,71.0,22.0,7.5,24.0,8,73.0
14,2000,1,21,0.02,0.01,0.0,0.0,71.0,22.0,7.5,24.0,8,73.0
12,2007,7,3,0.0,0.05,0.0,0.01,81.0,50.0,8.8,1116.0,5,84.5
4,2007,2,0,0.0,0.0,0.04,0.0,71.0,22.0,7.5,24.0,8,73.0
6,2003,0,23,1.59,1.05,0.04,0.14,71.0,22.0,7.0,8.0,1,70.5
15,2003,4,20,1.04,1.37,0.06,0.49,64.0,29.0,7.8,94.0,1,71.0
27,2008,3,8,0.39,0.01,0.0,0.03,53.0,10.0,5.2,6.0,1,52.5
7,2002,10,2,0.03,0.01,0.0,0.0,70.0,12.0,7.5,24.0,7,72.5
14,2001,11,16,0.0,0.0,0.11,0.01,71.0,22.0,7.5,24.0,8,73.0
27,2011,0,23,0.2,0.02,0.0,0.02,71.0,22.0,7.5,24.0,8,73.0
25,2009,3,19,1.17,0.39,0.0,0.15,89.0,25.0,8.9,43.0,7,89.0
16,2011,3,27,0.04,0.04,0.0,0.02,54.0,15.0,7.5,24.0,7,64.5
0,1983,5,3,0.72,0.05,0.0,0.01,71.0,22.0,7.5,24.0,8,73.0
15,2004,8,3,0.63,0.49,0.0,0.16,75.0,51.0,8.6,27.0,7,80.5
18,2006,11,16,0.0,0.0,0.27,0.0,71.0,22.0,7.5,24.0,8,73.0
12,2007,11,10,0.0,0.06,0.0,0.01,71.0,22.0,7.5,24.0,8,73.0
15,2004,8,12,0.1,0.08,0.0,0.03,65.0,37.0,7.1,8.0,5,68.0
4,2006,2,16,0.3,0.0,0.0,0.0,71.0,22.0,7.5,24.0,8,73.0
27,2011,9,19,0.06,0.02,0.0,0.01,61.0,14.0,7.5,24.0,7,68.0
20,1998,1,19,0.0,0.0,0.03,0.0,71.0,22.0,7.5,24.0,8,73.0
27,2009,0,19,0.14,0.02,0.0,0.01,51.0,47.0,6.2,12.0,5,56.5
28,2004,10,10,0.12,0.03,0.0,0.01,77.0,27.0,6.2,11.0,1,69.5
4,2009,9,9,0.21,0.09,0.0,0.03,71.0,22.0,7.5,24.0,1,73.0
17,2016,7,19,0.48,0.59,0.04,0.21,71.0,22.0,7.5,24.0,8,73.0
16,2010,1,26,0.11,0.05,0.0,0.02,39.0,5.0,5.6,13.0,5,47.5
14,1998,10,15,0.6,0.41,0.0,0.07,71.0,22.0,7.5,24.0,8,73.0
15,2007,10,12,0.0,0.0,0.04,0.0,71.0,22.0,7.5,24.0,8,73.0
15,2008,6,29,0.1,0.08,0.0,0.03,71.0,22.0,7.5,24.0,8,73.0
12,2004,8,28,0.0,0.07,0.0,0.02,88.0,9.0,8.9,9851.0,5,88.5
12,2013,8,19,0.14,0.04,0.0,0.02,64.0,40.0,6.5,661.0,5,64.5
18,2010,10,20,0.0,0.27,0.0,0.14,77.0,5.0,7.7,6.0,1,77.0
19,2015,0,4,0.0,0.03,0.07,0.01,65.0,12.0,7.8,63.0,5,71.5
6,2002,7,17,0.0,0.0,0.39,0.0,71.0,22.0,7.5,24.0,8,73.0
14,1999,6,21,2.57,1.57,0.44,0.21,88.0,20.0,9.0,233.0,1,89.0
4,2006,7,17,0.0,0.0,0.04,0.0,71.0,22.0,7.5,24.0,8,73.0
20,1996,2,19,0.0,0.0,0.1,0.0,71.0,22.0,7.5,24.0,8,73.0
28,2002,6,10,0.68,0.11,0.0,0.03,75.0,18.0,6.4,15.0,1,69.5
2,2014,0,29,0.21,0.2,0.0,0.04,71.0,22.0,6.4,7.0,2,67.5
19,2013,7,19,0.0,0.0,0.03,0.0,71.0,22.0,7.5,24.0,8,73.0
18,2010,1,11,0.0,0.0,0.02,0.0,71.0,22.0,7.5,24.0,8,73.0
14,1999,7,25,0.02,0.01,0.0,0.0,71.0,22.0,7.5,24.0,8,73.0
4,2005,3,17,0.21,0.0,0.02,0.02,79.0,51.0,7.9,32.0,1,79.0
18,2009,1,11,0.0,0.0,0.1,0.0,71.0,22.0,7.5,24.0,8,73.0
6,2003,3,19,0.05,0.02,0.0,0.0,71.0,22.0,7.5,24.0,1,73.0
17,2015,0,19,0.03,0.05,0.0,0.02,71.0,22.0,7.5,24.0,8,73.0
4,2011,7,19,0.16,0.01,0.12,0.01,79.0,21.0,8.8,45.0,7,83.5
2,2012,7,19,0.0,0.0,0.02,0.0,71.0,22.0,7.5,24.0,8,73.0
4,2008,0,19,0.06,0.0,0.0,0.01,71.0,22.0,7.5,24.0,8,73.0
14,2000,10,19,0.1,0.07,0.0,0.01,60.0,5.0,7.5,24.0,1,67.5
14,2001,9,12,0.0,0.0,0.02,0.0,71.0,22.0,7.5,24.0,8,73.0
6,2001,11,17,0.5,0.19,0.0,0.01,92.0,28.0,9.0,95.0,1,91.0
15,2006,0,28,0.99,0.04,0.0,0.16,75.0,46.0,8.6,113.0,5,80.5
28,2004,8,3,0.09,0.02,0.0,0.0,62.0,31.0,8.1,9.0,7,71.5
27,2011,0,2,0.13,0.12,0.0,0.03,59.0,53.0,6.7,30.0,7,63.0
25,2008,10,17,1.48,0.0,0.29,0.12,69.0,31.0,7.8,58.0,1,73.5
27,2008,3,19,0.05,0.0,0.0,0.0,52.0,23.0,6.1,7.0,7,56.5
18,2010,1,11,0.0,0.0,0.02,0.0,71.0,22.0,7.5,24.0,8,73.0
15,2005,10,10,0.74,0.03,0.0,0.12,83.0,29.0,6.2,16.0,1,72.5
7,2002,10,20,0.09,0.02,0.0,0.0,90.0,13.0,8.0,4.0,1,85.0
14,2000,10,12,0.0,0.0,0.15,0.01,71.0,22.0,7.5,24.0,8,73.0
28,2002,8,19,0.04,0.01,0.06,0.0,48.0,18.0,7.5,4.0,7,61.5
18,2014,1,11,0.0,0.0,0.01,0.0,71.0,22.0,7.5,24.0,8,73.0
4,2009,7,19,0.0,0.0,0.03,0.0,71.0,22.0,7.5,24.0,8,73.0
19,2012,0,6,0.0,0.0,0.06,0.0,68.0,36.0,7.9,31.0,7,73.5
22,1996,7,19,0.0,0.0,0.24,0.0,71.0,22.0,7.5,24.0,8,73.0
15,2006,10,10,0.02,0.02,0.0,0.01,70.0,6.0,7.8,27.0,1,74.0
2,2016,7,16,0.02,0.0,0.19,0.0,68.0,12.0,7.6,16.0,7,72.0
16,2009,10,10,0.42,0.25,0.0,0.11,81.0,38.0,7.7,9.0,1,79.0
9,1999,3,19,0.14,0.04,0.0,0.0,71.0,22.0,7.5,24.0,8,73.0
4,2010,10,19,0.0,0.01,0.0,0.0,71.0,22.0,7.5,24.0,8,73.0
28,2004,0,8,0.04,0.01,0.0,0.0,69.0,36.0,4.3,4.0,7,56.0
19,2014,9,19,0.01,0.0,0.0,0.0,71.0,22.0,7.5,24.0,8,73.0
16,2011,3,26,0.05,0.03,0.0,0.01,71.0,22.0,7.5,24.0,2,73.0
18,2005,10,21,0.1,0.0,0.0,0.01,61.0,23.0,7.4,10.0,1,67.5
15,2000,7,26,0.1,0.08,0.15,0.03,59.0,12.0,7.8,4.0,7,68.5
14,1998,10,19,1.65,0.46,0.1,0.1,71.0,22.0,7.5,24.0,8,73.0
12,2011,9,19,0.02,0.0,0.0,0.0,71.0,22.0,7.5,24.0,8,73.0
0,1982,0,19,0.58,0.04,0.0,0.01,71.0,22.0,7.5,24.0,8,73.0
4,2010,0,23,0.06,0.0,0.0,0.0,71.0,22.0,7.5,24.0,2,73.0
4,2006,3,19,0.0,0.0,0.66,0.0,71.0,22.0,7.5,24.0,8,73.0
25,2008,2,19,0.34,0.02,0.0,0.03,72.0,20.0,8.4,16.0,7,78.0
15,2004,8,26,0.64,0.34,0.0,0.1,58.0,21.0,6.0,19.0,7,59.0
4,2005,3,16,0.0,0.0,0.04,0.0,71.0,22.0,7.5,24.0,8,73.0
16,2007,9,21,0.49,0.39,0.0,0.17,84.0,50.0,8.4,183.0,7,84.0
27,2009,8,26,0.3,0.24,0.0,0.06,77.0,77.0,7.6,94.0,5,76.5
25,2008,1,8,0.19,0.31,0.0,0.06,50.0,4.0,5.8,5.0,2,54.0
18,2008,0,25,0.06,0.0,0.22,0.01,56.0,14.0,7.5,4.0,7,65.5
15,2005,10,21,0.26,0.2,0.0,0.07,63.0,26.0,6.3,27.0,1,63.0
27,2014,10,10,0.79,1.92,0.0,0.21,71.0,22.0,4.2,85.0,1,56.5
16,2009,3,21,0.0,0.28,0.0,0.03,71.0,22.0,7.5,24.0,8,73.0
4,2007,0,8,1.05,0.36,0.0,0.15,71.0,22.0,7.5,24.0,8,73.0
4,2009,7,17,0.0,0.19,1.18,0.03,71.0,22.0,7.5,24.0,8,73.0
26,2012,3,26,0.21,0.13,0.0,0.03,66.0,14.0,7.8,37.0,2,72.0
22,1992,7,19,0.0,0.0,2.43,0.02,71.0,22.0,7.5,24.0,8,73.0
7,2004,9,10,0.24,0.14,0.0,0.02,73.0,19.0,8.4,16.0,7,78.5
7,2003,7,20,0.06,0.02,0.0,0.0,71.0,24.0,8.2,13.0,7,76.5
29,2015,1,19,0.0,0.02,0.0,0.0,71.0,22.0,7.3,7.0,7,72.0
6,2003,0,4,0.05,0.02,0.0,0.0,63.0,8.0,7.5,24.0,1,69.0
16,2011,6,23,0.24,0.15,0.0,0.07,61.0,41.0,6.7,11.0,1,64.0
14,1998,2,19,0.0,0.0,0.05,0.0,71.0,22.0,7.5,24.0,8,73.0
22,1994,7,19,0.0,0.0,0.12,0.0,71.0,22.0,7.5,24.0,8,73.0
18,2005,4,21,0.52,0.0,0.12,0.05,66.0,35.0,6.4,16.0,1,65.0
7,2007,0,23,0.11,0.03,0.0,0.0,60.0,7.0,5.6,7.0,1,58.0
18,2007,0,8,0.15,0.17,0.0,0.1,61.0,5.0,7.0,11.0,7,65.5
2,2011,10,12,0.0,0.0,0.07,0.0,71.0,22.0,7.5,24.0,8,73.0
29,2014,6,26,0.12,0.1,0.0,0.02,80.0,28.0,7.1,158.0,2,75.5
16,2007,0,26,0.2,0.03,0.0,0.03,78.0,17.0,6.5,41.0,5,71.5
4,2005,3,3,0.12,0.0,0.0,0.01,51.0,17.0,3.7,7.0,1,44.0
14,1996,10,21,1.15,0.2,0.0,0.05,71.0,22.0,7.5,24.0,8,73.0
4,2010,5,17,0.28,0.3,0.12,0.07,76.0,11.0,7.5,24.0,1,75.5
15,2007,0,19,0.0,0.0,0.02,0.0,71.0,22.0,7.5,24.0,8,73.0
18,2009,2,16,0.15,0.03,0.1,0.03,82.0,39.0,8.2,68.0,7,82.0
28,2004,10,19,0.02,0.0,0.0,0.0,62.0,11.0,9.1,9.0,1,76.5
14,2000,4,21,0.17,0.12,0.0,0.02,66.0,8.0,7.2,6.0,1,69.0
15,2002,0,19,0.03,0.02,0.15,0.01,66.0,28.0,8.0,7.0,7,73.0
27,2010,11,22,0.23,0.09,0.0,0.03,75.0,28.0,7.1,23.0,2,73.0
12,1992,11,10,0.0,0.05,0.0,0.01,71.0,22.0,7.5,24.0,8,73.0
14,1997,2,19,0.38,0.26,0.0,0.04,71.0,22.0,7.5,24.0,8,73.0
2,2013,3,19,0.0,0.0,0.07,0.0,71.0,22.0,7.5,24.0,8,73.0
22,1996,5,19,0.0,0.0,0.02,0.0,71.0,22.0,7.5,24.0,8,73.0
14,1996,2,1,0.08,0.05,0.0,0.01,71.0,22.0,7.5,24.0,8,73.0
4,2008,5,4,0.26,0.0,0.0,0.02,70.0,12.0,7.5,24.0,1,72.5
18,2008,2,16,0.0,0.0,0.42,0.0,71.0,22.0,7.5,24.0,8,73.0
17,2016,3,20,0.02,0.0,0.02,0.0,78.0,22.0,7.4,41.0,7,76.0
29,2013,2,26,0.11,0.07,0.0,0.02,23.0,39.0,3.0,211.0,7,26.5
16,2016,0,21,0.16,0.0,0.0,0.04,71.0,22.0,7.5,24.0,8,73.0
19,2015,7,25,0.0,0.0,0.05,0.0,71.0,22.0,7.5,24.0,8,73.0
27,2006,6,26,0.07,0.01,0.0,0.01,71.0,22.0,7.5,24.0,8,73.0
4,2009,3,19,0.0,0.0,0.06,0.0,71.0,22.0,7.5,24.0,8,73.0
12,2016,6,19,0.0,0.01,0.0,0.0,71.0,22.0,7.5,24.0,8,73.0
27,2009,10,19,0.23,0.0,0.0,0.02,71.0,22.0,7.8,4.0,7,74.5
27,2010,7,20,0.12,0.13,0.06,0.03,74.0,43.0,7.7,96.0,7,75.5
15,2008,1,16,0.0,0.0,0.06,0.0,71.0,22.0,7.5,24.0,8,73.0
27,2007,0,10,0.3,0.01,0.0,0.03,69.0,48.0,6.3,108.0,5,66.0
27,2012,9,19,0.07,0.0,0.0,0.01,49.0,24.0,5.5,6.0,7,52.0
4,2007,3,19,0.01,0.0,0.0,0.0,61.0,7.0,7.5,4.0,7,68.0
25,2009,10,10,0.76,0.27,0.0,0.1,80.0,15.0,7.5,24.0,1,77.5
25,2011,3,12,0.14,0.06,0.0,0.02,71.0,22.0,7.5,24.0,8,73.0
15,2003,10,12,0.08,1.24,1.13,0.45,93.0,28.0,9.0,45.0,1,91.5
18,2006,7,21,0.11,0.0,0.0,0.0,71.0,22.0,7.5,24.0,8,73.0
28,2004,3,14,0.01,0.0,0.0,0.0,71.0,22.0,7.5,24.0,8,73.0
18,2010,0,21,0.41,0.35,0.03,0.21,86.0,73.0,8.4,255.0,5,85.0
27,2006,10,10,0.44,0.0,0.0,0.04,80.0,44.0,7.9,21.0,1,79.5
15,2004,6,21,0.06,0.05,0.0,0.02,57.0,27.0,7.8,14.0,7,67.5
0,1981,0,19,0.65,0.04,0.0,0.01,71.0,22.0,7.5,24.0,8,73.0
4,2007,7,19,0.16,0.0,0.0,0.0,71.0,22.0,7.5,24.0,8,73.0
18,2012,0,19,0.0,0.0,0.03,0.0,71.0,22.0,7.5,24.0,8,73.0
19,2016,1,19,0.0,0.0,0.02,0.0,71.0,22.0,7.5,24.0,8,73.0
18,2007,4,4,0.0,0.0,0.01,0.0,71.0,22.0,7.5,24.0,8,73.0
27,2013,0,2,0.0,0.03,0.0,0.0,71.0,22.0,7.5,24.0,8,73.0
27,2010,6,20,0.37,0.32,0.0,0.07,71.0,22.0,7.5,24.0,8,73.0
12,2009,9,9,0.0,0.01,0.0,0.0,71.0,22.0,7.5,24.0,8,73.0
15,2008,4,19,0.06,0.05,0.0,0.02,71.0,22.0,6.6,7.0,2,68.5
14,1996,10,10,0.09,0.06,0.0,0.01,71.0,22.0,7.5,24.0,8,73.0
27,2008,0,26,0.54,0.34,0.02,0.1,81.0,73.0,7.0,189.0,7,75.5
15,2008,2,16,0.08,0.06,0.21,0.02,48.0,17.0,7.9,37.0,7,63.5
18,2010,7,22,0.63,0.41,0.75,0.26,82.0,62.0,8.6,208.0,2,84.0
28,2004,0,2,0.16,0.05,0.0,0.01,70.0,55.0,7.0,6.0,5,70.0
25,2010,5,19,0.25,0.0,0.0,0.02,71.0,22.0,7.5,24.0,1,73.0
28,2003,6,1,0.02,0.0,0.0,0.0,66.0,15.0,6.8,5.0,7,67.0
6,2001,1,23,0.59,0.95,0.03,0.1,71.0,22.0,7.5,24.0,1,73.0
9,1999,2,10,0.63,0.27,0.0,0.02,71.0,22.0,7.5,24.0,8,73.0
28,2004,4,19,0.01,0.0,0.0,0.0,48.0,16.0,7.5,24.0,7,61.5
2,2012,0,19,0.0,0.0,0.02,0.0,71.0,22.0,7.5,24.0,8,73.0
9,1998,3,19,0.05,0.01,0.0,0.0,71.0,22.0,7.5,24.0,8,73.0
4,2009,1,2,0.12,0.0,0.0,0.01,71.0,22.0,7.5,24.0,1,73.0
6,2005,7,17,0.27,0.1,0.22,0.01,85.0,30.0,7.3,70.0,2,79.0
2,2014,0,16,0.0,0.0,0.31,0.0,71.0,22.0,7.5,24.0,8,73.0
25,2011,8,20,0.07,0.04,0.0,0.01,64.0,51.0,7.6,60.0,7,70.0
15,2006,9,16,0.15,0.12,0.2,0.04,75.0,45.0,8.4,55.0,7,79.5
27,2008,7,22,0.25,0.2,0.18,0.06,66.0,49.0,6.9,122.0,5,67.5
6,2002,1,19,0.04,0.02,0.0,0.0,80.0,17.0,7.8,10.0,7,79.0
4,2006,10,2,0.2,0.0,0.0,0.02,76.0,34.0,7.0,7.0,1,73.0
27,2011,8,2,0.25,0.2,0.0,0.05,72.0,56.0,6.0,96.0,7,66.0
17,2016,1,19,0.01,0.01,0.0,0.0,71.0,22.0,7.5,24.0,8,73.0
25,2011,0,17,2.03,1.16,0.37,0.38,93.0,81.0,8.0,1958.0,2,86.5
27,2013,0,12,0.3,0.14,0.0,0.04,82.0,46.0,7.8,358.0,5,80.0
19,2015,10,26,0.0,0.01,0.0,0.0,71.0,22.0,7.5,24.0,1,73.0
15,2003,10,21,0.32,0.25,0.0,0.08,61.0,21.0,7.9,9.0,1,70.0
15,2006,1,21,0.0,0.0,0.02,0.0,71.0,22.0,7.5,24.0,8,73.0
27,2011,8,10,0.94,0.44,0.0,0.13,90.0,83.0,8.6,679.0,5,88.0
16,2011,10,10,0.52,0.25,0.0,0.11,80.0,41.0,7.3,17.0,1,76.5
5,1999,9,26,0.0,0.0,0.12,0.0,71.0,22.0,7.5,24.0,8,73.0
12,2013,8,0,0.04,0.0,0.0,0.01,79.0,51.0,3.4,3558.0,5,56.5
25,2011,0,16,0.0,0.0,0.08,0.0,71.0,22.0,7.5,24.0,8,73.0
12,2007,5,19,0.01,0.02,0.0,0.01,71.0,22.0,7.5,24.0,2,73.0
28,2005,10,12,0.06,0.33,0.02,0.03,89.0,19.0,7.9,9.0,1,84.0
14,1997,4,19,0.08,0.05,0.0,0.01,71.0,22.0,7.5,24.0,8,73.0
2,2013,0,16,0.0,0.0,0.01,0.0,71.0,22.0,7.5,24.0,8,73.0
15,2003,10,21,0.13,0.1,0.0,0.03,58.0,19.0,7.8,8.0,1,68.0
4,2007,10,26,0.0,0.0,0.01,0.0,71.0,22.0,7.5,24.0,8,73.0
4,2009,9,19,0.18,0.0,0.0,0.01,68.0,14.0,7.5,24.0,1,71.5
6,2002,8,12,0.02,0.01,0.0,0.0,70.0,5.0,8.0,5.0,7,75.0
15,2001,0,19,0.25,0.19,0.0,0.06,44.0,13.0,7.0,11.0,7,57.0
14,1998,7,19,0.27,0.18,0.06,0.04,78.0,15.0,9.1,35.0,7,84.5
7,2006,0,23,0.25,0.07,0.0,0.01,63.0,11.0,6.9,11.0,2,66.0
27,2010,0,16,0.14,0.03,0.0,0.01,62.0,51.0,7.6,60.0,5,69.0
18,2010,7,19,0.0,0.0,0.03,0.0,71.0,22.0,7.5,24.0,8,73.0
2,2013,1,16,0.0,0.0,0.05,0.0,71.0,22.0,7.5,24.0,8,73.0
9,2000,5,17,0.36,0.08,0.0,0.01,71.0,22.0,7.5,24.0,8,73.0
28,2005,8,14,0.12,0.03,0.0,0.01,71.0,22.0,7.5,24.0,8,73.0
29,2015,3,19,0.38,0.04,0.0,0.05,79.0,27.0,6.4,54.0,7,71.5
15,2005,1,19,0.12,0.09,0.0,0.03,71.0,22.0,7.0,4.0,3,70.5
12,2008,9,10,0.0,0.07,0.0,0.01,75.0,10.0,7.7,19.0,7,76.0
2,2011,3,17,0.0,0.0,0.04,0.0,71.0,22.0,7.5,24.0,8,73.0
16,2008,10,10,0.48,1.63,0.04,0.43,87.0,42.0,7.5,108.0,1,81.0
14,1999,0,21,0.33,0.22,0.0,0.04,71.0,22.0,7.5,24.0,8,73.0
15,2001,2,1,0.37,0.29,0.0,0.1,71.0,22.0,7.5,24.0,8,73.0
12,2009,0,9,0.0,0.28,0.0,0.05,91.0,29.0,8.7,1736.0,7,89.0
4,2007,0,19,0.01,0.0,0.0,0.0,71.0,22.0,7.5,24.0,8,73.0
4,2009,9,19,0.03,0.0,0.0,0.0,71.0,22.0,7.5,24.0,8,73.0
15,2003,0,25,0.17,0.13,0.51,0.04,72.0,15.0,9.1,39.0,7,81.5
27,2007,7,3,0.19,0.04,0.08,0.02,79.0,56.0,7.9,97.0,7,79.0
18,2008,7,20,0.19,0.06,0.63,0.05,64.0,38.0,7.8,19.0,7,71.0
15,2006,10,21,0.01,0.01,0.0,0.0,63.0,24.0,6.8,5.0,1,65.5
4,2010,0,16,0.0,0.0,0.17,0.0,71.0,22.0,7.5,24.0,8,73.0
4,2008,3,19,0.1,0.0,0.0,0.01,71.0,6.0,7.4,7.0,1,72.5
17,2016,0,7,0.03,0.07,0.01,0.02,63.0,32.0,6.4,45.0,5,63.5
15,2007,1,18,0.0,0.0,0.02,0.0,71.0,22.0,7.5,24.0,8,73.0
12,2011,3,3,0.01,0.0,0.0,0.0,71.0,22.0,7.5,24.0,8,73.0
18,2013,1,11,0.0,0.0,0.04,0.0,71.0,22.0,7.5,24.0,8,73.0
25,2007,10,3,0.27,0.02,0.0,0.02,71.0,22.0,7.5,24.0,8,73.0
17,2016,0,29,0.26,0.35,0.0,0.12,71.0,70.0,7.0,87.0,2,70.5
4,2009,10,12,0.0,0.0,0.19,0.0,71.0,22.0,7.5,24.0,8,73.0
4,2007,9,19,0.09,0.14,0.0,0.02,49.0,7.0,7.5,24.0,1,62.0
7,2005,0,26,0.08,0.02,0.0,0.0,81.0,28.0,8.5,15.0,5,83.0
14,2001,0,1,0.08,0.05,0.0,0.01,71.0,22.0,7.5,24.0,8,73.0
25,2009,10,3,0.15,0.0,0.0,0.01,37.0,31.0,7.5,24.0,7,56.0
28,2002,6,23,0.07,0.02,0.0,0.0,71.0,22.0,7.5,24.0,8,73.0
14,1996,7,19,0.01,0.01,0.0,0.0,71.0,22.0,7.5,24.0,8,73.0
6,2003,10,10,0.09,0.03,0.0,0.0,63.0,14.0,7.5,24.0,1,69.0
6,2003,0,3,0.21,0.08,0.0,0.01,71.0,22.0,7.5,24.0,8,73.0
4,2008,10,12,0.0,0.0,0.29,0.0,71.0,22.0,7.5,24.0,8,73.0
27,2005,10,10,0.27,0.0,0.0,0.02,64.0,35.0,5.6,16.0,1,60.0
27,2011,3,0,0.09,0.01,0.0,0.01,71.0,22.0,5.1,8.0,2,61.0
25,2009,1,19,0.07,0.03,0.0,0.01,50.0,5.0,7.5,24.0,2,62.5
4,2009,10,12,0.0,0.0,0.06,0.0,71.0,22.0,7.5,24.0,8,73.0
15,2002,10,10,0.46,0.36,0.0,0.12,79.0,20.0,6.8,18.0,1,73.5
4,2007,3,2,0.05,0.0,0.0,0.0,71.0,22.0,7.5,24.0,7,73.0
14,1997,2,9,0.73,0.5,0.0,0.09,71.0,22.0,7.5,24.0,8,73.0
15,2007,7,25,0.14,0.11,0.0,0.04,71.0,22.0,7.5,24.0,8,73.0
18,2006,3,20,0.0,0.0,0.06,0.0,71.0,22.0,7.5,24.0,8,73.0
12,2010,7,10,0.0,0.12,0.0,0.02,71.0,22.0,7.5,24.0,8,73.0
18,2012,0,16,0.0,0.0,0.11,0.0,71.0,22.0,7.5,24.0,8,73.0
6,2004,4,10,0.09,0.03,0.0,0.0,63.0,7.0,7.5,24.0,1,69.0
15,2005,10,12,0.0,0.0,0.11,0.0,71.0,22.0,7.5,24.0,8,73.0
14,1999,8,10,1.72,1.33,0.0,0.16,71.0,22.0,7.5,24.0,8,73.0
25,2009,10,23,0.12,0.0,0.0,0.01,71.0,22.0,7.5,24.0,1,73.0
27,2014,0,29,0.48,0.33,0.0,0.08,71.0,22.0,6.8,14.0,2,69.5
15,2008,9,12,0.0,0.0,0.03,0.0,71.0,22.0,7.5,24.0,8,73.0
17,2016,8,21,1.85,2.5,0.19,0.85,93.0,113.0,7.9,7064.0,7,86.0
4,2009,5,17,0.28,0.03,0.16,0.02,83.0,35.0,8.4,33.0,1,83.5
27,2007,0,28,0.27,0.02,0.0,0.02,65.0,25.0,6.3,39.0,2,64.0
18,2007,1,19,0.0,0.0,0.02,0.0,71.0,22.0,7.5,24.0,8,73.0
16,2007,8,28,0.14,0.0,0.0,0.01,70.0,16.0,6.3,27.0,5,66.5
27,2008,4,10,0.51,0.51,0.01,0.13,79.0,82.0,7.6,328.0,7,77.5
4,2008,10,19,0.13,0.0,0.0,0.01,65.0,12.0,7.5,24.0,1,70.0
2,2013,3,19,0.0,0.0,0.08,0.0,71.0,22.0,7.5,24.0,8,73.0
27,2009,0,19,0.1,0.02,0.02,0.01,50.0,39.0,5.4,14.0,5,52.0
15,2006,2,19,0.0,0.0,0.02,0.0,71.0,22.0,7.5,24.0,8,73.0
15,2002,8,19,0.05,0.04,0.0,0.01,59.0,9.0,7.5,24.0,1,67.0
16,2008,10,10,1.56,0.14,0.0,0.18,85.0,38.0,4.4,132.0,1,64.5
15,2003,8,26,0.28,0.22,0.0,0.07,73.0,37.0,8.6,35.0,5,79.5
4,2007,9,8,0.12,0.03,0.0,0.01,71.0,22.0,7.3,4.0,1,72.0
14,1995,3,19,0.0,0.0,0.04,0.0,71.0,22.0,7.5,24.0,8,73.0
6,2005,4,28,0.13,0.05,0.0,0.0,71.0,22.0,7.5,24.0,8,73.0
27,2015,10,19,0.0,0.03,0.0,0.0,71.0,22.0,7.5,24.0,1,73.0
29,2015,0,7,0.1,0.09,0.0,0.02,71.0,22.0,7.5,24.0,8,73.0
18,2006,6,20,0.03,0.01,0.0,0.0,82.0,31.0,8.1,14.0,1,81.5
10,1993,5,17,0.62,0.13,0.21,0.02,71.0,22.0,7.5,24.0,8,73.0
18,2005,3,21,0.0,0.0,0.18,0.0,71.0,22.0,7.5,24.0,8,73.0
4,2007,4,8,0.05,0.01,0.0,0.0,70.0,5.0,7.5,24.0,1,72.5
25,2008,0,19,0.16,0.01,0.0,0.01,72.0,37.0,8.7,33.0,2,79.5
4,2005,4,8,0.11,0.01,0.0,0.01,61.0,14.0,7.5,4.0,1,68.0
2,2013,3,19,0.0,0.0,0.09,0.0,71.0,22.0,7.5,24.0,8,73.0
25,2011,6,12,0.07,0.0,0.0,0.0,71.0,22.0,7.5,24.0,2,73.0
27,2007,10,10,0.2,0.0,0.0,0.02,69.0,22.0,7.5,24.0,1,72.0
15,2001,4,26,0.2,0.16,0.0,0.05,59.0,7.0,7.1,7.0,1,65.0
14,2001,0,19,0.14,0.1,0.0,0.02,30.0,6.0,6.3,4.0,1,46.5
15,2001,2,19,0.15,0.11,0.05,0.04,71.0,20.0,8.6,34.0,7,78.5
15,2003,2,19,0.37,0.29,0.0,0.1,71.0,22.0,7.5,24.0,8,73.0
20,1998,11,20,0.0,0.0,0.05,0.0,71.0,22.0,7.5,24.0,8,73.0
2,2013,0,2,0.03,0.03,0.0,0.01,71.0,22.0,7.5,24.0,1,73.0
9,1999,10,19,0.02,0.0,0.0,0.0,71.0,22.0,7.5,24.0,8,73.0
14,1999,10,19,0.03,0.02,0.0,0.0,71.0,22.0,7.5,24.0,8,73.0
6,2002,5,28,0.05,0.02,0.0,0.0,75.0,9.0,7.5,24.0,1,75.0
12,2015,8,2,0.0,0.25,0.0,0.01,71.0,22.0,7.5,24.0,8,73.0
7,2002,10,20,0.01,0.0,0.03,0.0,58.0,20.0,6.0,5.0,1,59.0
16,2011,0,8,0.36,0.43,0.0,0.16,73.0,42.0,7.1,34.0,2,72.0
4,2008,7,19,0.04,0.0,0.0,0.0,71.0,22.0,7.5,24.0,7,73.0
18,2011,10,20,0.0,0.0,0.21,0.0,71.0,22.0,7.5,24.0,8,73.0
18,2011,1,11,0.0,0.0,0.03,0.0,71.0,22.0,7.5,24.0,8,73.0
18,2012,7,19,0.0,0.0,0.19,0.0,71.0,22.0,7.5,24.0,8,73.0
25,2007,0,24,0.25,0.23,0.0,0.06,62.0,38.0,7.1,46.0,5,66.5
15,2004,10,21,0.08,0.07,0.0,0.02,66.0,24.0,9.1,14.0,1,78.5
28,2001,0,19,0.05,0.01,0.0,0.0,32.0,15.0,2.5,12.0,5,28.5
14,1997,8,12,0.02,0.01,0.0,0.0,71.0,22.0,7.5,24.0,8,73.0
15,2003,3,5,0.27,0.21,0.0,0.07,41.0,14.0,4.8,12.0,1,44.5
20,1997,7,19,0.0,0.0,0.42,0.0,71.0,22.0,7.5,24.0,8,73.0
14,1998,1,21,0.0,0.0,0.19,0.01,71.0,22.0,7.5,24.0,8,73.0
19,2016,7,16,0.0,0.04,0.1,0.01,60.0,5.0,7.0,8.0,7,65.0
25,2010,0,17,0.85,0.27,0.13,0.1,79.0,71.0,6.5,482.0,7,72.0
22,1990,6,17,1.37,0.51,0.89,0.07,71.0,22.0,7.5,24.0,8,73.0
14,1999,6,19,0.19,0.13,0.0,0.02,89.0,14.0,8.5,15.0,1,87.0
20,1995,8,20,0.0,0.0,0.31,0.0,71.0,22.0,7.5,24.0,8,73.0
22,1994,10,19,0.0,0.0,0.33,0.0,71.0,22.0,7.5,24.0,8,73.0
4,2005,1,17,0.15,0.01,0.12,0.01,70.0,51.0,8.1,42.0,7,75.5
18,2005,10,21,0.13,0.0,0.0,0.01,65.0,22.0,6.8,4.0,2,66.5
4,2008,7,20,0.5,0.29,0.01,0.08,74.0,55.0,7.3,81.0,1,73.5
22,1995,4,12,0.03,0.01,0.05,0.0,71.0,22.0,7.5,24.0,8,73.0
6,2004,0,23,0.31,0.12,0.0,0.01,71.0,22.0,7.5,24.0,2,73.0
4,2007,0,19,0.05,0.0,0.0,0.0,71.0,9.0,7.5,24.0,1,73.0
16,2011,0,23,0.11,0.05,0.0,0.03,71.0,22.0,7.5,24.0,2,73.0
19,2015,7,18,0.01,0.01,0.03,0.01,71.0,22.0,7.5,24.0,8,73.0
15,2006,8,26,0.03,0.02,0.0,0.01,44.0,8.0,4.6,41.0,7,45.0
15,2008,2,19,0.07,0.06,0.0,0.02,71.0,22.0,7.5,24.0,7,73.0
16,2010,10,12,0.29,1.17,0.54,0.41,77.0,40.0,6.8,85.0,1,72.5
28,2002,8,19,0.07,0.02,0.0,0.0,54.0,13.0,7.5,24.0,5,64.5
14,1995,6,10,0.71,0.48,0.0,0.08,71.0,22.0,7.5,24.0,8,73.0
15,2004,10,10,0.07,0.05,0.0,0.02,76.0,21.0,6.4,18.0,1,70.0
14,1998,10,19,1.44,0.05,0.0,0.04,71.0,22.0,7.5,24.0,8,73.0
4,2011,9,23,0.06,0.0,0.0,0.0,71.0,22.0,7.5,24.0,8,73.0
12,2008,10,10,0.0,0.02,0.0,0.0,77.0,15.0,6.8,36.0,1,72.5
25,2007,0,2,0.13,0.0,0.0,0.01,59.0,29.0,8.0,6.0,2,69.5
27,2009,4,4,0.12,0.12,0.01,0.03,70.0,65.0,7.3,87.0,5,71.5
18,2007,0,2,0.08,0.15,0.0,0.09,57.0,8.0,7.5,24.0,2,66.0
18,2011,3,11,0.0,0.0,0.03,0.0,71.0,22.0,7.5,24.0,8,73.0
16,2007,2,23,0.62,0.49,0.01,0.2,74.0,27.0,7.3,41.0,7,73.5
9,2000,0,10,1.13,0.38,0.02,0.03,71.0,22.0,7.5,24.0,8,73.0
15,2004,10,19,0.0,0.0,0.55,0.0,71.0,22.0,7.5,24.0,8,73.0
14,2001,11,19,0.05,0.04,0.0,0.01,71.0,22.0,7.5,24.0,8,73.0
25,2010,0,23,0.21,0.04,0.0,0.02,49.0,6.0,7.5,24.0,2,62.0
25,2011,9,19,0.14,0.0,0.0,0.01,71.0,22.0,7.5,24.0,8,73.0
18,2011,1,11,0.0,0.0,0.04,0.0,71.0,22.0,7.5,24.0,8,73.0
15,2003,7,19,0.0,0.0,0.24,0.0,71.0,22.0,7.5,24.0,8,73.0
12,1996,11,19,1.37,1.34,0.0,0.14,71.0,22.0,7.5,24.0,8,73.0
14,1998,6,19,0.01,0.01,0.0,0.0,71.0,22.0,7.5,24.0,8,73.0
15,2006,3,21,0.05,0.04,0.0,0.01,71.0,22.0,7.5,24.0,8,73.0
18,2012,0,19,0.0,0.0,0.1,0.0,71.0,22.0,7.5,24.0,8,73.0
28,2004,3,19,0.03,0.01,0.0,0.0,71.0,22.0,7.5,24.0,8,73.0
28,2003,0,10,0.71,0.38,0.0,0.05,84.0,31.0,9.1,31.0,7,87.5
12,1995,11,2,1.7,2.27,0.0,0.23,71.0,22.0,7.5,24.0,8,73.0
12,2004,11,19,0.0,0.03,0.0,0.01,75.0,20.0,7.7,40.0,7,76.0
7,2002,10,12,0.01,0.0,0.0,0.0,59.0,8.0,7.5,24.0,1,67.0
28,2002,8,1,0.39,0.14,0.0,0.02,68.0,25.0,6.7,9.0,5,67.5
15,2007,3,21,0.1,0.59,0.0,0.18,73.0,29.0,7.5,24.0,7,74.0
16,2013,0,7,0.12,0.03,0.05,0.03,64.0,39.0,7.9,215.0,5,71.5
14,1997,10,12,0.07,0.05,0.0,0.01,71.0,22.0,7.5,24.0,8,73.0
18,2010,2,19,0.0,0.0,0.03,0.0,71.0,22.0,7.5,24.0,8,73.0
16,2010,3,19,0.19,0.15,0.0,0.06,76.0,41.0,6.3,24.0,7,69.5
29,2014,1,19,0.08,0.06,0.0,0.01,71.0,22.0,7.5,24.0,8,73.0
6,2003,7,17,1.48,0.17,0.47,0.06,71.0,22.0,7.5,24.0,8,73.0
18,2009,1,21,0.0,0.0,0.19,0.0,71.0,22.0,7.5,24.0,8,73.0
25,2007,0,19,0.29,0.17,0.04,0.05,83.0,64.0,8.4,259.0,5,83.5
27,2012,7,7,0.05,0.08,0.0,0.01,60.0,18.0,6.0,58.0,5,60.0
15,2003,2,12,0.05,0.04,0.0,0.01,59.0,25.0,8.6,43.0,5,72.5
12,2010,8,19,0.0,0.13,0.0,0.03,55.0,23.0,5.5,267.0,5,55.0
16,2012,0,21,0.0,0.0,0.26,0.0,74.0,60.0,8.4,89.0,7,79.0
18,2010,7,22,0.07,0.04,0.17,0.03,53.0,45.0,5.5,21.0,5,54.0
4,2009,10,12,0.0,0.0,0.07,0.0,71.0,22.0,7.5,24.0,8,73.0
2,2015,5,17,0.0,0.0,0.06,0.0,70.0,15.0,7.5,48.0,1,72.5
3,2001,6,20,0.0,0.0,0.07,0.0,82.0,18.0,8.1,29.0,7,81.5
2,2011,1,26,0.07,0.07,0.0,0.01,60.0,22.0,6.6,5.0,7,63.0
4,2009,3,19,0.07,0.0,0.0,0.0,71.0,22.0,7.5,24.0,1,73.0
4,2008,3,13,0.12,0.0,0.0,0.01,51.0,4.0,7.5,24.0,1,63.0
16,2008,2,16,0.49,0.34,0.09,0.15,75.0,32.0,8.6,95.0,7,80.5
25,2007,3,19,0.0,0.0,0.02,0.0,71.0,22.0,7.5,24.0,8,73.0
27,2009,0,24,1.04,1.22,0.03,0.27,71.0,22.0,7.5,24.0,8,73.0
27,2006,2,23,0.44,0.03,0.0,0.04,81.0,50.0,7.8,46.0,7,79.5
18,2009,6,21,0.09,0.15,0.0,0.08,55.0,13.0,5.7,10.0,2,56.0
25,2008,5,10,0.71,0.38,0.0,0.12,85.0,61.0,8.6,105.0,1,85.5
28,2003,10,14,0.13,0.04,0.0,0.01,71.0,31.0,8.2,11.0,1,76.5
14,1999,3,21,0.0,0.0,1.0,0.07,71.0,22.0,7.5,24.0,8,73.0
4,2007,0,19,0.06,0.0,0.0,0.0,71.0,22.0,7.5,24.0,1,73.0
29,2015,7,22,0.16,0.07,0.0,0.02,71.0,22.0,7.5,24.0,8,73.0
7,2005,3,23,0.34,0.09,0.0,0.01,71.0,22.0,7.5,24.0,8,73.0
12,2008,8,9,0.0,0.01,0.0,0.0,58.0,18.0,4.8,54.0,5,53.0
27,2010,0,26,2.85,0.38,0.03,0.24,89.0,81.0,8.3,693.0,5,86.0
16,2012,0,22,0.31,0.49,0.05,0.19,83.0,40.0,7.7,645.0,5,80.0
16,2008,0,16,0.09,0.06,0.32,0.03,54.0,22.0,7.0,28.0,7,62.0
12,2002,8,10,0.0,0.01,0.0,0.0,71.0,22.0,7.5,24.0,8,73.0
27,2005,10,10,0.28,0.0,0.0,0.02,71.0,36.0,7.4,8.0,1,72.5
16,2006,8,2,0.6,0.62,0.03,0.26,80.0,43.0,6.9,92.0,7,74.5
12,2015,9,10,0.0,0.04,0.0,0.0,71.0,22.0,7.6,26.0,7,73.5
15,2007,3,19,0.0,0.0,0.04,0.0,71.0,22.0,7.5,24.0,8,73.0
22,1993,10,19,0.0,0.0,0.11,0.0,71.0,22.0,7.5,24.0,8,73.0
14,1996,6,21,1.33,0.4,0.03,0.07,71.0,22.0,7.5,24.0,8,73.0
28,2002,10,1,0.05,0.01,0.0,0.0,85.0,20.0,7.7,7.0,7,81.0
27,2011,6,2,0.11,0.0,0.0,0.01,71.0,22.0,7.5,24.0,1,73.0
16,2010,10,10,0.4,0.12,0.0,0.07,88.0,38.0,7.1,54.0,2,79.5
6,2005,7,4,0.09,0.03,0.62,0.02,71.0,22.0,7.5,24.0,8,73.0
6,2006,5,19,0.01,0.0,0.0,0.0,71.0,22.0,7.5,24.0,1,73.0
4,2005,3,19,0.0,0.0,0.04,0.0,71.0,22.0,7.5,24.0,8,73.0
14,1997,8,21,0.05,0.03,0.23,0.02,71.0,22.0,7.5,24.0,8,73.0
28,2003,4,24,0.07,0.02,0.0,0.0,71.0,22.0,7.5,24.0,8,73.0
4,2009,7,19,0.07,0.03,0.14,0.01,36.0,4.0,7.5,24.0,1,55.5
14,1999,6,3,0.4,0.27,0.0,0.05,71.0,22.0,7.5,24.0,8,73.0
16,2013,0,2,0.23,0.14,0.0,0.08,61.0,27.0,7.2,221.0,5,66.5
25,2010,10,17,0.0,0.06,0.0,0.01,71.0,22.0,7.5,24.0,1,73.0
12,2015,11,24,0.0,0.04,0.0,0.0,71.0,22.0,7.5,24.0,8,73.0
2,2015,0,29,0.05,0.11,0.04,0.01,71.0,22.0,7.5,24.0,2,73.0
9,1997,8,17,2.78,0.58,0.64,0.04,71.0,22.0,7.5,24.0,8,73.0
15,2001,0,19,0.06,0.05,0.0,0.02,39.0,13.0,3.8,4.0,7,38.5
12,2009,10,19,0.02,0.02,0.0,0.0,72.0,34.0,6.5,57.0,7,68.5
14,2001,10,10,0.29,0.19,0.0,0.03,81.0,6.0,8.8,9.0,1,84.5
12,2009,0,19,0.0,0.01,0.0,0.0,80.0,50.0,8.2,488.0,2,81.0
2,2013,3,17,0.0,0.0,0.18,0.0,71.0,22.0,7.5,24.0,8,73.0
15,2003,6,19,0.49,0.38,0.0,0.13,51.0,5.0,8.0,8.0,1,65.5
27,2008,8,6,0.22,0.2,0.01,0.05,72.0,71.0,7.5,147.0,5,73.5
20,1996,8,19,0.0,0.0,0.05,0.0,71.0,22.0,7.5,24.0,8,73.0
14,1996,1,19,0.03,0.02,0.0,0.0,71.0,22.0,7.5,24.0,8,73.0
14,1997,6,19,1.05,0.2,0.0,0.05,71.0,22.0,7.5,24.0,8,73.0
25,2008,4,28,0.34,0.17,0.0,0.05,64.0,11.0,6.5,19.0,2,64.5
26,2016,0,17,0.0,0.01,0.0,0.0,81.0,46.0,8.5,151.0,1,83.0
7,2002,10,15,0.11,0.03,0.0,0.0,80.0,10.0,7.5,4.0,1,77.5
15,2003,9,19,0.08,0.06,0.0,0.02,73.0,26.0,7.5,24.0,7,74.0
27,2009,0,3,0.16,0.05,0.0,0.02,65.0,70.0,6.2,57.0,5,63.5
15,2001,10,1,0.11,0.08,0.0,0.03,67.0,12.0,7.8,6.0,1,72.5
19,2013,10,12,0.0,0.0,0.06,0.0,71.0,22.0,7.5,24.0,8,73.0
15,2007,0,9,0.05,0.04,0.0,0.01,71.0,22.0,7.5,24.0,5,73.0
22,1995,5,19,0.0,0.0,0.47,0.0,71.0,22.0,7.5,24.0,8,73.0
15,2002,0,2,2.71,1.51,0.03,0.23,76.0,25.0,7.9,41.0,1,77.5
12,2011,1,19,0.03,0.0,0.0,0.0,71.0,22.0,7.5,24.0,1,73.0
14,2001,7,19,0.0,0.0,1.2,0.01,71.0,22.0,7.5,24.0,8,73.0
27,2010,8,16,0.11,0.08,0.0,0.02,61.0,64.0,7.0,34.0,5,65.5
25,2010,10,19,0.0,0.09,0.0,0.01,71.0,22.0,7.5,24.0,8,73.0
4,2008,1,19,0.29,0.0,0.0,0.02,71.0,22.0,7.5,24.0,2,73.0
2,2016,1,19,0.05,0.0,0.0,0.01,71.0,22.0,7.5,24.0,8,73.0
15,2000,8,12,0.04,0.03,0.0,0.01,64.0,15.0,7.5,24.0,1,69.5
16,2013,8,19,0.19,0.1,0.0,0.06,59.0,21.0,6.9,145.0,5,64.0
25,2009,10,10,0.23,0.64,0.0,0.11,75.0,21.0,6.2,17.0,1,68.5
15,2002,6,23,0.23,0.18,0.0,0.06,54.0,7.0,7.1,16.0,1,62.5
12,2011,7,27,0.09,0.09,0.0,0.02,76.0,31.0,6.5,315.0,5,70.5
6,2003,0,19,0.1,0.04,0.0,0.0,71.0,22.0,7.5,24.0,8,73.0
17,2015,7,18,0.11,0.08,0.06,0.04,80.0,43.0,8.1,173.0,7,80.5
28,2005,0,4,0.03,0.01,0.0,0.0,71.0,22.0,7.5,24.0,8,73.0
12,2006,9,26,0.0,0.03,0.0,0.01,71.0,33.0,7.2,54.0,7,71.5
0,1980,10,2,0.46,0.03,0.0,0.01,71.0,22.0,7.5,24.0,8,73.0
20,1998,1,20,0.0,0.0,0.08,0.0,71.0,22.0,7.5,24.0,8,73.0
7,2003,6,19,0.01,0.0,0.0,0.0,49.0,5.0,7.5,24.0,1,62.0
12,2008,1,19,0.0,0.01,0.0,0.0,71.0,22.0,7.5,24.0,7,73.0
27,2009,0,2,0.2,0.02,0.0,0.02,60.0,16.0,5.2,9.0,1,56.0
7,2003,8,3,0.07,0.02,0.0,0.0,85.0,52.0,8.5,42.0,1,85.0
15,2002,8,16,0.05,0.04,0.0,0.01,60.0,17.0,5.3,4.0,7,56.5
17,2015,7,19,0.01,0.0,0.03,0.0,69.0,13.0,7.9,16.0,7,74.0
15,2002,2,2,0.23,0.18,0.0,0.06,61.0,19.0,8.7,13.0,7,74.0
26,2013,0,4,0.07,0.07,0.03,0.01,80.0,19.0,7.5,146.0,5,77.5
18,2011,7,27,0.0,0.0,0.15,0.0,66.0,19.0,7.2,39.0,7,69.0
27,2013,8,10,0.09,0.03,0.0,0.01,71.0,22.0,7.5,24.0,8,73.0
17,2015,0,29,0.24,0.37,0.0,0.12,80.0,53.0,7.1,65.0,2,75.5
15,2007,0,28,0.34,0.01,0.0,0.06,70.0,12.0,5.9,48.0,2,64.5
7,2003,10,10,0.29,0.08,0.0,0.01,92.0,27.0,8.7,45.0,1,89.5
16,2007,8,26,0.34,0.48,0.02,0.19,84.0,29.0,8.1,41.0,7,82.5
25,2009,2,17,0.44,0.03,0.0,0.04,74.0,23.0,8.1,21.0,7,77.5
16,2013,11,25,0.0,0.0,0.19,0.0,71.0,22.0,7.5,24.0,8,73.0
14,1998,4,9,0.07,0.04,0.0,0.01,71.0,22.0,7.5,24.0,8,73.0
25,2007,3,17,1.05,1.91,0.41,0.42,68.0,33.0,6.9,39.0,1,68.5
16,2015,0,16,0.0,0.0,0.02,0.0,71.0,22.0,7.5,24.0,8,73.0
18,2009,10,21,0.24,0.0,0.0,0.02,78.0,12.0,6.9,7.0,1,73.5
15,2009,2,19,0.0,0.0,0.06,0.0,71.0,22.0,7.5,24.0,8,73.0
14,1999,6,2,0.27,0.18,0.0,0.03,71.0,22.0,7.5,24.0,8,73.0
2,2012,0,19,0.41,0.17,0.3,0.05,74.0,21.0,8.2,62.0,1,78.0
14,2000,0,23,0.19,0.13,0.0,0.02,71.0,22.0,7.5,24.0,8,73.0
28,2006,0,23,0.31,0.09,0.0,0.01,71.0,22.0,7.5,24.0,8,73.0
25,2010,10,16,0.13,0.0,0.0,0.01,71.0,22.0,7.5,24.0,1,73.0
27,2008,7,26,0.16,0.02,0.01,0.02,52.0,27.0,7.0,48.0,5,61.0
18,2007,6,20,0.44,0.67,0.0,0.37,60.0,24.0,7.8,35.0,1,69.0
27,2012,8,4,1.12,0.6,0.07,0.16,67.0,71.0,5.0,1407.0,5,58.5
15,2002,7,19,0.07,0.05,0.25,0.02,68.0,16.0,6.5,15.0,7,66.5
16,2012,10,10,0.35,0.41,0.02,0.14,81.0,38.0,6.8,110.0,1,74.5
28,2005,0,24,0.21,0.06,0.0,0.01,85.0,55.0,8.2,21.0,5,83.5
14,1996,0,19,0.13,0.09,0.0,0.02,71.0,22.0,7.5,24.0,8,73.0
6,2005,7,3,0.05,0.02,0.0,0.0,71.0,22.0,7.5,24.0,8,73.0
15,2002,10,21,0.11,0.09,0.0,0.03,62.0,22.0,5.9,8.0,1,60.5
22,1996,4,17,1.17,0.5,1.75,0.08,71.0,22.0,7.5,24.0,8,73.0
28,2004,5,20,0.02,0.0,0.0,0.0,71.0,22.0,7.5,24.0,8,73.0
4,2010,0,23,0.13,0.04,0.0,0.01,69.0,6.0,7.0,4.0,2,69.5
25,2012,0,2,1.48,0.83,0.0,0.21,78.0,8.0,7.0,20.0,2,74.0
14,1999,9,19,0.0,0.0,0.38,0.03,71.0,22.0,7.5,24.0,8,73.0
18,2012,0,4,0.0,0.0,0.04,0.0,71.0,22.0,7.5,24.0,8,73.0
14,1998,0,21,0.08,0.05,0.0,0.01,71.0,22.0,7.5,24.0,8,73.0
25,2014,0,16,0.0,0.01,0.0,0.0,71.0,22.0,7.5,24.0,1,73.0
15,2007,3,19,0.0,0.0,0.01,0.0,71.0,22.0,7.5,24.0,8,73.0
28,2006,0,16,0.02,0.01,0.0,0.0,57.0,11.0,7.5,24.0,1,66.0
15,2006,10,2,0.72,0.03,0.0,0.12,69.0,17.0,7.3,19.0,7,71.0
16,2014,1,19,0.09,0.06,0.0,0.03,71.0,22.0,7.5,24.0,8,73.0
4,2007,1,25,0.0,0.0,0.22,0.0,71.0,22.0,7.5,24.0,8,73.0
15,2006,2,20,0.0,0.02,0.0,0.12,71.0,22.0,7.5,24.0,8,73.0
26,2015,0,29,0.27,0.19,0.02,0.04,71.0,5.0,8.1,14.0,2,76.0
7,2005,2,16,0.05,0.01,0.0,0.0,71.0,22.0,7.5,24.0,8,73.0
27,2010,10,2,0.28,0.01,0.0,0.02,55.0,7.0,7.5,24.0,7,65.0
15,2004,8,19,0.04,0.03,0.0,0.01,65.0,27.0,7.8,17.0,5,71.5
17,2016,6,5,0.04,0.27,0.0,0.05,85.0,46.0,8.1,196.0,1,83.0
27,2010,0,23,0.07,0.04,0.0,0.01,33.0,7.0,4.3,6.0,2,38.0
27,2009,7,19,0.0,0.0,0.01,0.0,71.0,22.0,7.5,24.0,7,73.0
18,2009,7,18,0.0,0.0,0.03,0.0,71.0,22.0,7.5,24.0,8,73.0
7,2003,0,19,0.12,0.03,0.0,0.0,71.0,22.0,8.1,14.0,7,76.0
27,2010,10,0,1.74,0.45,0.0,0.18,42.0,10.0,5.5,16.0,1,48.5
28,2004,0,25,0.05,0.02,0.0,0.0,71.0,20.0,9.0,5.0,7,80.5
2,2013,0,19,0.0,0.0,0.08,0.0,71.0,22.0,7.5,24.0,8,73.0
4,2010,3,19,0.12,0.0,0.0,0.01,71.0,22.0,7.5,24.0,1,73.0
26,2014,3,26,0.38,0.29,0.0,0.06,75.0,6.0,6.6,26.0,2,70.5
28,2002,6,3,0.35,0.05,0.0,0.02,71.0,16.0,8.7,10.0,7,79.0
25,2009,9,10,0.17,0.02,0.0,0.02,56.0,16.0,7.5,24.0,1,65.5
12,2009,3,20,0.0,0.04,0.0,0.0,71.0,22.0,7.5,24.0,8,73.0
15,2006,1,19,0.0,0.0,0.01,0.0,71.0,22.0,7.5,24.0,8,73.0
6,2002,3,3,0.23,0.08,0.0,0.01,60.0,14.0,7.5,24.0,1,67.5
14,1998,2,10,0.15,0.1,0.0,0.02,71.0,22.0,7.5,24.0,8,73.0
16,2011,3,21,0.0,0.34,0.0,0.1,71.0,22.0,7.5,24.0,8,73.0
29,2014,8,0,0.2,0.11,0.0,0.03,63.0,12.0,6.6,68.0,5,64.5
4,2011,10,19,0.07,0.0,0.0,0.0,71.0,22.0,7.5,24.0,1,73.0
15,2005,7,22,0.12,0.1,0.24,0.03,77.0,38.0,8.3,53.0,7,80.0
4,2009,1,20,0.1,0.0,0.0,0.01,65.0,9.0,7.5,24.0,1,70.0
12,2011,6,5,0.0,0.15,0.0,0.04,83.0,10.0,7.2,83.0,1,77.5
25,2010,0,19,0.52,0.18,0.0,0.06,71.0,10.0,7.8,31.0,7,74.5
28,2004,8,10,0.34,0.13,0.0,0.02,61.0,55.0,7.2,20.0,7,66.5
16,2009,2,4,2.03,1.04,0.58,0.52,94.0,61.0,7.3,330.0,7,83.5
4,2010,0,19,0.06,0.0,0.0,0.0,71.0,22.0,7.5,24.0,1,73.0
14,1998,0,2,0.08,0.06,0.0,0.01,71.0,22.0,7.5,24.0,8,73.0
7,2002,6,15,0.16,0.04,0.0,0.01,71.0,16.0,7.5,24.0,7,73.0
15,2003,0,26,0.17,0.13,0.0,0.05,63.0,21.0,8.3,14.0,7,73.0
4,2008,5,15,0.1,0.0,0.0,0.01,76.0,9.0,7.5,24.0,1,75.5
15,2007,2,19,0.0,0.0,0.02,0.0,71.0,22.0,7.5,24.0,8,73.0
19,2014,3,19,0.0,0.0,0.02,0.0,71.0,22.0,7.5,24.0,8,73.0
18,2010,10,10,0.09,0.22,0.03,0.12,69.0,11.0,7.4,9.0,1,71.5
4,2011,5,19,0.07,0.01,0.0,0.01,71.0,22.0,7.5,24.0,1,73.0
4,2009,1,23,0.24,0.11,0.0,0.04,71.0,22.0,7.5,24.0,1,73.0
17,2014,0,25,0.09,0.11,0.06,0.04,71.0,22.0,7.5,24.0,8,73.0
4,2006,3,17,0.0,0.0,0.52,0.0,71.0,22.0,7.5,24.0,8,73.0
9,2000,4,19,0.0,0.0,0.09,0.06,71.0,22.0,7.5,24.0,8,73.0
12,2013,8,19,0.0,0.1,0.0,0.01,74.0,38.0,7.4,866.0,5,74.0
29,2014,3,26,0.29,0.08,0.0,0.04,71.0,22.0,7.5,24.0,8,73.0
15,2006,0,3,0.03,0.02,0.0,0.01,69.0,39.0,7.2,31.0,5,70.5
25,2010,8,19,0.03,0.0,0.0,0.0,71.0,22.0,7.5,24.0,7,73.0
12,2010,7,19,0.0,0.02,0.0,0.0,83.0,14.0,8.4,52.0,5,83.5
15,2000,11,25,0.08,0.06,0.16,0.02,72.0,10.0,8.7,11.0,1,79.5
4,2008,1,26,0.06,0.0,0.0,0.0,71.0,22.0,7.5,24.0,1,73.0
14,2000,10,21,0.13,0.09,0.0,0.02,78.0,11.0,7.5,24.0,1,76.5
15,2002,8,19,0.2,0.16,0.0,0.05,75.0,18.0,8.5,26.0,5,80.0
4,2007,11,20,0.0,0.0,0.16,0.0,71.0,22.0,7.5,24.0,8,73.0
22,1995,7,16,0.0,0.0,0.11,0.0,71.0,22.0,7.5,24.0,8,73.0
4,2006,0,17,0.0,0.0,0.1,0.0,71.0,22.0,7.5,24.0,8,73.0
4,2006,1,23,0.43,0.88,0.0,0.18,71.0,22.0,6.5,4.0,1,68.0
25,2009,6,5,0.15,0.62,0.0,0.11,69.0,29.0,7.2,30.0,1,70.5
6,2004,3,27,0.11,0.04,0.0,0.0,71.0,22.0,7.5,24.0,8,73.0
20,1996,11,25,0.0,0.0,0.12,0.0,71.0,22.0,7.5,24.0,8,73.0
28,2003,0,2,0.96,0.37,0.0,0.05,77.0,39.0,7.8,28.0,5,77.5
4,2009,0,6,0.08,0.0,0.0,0.01,60.0,5.0,7.5,24.0,2,67.5
19,2016,7,18,0.02,0.02,0.09,0.01,93.0,5.0,7.9,83.0,7,86.0
12,2004,9,10,0.02,0.24,0.0,0.04,90.0,61.0,8.8,676.0,7,89.0
17,2014,8,26,1.13,2.18,0.1,0.63,85.0,83.0,7.7,1653.0,5,81.0
18,2011,1,19,0.0,0.0,0.15,0.0,71.0,22.0,7.5,24.0,8,73.0
4,2011,0,16,0.0,0.0,0.03,0.0,71.0,22.0,7.5,24.0,8,73.0
15,2005,0,19,0.03,0.02,0.0,0.01,72.0,30.0,7.3,18.0,2,72.5
15,2003,0,21,0.04,0.03,0.0,0.01,69.0,44.0,8.7,22.0,7,78.0
16,2010,7,16,0.28,0.18,0.45,0.07,77.0,55.0,8.2,336.0,7,79.5
12,2004,11,2,0.0,0.09,0.0,0.02,92.0,58.0,9.1,1050.0,7,91.5
6,2005,6,30,0.02,0.01,0.0,0.0,71.0,22.0,7.5,24.0,8,73.0
27,2010,0,10,0.63,0.2,0.02,0.07,73.0,71.0,7.7,224.0,5,75.0
18,2007,10,10,0.6,0.04,0.0,0.07,75.0,10.0,6.8,8.0,1,71.5
25,2010,3,10,0.46,0.27,0.0,0.07,71.0,22.0,7.5,24.0,1,73.0
12,1996,9,14,3.22,1.69,0.0,0.2,71.0,22.0,7.5,24.0,8,73.0
15,2002,10,19,0.0,0.0,0.04,0.0,71.0,22.0,7.5,24.0,8,73.0
17,2015,10,2,0.09,0.08,0.0,0.03,32.0,43.0,1.5,427.0,7,23.5
7,2002,3,3,0.19,0.05,0.0,0.01,71.0,22.0,7.5,24.0,1,73.0
2,2012,2,17,0.06,0.07,0.05,0.01,64.0,42.0,5.9,39.0,7,61.5
16,2011,9,0,0.06,0.0,0.0,0.01,49.0,25.0,4.4,5.0,7,46.5
29,2016,8,10,0.29,0.15,0.0,0.04,80.0,64.0,8.1,79.0,2,80.5
6,2004,3,13,0.18,0.07,0.0,0.0,71.0,22.0,7.5,24.0,1,73.0
19,2016,1,19,0.0,0.0,0.03,0.0,71.0,22.0,7.5,24.0,8,73.0
29,2015,2,16,0.18,0.11,0.0,0.03,67.0,18.0,7.2,128.0,7,69.5
4,2010,8,2,0.21,0.01,0.0,0.02,71.0,22.0,7.5,24.0,8,73.0
4,2009,1,26,0.1,0.12,0.0,0.02,71.0,22.0,7.5,24.0,1,73.0
26,2016,0,17,0.07,0.14,0.11,0.02,71.0,22.0,7.5,24.0,8,73.0
28,2002,4,26,0.04,0.01,0.0,0.0,71.0,22.0,7.5,24.0,8,73.0
14,1995,3,21,2.12,1.44,0.22,0.06,71.0,22.0,7.5,24.0,8,73.0
29,2014,7,22,0.1,0.1,0.0,0.02,71.0,13.0,6.7,166.0,5,69.0
17,2014,0,22,0.47,0.65,0.06,0.22,71.0,22.0,7.5,24.0,8,73.0
4,2007,0,19,0.0,0.0,0.01,0.0,71.0,22.0,7.5,24.0,8,73.0
9,2001,10,2,0.59,0.16,0.0,0.01,71.0,22.0,7.5,24.0,8,73.0
4,2008,7,9,0.12,0.01,0.0,0.01,75.0,8.0,7.5,24.0,2,75.0
4,2007,7,19,0.05,0.0,0.0,0.0,65.0,18.0,7.9,13.0,7,72.0
27,2010,8,2,0.38,0.15,0.0,0.05,71.0,22.0,7.5,24.0,8,73.0
14,1996,6,26,0.09,0.06,0.0,0.01,71.0,22.0,7.5,24.0,8,73.0
16,2015,3,16,0.0,0.0,0.02,0.0,71.0,22.0,7.5,24.0,8,73.0
4,2006,10,10,0.05,0.01,0.0,0.0,71.0,22.0,7.5,24.0,8,73.0
18,2008,2,19,0.07,0.0,0.0,0.0,61.0,16.0,7.0,9.0,7,65.5
2,2016,0,16,0.0,0.0,0.04,0.0,71.0,22.0,7.5,24.0,8,73.0
25,2008,0,19,1.11,0.56,0.0,0.18,71.0,18.0,7.9,75.0,7,75.0
17,2016,8,2,1.61,2.0,0.15,0.71,77.0,82.0,3.4,1129.0,5,55.5
15,2009,3,19,0.1,0.08,0.0,0.03,71.0,22.0,7.5,24.0,7,73.0
19,2013,7,19,0.1,0.0,0.04,0.03,62.0,24.0,7.6,118.0,5,69.0
17,2014,10,10,0.8,4.33,0.05,0.9,82.0,47.0,5.7,988.0,1,69.5
2,2012,6,20,0.12,0.14,0.0,0.02,71.0,22.0,7.5,24.0,8,73.0
6,2005,3,23,0.12,0.05,0.0,0.0,71.0,22.0,7.5,24.0,8,73.0
16,2012,0,21,0.42,0.3,0.01,0.15,73.0,69.0,6.9,159.0,1,71.0
18,2011,3,12,0.0,0.0,0.06,0.0,71.0,22.0,7.5,24.0,8,73.0
28,2001,8,14,4.98,1.3,0.08,0.07,97.0,68.0,8.6,1283.0,5,91.5
6,2002,4,28,0.85,0.65,0.0,0.08,76.0,18.0,7.6,13.0,1,76.0
7,2002,3,19,0.0,0.0,0.07,0.0,71.0,22.0,7.5,24.0,8,73.0
12,2012,11,19,0.0,0.01,0.0,0.0,71.0,22.0,7.5,24.0,8,73.0
3,2002,1,20,0.0,0.0,0.29,0.0,71.0,22.0,7.5,24.0,8,73.0
12,2007,7,2,2.57,1.52,0.0,0.0,91.0,46.0,7.9,785.0,7,85.0
16,2011,6,2,0.06,0.03,0.0,0.02,71.0,22.0,7.5,24.0,1,73.0
15,2006,0,4,0.0,0.0,0.07,0.0,73.0,48.0,7.7,165.0,5,75.0
28,2004,9,10,0.22,0.11,0.0,0.01,70.0,28.0,6.5,10.0,7,67.5
14,1999,5,19,0.06,0.04,0.0,0.01,71.0,22.0,7.5,24.0,1,73.0
27,2011,7,4,0.0,0.0,0.03,0.0,71.0,22.0,7.5,24.0,8,73.0
14,2001,10,10,0.08,0.06,0.0,0.01,81.0,8.0,6.4,5.0,1,72.5
27,2015,10,10,0.57,0.88,0.0,0.12,71.0,22.0,2.9,45.0,1,50.0
2,2015,11,25,0.0,0.0,0.03,0.0,71.0,22.0,7.5,24.0,8,73.0
4,2009,6,30,0.1,0.0,0.0,0.01,71.0,22.0,7.5,24.0,1,73.0
15,2004,7,15,0.12,0.09,0.0,0.03,85.0,49.0,9.1,54.0,7,88.0
4,2008,1,19,0.0,0.0,0.06,0.0,71.0,22.0,7.5,24.0,8,73.0
18,2005,7,2,0.54,0.33,0.01,0.22,68.0,51.0,7.6,58.0,7,72.0
27,2015,0,4,0.04,0.02,0.0,0.01,71.0,22.0,6.6,48.0,5,68.5
4,2008,10,19,0.08,0.0,0.0,0.01,71.0,22.0,7.5,24.0,8,73.0
6,2004,0,24,0.17,0.06,0.0,0.0,68.0,33.0,7.1,23.0,5,69.5
14,1999,0,19,0.03,0.02,0.0,0.0,71.0,22.0,7.5,24.0,8,73.0
4,2007,1,15,0.09,0.0,0.0,0.01,43.0,25.0,3.5,6.0,1,39.0
18,2005,7,19,0.0,0.0,0.08,0.0,71.0,22.0,7.5,24.0,8,73.0
27,2010,2,16,0.49,0.09,0.01,0.05,57.0,33.0,7.4,30.0,7,65.5
16,2013,10,24,0.14,0.0,0.0,0.02,71.0,22.0,7.5,24.0,8,73.0
15,2005,10,2,1.38,0.05,0.0,0.02,71.0,22.0,7.5,24.0,8,73.0
14,1998,4,2,0.99,0.64,0.0,0.08,71.0,22.0,7.5,24.0,8,73.0
15,2001,6,19,0.08,0.06,0.0,0.02,71.0,21.0,4.9,8.0,1,60.0
12,2004,8,26,0.0,0.04,0.0,0.01,89.0,72.0,8.1,724.0,5,85.0
4,2009,5,29,0.0,0.24,0.0,0.02,71.0,22.0,7.5,24.0,8,73.0
4,2009,0,2,0.17,0.0,0.0,0.01,71.0,22.0,7.5,24.0,2,73.0
6,2004,7,22,1.26,0.18,0.35,0.06,76.0,37.0,7.9,84.0,1,77.5
15,2008,10,10,0.38,0.07,0.01,1.82,82.0,8.0,6.9,20.0,1,75.5
17,2015,0,25,0.03,0.01,0.04,0.01,69.0,43.0,6.6,23.0,7,67.5
16,2011,0,26,0.06,0.15,0.0,0.05,59.0,27.0,5.7,13.0,2,58.0
4,2009,1,10,0.54,0.42,0.0,0.11,60.0,5.0,7.5,24.0,1,67.5
7,2006,1,23,0.11,0.03,0.0,0.0,60.0,18.0,7.5,24.0,2,67.5
20,1995,3,19,0.0,0.0,0.02,0.0,71.0,22.0,7.5,24.0,8,73.0
14,1998,0,19,0.01,0.01,0.0,0.0,71.0,22.0,7.5,24.0,8,73.0
27,2007,8,14,7.97,2.81,0.13,1.21,94.0,86.0,7.8,4100.0,5,86.0
15,2003,6,23,0.24,0.19,0.0,0.06,80.0,25.0,8.7,16.0,1,83.5
16,2015,10,19,0.03,0.05,0.0,0.01,71.0,22.0,7.5,24.0,1,73.0
28,2002,3,19,0.16,0.05,0.0,0.01,19.0,4.0,4.3,7.0,1,31.0
12,2009,8,29,0.02,0.05,0.0,0.01,79.0,49.0,7.8,520.0,5,78.5
27,2010,10,0,0.38,0.04,0.0,0.03,44.0,4.0,7.5,24.0,1,59.5
4,2006,3,19,0.0,0.0,0.67,0.0,71.0,22.0,7.5,24.0,8,73.0
16,2011,2,18,0.27,0.1,0.07,0.05,58.0,34.0,7.2,46.0,7,65.0
2,2011,0,29,0.09,0.03,0.0,0.01,42.0,6.0,3.9,7.0,2,40.5
18,2007,6,19,0.0,0.0,0.02,0.0,71.0,22.0,7.5,24.0,8,73.0
15,2001,7,19,0.04,0.03,0.0,0.01,53.0,9.0,5.6,5.0,7,54.5
8,1994,3,20,0.0,0.0,0.03,0.0,71.0,22.0,7.5,24.0,8,73.0
27,2007,6,2,0.18,0.0,0.0,0.02,43.0,9.0,6.4,5.0,1,53.5
16,2006,10,21,0.24,0.0,0.01,0.02,63.0,24.0,6.3,10.0,1,63.0
28,2005,8,23,0.34,0.11,0.0,0.02,71.0,22.0,7.5,24.0,8,73.0
15,2004,4,28,0.32,0.25,0.0,0.08,64.0,38.0,8.0,129.0,1,72.0
4,2010,5,19,0.04,0.0,0.0,0.0,69.0,20.0,6.3,4.0,1,66.0
25,2010,1,19,0.0,0.16,0.0,0.02,71.0,22.0,7.5,24.0,8,73.0
25,2011,3,2,0.3,0.0,0.0,0.02,71.0,22.0,7.5,24.0,2,73.0
27,2011,0,16,0.3,0.12,0.03,0.04,78.0,71.0,6.2,82.0,7,70.0
15,2006,1,19,0.0,0.0,0.02,0.0,71.0,22.0,7.5,24.0,8,73.0
6,2004,7,4,0.16,0.06,0.0,0.0,71.0,22.0,7.5,24.0,8,73.0
16,2010,0,4,0.43,0.56,0.15,0.21,80.0,54.0,6.7,178.0,5,73.5
17,2014,0,8,0.27,0.25,0.0,0.1,71.0,22.0,7.5,24.0,8,73.0
4,2009,3,19,0.07,0.0,0.02,0.01,71.0,22.0,7.5,24.0,8,73.0
4,2010,10,26,0.06,0.01,0.0,0.01,71.0,22.0,7.5,24.0,1,73.0
18,2011,7,19,0.0,0.0,0.01,0.0,71.0,22.0,7.5,24.0,8,73.0
22,1994,4,19,1.26,0.39,0.08,0.06,71.0,22.0,7.5,24.0,8,73.0
2,2014,0,19,0.0,0.0,0.04,0.0,71.0,22.0,7.5,24.0,8,73.0
7,2005,8,10,0.19,0.05,0.0,0.01,71.0,22.0,7.9,14.0,7,75.0
27,2009,9,26,0.1,0.02,0.0,0.01,62.0,39.0,8.1,9.0,7,71.5
18,2008,3,19,0.09,0.01,0.0,0.01,78.0,4.0,7.5,24.0,2,76.5
9,1997,0,17,0.39,0.09,0.17,0.06,71.0,22.0,7.5,24.0,8,73.0
17,2016,0,16,0.24,0.27,0.09,0.1,73.0,54.0,7.8,117.0,7,75.5
18,2012,0,16,0.0,0.0,0.04,0.0,71.0,22.0,7.5,24.0,8,73.0
16,2009,11,7,0.0,0.03,0.0,0.01,71.0,22.0,7.5,24.0,8,73.0
16,2011,8,26,0.12,0.12,0.0,0.05,45.0,42.0,5.5,74.0,5,50.0
15,2006,3,19,0.04,0.03,0.0,0.01,63.0,23.0,5.3,7.0,7,58.0
2,2016,1,19,0.0,0.0,0.05,0.0,71.0,22.0,7.5,24.0,8,73.0
4,2007,9,26,0.39,0.0,0.0,0.03,71.0,22.0,7.5,24.0,1,73.0
4,2010,10,2,0.07,0.0,0.0,0.01,71.0,22.0,7.5,24.0,1,73.0
4,2008,9,26,0.04,0.0,0.0,0.0,71.0,22.0,7.5,24.0,8,73.0
28,2004,8,26,0.99,0.12,0.0,0.02,84.0,55.0,8.6,14.0,5,85.0
18,2010,7,25,0.0,0.0,0.04,0.0,71.0,22.0,7.5,24.0,8,73.0
4,2011,4,17,0.48,0.06,0.41,0.05,83.0,46.0,8.6,55.0,1,84.5
29,2014,0,2,0.12,0.08,0.0,0.02,71.0,22.0,7.5,24.0,8,73.0
27,2012,0,12,0.07,0.02,0.0,0.01,52.0,23.0,6.5,30.0,5,58.5
25,2009,10,23,0.86,0.12,0.0,0.09,71.0,22.0,7.5,24.0,8,73.0
27,2011,9,23,0.3,0.08,0.0,0.03,66.0,11.0,7.5,4.0,1,70.5
4,2006,3,17,0.0,0.0,0.06,0.0,71.0,22.0,7.5,24.0,8,73.0
16,2008,10,2,0.16,0.0,0.0,0.01,31.0,4.0,4.4,9.0,1,37.5
7,2005,2,10,0.3,0.08,0.0,0.01,54.0,19.0,5.7,24.0,7,55.5
27,2011,3,20,0.16,0.06,0.0,0.02,53.0,31.0,5.2,10.0,7,52.5
4,2012,0,19,0.0,0.02,0.0,0.0,71.0,22.0,7.5,24.0,8,73.0
6,2002,10,10,0.09,0.03,0.0,0.0,71.0,22.0,7.5,24.0,1,73.0
27,2011,7,19,5.05,2.79,0.1,0.85,96.0,89.0,8.4,3589.0,5,90.0
17,2015,8,24,0.38,0.33,0.03,0.14,82.0,49.0,7.8,345.0,5,80.0
14,1998,6,19,0.0,0.0,0.24,0.02,71.0,22.0,7.5,24.0,8,73.0
16,2009,2,19,0.11,0.01,0.03,0.01,57.0,48.0,5.3,46.0,7,55.0
7,2005,4,23,0.12,0.03,0.0,0.0,71.0,22.0,7.5,24.0,8,73.0
15,2004,0,15,0.2,0.16,0.0,0.05,77.0,47.0,8.9,40.0,5,83.0
19,2015,0,19,0.0,0.0,0.01,0.0,71.0,22.0,7.5,24.0,8,73.0
14,1996,8,19,0.05,0.03,0.0,0.01,71.0,22.0,7.5,24.0,8,73.0
4,2009,0,10,0.09,0.01,0.0,0.01,61.0,9.0,7.8,6.0,2,69.5
19,2016,0,6,0.0,0.0,0.04,0.0,71.0,22.0,7.5,24.0,8,73.0
27,2012,0,23,0.72,0.44,0.0,0.11,78.0,46.0,8.0,110.0,7,79.0
14,1998,11,19,0.03,0.02,0.22,0.02,71.0,22.0,7.5,24.0,8,73.0
16,2016,0,29,0.04,0.1,0.0,0.03,71.0,22.0,7.5,24.0,2,73.0
14,1998,1,19,0.08,0.05,0.0,0.01,71.0,22.0,7.5,24.0,8,73.0
4,2008,8,19,0.03,0.0,0.0,0.0,68.0,15.0,7.3,8.0,7,70.5
15,2006,2,19,0.0,0.0,0.01,0.0,71.0,22.0,7.5,24.0,8,73.0
4,2010,9,26,0.13,0.0,0.0,0.01,71.0,22.0,7.5,24.0,1,73.0
18,2010,10,12,0.0,0.0,0.06,0.0,71.0,22.0,7.5,24.0,8,73.0
25,2009,9,10,0.14,0.13,0.0,0.03,58.0,13.0,2.1,35.0,1,39.5
17,2014,8,0,0.24,0.34,0.0,0.11,67.0,41.0,7.1,178.0,5,69.0
28,2004,6,24,0.07,0.02,0.0,0.0,58.0,12.0,7.5,24.0,1,66.5
25,2009,9,0,0.02,0.0,0.0,0.0,71.0,22.0,7.5,24.0,1,73.0
6,2002,3,1,0.15,0.05,0.0,0.0,75.0,5.0,7.5,24.0,1,75.0
4,2009,0,16,0.0,0.0,0.04,0.0,71.0,22.0,7.5,24.0,8,73.0
7,2004,10,17,0.58,0.16,0.46,0.03,80.0,43.0,8.5,48.0,1,82.5
6,2001,10,10,0.23,0.08,0.0,0.01,71.0,22.0,7.5,24.0,1,73.0
16,2011,9,7,0.07,0.03,0.0,0.01,41.0,7.0,3.1,7.0,7,36.0
28,2005,7,15,0.14,0.04,0.0,0.01,61.0,36.0,7.8,4.0,7,69.5
17,2015,0,26,0.06,0.0,0.0,0.01,62.0,19.0,7.7,61.0,8,69.5
4,2010,7,16,0.0,0.0,0.12,0.0,71.0,22.0,7.5,24.0,8,73.0
6,2001,0,19,0.03,0.01,0.0,0.0,71.0,22.0,7.5,24.0,8,73.0
4,2011,4,19,0.02,0.0,0.0,0.0,71.0,22.0,7.5,24.0,1,73.0
4,2008,7,19,0.11,0.0,0.12,0.01,71.0,29.0,7.4,13.0,2,72.5
27,2016,8,2,0.02,0.02,0.0,0.0,71.0,22.0,7.5,24.0,5,73.0
6,2003,8,24,0.02,0.01,0.0,0.0,78.0,33.0,7.8,13.0,5,78.0
26,2013,4,26,0.04,0.03,0.0,0.01,42.0,5.0,5.6,21.0,1,49.0
14,1998,6,2,0.68,0.47,0.0,0.08,71.0,22.0,7.5,24.0,8,73.0
4,2009,5,23,0.44,0.14,0.0,0.06,72.0,21.0,7.7,22.0,1,74.5
26,2013,10,17,0.35,0.23,0.21,0.05,72.0,19.0,7.7,72.0,1,74.5
0,1987,10,3,0.07,0.0,0.0,0.0,71.0,22.0,7.5,24.0,8,73.0
4,2012,7,17,0.56,0.05,0.37,0.04,80.0,40.0,8.2,89.0,1,81.0
16,2012,10,20,0.06,0.48,0.0,0.14,71.0,22.0,7.5,24.0,8,73.0
27,2013,0,16,0.0,0.01,0.0,0.0,71.0,22.0,6.2,10.0,7,66.5
6,2004,3,13,0.44,0.16,0.0,0.01,49.0,7.0,6.8,6.0,1,58.5
10,1986,0,17,3.74,0.93,1.69,0.14,71.0,22.0,7.5,24.0,8,73.0
25,2007,9,10,0.9,0.54,0.04,0.17,68.0,38.0,7.2,56.0,1,70.0
27,2010,8,14,0.63,0.36,0.02,0.1,70.0,91.0,6.0,202.0,5,65.0
4,2009,3,26,0.05,0.0,0.0,0.0,71.0,22.0,7.5,24.0,1,73.0
15,2002,0,19,0.0,0.0,0.02,0.0,71.0,22.0,7.5,24.0,8,73.0
18,2010,7,19,0.09,0.0,0.04,0.01,80.0,25.0,8.3,57.0,7,81.5
2,2012,7,22,0.0,0.0,0.96,0.0,71.0,22.0,7.5,24.0,8,73.0
18,2011,1,19,0.0,0.0,0.02,0.0,71.0,22.0,7.5,24.0,8,73.0
28,2004,3,5,0.06,0.02,0.0,0.0,79.0,26.0,5.4,10.0,7,66.5
18,2011,7,12,0.0,0.0,0.06,0.0,71.0,22.0,7.5,24.0,8,73.0
25,2013,9,8,0.07,0.06,0.0,0.01,71.0,22.0,7.5,24.0,1,73.0
28,2003,6,3,0.01,0.0,0.0,0.0,63.0,17.0,7.5,24.0,7,69.0
6,2003,0,27,0.67,0.25,0.0,0.02,71.0,16.0,8.8,8.0,1,79.5
4,2008,3,26,0.44,0.01,0.0,0.04,71.0,22.0,7.5,24.0,2,73.0
25,2007,0,4,0.67,0.43,0.29,0.14,75.0,47.0,7.6,122.0,5,75.5
15,2003,3,21,0.09,0.07,0.0,0.02,71.0,22.0,7.5,24.0,8,73.0
16,2008,0,19,1.01,0.85,0.0,0.35,71.0,47.0,6.6,233.0,7,68.5
15,2003,7,22,0.0,0.0,0.13,0.0,71.0,22.0,7.5,24.0,8,73.0
25,2010,4,17,1.42,0.09,0.45,0.1,71.0,22.0,7.5,24.0,8,73.0
12,2003,11,28,0.0,0.03,0.0,0.0,83.0,31.0,8.3,128.0,7,83.0
6,2003,4,23,0.04,0.02,0.0,0.0,44.0,15.0,2.5,4.0,1,34.5
25,2011,0,19,0.07,0.0,0.0,0.0,71.0,22.0,7.5,24.0,7,73.0
2,2011,7,19,0.28,0.01,0.06,0.03,78.0,27.0,8.2,97.0,7,80.0
7,2003,6,16,0.06,0.02,0.0,0.0,67.0,35.0,7.5,24.0,7,71.0
18,2007,3,19,0.0,0.0,0.02,0.0,71.0,22.0,7.5,24.0,8,73.0
25,2006,4,23,0.44,0.02,0.0,0.04,57.0,16.0,5.6,7.0,1,56.5
4,2006,0,19,0.05,0.0,0.0,0.0,71.0,22.0,7.5,24.0,1,73.0
15,2005,0,2,0.57,0.02,0.07,0.09,71.0,22.0,7.5,24.0,8,73.0
4,2006,7,19,0.07,0.0,0.03,0.01,73.0,36.0,8.2,35.0,2,77.5
15,2005,4,26,0.06,0.05,0.0,0.02,71.0,22.0,7.5,24.0,1,73.0
28,2003,10,1,0.1,0.03,0.0,0.0,74.0,20.0,8.4,7.0,1,79.0
16,2013,10,24,0.49,0.46,0.0,0.19,74.0,22.0,7.5,121.0,7,74.5
7,2003,4,26,0.05,0.01,0.0,0.0,77.0,24.0,8.3,21.0,1,80.0
27,2013,10,24,2.1,0.19,0.0,0.23,87.0,23.0,4.9,150.0,1,68.0
15,2009,3,2,0.05,0.04,0.0,0.01,71.0,22.0,7.5,24.0,7,73.0
12,2009,11,10,0.0,0.01,0.0,0.0,75.0,37.0,7.0,112.0,7,72.5
4,2011,7,22,0.0,0.0,0.62,0.0,71.0,22.0,7.5,24.0,8,73.0
18,2007,10,10,0.28,0.0,0.0,0.02,73.0,11.0,6.2,5.0,1,67.5
4,2009,5,26,0.0,0.15,0.0,0.01,71.0,22.0,7.5,24.0,8,73.0
14,2000,3,21,0.55,0.38,0.0,0.07,71.0,22.0,7.5,24.0,8,73.0
14,1997,7,19,0.0,0.0,0.59,0.04,71.0,22.0,7.5,24.0,8,73.0
29,2015,7,19,0.04,0.03,0.0,0.01,71.0,22.0,7.5,24.0,8,73.0
19,2015,1,19,0.0,0.0,0.05,0.0,71.0,22.0,7.5,24.0,8,73.0
19,2014,1,11,0.0,0.0,0.03,0.0,71.0,22.0,7.5,24.0,8,73.0
15,2004,6,19,1.0,0.04,0.0,0.16,78.0,37.0,8.4,16.0,1,81.0
4,2009,7,22,0.0,0.0,0.02,0.0,71.0,22.0,7.5,24.0,8,73.0
16,2011,8,22,0.07,0.07,0.0,0.03,44.0,31.0,1.7,46.0,5,30.5
7,2003,4,12,0.12,0.03,0.0,0.0,61.0,4.0,7.5,24.0,1,68.0
15,2001,3,21,0.36,0.28,0.0,0.1,71.0,22.0,7.5,24.0,8,73.0
16,2015,1,19,0.02,0.0,0.0,0.0,63.0,4.0,6.2,5.0,5,62.5
18,2006,5,19,0.18,0.0,0.0,0.01,71.0,22.0,7.5,24.0,8,73.0
16,2011,8,23,0.2,0.15,0.03,0.07,71.0,52.0,7.3,58.0,5,72.0
28,2003,8,16,0.18,0.05,0.0,0.01,75.0,26.0,8.0,7.0,7,77.5
26,2015,4,17,1.18,0.89,0.94,0.2,88.0,85.0,8.7,691.0,1,87.5
9,1998,6,19,0.27,0.06,0.0,0.0,71.0,22.0,7.5,24.0,8,73.0
27,2007,6,23,0.13,0.0,0.0,0.01,58.0,9.0,7.8,6.0,1,68.0
4,2009,7,19,0.08,0.0,0.03,0.01,70.0,11.0,6.7,15.0,2,68.5
9,1999,2,1,0.57,0.13,0.0,0.01,71.0,22.0,7.5,24.0,8,73.0
28,2005,10,10,0.35,0.11,0.0,0.02,81.0,30.0,5.1,11.0,1,66.0
7,2003,8,4,0.01,0.0,0.01,0.0,56.0,24.0,8.2,17.0,1,69.0
15,2008,4,19,0.17,0.13,0.0,0.04,71.0,22.0,7.5,24.0,2,73.0
10,1991,5,17,0.7,0.13,0.91,0.01,71.0,22.0,7.5,24.0,8,73.0
25,2010,2,23,0.29,0.13,0.0,0.04,72.0,7.0,7.5,24.0,7,73.5
16,2010,10,10,0.79,0.0,0.0,0.06,85.0,22.0,7.4,25.0,1,79.5
6,2003,0,19,0.04,0.01,0.0,0.0,71.0,22.0,7.5,24.0,8,73.0
28,2006,0,10,0.42,0.11,0.0,0.02,71.0,22.0,7.5,24.0,8,73.0
28,2001,0,14,0.18,0.05,0.0,0.01,52.0,26.0,8.5,14.0,7,68.5
16,2013,8,2,0.28,0.15,0.0,0.08,34.0,14.0,3.6,196.0,5,35.0
6,2002,4,20,0.93,0.59,0.21,0.07,83.0,23.0,8.3,46.0,1,83.0
4,2009,1,29,0.11,0.0,0.0,0.01,71.0,22.0,7.5,24.0,2,73.0
27,2011,0,19,0.09,0.0,0.0,0.01,71.0,22.0,4.6,8.0,7,58.5
6,2002,6,23,0.05,0.02,0.0,0.0,74.0,14.0,7.5,24.0,1,74.5
27,2011,8,23,0.18,0.16,0.01,0.04,71.0,74.0,7.0,77.0,5,70.5
25,2013,4,2,1.21,0.75,0.0,0.19,71.0,22.0,6.6,5.0,2,68.5
4,2005,0,23,0.31,0.0,0.0,0.02,67.0,5.0,7.6,10.0,1,71.5
2,2013,0,29,0.42,0.36,0.04,0.07,61.0,4.0,5.2,11.0,2,56.5
4,2007,6,30,0.03,0.0,0.0,0.0,71.0,22.0,7.5,24.0,8,73.0
3,1999,2,19,0.0,0.0,0.1,0.0,71.0,22.0,7.5,24.0,8,73.0
14,1998,10,24,0.22,0.15,0.0,0.03,71.0,22.0,7.5,24.0,8,73.0
25,2007,10,3,0.02,0.0,0.0,0.0,71.0,22.0,7.5,24.0,8,73.0
18,2010,0,12,0.46,0.41,0.96,0.24,89.0,66.0,8.9,443.0,7,89.0
15,2002,3,2,0.25,0.19,0.0,0.06,75.0,13.0,7.7,6.0,1,76.0
7,2003,3,1,0.17,0.04,0.0,0.01,71.0,22.0,7.5,24.0,8,73.0
28,2001,6,10,0.78,0.26,0.0,0.01,61.0,17.0,8.3,6.0,7,72.0
28,2003,11,3,0.1,0.03,0.0,0.0,62.0,8.0,8.3,12.0,1,72.5
27,2007,0,29,0.06,0.01,0.0,0.01,40.0,15.0,6.8,13.0,2,54.0
27,2012,2,19,0.04,0.0,0.0,0.0,37.0,5.0,6.3,4.0,5,50.0
14,1996,2,19,0.14,0.09,0.57,0.06,71.0,22.0,7.5,24.0,8,73.0
17,2015,1,19,0.0,0.0,0.01,0.0,71.0,22.0,7.5,24.0,8,73.0
18,2007,8,19,0.9,0.46,0.0,0.32,73.0,35.0,7.9,46.0,7,76.0
25,2009,7,22,0.13,0.06,0.05,0.02,64.0,29.0,5.6,11.0,2,60.0
2,2013,9,16,0.0,0.0,0.03,0.0,71.0,22.0,7.5,24.0,8,73.0
28,2004,8,19,0.08,0.02,0.0,0.0,76.0,56.0,5.1,15.0,7,63.5
15,2008,6,2,0.0,0.0,0.0,0.0,71.0,22.0,7.5,24.0,8,73.0
14,1995,2,1,0.1,0.07,0.0,0.01,71.0,22.0,7.5,24.0,8,73.0
18,2009,9,19,0.05,0.0,0.0,0.0,36.0,12.0,7.5,24.0,7,55.5
19,2012,0,12,0.0,0.0,0.04,0.0,71.0,22.0,7.5,24.0,8,73.0
4,2007,9,9,0.03,0.0,0.0,0.0,53.0,6.0,7.5,24.0,1,64.0
17,2016,0,21,0.03,0.05,0.01,0.02,79.0,42.0,7.9,76.0,7,79.0
25,2011,5,19,0.06,0.0,0.0,0.0,71.0,22.0,7.5,24.0,1,73.0
16,2016,3,26,0.01,0.03,0.0,0.01,71.0,22.0,7.5,24.0,2,73.0
16,2007,10,10,0.35,1.06,0.02,0.31,81.0,28.0,7.1,47.0,1,76.0
16,2008,7,5,0.05,0.11,0.0,0.03,71.0,22.0,7.5,24.0,8,73.0
4,2010,5,0,0.02,0.0,0.0,0.0,71.0,22.0,7.5,24.0,1,73.0
28,2002,1,28,0.15,0.04,0.0,0.01,78.0,21.0,6.6,14.0,5,72.0
15,2002,10,20,0.06,0.05,0.0,0.02,66.0,9.0,7.5,24.0,1,70.5
4,2007,9,19,0.02,0.0,0.0,0.0,38.0,4.0,7.5,24.0,2,56.5
4,2007,4,4,0.22,0.0,0.09,0.02,78.0,27.0,8.6,32.0,2,82.0
12,2008,0,2,0.0,0.02,0.0,0.0,71.0,11.0,7.8,12.0,2,74.5
20,1995,3,20,0.0,0.0,0.12,0.0,71.0,22.0,7.5,24.0,8,73.0
4,2011,3,19,0.25,0.0,0.0,0.02,71.0,22.0,7.5,24.0,1,73.0
18,2009,9,26,0.08,0.0,0.0,0.01,71.0,22.0,7.5,24.0,1,73.0
15,2010,1,19,0.0,0.0,0.02,0.0,71.0,22.0,7.5,24.0,8,73.0
9,1999,6,19,0.0,0.0,0.05,0.0,71.0,22.0,7.5,24.0,8,73.0
6,2001,7,17,0.93,0.38,0.4,0.06,91.0,29.0,9.3,198.0,1,92.0
4,2009,9,12,0.06,0.01,0.0,0.01,71.0,22.0,7.5,24.0,1,73.0
18,2011,10,24,0.22,0.03,0.0,0.03,71.0,22.0,5.0,7.0,1,60.5
18,2008,0,19,0.0,0.0,0.05,0.0,71.0,22.0,7.5,24.0,8,73.0
6,2004,0,3,0.15,0.05,0.0,0.0,40.0,5.0,7.8,5.0,1,59.0
4,2008,2,19,0.0,0.0,0.08,0.0,71.0,22.0,7.5,24.0,8,73.0
4,2005,10,19,0.02,0.0,0.0,0.0,63.0,14.0,6.5,4.0,1,64.0
4,2007,0,16,0.09,0.0,0.0,0.0,71.0,22.0,7.5,24.0,8,73.0
4,2007,10,30,0.02,0.0,0.0,0.0,62.0,7.0,7.5,24.0,2,68.5
7,2002,2,2,0.1,0.03,0.0,0.0,63.0,17.0,8.2,11.0,7,72.5
14,1998,4,21,0.46,0.31,0.0,0.05,71.0,22.0,7.5,24.0,8,73.0
7,2003,8,26,0.03,0.01,0.0,0.0,36.0,11.0,3.4,5.0,7,35.0
16,2011,0,26,1.41,2.01,0.1,0.7,80.0,39.0,7.5,613.0,5,77.5
14,1997,1,19,0.0,0.0,0.17,0.01,71.0,22.0,7.5,24.0,8,73.0
4,2005,2,17,0.0,0.0,0.55,0.0,71.0,22.0,7.5,24.0,8,73.0
22,1994,4,17,4.36,1.71,3.0,0.23,71.0,22.0,7.5,24.0,8,73.0
12,2008,1,19,0.0,0.02,0.0,0.0,69.0,25.0,7.0,21.0,7,69.5
4,2007,4,19,0.01,0.0,0.0,0.0,70.0,9.0,7.5,24.0,1,72.5
14,1995,6,10,0.03,0.02,0.0,0.0,71.0,22.0,7.5,24.0,8,73.0
12,2010,8,10,0.19,0.53,0.0,0.0,87.0,46.0,8.3,1467.0,5,85.0
19,2016,0,25,0.0,0.0,0.02,0.0,71.0,22.0,7.5,24.0,8,73.0
4,2008,9,17,0.62,0.82,0.96,0.18,73.0,4.0,7.7,7.0,1,75.0
19,2016,1,18,0.0,0.01,0.01,0.0,64.0,11.0,7.3,10.0,7,68.5
9,1996,3,19,0.0,0.0,0.06,0.03,71.0,22.0,7.5,24.0,8,73.0
29,2015,0,19,0.0,0.01,0.0,0.0,71.0,22.0,7.1,10.0,1,71.0
4,2006,1,30,0.04,0.0,0.0,0.0,34.0,8.0,1.7,6.0,1,25.5
29,2015,7,7,0.04,0.01,0.0,0.01,77.0,13.0,7.1,56.0,5,74.0
4,2007,7,19,0.0,0.0,0.07,0.0,71.0,22.0,7.5,24.0,8,73.0
9,1996,10,17,0.49,0.03,0.0,0.0,71.0,22.0,7.5,24.0,8,73.0
14,1998,2,19,0.13,0.09,0.0,0.02,71.0,22.0,7.5,24.0,8,73.0
27,2014,0,26,0.58,0.34,0.0,0.09,72.0,32.0,7.3,318.0,5,72.5
21,1994,11,20,0.0,0.0,0.14,0.0,71.0,22.0,7.5,24.0,8,73.0
6,2004,3,27,0.06,0.02,0.0,0.0,71.0,22.0,7.5,24.0,8,73.0
14,1998,10,19,0.02,0.02,0.0,0.0,71.0,22.0,7.5,24.0,8,73.0
25,2008,6,23,0.28,0.02,0.0,0.02,70.0,7.0,8.3,9.0,1,76.5
12,2008,6,3,0.0,0.02,0.0,0.0,83.0,19.0,8.2,63.0,1,82.5
4,2005,1,2,0.05,0.0,0.0,0.0,71.0,22.0,7.5,24.0,8,73.0
16,2012,0,19,0.0,0.0,0.02,0.0,71.0,22.0,7.5,24.0,8,73.0
11,1996,2,19,0.0,0.0,0.04,0.0,71.0,22.0,7.5,24.0,8,73.0
14,2001,10,23,0.47,0.32,0.0,0.05,71.0,22.0,7.5,24.0,8,73.0
27,2009,9,6,0.0,0.0,0.07,0.0,71.0,22.0,7.5,24.0,8,73.0
16,2016,10,19,0.0,0.02,0.0,0.0,71.0,22.0,7.5,24.0,8,73.0
15,2002,0,3,0.2,0.16,0.0,0.05,58.0,17.0,5.7,18.0,7,57.5
25,2010,0,2,0.14,0.0,0.0,0.01,71.0,22.0,7.5,24.0,2,73.0
16,2010,4,21,0.0,0.03,0.0,0.01,71.0,22.0,7.5,24.0,8,73.0
9,2000,3,17,0.72,0.16,1.01,0.02,71.0,22.0,7.5,24.0,8,73.0
7,2005,1,19,0.09,0.02,0.0,0.0,71.0,22.0,7.5,24.0,3,73.0
6,2004,5,17,0.0,0.0,0.04,0.0,71.0,22.0,7.5,24.0,8,73.0
25,2007,10,19,0.45,0.67,0.0,0.12,52.0,15.0,6.8,4.0,1,60.0
19,2012,0,19,0.1,0.01,0.1,0.04,82.0,56.0,8.8,237.0,7,85.0
14,1996,6,19,0.65,0.44,0.0,0.08,71.0,22.0,7.5,24.0,8,73.0
16,2014,8,0,0.1,0.13,0.0,0.05,71.0,22.0,6.4,18.0,5,67.5
15,2005,0,23,0.25,0.2,0.0,0.07,68.0,44.0,8.2,56.0,5,75.0
4,2008,7,6,0.13,0.0,0.0,0.01,68.0,18.0,6.0,4.0,1,64.0
15,2004,9,25,0.03,0.02,0.0,0.01,65.0,12.0,7.5,24.0,7,70.0
12,2008,9,19,0.0,0.42,0.0,0.07,71.0,22.0,7.6,35.0,8,73.5
12,2011,8,23,0.05,0.02,0.0,0.01,75.0,29.0,6.7,273.0,5,71.0
15,2005,3,19,0.0,0.0,0.22,0.0,71.0,22.0,7.5,24.0,8,73.0
27,2006,10,2,0.03,0.0,0.0,0.0,41.0,4.0,8.0,6.0,1,60.5
12,2003,9,10,1.03,0.8,0.0,0.09,80.0,22.0,8.6,31.0,7,83.0
19,2016,1,6,0.0,0.0,0.02,0.0,71.0,22.0,7.5,24.0,8,73.0
27,2008,2,3,0.24,0.18,0.03,0.05,72.0,50.0,7.6,41.0,7,74.0
17,2016,7,22,0.11,0.21,0.0,0.06,84.0,59.0,7.6,511.0,5,80.0
4,2011,3,19,0.0,0.04,0.0,0.0,71.0,22.0,7.5,24.0,8,73.0
15,2004,4,24,0.05,0.04,0.0,0.01,70.0,20.0,8.6,18.0,1,78.0
27,2010,7,22,0.13,0.1,0.04,0.02,67.0,60.0,8.3,126.0,5,75.0
18,2009,1,19,0.0,0.0,0.01,0.0,71.0,22.0,7.5,24.0,8,73.0
18,2007,3,2,0.02,0.0,0.0,0.0,71.0,22.0,6.5,4.0,7,68.0
4,2008,7,22,0.0,0.0,0.06,0.0,71.0,22.0,7.5,24.0,8,73.0
8,1990,0,20,1.86,0.55,0.11,0.08,71.0,22.0,7.5,24.0,8,73.0
15,2002,8,19,0.24,0.19,0.0,0.06,71.0,22.0,7.5,24.0,8,73.0
15,2006,3,21,0.0,1.1,0.0,0.39,71.0,22.0,7.5,24.0,8,73.0
15,2004,11,0,0.04,0.03,0.0,0.01,75.0,31.0,8.0,9.0,7,77.5
15,2003,10,2,2.29,1.17,0.01,0.42,90.0,38.0,8.7,121.0,7,88.5
28,2003,8,10,0.76,0.36,0.0,0.05,65.0,23.0,5.8,28.0,7,61.5
12,2014,10,10,0.0,0.27,0.0,0.02,82.0,9.0,4.2,383.0,1,62.0
16,2011,4,26,0.33,0.49,0.01,0.17,87.0,43.0,8.4,238.0,2,85.5
7,2003,10,1,0.06,0.02,0.0,0.0,80.0,14.0,9.2,5.0,1,86.0
18,2009,0,23,0.24,0.09,0.0,0.07,71.0,22.0,7.5,24.0,1,73.0
14,2000,6,9,0.25,0.17,0.0,0.03,71.0,22.0,7.5,24.0,8,73.0
6,2002,0,28,0.18,0.07,0.0,0.0,63.0,6.0,7.5,24.0,1,69.0
15,2005,5,10,0.26,0.2,0.0,0.07,86.0,61.0,8.9,51.0,1,87.5
16,2013,7,22,0.9,0.35,0.25,0.24,71.0,22.0,7.5,24.0,8,73.0
15,2005,0,23,0.1,0.08,0.0,0.03,68.0,26.0,8.5,8.0,5,76.5
7,2004,4,24,0.03,0.01,0.0,0.0,69.0,11.0,7.3,8.0,1,71.0
28,2003,2,4,0.08,0.02,0.0,0.0,80.0,26.0,8.7,13.0,7,83.5
15,2006,3,19,0.0,0.0,0.02,0.0,71.0,22.0,7.5,24.0,8,73.0
4,2008,5,19,0.01,0.0,0.0,0.0,71.0,22.0,7.5,24.0,8,73.0
27,2010,9,2,0.12,0.03,0.0,0.01,70.0,26.0,6.4,31.0,7,67.0
2,2012,10,17,0.0,0.0,0.11,0.0,71.0,22.0,7.5,24.0,8,73.0
26,2014,1,19,0.03,0.05,0.0,0.01,47.0,4.0,4.9,7.0,2,48.0
25,2009,10,19,0.44,0.0,0.0,0.03,71.0,22.0,7.6,5.0,1,73.5
4,2011,3,27,0.14,0.0,0.0,0.01,71.0,22.0,7.5,24.0,8,73.0
4,2008,7,17,2.76,1.72,2.69,0.54,83.0,46.0,8.5,203.0,1,84.0
25,2008,0,29,0.46,0.47,0.0,0.11,67.0,12.0,7.0,8.0,2,68.5
4,2008,7,19,0.0,0.0,0.07,0.0,71.0,22.0,7.5,24.0,8,73.0
20,1995,5,20,0.0,0.0,0.05,0.0,71.0,22.0,7.5,24.0,8,73.0
9,2000,7,19,0.04,0.01,0.0,0.0,71.0,22.0,7.5,24.0,8,73.0
9,1999,4,19,0.17,0.04,0.0,0.0,71.0,22.0,7.5,24.0,8,73.0
18,2009,1,19,0.0,0.0,0.04,0.0,71.0,22.0,7.5,24.0,8,73.0
25,2010,3,26,0.1,0.0,0.0,0.01,71.0,22.0,7.5,24.0,1,73.0
20,1997,4,4,0.0,0.0,0.06,0.0,71.0,22.0,7.5,24.0,8,73.0
12,1992,8,19,0.02,0.0,0.0,0.0,85.0,44.0,8.2,1796.0,5,83.5
18,2013,1,19,0.0,0.0,0.02,0.0,71.0,22.0,7.5,24.0,8,73.0
27,2008,6,2,0.11,0.01,0.0,0.01,71.0,22.0,7.5,24.0,8,73.0
6,2005,5,3,0.02,0.01,0.0,0.0,62.0,10.0,7.5,6.0,1,68.5
19,2015,0,19,0.0,0.0,0.03,0.0,71.0,22.0,7.5,24.0,8,73.0
4,2012,0,29,0.39,0.24,0.0,0.06,71.0,22.0,8.0,4.0,2,75.5
6,2003,0,23,0.06,0.02,0.0,0.0,71.0,22.0,7.5,24.0,1,73.0
14,1999,4,3,0.09,0.06,0.0,0.01,71.0,22.0,7.5,24.0,8,73.0
20,1996,10,20,0.0,0.0,0.29,0.0,71.0,22.0,7.5,24.0,8,73.0
12,2008,0,24,0.01,0.79,0.0,0.07,90.0,40.0,6.6,2299.0,5,78.0
6,2002,0,2,0.03,0.01,0.0,0.0,68.0,9.0,7.5,24.0,1,71.5
15,2002,1,19,0.03,0.03,0.0,0.01,50.0,22.0,7.9,11.0,7,64.5
14,1997,7,19,0.93,0.12,1.34,0.06,83.0,12.0,8.2,190.0,7,82.5
4,2004,9,19,0.0,0.0,0.08,0.0,71.0,22.0,7.5,24.0,8,73.0
22,1991,10,19,0.0,0.0,0.2,0.0,71.0,22.0,7.5,24.0,8,73.0
4,2008,0,19,0.04,0.0,0.0,0.0,71.0,22.0,7.5,24.0,1,73.0
27,2010,10,2,0.32,0.05,0.0,0.03,71.0,22.0,7.5,24.0,1,73.0
25,2008,5,19,0.04,0.0,0.0,0.0,56.0,4.0,7.5,24.0,1,65.5
15,2006,7,19,0.0,0.0,0.01,0.0,71.0,22.0,7.5,24.0,8,73.0
12,2006,0,9,0.0,0.03,0.0,0.01,82.0,35.0,8.8,528.0,5,85.0
25,2010,4,17,3.17,1.79,1.03,0.46,87.0,77.0,8.6,368.0,1,86.5
25,2006,9,12,0.03,0.01,0.01,0.0,47.0,32.0,4.9,8.0,1,48.0
4,2008,8,6,0.07,0.0,0.0,0.01,83.0,38.0,8.1,27.0,2,82.0
14,1995,2,19,0.02,0.01,0.0,0.0,71.0,22.0,7.5,24.0,8,73.0
14,1996,10,21,0.26,0.17,0.0,0.03,71.0,22.0,7.5,24.0,8,73.0
29,2015,11,14,0.14,0.05,0.0,0.02,71.0,22.0,7.5,24.0,8,73.0
5,1996,5,17,0.0,0.0,0.23,0.0,71.0,22.0,7.5,24.0,8,73.0
4,2007,10,10,0.1,0.65,0.0,0.11,71.0,22.0,7.5,24.0,8,73.0
4,2007,9,12,0.0,0.0,0.02,0.0,71.0,22.0,7.5,24.0,8,73.0
6,2003,3,17,0.68,0.38,0.44,0.05,71.0,22.0,7.5,24.0,8,73.0
16,2011,3,0,0.05,0.02,0.0,0.01,71.0,22.0,7.5,24.0,7,73.0
19,2013,1,19,0.0,0.0,0.01,0.0,71.0,22.0,7.5,24.0,8,73.0
15,2004,0,16,0.02,0.01,0.0,0.0,48.0,9.0,8.7,7.0,7,67.5
16,2008,3,10,0.25,0.05,0.0,0.04,54.0,4.0,6.7,13.0,1,60.5
15,2007,3,21,0.07,0.05,0.0,0.02,71.0,22.0,7.5,24.0,7,73.0
25,2007,1,2,0.42,0.0,0.0,0.03,71.0,22.0,7.5,24.0,1,73.0
19,2015,0,16,0.0,0.0,0.02,0.0,71.0,22.0,7.5,24.0,8,73.0
6,2004,0,19,0.1,0.04,0.0,0.0,30.0,15.0,3.0,4.0,7,30.0
14,2002,10,12,0.0,0.0,0.12,0.01,71.0,22.0,7.5,24.0,8,73.0
15,2005,2,3,0.96,0.12,0.54,0.04,72.0,29.0,8.4,71.0,7,78.0
17,2014,1,19,0.1,0.09,0.01,0.04,71.0,22.0,7.5,24.0,8,73.0
27,2008,0,2,0.82,0.51,0.01,0.14,65.0,69.0,7.1,71.0,7,68.0
4,2010,0,10,0.2,0.08,0.0,0.02,71.0,22.0,7.5,24.0,8,73.0
16,2015,0,25,0.0,0.0,0.06,0.0,71.0,22.0,7.5,24.0,7,73.0
28,2004,8,23,0.11,0.03,0.0,0.01,71.0,35.0,8.5,4.0,5,78.0
25,2011,3,24,0.21,0.01,0.0,0.01,71.0,22.0,7.5,24.0,1,73.0
28,2003,8,23,0.09,0.03,0.0,0.0,74.0,20.0,5.8,11.0,5,66.0
28,2005,8,26,0.19,0.05,0.0,0.01,70.0,19.0,7.4,21.0,7,72.0
12,2011,0,26,0.15,0.34,0.0,0.1,88.0,24.0,8.2,1102.0,5,85.0
25,2010,3,16,0.17,0.0,0.0,0.01,53.0,12.0,7.5,24.0,1,64.0
2,2013,9,17,0.97,2.11,1.9,0.24,71.0,22.0,7.5,24.0,8,73.0
7,2002,10,10,0.04,0.01,0.0,0.0,78.0,9.0,7.7,6.0,1,77.5
12,2009,9,23,0.0,0.02,0.0,0.01,71.0,22.0,8.4,11.0,1,77.5
28,2002,10,10,0.19,0.05,0.0,0.01,64.0,17.0,7.5,24.0,1,69.5
14,1998,10,12,0.02,0.02,0.35,0.03,71.0,22.0,7.5,24.0,8,73.0
6,2002,7,19,0.18,0.07,0.0,0.0,71.0,22.0,7.5,24.0,8,73.0
14,1999,11,19,0.02,0.01,0.0,0.0,71.0,22.0,7.5,24.0,8,73.0
14,1998,9,21,0.19,0.13,0.66,0.07,83.0,6.0,7.5,24.0,1,79.0
25,2009,3,19,0.0,0.34,0.0,0.03,71.0,22.0,7.5,24.0,8,73.0
14,1996,10,19,0.21,0.15,0.0,0.03,71.0,22.0,7.5,24.0,8,73.0
6,2003,4,10,0.13,0.05,0.0,0.0,47.0,7.0,7.5,24.0,1,61.0
18,2010,1,20,0.0,0.0,0.29,0.0,71.0,22.0,7.5,24.0,8,73.0
15,2005,7,25,0.06,0.05,0.0,0.02,77.0,41.0,7.3,12.0,7,75.0
19,2014,1,19,0.0,0.0,0.02,0.0,71.0,22.0,7.5,24.0,8,73.0
29,2015,0,10,0.16,0.09,0.0,0.02,60.0,26.0,4.3,77.0,1,51.5
4,2008,11,16,0.0,0.0,0.06,0.0,71.0,22.0,7.5,24.0,8,73.0
18,2010,1,11,0.0,0.0,0.07,0.0,71.0,22.0,7.5,24.0,8,73.0
21,1993,4,20,1.0,0.36,0.09,0.05,71.0,22.0,7.5,24.0,8,73.0
16,2006,10,2,0.3,0.22,0.01,0.1,76.0,43.0,7.2,14.0,7,74.0
4,2007,3,0,0.54,0.0,0.0,0.04,71.0,22.0,7.5,24.0,8,73.0
3,1999,10,20,0.0,0.0,0.05,0.0,71.0,22.0,7.5,24.0,8,73.0
4,2007,10,16,0.0,0.0,0.1,0.0,71.0,22.0,7.5,24.0,8,73.0
4,2007,4,8,0.04,0.01,0.0,0.0,71.0,22.0,7.5,24.0,8,73.0
4,2007,0,12,0.0,0.0,0.02,0.0,71.0,22.0,7.5,24.0,8,73.0
12,2011,8,23,0.09,0.09,0.0,0.03,74.0,34.0,7.4,596.0,5,74.0
15,2004,3,16,0.0,0.0,0.2,0.0,71.0,22.0,7.5,24.0,8,73.0
12,2005,8,10,0.0,0.07,0.0,0.01,91.0,55.0,8.4,837.0,7,87.5
14,1999,3,21,0.94,0.64,0.0,0.11,71.0,22.0,7.5,24.0,8,73.0
25,2011,0,23,0.07,0.05,0.0,0.01,71.0,22.0,7.5,24.0,8,73.0
28,2004,10,30,0.12,0.03,0.0,0.01,59.0,7.0,7.5,24.0,1,67.0
16,2010,2,12,0.1,0.0,0.0,0.01,54.0,6.0,7.1,10.0,7,62.5
25,2009,6,19,0.38,0.0,0.0,0.02,71.0,22.0,7.5,24.0,1,73.0
4,2008,3,26,0.0,0.01,0.0,0.0,71.0,22.0,7.5,24.0,8,73.0
4,2008,9,26,0.63,0.35,0.0,0.1,71.0,22.0,7.5,24.0,1,73.0
16,2008,1,3,0.09,0.03,0.0,0.02,69.0,25.0,5.6,50.0,5,62.5
4,2009,3,13,0.07,0.0,0.0,0.01,71.0,22.0,7.5,24.0,7,73.0
9,1999,3,19,0.17,0.04,0.0,0.0,71.0,22.0,7.5,24.0,8,73.0
9,1998,0,19,0.11,0.03,0.0,0.0,71.0,22.0,7.5,24.0,8,73.0
17,2015,10,19,0.0,0.05,0.0,0.01,71.0,22.0,3.0,4.0,1,50.5
12,2011,0,19,0.0,0.05,0.0,0.01,71.0,22.0,7.5,24.0,8,73.0
9,1999,10,10,0.42,0.02,0.0,0.0,71.0,22.0,7.5,24.0,8,73.0
15,2008,1,19,0.0,0.0,0.02,0.0,71.0,22.0,7.5,24.0,8,73.0
16,2013,10,20,0.0,0.0,0.13,0.0,71.0,22.0,7.5,24.0,8,73.0
16,2012,2,25,0.0,0.0,0.3,0.0,49.0,19.0,7.0,19.0,5,59.5
4,2008,1,19,0.04,0.0,0.0,0.0,43.0,4.0,7.5,24.0,1,59.0
4,2005,2,10,0.08,0.0,0.0,0.01,34.0,6.0,6.5,16.0,2,49.5
19,2015,0,19,0.02,0.01,0.05,0.01,71.0,22.0,7.5,24.0,8,73.0
15,2008,1,19,0.0,0.0,0.02,0.0,71.0,22.0,7.5,24.0,8,73.0
25,2007,2,19,0.0,0.0,0.01,0.0,71.0,22.0,7.5,24.0,8,73.0
20,1997,7,20,0.0,0.0,0.42,0.0,71.0,22.0,7.5,24.0,8,73.0
12,2005,8,2,0.0,0.05,0.0,0.01,86.0,64.0,8.4,626.0,7,85.0
28,2005,11,7,0.11,0.03,0.0,0.01,78.0,55.0,7.5,23.0,5,76.5
25,2008,10,20,0.45,0.01,0.0,0.04,59.0,29.0,6.3,9.0,1,61.0
4,2008,3,26,0.1,0.0,0.0,0.01,71.0,22.0,7.5,24.0,8,73.0
15,2010,3,19,0.0,0.0,0.02,0.0,71.0,22.0,7.5,24.0,8,73.0
18,2006,2,16,0.0,0.0,0.06,0.0,71.0,22.0,7.5,24.0,8,73.0
25,2008,6,19,0.06,0.0,0.0,0.0,40.0,4.0,7.5,24.0,1,57.5
15,2003,7,19,0.09,0.07,0.0,0.02,77.0,16.0,8.5,17.0,7,81.0
16,2012,1,19,0.0,0.0,0.04,0.0,71.0,22.0,7.5,24.0,8,73.0
16,2010,0,4,0.17,0.04,0.4,0.02,61.0,37.0,7.9,29.0,7,70.0
9,2000,6,17,0.37,0.08,0.14,0.01,71.0,22.0,7.5,24.0,8,73.0
18,2006,0,16,0.0,0.0,0.12,0.0,71.0,22.0,7.5,24.0,8,73.0
0,1982,6,3,1.1,0.07,0.0,0.01,71.0,22.0,7.5,24.0,8,73.0
20,1995,3,20,0.0,0.0,0.04,0.0,71.0,22.0,7.5,24.0,8,73.0
27,2006,0,9,0.27,0.07,0.01,0.03,80.0,54.0,7.3,84.0,7,76.5
6,2005,1,2,0.06,0.02,0.0,0.0,71.0,22.0,7.5,24.0,8,73.0
14,2002,2,16,0.0,0.0,0.56,0.04,71.0,22.0,7.5,24.0,8,73.0
4,2010,7,17,0.5,0.16,0.58,0.05,68.0,25.0,8.2,25.0,1,75.0
28,2005,8,2,0.66,0.4,0.0,0.05,78.0,46.0,5.1,27.0,7,64.5
28,2004,3,19,0.37,0.11,0.0,0.02,66.0,7.0,7.5,24.0,1,70.5
4,2008,6,19,0.0,0.02,0.0,0.0,73.0,6.0,7.5,24.0,1,74.0
16,2008,10,10,0.46,0.0,0.02,0.04,75.0,32.0,7.8,15.0,1,76.5
4,2012,0,8,0.0,0.01,0.0,0.0,71.0,22.0,7.5,24.0,2,73.0
15,2004,6,19,0.03,0.02,0.0,0.01,54.0,4.0,7.5,24.0,7,64.5
12,2011,11,19,0.0,0.03,0.0,0.0,71.0,22.0,7.5,24.0,8,73.0
16,2008,8,10,0.74,0.26,0.02,0.15,74.0,43.0,7.3,118.0,5,73.5
16,2007,8,9,0.29,0.32,0.01,0.13,71.0,22.0,7.5,24.0,8,73.0
16,2008,6,5,0.31,0.56,0.03,0.2,87.0,39.0,8.1,109.0,1,84.0
18,2009,0,6,0.13,0.19,0.0,0.11,71.0,22.0,7.5,24.0,2,73.0
18,2007,10,10,0.01,0.0,0.0,0.0,71.0,14.0,7.5,24.0,1,73.0
4,2009,9,10,0.23,0.0,0.0,0.02,71.0,22.0,7.5,24.0,1,73.0
25,2008,10,10,0.5,0.03,0.0,0.04,70.0,37.0,8.4,25.0,1,77.0
4,2008,9,26,0.08,0.0,0.0,0.01,48.0,6.0,7.1,7.0,7,59.5
27,2006,8,14,3.54,1.88,0.07,0.6,94.0,88.0,8.3,2295.0,5,88.5
15,2002,7,19,0.04,0.03,0.0,0.01,74.0,24.0,7.5,12.0,1,74.5
15,2007,3,21,0.11,0.09,0.0,0.03,71.0,22.0,7.5,24.0,8,73.0
12,2006,11,10,0.01,0.01,0.0,0.0,71.0,22.0,7.5,24.0,8,73.0
14,2001,7,19,0.03,0.02,0.0,0.0,62.0,9.0,8.7,26.0,1,74.5
16,2013,1,21,0.52,0.8,0.06,0.26,70.0,98.0,8.1,2652.0,5,75.5
17,2014,10,24,0.39,0.57,0.0,0.19,62.0,44.0,5.1,164.0,7,56.5
25,2007,9,0,1.41,1.12,0.05,0.3,61.0,37.0,5.3,23.0,1,57.0
29,2016,10,10,0.2,0.01,0.0,0.03,77.0,23.0,4.0,38.0,2,58.5
16,2008,6,10,1.01,0.62,0.02,0.29,87.0,55.0,7.7,455.0,2,82.0
9,1999,10,15,0.47,0.11,0.0,0.01,71.0,22.0,7.5,24.0,8,73.0
12,2010,0,4,0.1,0.02,0.0,0.01,78.0,17.0,6.3,211.0,5,70.5
15,2003,10,15,0.09,0.07,0.0,0.02,79.0,23.0,8.9,13.0,1,84.0
27,2013,0,29,1.24,0.79,0.0,0.19,80.0,37.0,7.6,127.0,2,78.0
5,1998,5,17,1.06,0.6,0.2,0.07,71.0,22.0,7.5,24.0,8,73.0
15,2008,3,26,0.01,0.01,0.0,0.0,71.0,22.0,7.5,24.0,8,73.0
27,2011,3,19,0.0,0.02,0.0,0.0,71.0,22.0,7.5,24.0,7,73.0
18,2006,3,19,0.0,0.0,0.04,0.0,71.0,22.0,7.5,24.0,8,73.0
15,2003,10,20,0.08,0.06,0.0,0.02,83.0,14.0,8.5,8.0,1,84.0
2,2015,0,2,0.05,0.06,0.0,0.01,71.0,22.0,7.5,24.0,2,73.0
15,2002,10,21,0.08,0.07,0.0,0.02,73.0,15.0,7.4,10.0,1,73.5
18,2011,3,27,0.0,0.0,0.03,0.0,71.0,22.0,7.5,24.0,8,73.0
26,2012,0,25,0.04,0.02,0.02,0.01,64.0,18.0,7.4,31.0,7,69.0
15,2005,2,16,0.93,1.94,0.31,0.7,88.0,62.0,8.6,229.0,7,87.0
12,2004,6,19,0.0,0.03,0.0,0.01,71.0,22.0,7.5,24.0,8,73.0
28,2005,4,15,0.02,0.01,0.0,0.0,56.0,6.0,7.7,6.0,1,66.5
2,2011,3,4,0.0,0.0,0.05,0.0,71.0,22.0,7.5,24.0,8,73.0
14,1999,2,19,0.25,0.17,0.0,0.03,71.0,22.0,7.5,24.0,8,73.0
15,2002,7,26,0.14,0.11,0.0,0.04,71.0,19.0,8.6,31.0,7,78.5
4,2006,5,20,0.0,0.0,0.28,0.0,71.0,22.0,7.5,24.0,8,73.0
19,2013,3,18,0.09,0.05,0.15,0.04,80.0,55.0,8.1,235.0,5,80.5
16,2008,8,4,0.31,0.17,0.07,0.08,67.0,34.0,7.0,36.0,7,68.5
18,2009,6,21,0.16,0.57,0.0,0.29,79.0,58.0,8.8,39.0,7,83.5
15,2008,3,19,0.02,0.01,0.0,0.0,71.0,22.0,7.5,24.0,7,73.0
25,2010,9,0,0.33,0.12,0.0,0.04,71.0,22.0,7.5,24.0,1,73.0
6,2001,10,19,0.03,0.01,0.0,0.0,69.0,5.0,7.5,24.0,1,72.0
6,2005,0,17,0.08,0.03,0.0,0.0,56.0,22.0,7.5,24.0,1,65.5
16,2013,0,26,1.33,1.68,0.13,0.57,88.0,36.0,8.1,840.0,5,84.5
7,2005,6,2,0.04,0.01,0.0,0.0,54.0,4.0,7.5,24.0,7,64.5
29,2016,3,26,0.03,0.0,0.0,0.0,75.0,5.0,8.0,6.0,2,77.5
15,2002,8,19,0.04,0.03,0.0,0.01,57.0,12.0,6.8,5.0,7,62.5
25,2010,0,8,0.46,0.16,0.0,0.05,71.0,22.0,7.5,24.0,8,73.0
15,2006,0,2,0.2,0.16,0.0,0.05,52.0,44.0,7.5,20.0,7,63.5
14,1996,6,19,0.14,0.1,0.0,0.02,93.0,8.0,8.7,20.0,8,90.0
18,2007,10,12,0.0,0.0,0.09,0.0,71.0,22.0,7.5,24.0,8,73.0
18,2005,5,19,0.17,0.24,0.0,0.14,75.0,39.0,6.6,21.0,1,70.5
4,2007,0,12,0.0,0.0,0.02,0.0,71.0,22.0,7.5,24.0,8,73.0
12,2011,9,26,0.0,0.04,0.0,0.01,60.0,13.0,7.1,114.0,7,65.5
15,2004,7,21,0.28,0.22,0.0,0.07,71.0,22.0,7.5,24.0,8,73.0
4,2007,5,17,0.9,1.76,0.92,0.37,84.0,65.0,8.8,72.0,2,86.0
25,2014,1,19,0.04,0.13,0.0,0.01,71.0,22.0,7.5,24.0,2,73.0
19,2012,10,12,0.0,0.0,0.06,0.0,71.0,22.0,7.5,24.0,8,73.0
15,2007,10,12,0.05,0.0,0.64,2.93,82.0,10.0,7.9,38.0,1,80.5
9,1999,10,17,0.23,0.06,0.0,0.0,71.0,22.0,7.5,24.0,8,73.0
14,1996,10,19,0.0,0.0,0.01,0.0,71.0,22.0,7.5,24.0,8,73.0
16,2013,7,25,0.06,0.03,0.1,0.02,71.0,22.0,7.5,24.0,8,73.0
12,2015,0,19,0.0,0.01,0.0,0.0,71.0,22.0,7.5,24.0,8,73.0
25,2008,4,28,0.35,0.05,0.0,0.03,70.0,13.0,6.6,16.0,2,68.0
19,2016,0,25,0.0,0.0,0.01,0.0,71.0,22.0,7.5,24.0,8,73.0
25,2008,7,19,0.12,0.0,0.0,0.01,73.0,11.0,8.3,17.0,2,78.0
17,2016,0,19,0.0,0.0,0.11,0.0,71.0,22.0,7.5,24.0,7,73.0
4,2006,4,17,0.0,0.0,0.17,0.0,71.0,22.0,7.5,24.0,8,73.0
25,2011,0,13,0.08,0.0,0.0,0.01,71.0,22.0,6.3,4.0,7,67.0
4,2008,7,20,0.09,0.0,0.13,0.01,63.0,20.0,7.9,18.0,7,71.0
16,2013,6,7,0.02,0.01,0.0,0.01,13.0,4.0,1.0,218.0,5,11.5
4,2006,8,3,0.0,0.0,0.07,0.0,71.0,22.0,7.5,24.0,8,73.0
4,2009,9,0,0.04,0.0,0.0,0.0,71.0,22.0,7.5,24.0,1,73.0
20,1995,3,20,0.0,0.0,0.08,0.0,71.0,22.0,7.5,24.0,8,73.0
28,2003,0,3,0.72,0.43,0.01,0.04,65.0,33.0,7.1,75.0,7,68.0
15,2005,0,28,0.1,0.07,0.0,0.03,47.0,14.0,8.8,76.0,5,67.5
25,2010,11,22,0.0,0.0,0.32,0.0,71.0,22.0,7.5,24.0,8,73.0
4,2007,10,30,0.01,0.0,0.0,0.0,71.0,22.0,7.5,24.0,8,73.0
14,1997,6,21,4.02,3.87,2.54,0.52,96.0,16.0,8.7,138.0,1,91.5
18,2009,10,21,0.07,0.0,0.0,0.01,69.0,13.0,3.0,13.0,1,49.5
28,2002,6,10,0.2,0.06,0.0,0.01,84.0,13.0,7.5,24.0,1,79.5
7,2004,4,17,0.84,0.22,0.24,0.04,80.0,49.0,8.3,30.0,2,81.5
4,2008,4,20,0.0,0.0,0.09,0.0,71.0,22.0,7.5,24.0,8,73.0
6,2004,10,10,0.06,0.02,0.0,0.0,75.0,4.0,7.8,5.0,1,76.5
27,2012,3,26,0.9,0.19,0.0,0.09,77.0,23.0,7.7,36.0,2,77.0
14,1996,10,19,0.99,0.13,0.1,0.04,71.0,22.0,7.5,24.0,8,73.0
7,2005,2,16,0.05,0.01,0.0,0.0,71.0,22.0,7.5,24.0,8,73.0
25,2007,4,23,0.4,0.0,0.0,0.03,60.0,4.0,6.0,8.0,1,60.0
28,2001,8,24,0.98,0.19,0.0,0.05,89.0,24.0,8.3,61.0,5,86.0
2,2016,0,16,0.0,0.0,0.03,0.0,71.0,22.0,7.5,24.0,8,73.0
0,1982,4,3,1.01,0.06,0.0,0.01,71.0,22.0,7.5,24.0,8,73.0
3,1998,2,20,0.0,0.0,0.37,0.0,71.0,22.0,7.5,24.0,8,73.0
15,2003,2,3,0.0,0.0,0.32,0.0,71.0,22.0,7.5,24.0,8,73.0
15,2004,0,4,0.01,0.01,0.0,0.0,55.0,30.0,7.5,24.0,7,65.0
4,2009,7,19,0.05,0.0,0.0,0.0,58.0,24.0,7.5,20.0,1,66.5
15,2002,6,3,0.07,0.05,0.0,0.02,54.0,6.0,7.5,24.0,1,64.5
16,2013,0,25,0.0,0.0,0.03,0.0,71.0,22.0,7.5,24.0,8,73.0
22,1996,3,19,0.0,0.0,0.08,0.0,71.0,22.0,7.5,24.0,8,73.0
6,2003,4,17,2.93,1.25,0.83,0.2,71.0,22.0,7.5,24.0,8,73.0
4,2007,5,13,0.09,0.01,0.0,0.01,55.0,23.0,6.1,7.0,1,58.0
15,2003,10,2,0.16,0.12,0.0,0.04,78.0,15.0,8.3,12.0,1,80.5
15,2001,10,23,0.11,0.08,0.0,0.03,67.0,11.0,7.5,24.0,7,71.0
17,2015,0,6,0.0,0.0,0.02,0.0,71.0,22.0,7.5,24.0,8,73.0
18,2006,3,2,0.05,0.0,0.0,0.0,75.0,10.0,7.5,24.0,1,75.0
25,2008,0,2,0.22,0.01,0.0,0.02,63.0,20.0,6.9,13.0,7,66.0
10,1988,0,4,0.93,0.15,0.42,0.01,71.0,22.0,7.5,24.0,8,73.0
19,2015,7,25,0.0,0.0,0.08,0.0,71.0,22.0,7.5,24.0,8,73.0
2,2012,3,22,0.22,0.07,0.18,0.02,78.0,60.0,7.8,113.0,2,78.0
2,2013,0,17,1.4,1.01,0.46,0.23,91.0,81.0,8.9,1057.0,1,90.0
16,2008,2,15,1.48,0.28,0.0,0.23,76.0,44.0,7.1,107.0,7,73.5
18,2009,0,10,0.24,0.06,0.0,0.05,71.0,22.0,8.8,4.0,2,79.5
6,2002,10,1,0.02,0.01,0.0,0.0,78.0,15.0,7.5,24.0,1,76.5
4,2010,3,19,0.05,0.0,0.0,0.0,71.0,22.0,7.5,24.0,1,73.0
6,2004,1,17,0.6,0.22,0.0,0.01,89.0,50.0,9.0,132.0,1,89.5
28,2005,10,10,0.57,0.04,0.0,0.03,79.0,30.0,6.4,15.0,1,71.5
15,2008,3,19,0.09,0.07,0.0,0.02,69.0,16.0,7.5,24.0,7,72.0
25,2009,9,10,0.35,0.02,0.0,0.03,61.0,23.0,7.1,36.0,2,66.0
2,2011,10,19,0.08,0.0,0.03,0.01,52.0,6.0,7.5,24.0,1,63.5
18,2006,7,25,0.15,0.01,0.04,0.02,87.0,37.0,8.2,69.0,7,84.5
18,2008,0,19,0.06,0.0,0.2,0.01,70.0,21.0,7.5,6.0,7,72.5
18,2010,7,4,0.0,0.0,0.13,0.0,71.0,22.0,7.5,24.0,8,73.0
25,2014,0,2,0.41,0.46,0.0,0.08,71.0,22.0,7.5,24.0,2,73.0
27,2005,10,2,0.28,0.01,0.0,0.03,75.0,43.0,7.2,21.0,7,73.5
4,2011,7,19,0.0,0.0,0.05,0.0,71.0,22.0,7.5,24.0,8,73.0
4,2007,4,28,0.32,0.02,0.0,0.03,56.0,4.0,2.7,6.0,1,41.5
6,2003,0,26,0.02,0.01,0.0,0.0,60.0,12.0,7.5,24.0,7,67.5
12,2008,11,19,0.0,0.03,0.0,0.0,58.0,7.0,2.5,19.0,1,41.5
19,2014,6,25,0.0,0.0,0.04,0.0,71.0,22.0,7.5,24.0,8,73.0
16,2013,10,24,1.44,0.31,0.04,0.32,84.0,26.0,4.9,142.0,1,66.5
25,2007,10,10,0.14,0.0,0.0,0.01,52.0,11.0,7.1,21.0,1,61.5
16,2015,0,19,0.0,0.0,0.02,0.0,71.0,22.0,7.5,24.0,8,73.0
4,2007,9,13,0.24,0.0,0.0,0.02,46.0,9.0,7.0,6.0,1,58.0
2,2012,0,19,0.0,0.0,0.1,0.0,71.0,22.0,7.5,24.0,8,73.0
20,1995,7,19,0.0,0.0,0.38,0.0,71.0,22.0,7.5,24.0,8,73.0
18,2009,1,12,0.0,0.0,0.03,0.0,71.0,22.0,7.5,24.0,8,73.0
27,2010,10,5,0.0,0.12,0.0,0.02,71.0,22.0,7.5,24.0,8,73.0
12,2009,9,19,0.01,0.0,0.0,0.0,72.0,31.0,7.3,129.0,7,72.5
4,2010,3,7,0.0,0.07,0.0,0.01,71.0,22.0,7.5,24.0,8,73.0
2,2016,7,22,0.0,0.0,0.63,0.0,71.0,22.0,7.5,24.0,8,73.0
15,2010,1,11,0.0,0.0,0.01,0.0,71.0,22.0,7.5,24.0,8,73.0
14,1995,2,19,0.0,0.0,0.3,0.02,71.0,22.0,7.5,24.0,8,73.0
15,2002,7,26,0.16,0.13,0.29,0.04,78.0,30.0,8.4,38.0,7,81.0
12,2013,8,4,0.0,0.04,0.0,0.0,61.0,17.0,6.2,210.0,7,61.5
4,2008,3,8,0.18,0.0,0.0,0.01,71.0,22.0,7.5,24.0,1,73.0
29,2016,0,19,0.05,0.0,0.0,0.01,66.0,12.0,6.9,20.0,1,67.5
28,2002,7,19,0.0,0.0,0.05,0.0,71.0,22.0,7.5,24.0,8,73.0
16,2009,3,2,0.28,0.24,0.0,0.1,86.0,44.0,8.0,48.0,7,83.0
27,2011,1,2,0.0,0.05,0.0,0.01,71.0,22.0,7.5,24.0,8,73.0
2,2013,7,22,0.06,0.09,1.3,0.01,71.0,22.0,7.5,24.0,8,73.0
29,2015,0,26,0.05,0.01,0.0,0.01,71.0,22.0,7.5,24.0,1,73.0
17,2016,3,16,0.0,0.0,0.02,0.0,71.0,22.0,7.5,24.0,8,73.0
15,2003,2,0,0.05,0.04,0.0,0.01,72.0,28.0,7.5,14.0,7,73.5
4,2006,3,30,0.01,0.0,0.0,0.0,71.0,22.0,7.5,24.0,1,73.0
19,2015,0,11,0.0,0.0,0.02,0.0,71.0,22.0,7.5,24.0,8,73.0
12,2012,11,20,0.07,0.1,0.0,0.02,71.0,22.0,7.5,24.0,8,73.0
16,2010,0,10,0.64,0.28,0.04,0.13,75.0,69.0,7.5,265.0,5,75.0
16,2011,1,19,0.0,0.0,0.03,0.0,71.0,22.0,7.5,24.0,8,73.0
6,2006,0,19,0.06,0.02,0.0,0.0,55.0,5.0,7.0,6.0,1,62.5
7,2005,10,10,0.25,0.07,0.0,0.01,76.0,14.0,7.5,24.0,1,75.5
14,1999,10,10,0.53,0.36,0.0,0.06,71.0,22.0,7.5,24.0,8,73.0
15,2003,6,5,0.23,0.18,0.0,0.06,79.0,40.0,8.9,32.0,7,84.0
4,2006,3,17,0.0,0.0,1.71,0.0,71.0,22.0,7.5,24.0,8,73.0
27,2010,0,2,0.11,0.02,0.0,0.01,62.0,10.0,7.5,24.0,2,68.5
29,2016,10,19,0.01,0.0,0.0,0.0,71.0,22.0,7.1,18.0,7,71.0
25,2009,0,12,0.22,0.19,0.01,0.05,79.0,56.0,8.0,226.0,5,79.5
10,1987,2,17,0.77,0.18,1.42,0.03,71.0,22.0,7.5,24.0,8,73.0
18,2005,11,10,0.11,0.01,0.0,0.01,71.0,22.0,7.5,24.0,8,73.0
16,2009,6,5,0.08,0.11,0.0,0.04,67.0,44.0,7.4,36.0,1,70.5
27,2012,6,14,0.82,0.93,0.04,0.18,85.0,83.0,8.4,431.0,7,84.5
14,1995,0,21,0.0,0.0,0.13,0.01,71.0,22.0,7.5,24.0,8,73.0
12,2012,7,2,2.44,2.16,0.0,0.54,88.0,86.0,4.0,9629.0,5,64.0
27,2010,9,0,0.08,0.07,0.0,0.02,40.0,11.0,4.2,5.0,7,41.0
20,1995,2,19,0.0,0.0,0.28,0.0,71.0,22.0,7.5,24.0,8,73.0
25,2008,10,20,0.28,0.65,0.0,0.13,71.0,24.0,7.0,16.0,2,70.5
4,2010,7,16,0.0,0.0,0.1,0.0,71.0,22.0,7.5,24.0,8,73.0
16,2014,8,19,0.14,0.21,0.02,0.07,71.0,22.0,7.1,115.0,5,71.0
19,2016,0,27,0.0,0.0,0.03,0.0,71.0,22.0,7.5,24.0,8,73.0
16,2007,9,26,0.1,0.03,0.0,0.02,70.0,10.0,7.2,12.0,7,71.0
12,2009,1,26,0.0,0.02,0.0,0.0,36.0,4.0,3.9,20.0,7,37.5
7,2002,0,15,0.14,0.04,0.0,0.0,60.0,20.0,9.1,16.0,7,75.5
16,2009,3,21,0.0,0.04,0.0,0.01,71.0,22.0,7.5,24.0,8,73.0
17,2016,3,26,0.02,0.0,0.0,0.01,73.0,12.0,7.5,24.0,2,74.0
6,2002,5,19,0.04,0.02,0.0,0.0,71.0,22.0,7.5,24.0,8,73.0
15,2004,5,16,0.47,0.02,0.17,0.08,86.0,55.0,9.0,86.0,1,88.0
4,2007,4,2,0.41,0.02,0.0,0.04,79.0,21.0,6.5,17.0,2,72.0
27,2005,10,24,0.09,0.0,0.0,0.01,75.0,37.0,6.1,24.0,2,68.0
18,2011,1,19,0.0,0.0,0.03,0.0,71.0,22.0,7.5,24.0,8,73.0
27,2009,0,26,0.34,0.35,0.0,0.08,71.0,22.0,7.5,24.0,8,73.0
16,2009,0,19,0.52,0.16,0.08,0.1,83.0,52.0,7.7,115.0,5,80.0
15,2002,10,10,1.25,0.15,0.03,0.22,83.0,22.0,8.3,28.0,1,83.0
28,2003,8,19,0.21,0.06,0.0,0.01,71.0,22.0,7.5,24.0,8,73.0
15,2002,7,3,0.49,0.38,0.26,0.13,75.0,35.0,8.5,60.0,7,80.0
26,2015,3,17,0.19,0.11,0.09,0.03,46.0,20.0,4.4,173.0,1,45.0
27,2009,8,19,0.15,0.06,0.05,0.02,76.0,29.0,8.4,47.0,7,80.0
6,2002,0,23,0.03,0.01,0.0,0.0,38.0,12.0,7.5,24.0,1,56.5
15,2006,7,22,0.06,0.05,0.1,0.02,87.0,4.0,7.1,13.0,7,79.0
25,2010,3,8,0.48,0.1,0.0,0.04,71.0,22.0,7.5,24.0,1,73.0
4,2008,0,20,0.35,0.12,0.0,0.05,56.0,10.0,7.0,4.0,2,63.0
15,2006,9,12,0.0,0.0,0.02,0.0,71.0,22.0,7.5,24.0,8,73.0
28,2003,7,3,0.19,0.06,0.0,0.01,71.0,22.0,7.5,24.0,8,73.0
18,2006,2,10,0.46,0.01,0.0,0.04,74.0,22.0,8.1,22.0,7,77.5
6,2002,0,30,0.02,0.01,0.0,0.0,70.0,7.0,7.0,4.0,7,70.0
19,2012,7,19,0.0,0.0,0.09,0.0,71.0,22.0,7.5,24.0,8,73.0
6,2003,10,23,0.14,0.05,0.0,0.0,71.0,22.0,7.5,24.0,8,73.0
29,2013,3,13,0.17,0.05,0.0,0.02,73.0,5.0,6.2,40.0,1,67.5
2,2011,0,12,0.02,0.0,0.0,0.0,71.0,22.0,7.5,24.0,8,73.0
10,1987,2,17,2.03,0.47,0.45,0.07,71.0,22.0,7.5,24.0,8,73.0
15,2008,10,10,1.22,0.0,0.0,0.27,67.0,4.0,7.0,24.0,1,68.5
18,2007,10,26,0.02,0.06,0.0,0.03,71.0,22.0,7.5,24.0,2,73.0
15,2002,10,10,0.44,0.35,0.0,0.12,80.0,23.0,7.6,5.0,1,78.0
4,2007,7,16,0.12,0.0,0.18,0.01,71.0,22.0,7.5,24.0,8,73.0
4,2008,0,19,0.0,0.0,0.01,0.0,71.0,22.0,7.5,24.0,8,73.0
18,2006,10,10,0.2,0.04,0.0,0.03,78.0,23.0,7.5,24.0,1,76.5
11,1995,2,19,0.0,0.0,0.2,0.0,71.0,22.0,7.5,24.0,8,73.0
4,2010,1,12,0.0,0.0,0.1,0.0,71.0,22.0,7.5,24.0,8,73.0
28,2003,6,19,0.02,0.01,0.0,0.0,61.0,9.0,7.5,24.0,1,68.0
12,2010,7,10,0.0,0.03,0.0,0.01,71.0,22.0,7.5,24.0,8,73.0
29,2015,0,29,0.88,0.47,0.0,0.14,85.0,16.0,6.6,694.0,5,75.5
4,2011,5,19,0.02,0.0,0.0,0.0,71.0,22.0,7.5,24.0,8,73.0
14,1999,0,10,0.12,0.08,0.0,0.01,40.0,9.0,7.5,24.0,7,57.5
22,1991,7,19,0.24,0.09,1.33,0.12,71.0,22.0,7.5,24.0,8,73.0
4,2006,0,16,0.0,0.0,0.07,0.0,71.0,22.0,7.5,24.0,8,73.0
15,2002,1,0,0.02,0.02,0.25,0.01,67.0,16.0,7.5,24.0,7,71.0
19,2011,0,21,0.04,0.05,0.02,0.02,71.0,22.0,7.5,24.0,8,73.0
15,2008,0,28,0.12,0.1,0.0,0.03,38.0,7.0,6.8,6.0,7,53.0
25,2009,9,17,0.46,0.21,0.12,0.06,76.0,42.0,8.5,26.0,2,80.5
6,2001,4,19,0.01,0.0,0.0,0.0,52.0,8.0,7.5,24.0,1,63.5
15,2006,0,15,0.18,0.14,0.0,0.05,51.0,34.0,7.0,15.0,2,60.5
25,2008,10,10,0.19,0.01,0.0,0.02,51.0,11.0,5.9,14.0,1,55.0
12,2011,4,19,0.0,0.03,0.0,0.01,84.0,55.0,8.4,667.0,2,84.0
27,2012,10,10,0.29,0.18,0.0,0.04,77.0,47.0,5.6,39.0,1,66.5
22,1991,0,25,0.0,0.0,0.28,0.0,71.0,22.0,7.5,24.0,8,73.0
12,2008,8,10,0.0,0.02,0.0,0.0,89.0,58.0,9.2,3717.0,5,90.5
4,2007,11,19,0.06,0.0,0.0,0.0,71.0,22.0,7.5,24.0,8,73.0
4,2011,3,27,0.04,0.0,0.0,0.0,71.0,22.0,7.5,24.0,8,73.0
6,2004,2,3,0.36,0.13,0.0,0.01,73.0,26.0,7.0,21.0,7,71.5
4,2009,4,26,0.35,0.3,0.0,0.07,70.0,7.0,7.5,24.0,1,72.5
16,2014,2,19,0.0,0.0,0.13,0.0,84.0,38.0,8.1,85.0,7,82.5
2,2012,5,19,0.0,0.02,0.0,0.0,71.0,22.0,7.5,24.0,1,73.0
3,2000,10,20,1.02,0.05,0.0,0.02,97.0,22.0,6.0,47.0,1,78.5
12,2009,11,3,0.0,0.02,0.0,0.0,67.0,28.0,5.8,8.0,7,62.5
15,2005,6,15,0.23,0.18,0.0,0.06,58.0,31.0,8.0,10.0,7,69.0
26,2012,0,26,0.19,0.13,0.0,0.03,85.0,26.0,7.1,216.0,5,78.0
6,2002,6,23,0.12,0.04,0.0,0.0,71.0,22.0,7.5,24.0,8,73.0
27,2009,10,2,0.46,0.1,0.0,0.05,46.0,43.0,3.0,67.0,2,38.0
7,2001,10,15,0.16,0.04,0.0,0.01,79.0,13.0,8.7,7.0,1,83.0
2,2012,0,29,0.41,0.28,0.0,0.06,72.0,6.0,5.2,25.0,2,62.0
22,1995,11,16,0.0,0.0,0.2,0.0,71.0,22.0,7.5,24.0,8,73.0
29,2014,10,10,0.31,0.06,0.0,0.04,59.0,22.0,3.2,180.0,2,45.5
19,2014,7,19,0.0,0.0,0.06,0.0,71.0,22.0,7.5,24.0,8,73.0
15,2004,10,10,1.03,0.32,0.0,0.09,88.0,30.0,8.2,20.0,1,85.0
4,2009,3,19,0.0,0.05,0.0,0.0,71.0,22.0,7.5,24.0,8,73.0
25,2008,5,19,0.0,0.0,0.01,0.0,71.0,22.0,7.5,24.0,8,73.0
18,2011,7,16,0.0,0.0,0.36,0.0,71.0,22.0,7.5,24.0,8,73.0
16,2011,11,25,0.0,0.0,0.07,0.0,71.0,22.0,7.5,24.0,8,73.0
4,2011,11,25,0.0,0.0,0.08,0.0,71.0,22.0,7.5,24.0,8,73.0
7,2005,10,17,0.98,0.38,0.2,0.04,76.0,39.0,8.7,55.0,1,81.5
14,1998,6,19,0.23,0.16,0.0,0.03,71.0,22.0,7.5,24.0,8,73.0
6,2003,0,19,0.4,0.15,0.0,0.01,71.0,22.0,7.5,24.0,8,73.0
15,2007,10,0,0.2,0.15,0.0,0.05,71.0,22.0,7.5,24.0,1,73.0
4,2011,4,2,0.09,0.0,0.0,0.01,71.0,22.0,7.5,24.0,8,73.0
6,2004,7,10,0.16,0.06,0.0,0.0,67.0,7.0,8.5,12.0,7,76.0
28,2002,10,15,0.08,0.02,0.0,0.0,81.0,19.0,8.5,13.0,1,83.0
18,2009,1,16,0.0,0.0,0.08,0.0,71.0,22.0,7.5,24.0,8,73.0
18,2010,11,21,0.0,0.0,0.01,0.0,69.0,17.0,7.9,16.0,2,74.0
14,1996,7,19,0.08,0.06,0.11,0.02,71.0,22.0,7.5,24.0,8,73.0
26,2012,3,26,0.01,0.01,0.0,0.0,52.0,26.0,5.2,29.0,2,52.0
25,2007,10,0,0.21,0.0,0.0,0.02,71.0,22.0,7.5,24.0,8,73.0
15,2002,10,19,0.05,0.04,0.0,0.01,71.0,22.0,7.5,24.0,8,73.0
16,2015,7,25,0.0,0.0,0.03,0.0,71.0,22.0,7.5,24.0,8,73.0
9,1999,0,19,0.68,0.12,0.0,0.01,71.0,22.0,7.5,24.0,8,73.0
15,2005,0,15,0.58,0.02,0.0,0.09,77.0,41.0,8.6,74.0,5,81.5
10,1986,4,17,0.0,0.0,2.65,0.0,71.0,22.0,7.5,24.0,8,73.0
12,2000,11,10,1.32,0.02,0.0,0.0,71.0,22.0,7.5,24.0,8,73.0
14,1998,7,16,0.0,0.0,0.54,0.04,71.0,22.0,7.5,24.0,8,73.0
4,2008,7,19,0.04,0.0,0.0,0.0,69.0,23.0,7.7,21.0,2,73.0
12,2012,1,19,0.0,0.06,0.0,0.01,73.0,18.0,8.0,128.0,5,76.5
25,2009,1,17,0.0,0.03,0.03,0.0,66.0,27.0,7.5,24.0,8,70.5
6,2005,4,26,0.09,0.03,0.0,0.0,71.0,22.0,7.5,24.0,8,73.0
14,1996,1,10,0.03,0.02,0.0,0.0,71.0,22.0,7.5,24.0,8,73.0
15,2004,3,12,0.11,0.09,0.0,0.03,76.0,26.0,7.0,4.0,1,73.0
16,2010,7,22,0.17,0.18,0.2,0.07,68.0,58.0,8.4,263.0,5,76.0
16,2015,2,19,0.0,0.0,0.01,0.0,71.0,22.0,7.5,24.0,7,73.0
6,2003,0,13,0.31,0.12,0.0,0.01,71.0,22.0,7.5,24.0,8,73.0
19,2013,7,19,0.05,0.0,0.07,0.01,71.0,22.0,7.5,24.0,8,73.0
28,2002,3,14,0.14,0.04,0.0,0.01,71.0,22.0,7.5,24.0,8,73.0
15,2003,7,22,0.15,0.12,0.26,0.04,56.0,35.0,8.1,38.0,7,68.5
14,1996,4,19,0.04,0.03,0.0,0.0,71.0,22.0,7.5,24.0,8,73.0
15,2006,1,19,0.0,0.0,0.02,0.0,71.0,22.0,7.5,24.0,8,73.0
12,2012,11,24,0.27,0.36,0.0,0.08,89.0,57.0,8.2,2235.0,5,85.5
2,2011,0,26,0.14,0.07,0.07,0.02,53.0,32.0,5.5,26.0,7,54.0
17,2016,0,4,0.1,0.17,0.05,0.05,71.0,22.0,7.5,24.0,8,73.0
12,2013,9,10,0.48,0.77,0.0,0.17,64.0,75.0,2.2,4572.0,2,43.0
16,2011,2,16,0.27,0.18,0.09,0.07,58.0,26.0,5.4,77.0,7,56.0
14,2000,10,19,0.1,0.07,0.0,0.01,71.0,22.0,7.5,24.0,8,73.0
5,1998,10,12,0.0,0.0,0.07,0.0,71.0,22.0,7.5,24.0,8,73.0
15,2003,4,19,0.11,0.09,0.0,0.03,71.0,22.0,7.5,24.0,8,73.0
6,2002,6,19,0.22,0.08,0.0,0.01,27.0,5.0,8.9,19.0,1,58.0
12,1997,11,10,2.3,0.1,0.0,0.0,71.0,22.0,9.0,90.0,4,80.5
4,2010,3,19,0.04,0.2,0.0,0.03,71.0,22.0,7.5,24.0,1,73.0
16,2009,8,5,0.23,0.46,0.05,0.17,76.0,42.0,6.5,53.0,5,70.5
15,2002,10,2,0.16,0.13,0.0,0.04,77.0,19.0,8.4,15.0,1,80.5
4,2008,0,2,0.02,0.0,0.0,0.0,73.0,7.0,7.5,24.0,2,74.0
4,2006,11,23,0.18,0.02,0.0,0.02,80.0,38.0,7.9,59.0,2,79.5
4,2010,9,26,0.05,0.0,0.0,0.0,71.0,22.0,7.5,24.0,1,73.0
15,2004,10,2,0.28,0.21,0.0,0.07,55.0,4.0,8.4,16.0,7,69.5
12,2010,10,12,0.0,0.05,0.0,0.01,79.0,9.0,7.5,24.0,8,77.0
12,2006,9,14,0.02,0.36,0.0,0.05,80.0,28.0,7.6,95.0,1,78.0
15,2009,11,16,0.0,0.0,0.31,0.0,71.0,22.0,7.5,24.0,8,73.0
28,2005,8,9,0.02,0.01,0.0,0.0,71.0,28.0,9.2,27.0,5,81.5
14,1999,6,21,3.88,3.42,1.69,0.5,93.0,23.0,9.0,135.0,7,91.5
14,2001,7,19,0.0,0.0,0.09,0.01,71.0,22.0,7.5,24.0,8,73.0
25,2012,0,19,0.0,0.02,0.0,0.0,71.0,22.0,7.5,24.0,8,73.0
12,2013,1,19,0.0,0.03,0.0,0.0,75.0,45.0,7.5,82.0,8,75.0
4,2005,0,20,0.0,0.0,0.19,0.0,71.0,22.0,7.5,24.0,8,73.0
27,2010,0,4,0.75,0.52,0.09,0.12,79.0,76.0,6.9,216.0,5,74.0
12,2011,10,19,0.0,0.04,0.0,0.01,71.0,22.0,7.5,24.0,8,73.0
7,2003,0,4,0.03,0.01,0.0,0.0,71.0,22.0,7.5,24.0,8,73.0
6,2007,0,23,1.26,0.47,0.0,0.03,71.0,22.0,7.5,24.0,8,73.0
4,2008,9,26,0.52,0.0,0.0,0.04,71.0,22.0,7.5,24.0,1,73.0
18,2011,10,21,0.15,0.0,0.0,0.02,77.0,9.0,6.0,5.0,1,68.5
5,2001,1,17,0.87,0.52,0.41,0.06,71.0,22.0,7.5,24.0,8,73.0
17,2016,3,16,0.0,0.0,0.09,0.0,71.0,22.0,7.5,24.0,8,73.0
29,2014,0,24,2.81,2.19,0.0,0.47,97.0,14.0,7.9,764.0,5,88.0
16,2010,7,18,0.06,0.01,0.01,0.01,44.0,30.0,4.6,34.0,7,45.0
28,2005,4,14,0.02,0.01,0.0,0.0,62.0,21.0,6.2,6.0,1,62.0
16,2011,3,23,0.04,0.07,0.0,0.02,65.0,8.0,7.5,24.0,2,70.0
6,2001,1,19,0.3,0.11,0.0,0.01,71.0,22.0,7.5,24.0,8,73.0
4,2009,6,19,0.02,0.0,0.0,0.0,71.0,22.0,7.5,24.0,8,73.0
16,2013,2,4,0.0,0.0,0.03,0.0,80.0,33.0,7.3,27.0,7,76.5
14,1995,2,21,0.15,0.1,0.41,0.05,71.0,22.0,7.5,24.0,8,73.0
28,2005,3,12,0.05,0.01,0.0,0.0,80.0,24.0,7.5,24.0,2,77.5
7,2003,5,26,0.01,0.0,0.0,0.0,53.0,4.0,7.5,24.0,1,64.0
16,2013,2,16,0.0,0.0,0.04,0.0,71.0,22.0,7.5,24.0,8,73.0
15,2008,3,10,0.21,0.16,0.0,0.05,71.0,22.0,7.2,6.0,1,71.5
4,2010,9,19,0.06,0.0,0.0,0.0,71.0,22.0,7.5,24.0,1,73.0
18,2012,1,19,0.0,0.0,0.09,0.0,71.0,22.0,7.5,24.0,8,73.0
7,2005,4,15,0.19,0.05,0.0,0.01,55.0,4.0,7.9,10.0,1,67.0
16,2014,3,16,0.0,0.0,0.13,0.0,71.0,22.0,7.5,24.0,8,73.0
4,2010,7,19,0.0,0.0,0.04,0.0,71.0,22.0,7.5,24.0,8,73.0
25,2008,2,15,0.14,0.01,0.0,0.01,71.0,22.0,7.5,24.0,8,73.0
18,2012,7,22,0.0,0.0,0.11,0.0,71.0,22.0,8.9,15.0,7,80.0
16,2009,0,2,0.31,0.31,0.0,0.12,71.0,22.0,7.5,24.0,8,73.0
14,1999,11,19,0.0,0.0,0.29,0.02,71.0,22.0,7.5,24.0,8,73.0
26,2014,10,17,0.17,0.14,0.04,0.03,68.0,21.0,7.0,106.0,2,69.0
17,2016,0,4,0.0,0.0,0.02,0.0,71.0,22.0,7.5,24.0,8,73.0
0,1982,3,19,0.81,0.05,0.0,0.01,71.0,22.0,7.5,24.0,8,73.0
4,2009,0,26,0.05,0.02,0.0,0.01,55.0,38.0,7.5,13.0,7,65.0
22,1993,4,16,0.0,0.0,0.46,0.0,71.0,22.0,7.5,24.0,8,73.0
7,2006,4,26,0.13,0.03,0.0,0.0,59.0,6.0,7.5,24.0,2,67.0
28,2005,3,19,0.03,0.01,0.0,0.0,60.0,6.0,2.7,13.0,1,43.5
4,2006,6,23,0.85,0.04,0.0,0.07,54.0,17.0,2.1,11.0,1,37.5
9,1999,6,10,0.49,0.03,0.0,0.0,71.0,22.0,7.5,24.0,8,73.0
12,2012,7,19,0.0,0.02,0.0,0.0,71.0,22.0,7.5,24.0,8,73.0
10,1989,7,16,0.0,0.0,1.1,0.0,71.0,22.0,7.5,24.0,8,73.0
25,2011,3,16,0.03,0.01,0.0,0.0,71.0,22.0,7.5,24.0,1,73.0
6,2002,8,2,0.03,0.01,0.0,0.0,71.0,22.0,7.5,24.0,8,73.0
4,2009,7,19,0.04,0.0,0.0,0.0,71.0,22.0,7.5,24.0,2,73.0
27,2012,10,12,0.08,0.2,0.0,0.03,82.0,33.0,6.9,77.0,1,75.5
28,2006,10,10,0.11,0.03,0.0,0.01,65.0,17.0,8.5,10.0,2,75.0
14,1998,0,19,0.24,0.16,0.0,0.03,71.0,22.0,7.5,24.0,8,73.0
27,2013,0,7,1.01,0.5,0.01,0.13,81.0,42.0,6.5,325.0,5,73.0
25,2010,3,13,0.08,0.0,0.0,0.01,56.0,7.0,8.2,5.0,7,69.0
25,2007,3,2,0.22,0.0,0.0,0.02,42.0,5.0,6.2,5.0,2,52.0
15,2007,1,19,0.0,0.0,0.07,0.0,71.0,22.0,7.5,24.0,8,73.0
25,2010,10,19,0.12,0.01,0.0,0.01,71.0,22.0,7.5,24.0,8,73.0
27,2007,1,26,3.28,1.64,0.07,0.56,81.0,77.0,7.7,1074.0,5,79.0
18,2006,0,24,1.7,1.99,0.16,1.18,86.0,50.0,8.0,150.0,5,83.0
28,2003,9,19,0.19,0.05,0.0,0.01,77.0,31.0,8.8,4.0,7,82.5
22,1996,10,16,0.0,0.0,0.5,0.0,71.0,22.0,7.5,24.0,8,73.0
15,2008,1,19,0.0,0.0,0.01,0.0,71.0,22.0,7.5,24.0,8,73.0
2,2012,0,12,0.15,0.11,0.1,0.02,78.0,46.0,7.8,167.0,5,78.0
25,2010,11,16,0.0,0.0,0.03,0.0,71.0,22.0,7.5,24.0,8,73.0
14,1998,6,1,0.11,0.07,0.0,0.01,71.0,22.0,7.5,24.0,8,73.0
25,2008,9,19,0.0,0.0,0.01,0.0,71.0,22.0,7.5,24.0,8,73.0
25,2008,9,10,0.7,0.64,0.01,0.16,76.0,19.0,8.1,24.0,1,78.5
27,2007,0,23,0.11,0.01,0.0,0.01,71.0,22.0,7.5,24.0,8,73.0
12,2013,3,26,0.36,0.24,0.0,0.06,71.0,22.0,7.5,24.0,8,73.0
14,1996,3,21,0.1,0.07,0.0,0.01,71.0,22.0,7.5,24.0,8,73.0
14,1998,10,21,0.38,0.26,0.0,0.05,71.0,22.0,7.5,24.0,8,73.0
4,2008,1,19,0.0,0.0,0.02,0.0,71.0,22.0,7.5,24.0,8,73.0
0,1981,9,3,0.42,0.02,0.0,0.0,71.0,22.0,7.5,24.0,8,73.0
27,2014,0,22,0.14,0.11,0.0,0.02,71.0,22.0,7.5,24.0,8,73.0
0,1980,3,2,0.25,0.02,0.0,0.0,71.0,22.0,7.5,24.0,8,73.0
28,2005,6,24,0.61,0.1,0.0,0.03,84.0,53.0,7.4,40.0,2,79.0
28,2005,2,23,0.34,0.1,0.0,0.02,56.0,48.0,6.9,47.0,7,62.5
4,2009,0,2,0.26,0.14,0.0,0.04,71.0,22.0,7.5,24.0,8,73.0
25,2010,10,2,0.06,0.01,0.0,0.01,71.0,22.0,7.5,24.0,1,73.0
2,2013,7,4,0.0,0.0,3.44,0.0,71.0,22.0,7.5,24.0,8,73.0
9,1996,10,19,0.16,0.04,0.0,0.0,71.0,22.0,7.5,24.0,8,73.0
16,2008,6,4,0.07,0.24,0.0,0.08,65.0,21.0,6.0,9.0,1,62.5
18,2004,10,21,0.5,0.5,0.63,0.33,81.0,57.0,8.7,34.0,2,84.0
27,2008,8,10,2.66,0.49,0.05,0.3,89.0,67.0,7.9,1309.0,5,84.0
28,2004,8,28,0.19,0.05,0.0,0.01,73.0,47.0,8.0,8.0,5,76.5
2,2014,7,22,0.0,0.0,0.79,0.0,71.0,22.0,7.5,24.0,8,73.0
15,2003,8,10,0.25,0.2,0.0,0.07,81.0,26.0,8.4,57.0,7,82.5
25,2010,3,19,0.0,0.08,0.0,0.01,71.0,22.0,7.5,24.0,8,73.0
0,1983,0,19,0.31,0.02,0.0,0.0,71.0,22.0,7.5,24.0,8,73.0
12,2012,10,12,0.0,0.07,0.0,0.01,80.0,8.0,6.9,182.0,1,74.5
25,2008,10,2,0.09,0.01,0.0,0.01,71.0,22.0,1.4,10.0,1,42.5
12,2010,11,19,0.0,0.02,0.0,0.0,68.0,16.0,5.2,19.0,7,60.0
4,2008,3,2,0.22,0.0,0.0,0.02,71.0,22.0,7.5,24.0,8,73.0
12,2016,8,10,0.03,0.04,0.0,0.01,85.0,27.0,8.0,488.0,5,82.5
25,2010,1,2,0.08,0.01,0.0,0.01,71.0,22.0,9.0,10.0,1,80.5
28,2003,11,4,0.02,0.01,0.0,0.0,57.0,13.0,7.5,24.0,7,66.0
17,2016,8,21,0.0,0.01,0.0,0.0,66.0,13.0,6.2,13.0,2,64.0
25,2009,10,24,0.26,0.01,0.0,0.02,68.0,5.0,8.5,6.0,2,76.5
28,2003,0,24,1.84,0.56,0.0,0.09,71.0,22.0,7.5,24.0,8,73.0
27,2014,6,14,0.35,0.37,0.0,0.06,71.0,22.0,5.1,116.0,2,61.0
2,2011,4,17,4.89,3.0,2.14,0.78,90.0,82.0,8.4,921.0,1,87.0
18,2012,7,16,0.0,0.0,0.07,0.0,71.0,22.0,7.5,24.0,8,73.0
14,2001,3,21,0.33,0.22,0.0,0.04,71.0,22.0,7.5,24.0,8,73.0
14,2001,8,19,0.03,0.02,0.0,0.0,71.0,22.0,7.5,24.0,8,73.0
25,2010,3,29,0.08,0.02,0.0,0.01,71.0,22.0,7.5,24.0,1,73.0
14,1999,2,19,0.01,0.01,0.0,0.0,71.0,22.0,7.5,24.0,8,73.0
28,2002,1,3,0.06,0.02,0.0,0.0,64.0,20.0,7.5,24.0,7,69.5
18,2008,6,2,0.08,0.0,0.0,0.01,71.0,22.0,7.5,24.0,1,73.0
12,2012,11,19,0.0,0.02,0.0,0.0,67.0,23.0,6.5,55.0,8,66.0
14,2000,10,12,0.0,0.0,0.27,0.02,71.0,22.0,7.5,24.0,8,73.0
2,2013,2,16,0.0,0.0,0.08,0.0,71.0,22.0,7.5,24.0,8,73.0
4,2010,3,23,0.13,0.0,0.0,0.01,71.0,22.0,7.5,24.0,1,73.0
19,2012,7,19,0.36,0.23,0.38,0.15,93.0,61.0,9.2,1228.0,5,92.5
15,2002,0,24,0.86,0.67,0.0,0.22,71.0,34.0,5.7,33.0,5,64.0
4,2010,0,16,0.0,0.0,0.04,0.0,71.0,22.0,7.5,24.0,8,73.0
4,2007,0,19,0.0,0.0,0.07,0.0,71.0,22.0,7.5,24.0,8,73.0
4,2009,9,7,0.07,0.0,0.0,0.01,71.0,22.0,7.5,24.0,1,73.0
6,2006,4,15,0.03,0.01,0.0,0.0,71.0,22.0,7.5,24.0,1,73.0
16,2007,0,26,0.14,0.01,0.0,0.01,51.0,18.0,5.2,17.0,5,51.5
15,2005,0,26,0.57,0.02,0.0,0.09,85.0,46.0,8.5,111.0,5,85.0
7,2003,8,10,0.1,0.03,0.0,0.0,83.0,15.0,7.8,12.0,7,80.5
2,2012,0,2,0.38,0.2,0.0,0.05,62.0,7.0,4.6,20.0,1,54.0
16,2011,2,23,0.16,0.18,0.0,0.07,75.0,51.0,6.4,36.0,7,69.5
27,2012,0,4,0.55,0.14,0.03,0.06,52.0,56.0,4.9,330.0,5,50.5
20,1998,11,19,0.0,0.0,0.55,0.0,71.0,22.0,7.5,24.0,8,73.0
17,2015,0,25,0.08,0.04,0.03,0.02,58.0,33.0,6.5,21.0,7,61.5
4,2013,4,26,0.0,0.17,0.0,0.01,71.0,22.0,7.5,24.0,1,73.0
4,2010,10,19,0.04,0.0,0.0,0.0,71.0,22.0,7.5,24.0,8,73.0
18,2011,10,10,0.12,0.25,0.02,0.13,71.0,22.0,7.5,24.0,8,73.0
6,2005,3,28,0.09,0.03,0.0,0.0,71.0,22.0,7.5,24.0,8,73.0
28,2002,0,19,0.03,0.01,0.0,0.0,46.0,12.0,7.0,4.0,7,58.0
20,1996,1,20,0.0,0.0,0.11,0.0,71.0,22.0,7.5,24.0,8,73.0
25,2011,0,8,0.35,0.18,0.0,0.05,76.0,4.0,8.3,6.0,2,79.5
18,2007,0,10,0.24,0.54,0.0,0.3,59.0,7.0,6.7,15.0,7,63.0
12,2009,10,20,0.0,0.01,0.0,0.0,82.0,23.0,3.1,45.0,8,56.5
18,2007,5,19,0.02,0.0,0.0,0.0,65.0,12.0,7.5,24.0,1,70.0
16,2008,8,2,0.23,0.07,0.0,0.04,60.0,30.0,6.4,14.0,7,62.0
7,2003,10,15,0.02,0.0,0.0,0.0,71.0,9.0,7.5,24.0,1,73.0
3,1999,10,20,0.0,0.0,0.36,0.0,71.0,22.0,7.5,24.0,8,73.0
20,1997,7,19,0.0,0.0,0.26,0.0,71.0,22.0,7.5,24.0,8,73.0
16,2008,0,29,0.72,0.39,0.0,0.19,75.0,24.0,7.7,33.0,2,76.0
25,2010,10,19,0.02,0.02,0.0,0.0,71.0,22.0,7.5,24.0,8,73.0
2,2015,0,17,1.15,0.55,0.47,0.17,89.0,82.0,9.0,478.0,2,89.5
27,2009,8,2,0.12,0.0,0.0,0.01,60.0,4.0,7.2,21.0,7,66.0
16,2015,10,26,0.0,0.05,0.0,0.01,71.0,22.0,7.5,24.0,1,73.0
16,2013,7,2,0.72,0.75,0.15,0.29,86.0,43.0,6.4,557.0,5,75.0
4,2007,0,20,0.28,0.25,0.0,0.06,43.0,7.0,4.9,8.0,2,46.0
7,2005,1,19,0.14,0.04,0.0,0.0,39.0,16.0,3.2,6.0,1,35.5
25,2008,1,16,0.0,0.07,0.19,0.01,71.0,22.0,7.5,24.0,8,73.0
18,2009,7,19,0.07,0.0,0.01,0.01,45.0,6.0,5.8,8.0,7,51.5
15,2002,8,9,0.34,0.27,0.0,0.09,90.0,33.0,8.8,127.0,7,89.0
6,2003,10,2,0.2,0.08,0.0,0.01,70.0,6.0,7.5,24.0,1,72.5
2,2011,6,2,0.18,0.0,0.0,0.01,71.0,22.0,7.5,24.0,1,73.0
27,2013,6,7,0.04,0.01,0.0,0.01,19.0,14.0,1.3,433.0,5,16.0
4,2007,0,8,0.02,0.0,0.0,0.0,64.0,6.0,7.5,24.0,2,69.5
4,2006,3,17,0.0,0.0,0.07,0.0,71.0,22.0,7.5,24.0,8,73.0
15,2005,3,15,0.08,0.06,0.0,0.02,67.0,23.0,7.5,24.0,1,71.0
25,2008,6,17,15.68,12.76,3.79,3.29,82.0,73.0,8.3,709.0,1,82.5
18,2009,2,16,0.09,0.0,0.0,0.01,28.0,16.0,0.9,50.0,7,18.5
4,2007,9,19,0.1,0.0,0.0,0.01,71.0,22.0,7.5,24.0,1,73.0
2,2011,10,6,0.0,0.03,0.0,0.0,71.0,22.0,7.5,24.0,1,73.0
14,1998,2,21,0.09,0.06,0.1,0.02,84.0,10.0,8.6,18.0,7,85.0
15,2003,4,21,1.44,0.83,0.26,0.25,71.0,22.0,7.5,24.0,8,73.0
18,2012,0,11,0.0,0.0,0.03,0.0,71.0,22.0,7.5,24.0,8,73.0
16,2011,6,4,0.04,0.1,0.0,0.03,68.0,32.0,6.1,23.0,1,64.5
12,2008,11,19,0.02,0.0,0.0,0.0,71.0,22.0,7.5,24.0,1,73.0
4,2010,0,23,0.12,0.11,0.0,0.02,71.0,22.0,7.5,24.0,1,73.0
4,2009,9,26,0.01,0.01,0.0,0.0,71.0,22.0,7.5,24.0,1,73.0
15,2007,3,19,0.0,0.0,0.03,0.0,71.0,22.0,7.5,24.0,8,73.0
18,2010,7,16,0.0,0.0,0.14,0.0,71.0,22.0,7.5,24.0,8,73.0
2,2013,7,19,0.28,0.0,0.27,0.03,83.0,48.0,8.3,251.0,5,83.0
19,2012,7,16,0.0,0.0,0.1,0.0,71.0,22.0,7.5,24.0,8,73.0
14,1996,10,10,0.16,0.11,0.0,0.02,71.0,22.0,7.5,24.0,8,73.0
3,1998,8,20,0.0,0.0,0.26,0.0,71.0,22.0,7.5,24.0,8,73.0
25,2007,3,26,0.07,0.0,0.0,0.01,54.0,6.0,5.7,6.0,1,55.5
15,2007,7,19,0.0,0.0,0.02,0.0,71.0,22.0,7.5,24.0,8,73.0
16,2012,0,2,0.31,0.35,0.0,0.13,71.0,22.0,7.5,24.0,8,73.0
6,2002,4,28,0.56,0.21,0.0,0.01,71.0,4.0,7.5,24.0,1,73.0
25,2007,2,0,0.03,0.0,0.0,0.0,75.0,15.0,8.4,19.0,7,79.5
2,2015,9,19,0.05,0.0,0.1,0.01,72.0,28.0,6.8,15.0,2,70.0
14,1996,6,10,0.43,0.29,0.0,0.05,71.0,22.0,7.5,24.0,8,73.0
19,2014,3,19,0.0,0.0,0.01,0.0,71.0,22.0,7.5,24.0,8,73.0
18,2010,1,11,0.0,0.0,0.02,0.0,71.0,22.0,7.5,24.0,8,73.0
4,2011,0,16,0.0,0.0,0.02,0.0,71.0,22.0,7.5,24.0,8,73.0
15,2005,6,19,0.06,0.05,0.0,0.02,71.0,22.0,3.8,5.0,1,54.5
25,2009,3,2,0.59,0.29,0.0,0.09,79.0,20.0,6.6,15.0,2,72.5
12,2005,9,5,0.0,0.02,0.0,0.0,76.0,18.0,6.7,19.0,7,71.5
14,1998,11,19,0.04,0.03,0.0,0.0,62.0,5.0,7.4,15.0,7,68.0
12,2008,11,10,0.0,0.02,0.0,0.0,71.0,22.0,7.5,24.0,8,73.0
16,2013,6,5,0.07,0.22,0.01,0.08,82.0,20.0,6.6,173.0,1,74.0
4,2008,10,24,0.06,0.0,0.0,0.0,70.0,7.0,7.5,24.0,1,72.5
6,2003,1,22,0.0,0.0,0.36,0.01,71.0,22.0,7.5,24.0,8,73.0
12,2004,8,28,2.28,0.02,0.08,0.0,96.0,81.0,9.1,8665.0,5,93.5
27,2012,0,4,0.28,0.11,0.01,0.03,77.0,32.0,8.4,93.0,5,80.5
19,2015,1,19,0.0,0.0,0.01,0.0,71.0,22.0,7.5,24.0,8,73.0
4,2008,7,19,0.32,0.03,0.15,0.03,77.0,14.0,7.9,30.0,1,78.0
2,2015,7,18,0.09,0.01,0.13,0.01,77.0,44.0,7.9,49.0,2,78.0
12,2005,0,19,0.0,0.03,0.0,0.0,71.0,22.0,7.5,24.0,8,73.0
6,2003,0,19,0.03,0.01,0.0,0.0,75.0,21.0,8.4,5.0,7,79.5
18,2010,1,25,0.0,0.0,0.09,0.0,71.0,22.0,7.5,24.0,8,73.0
16,2016,10,10,0.07,0.02,0.0,0.02,71.0,22.0,0.2,5.0,1,36.5
25,2008,0,22,0.0,0.0,0.02,0.0,71.0,22.0,7.5,24.0,8,73.0
27,2010,3,10,0.17,0.03,0.0,0.02,71.0,22.0,7.5,24.0,8,73.0
0,1982,8,2,0.47,0.03,0.0,0.01,71.0,22.0,7.5,24.0,8,73.0
25,2007,10,19,0.04,0.0,0.0,0.0,32.0,13.0,0.7,6.0,1,19.5
4,2007,1,19,0.0,0.0,0.03,0.0,71.0,22.0,7.5,24.0,8,73.0
12,2016,11,20,0.0,0.12,0.0,0.01,86.0,77.0,7.3,556.0,7,79.5
26,2016,0,29,0.12,0.1,0.0,0.02,69.0,4.0,6.8,15.0,2,68.5
15,2003,1,21,0.03,0.03,0.0,0.01,61.0,31.0,7.7,9.0,5,69.0
6,2003,8,28,0.09,0.03,0.0,0.0,78.0,13.0,7.5,24.0,1,76.5
29,2016,4,2,0.05,0.04,0.0,0.01,78.0,14.0,6.0,8.0,2,69.0
25,2011,3,23,0.42,0.07,0.0,0.04,71.0,22.0,7.5,24.0,1,73.0
2,2011,10,16,0.0,0.0,0.06,0.0,71.0,22.0,7.5,24.0,8,73.0
2,2011,0,19,0.61,0.43,0.0,0.09,67.0,25.0,6.1,31.0,2,64.0
4,2005,3,17,0.01,0.0,0.02,0.0,71.0,49.0,7.0,37.0,1,70.5
27,2009,8,19,0.15,0.09,0.0,0.02,69.0,49.0,7.3,59.0,7,71.0
15,2003,11,22,0.14,0.11,0.25,0.04,75.0,39.0,8.6,22.0,7,80.5
15,2005,7,24,0.0,0.51,0.0,0.62,71.0,22.0,7.5,24.0,8,73.0
15,2003,8,10,1.98,2.23,0.13,0.8,68.0,30.0,7.6,100.0,7,72.0
18,2007,7,18,0.0,0.0,0.13,0.0,71.0,22.0,7.5,24.0,8,73.0
28,2002,10,19,0.03,0.01,0.0,0.0,67.0,10.0,7.5,24.0,1,71.0
12,2002,7,3,0.0,0.03,0.0,0.0,91.0,34.0,8.2,490.0,7,86.5
7,2004,6,19,0.01,0.0,0.0,0.0,71.0,22.0,7.5,24.0,8,73.0
14,1999,9,12,0.0,0.0,0.31,0.02,71.0,22.0,7.5,24.0,8,73.0
4,2009,3,0,0.07,0.0,0.0,0.01,71.0,22.0,7.5,24.0,1,73.0
20,1996,9,12,0.0,0.0,0.38,0.0,71.0,22.0,7.5,24.0,8,73.0
25,2011,0,17,0.26,0.19,0.27,0.04,60.0,18.0,7.0,27.0,1,65.0
25,2009,3,19,0.41,0.0,0.0,0.03,71.0,22.0,7.5,24.0,8,73.0
14,2000,11,16,0.0,0.0,0.36,0.02,71.0,22.0,7.5,24.0,8,73.0
14,1999,10,12,0.0,0.0,0.3,0.02,71.0,22.0,7.5,24.0,8,73.0
19,2011,0,22,0.04,0.04,0.0,0.02,57.0,43.0,6.6,28.0,5,61.5
9,1999,10,12,0.05,0.0,0.0,0.0,71.0,22.0,7.5,24.0,8,73.0
27,2007,3,2,3.19,0.91,0.01,0.42,85.0,69.0,7.9,165.0,7,82.0
14,2000,8,16,0.01,0.01,0.0,0.0,78.0,5.0,8.4,5.0,7,81.0
4,2005,8,13,0.05,0.0,0.0,0.0,71.0,43.0,7.7,19.0,1,74.0
26,2013,3,17,0.05,0.06,0.12,0.01,71.0,22.0,7.5,24.0,8,73.0
11,1996,2,19,0.0,0.0,0.06,0.0,71.0,22.0,7.5,24.0,8,73.0
4,2008,7,20,0.0,0.0,0.01,0.0,71.0,22.0,7.5,24.0,8,73.0
6,2002,0,26,0.1,0.04,0.0,0.0,66.0,20.0,8.8,13.0,7,77.0
15,2004,1,19,0.03,0.03,0.0,0.01,65.0,27.0,8.9,39.0,5,77.0
16,2008,10,15,0.11,0.02,0.0,0.02,62.0,25.0,7.5,15.0,8,68.5
4,2009,6,2,0.25,0.08,0.0,0.03,71.0,22.0,7.5,24.0,1,73.0
4,2007,4,3,0.06,0.0,0.0,0.0,82.0,20.0,7.4,20.0,1,78.0
14,1996,10,15,0.03,0.02,0.0,0.0,71.0,22.0,7.5,24.0,8,73.0
14,2001,10,19,0.04,0.03,0.0,0.01,71.0,22.0,7.5,24.0,8,73.0
22,1994,2,19,0.0,0.0,0.56,0.0,71.0,22.0,7.5,24.0,8,73.0
9,2000,10,19,0.01,0.0,0.0,0.0,71.0,22.0,7.5,24.0,8,73.0
28,2003,10,14,0.36,0.08,0.14,0.02,73.0,42.0,7.8,47.0,5,75.5
4,2009,3,19,0.04,0.11,0.0,0.02,52.0,4.0,7.5,24.0,1,63.5
18,2008,10,12,0.0,0.0,0.31,0.0,71.0,22.0,7.5,24.0,8,73.0
4,2005,6,30,0.09,0.0,0.0,0.01,49.0,5.0,7.5,24.0,1,62.0
12,2013,0,7,0.06,0.11,0.0,0.02,82.0,71.0,8.6,2654.0,5,84.0
18,2011,7,19,0.13,0.03,0.11,0.03,71.0,22.0,7.5,24.0,8,73.0
6,2004,4,17,0.0,0.0,0.41,0.01,71.0,22.0,7.5,24.0,8,73.0
15,2003,8,3,0.02,0.01,0.0,0.0,73.0,17.0,9.0,5.0,7,81.5
14,1998,0,12,3.18,1.83,0.78,0.24,94.0,20.0,9.4,918.0,5,94.0
4,2011,5,19,0.03,0.02,0.0,0.01,71.0,22.0,7.5,24.0,1,73.0
6,2001,4,12,0.6,0.22,0.05,0.02,91.0,22.0,8.5,59.0,7,88.0
18,2012,1,16,0.0,0.0,0.03,0.0,71.0,22.0,7.5,24.0,8,73.0
25,2009,0,10,0.17,0.03,0.0,0.02,51.0,11.0,7.5,24.0,7,63.0
25,2007,10,19,0.08,0.0,0.03,0.01,70.0,17.0,7.5,24.0,2,72.5
6,2005,4,26,0.01,0.0,0.0,0.0,71.0,22.0,7.5,24.0,8,73.0
18,2010,1,19,0.0,0.0,0.02,0.0,71.0,22.0,7.5,24.0,8,73.0
19,2016,7,19,0.0,0.0,0.02,0.0,71.0,22.0,7.5,24.0,8,73.0
4,2009,3,19,0.0,0.04,0.0,0.0,71.0,22.0,7.5,24.0,8,73.0
27,2007,7,22,0.13,0.0,0.01,0.01,71.0,22.0,7.5,24.0,7,73.0
16,2012,7,7,0.04,0.13,0.01,0.04,47.0,13.0,5.2,37.0,5,49.5
16,2012,0,4,0.18,0.12,0.06,0.05,71.0,39.0,7.4,169.0,7,72.5
18,2009,9,19,0.07,0.02,0.05,0.01,74.0,6.0,7.9,12.0,1,76.5
7,2002,1,17,0.34,0.09,0.0,0.01,92.0,41.0,8.7,173.0,5,89.5
18,2011,11,19,0.0,0.0,0.08,0.0,71.0,22.0,7.5,24.0,8,73.0
12,2015,3,19,0.0,0.02,0.0,0.0,71.0,22.0,7.5,24.0,8,73.0
25,2010,10,19,0.05,0.0,0.0,0.0,71.0,22.0,7.5,24.0,1,73.0
7,2004,8,10,0.32,0.08,0.0,0.01,84.0,41.0,8.2,25.0,7,83.0
25,2010,4,17,0.99,0.52,0.92,0.14,71.0,22.0,7.5,24.0,8,73.0
15,2004,1,19,0.01,0.01,0.0,0.0,57.0,20.0,7.7,9.0,5,67.0
6,2005,8,12,0.05,0.02,0.0,0.0,71.0,22.0,7.5,24.0,1,73.0
22,1994,4,12,0.0,0.0,0.36,0.0,71.0,22.0,7.5,24.0,8,73.0
28,2005,6,24,0.01,0.0,0.0,0.0,38.0,9.0,3.6,7.0,7,37.0
16,2007,8,10,0.25,0.69,0.03,0.25,75.0,16.0,7.6,39.0,7,75.5
27,2009,7,19,0.16,0.06,0.0,0.02,71.0,22.0,7.5,24.0,5,73.0
18,2005,10,10,0.69,0.0,0.0,0.06,75.0,23.0,7.9,16.0,1,77.0
15,2005,8,2,0.98,0.04,0.0,0.16,77.0,43.0,8.7,70.0,5,82.0
20,1998,11,19,0.0,0.0,0.09,0.0,71.0,22.0,7.5,24.0,8,73.0
28,2004,11,23,0.54,0.16,0.0,0.03,84.0,67.0,8.7,27.0,5,85.5
6,2003,0,28,0.06,0.02,0.0,0.0,71.0,22.0,7.5,24.0,8,73.0
7,2002,10,10,0.18,0.05,0.0,0.01,90.0,10.0,8.0,5.0,1,85.0
28,2003,8,28,0.13,0.04,0.0,0.01,69.0,22.0,6.3,7.0,5,66.0
7,2002,4,10,0.21,0.05,0.0,0.01,69.0,12.0,8.7,15.0,1,78.0
4,2010,3,12,0.0,0.0,0.07,0.0,71.0,22.0,7.5,24.0,8,73.0
25,2007,10,20,2.57,3.86,0.66,0.91,71.0,22.0,7.5,24.0,8,73.0
25,2010,8,13,0.09,0.0,0.0,0.01,39.0,6.0,7.5,24.0,7,57.0
6,2003,0,23,0.06,0.02,0.0,0.0,85.0,37.0,8.6,18.0,1,85.5
27,2011,8,19,0.0,0.0,0.04,0.0,71.0,22.0,7.5,24.0,8,73.0
15,2005,9,12,0.01,0.01,0.0,0.0,66.0,16.0,7.8,10.0,7,72.0
28,2005,2,19,0.02,0.01,0.0,0.0,76.0,23.0,7.5,24.0,7,75.5
4,2007,0,23,0.71,0.01,0.0,0.06,73.0,34.0,8.2,30.0,1,77.5
27,2009,3,19,0.03,0.0,0.0,0.0,67.0,4.0,7.5,24.0,2,71.0
15,2003,7,26,0.8,0.21,0.55,0.15,80.0,55.0,7.7,134.0,7,78.5
7,2002,4,17,4.01,1.26,0.87,0.17,92.0,61.0,8.6,439.0,1,89.0
18,2005,3,19,0.2,0.01,0.0,0.02,73.0,27.0,8.1,13.0,1,77.0
2,2015,0,19,0.0,0.0,0.06,0.0,71.0,22.0,7.5,24.0,8,73.0
0,1981,8,19,0.21,0.01,0.0,0.0,71.0,22.0,7.5,24.0,8,73.0
14,1997,9,19,0.05,0.03,0.0,0.01,71.0,22.0,7.5,24.0,8,73.0
14,1998,8,1,0.39,0.27,0.0,0.05,71.0,22.0,7.5,24.0,8,73.0
15,2000,7,21,0.83,0.44,0.08,0.19,80.0,27.0,8.2,99.0,7,81.0
28,2005,4,2,0.21,0.06,0.0,0.01,71.0,28.0,7.5,24.0,2,73.0
2,2011,0,2,0.08,0.03,0.0,0.01,50.0,7.0,6.4,12.0,7,57.0
15,2006,2,16,0.0,0.0,0.15,0.0,71.0,22.0,7.5,24.0,8,73.0
28,2003,10,15,0.04,0.01,0.0,0.0,71.0,14.0,6.6,8.0,1,68.5
27,2010,11,26,0.12,0.11,0.0,0.02,78.0,45.0,7.0,38.0,7,74.0
14,1997,7,19,0.11,0.07,0.29,0.03,66.0,11.0,8.2,9.0,1,74.0
15,2005,10,19,0.05,0.04,0.0,0.01,73.0,11.0,6.3,4.0,1,68.0
15,2002,6,19,0.0,0.0,0.03,0.0,71.0,22.0,7.5,24.0,8,73.0
4,2009,11,13,0.15,0.0,0.0,0.01,71.0,22.0,7.5,24.0,1,73.0
28,2004,4,2,0.4,0.13,0.0,0.02,72.0,31.0,8.4,5.0,1,78.0
25,2010,9,7,0.02,0.0,0.0,0.0,71.0,22.0,7.5,24.0,1,73.0
4,2011,11,24,0.08,0.01,0.0,0.01,71.0,22.0,7.5,24.0,8,73.0
16,2009,8,26,0.35,0.37,0.01,0.15,78.0,47.0,7.8,91.0,5,78.0
29,2014,7,10,0.56,0.28,0.0,0.09,85.0,28.0,6.9,703.0,5,77.0
15,2006,3,19,3.81,0.63,0.0,0.68,92.0,69.0,8.5,112.0,7,88.5
4,2008,9,26,0.34,0.0,0.0,0.03,71.0,22.0,7.5,24.0,8,73.0
4,2006,9,10,0.92,0.93,0.0,0.22,49.0,5.0,5.2,24.0,1,50.5
16,2011,8,24,0.33,0.31,0.0,0.12,51.0,48.0,4.9,278.0,5,50.0
29,2015,8,14,2.78,1.27,0.03,0.41,84.0,101.0,6.4,2438.0,7,74.0
18,2006,9,16,0.37,0.3,0.12,0.19,75.0,26.0,8.3,30.0,7,79.0
28,2002,0,15,0.06,0.02,0.0,0.0,71.0,5.0,7.5,24.0,7,73.0
4,2005,0,12,0.0,0.0,0.03,0.0,71.0,22.0,7.5,24.0,8,73.0
15,2001,6,21,2.07,0.26,0.0,0.08,82.0,16.0,8.4,53.0,1,83.0
16,2014,7,20,0.0,0.0,0.14,0.0,71.0,22.0,7.5,24.0,8,73.0
16,2009,0,12,0.13,0.17,0.0,0.06,59.0,41.0,6.4,28.0,5,61.5
18,2005,8,19,1.05,0.05,0.01,0.1,69.0,22.0,8.5,111.0,7,77.0
4,2012,0,2,0.15,0.03,0.0,0.01,71.0,22.0,7.5,24.0,8,73.0
25,2010,10,19,0.16,0.0,0.0,0.01,71.0,22.0,7.5,24.0,1,73.0
4,2011,7,22,0.0,0.0,0.08,0.0,71.0,22.0,7.5,24.0,8,73.0
15,2007,3,21,0.0,0.05,0.0,0.6,71.0,22.0,7.5,24.0,8,73.0
29,2014,1,19,0.08,0.05,0.0,0.01,71.0,22.0,7.5,24.0,8,73.0
7,2003,0,10,0.16,0.04,0.0,0.01,47.0,5.0,4.2,5.0,1,44.5
17,2015,7,16,0.21,0.23,0.08,0.09,71.0,22.0,7.5,24.0,8,73.0
15,2002,11,9,0.09,0.07,0.0,0.02,67.0,19.0,6.8,11.0,7,67.5
2,2013,7,19,0.0,0.0,0.1,0.0,71.0,22.0,7.5,24.0,8,73.0
14,1999,10,19,0.21,0.14,0.0,0.02,71.0,22.0,7.5,24.0,8,73.0
4,2006,3,12,0.0,0.0,0.07,0.0,71.0,22.0,7.5,24.0,8,73.0
0,1981,0,19,0.15,0.01,0.0,0.0,71.0,22.0,7.5,24.0,8,73.0
25,2008,3,19,0.2,0.01,0.0,0.02,71.0,22.0,7.5,24.0,8,73.0
4,2008,1,12,0.07,0.0,0.0,0.01,75.0,15.0,8.3,4.0,1,79.0
7,2002,6,10,0.07,0.02,0.0,0.0,78.0,11.0,7.5,24.0,1,76.5
15,2006,0,25,0.0,0.0,0.19,0.0,55.0,20.0,7.3,7.0,7,64.0
2,2012,4,17,3.66,3.14,2.47,0.63,78.0,70.0,7.2,424.0,1,75.0
16,2011,1,27,0.0,0.0,0.02,0.0,71.0,22.0,7.5,24.0,8,73.0
2,2013,0,27,0.0,0.03,0.0,0.0,71.0,22.0,7.5,24.0,8,73.0
4,2006,3,19,0.0,0.0,0.02,0.0,71.0,22.0,7.5,24.0,8,73.0
15,2005,0,12,0.03,0.02,0.0,0.01,51.0,38.0,6.7,11.0,5,59.0
28,2003,9,12,0.05,0.01,0.0,0.0,69.0,21.0,8.8,19.0,7,78.5
19,2016,2,16,0.0,0.02,0.07,0.0,62.0,4.0,7.8,10.0,7,70.0
22,1995,7,19,0.28,0.0,2.02,0.01,71.0,22.0,7.5,24.0,8,73.0
5,1997,3,17,0.63,0.25,0.09,0.03,71.0,22.0,7.5,24.0,8,73.0
4,2009,5,19,0.0,0.13,0.0,0.02,71.0,22.0,7.5,24.0,8,73.0
25,2011,10,24,0.29,0.03,0.0,0.02,71.0,22.0,6.8,6.0,1,69.5
4,2009,5,19,0.06,0.0,0.0,0.0,65.0,6.0,7.5,24.0,1,70.0
27,2007,10,10,0.49,0.02,0.0,0.04,80.0,45.0,7.8,26.0,1,79.0
18,2009,0,6,0.04,0.0,0.0,0.0,60.0,6.0,7.5,24.0,2,67.5
12,2006,11,19,0.0,0.02,0.0,0.0,75.0,25.0,8.6,79.0,7,80.5
16,2009,7,7,0.22,0.22,0.08,0.09,70.0,45.0,7.1,51.0,5,70.5
15,2002,4,23,0.53,0.41,0.0,0.14,71.0,22.0,6.6,41.0,1,68.5
12,2013,10,10,0.01,0.36,0.0,0.03,87.0,6.0,4.6,441.0,1,66.5
15,2010,10,12,0.0,0.0,0.09,0.0,71.0,22.0,7.5,24.0,8,73.0
15,2005,8,28,0.06,0.04,0.0,0.01,73.0,41.0,8.2,23.0,5,77.5
10,1984,4,16,0.0,0.0,0.69,0.0,71.0,22.0,7.5,24.0,8,73.0
25,2008,0,9,0.08,0.0,0.0,0.01,28.0,5.0,2.5,11.0,7,26.5
22,1991,1,12,0.0,0.0,0.48,0.0,71.0,22.0,7.5,24.0,8,73.0
16,2008,0,20,0.13,0.14,0.0,0.06,44.0,30.0,5.6,23.0,5,50.0
27,2010,2,20,0.0,0.0,0.03,0.0,71.0,22.0,7.5,24.0,8,73.0
16,2011,3,23,0.16,0.0,0.0,0.01,82.0,11.0,7.3,18.0,7,77.5
27,2009,7,7,0.07,0.11,0.0,0.01,60.0,37.0,6.4,77.0,5,62.0
12,2002,9,10,0.01,0.02,0.0,0.01,92.0,6.0,8.2,77.0,7,87.0
12,2009,8,2,0.02,0.0,0.0,0.0,71.0,22.0,7.5,24.0,8,73.0
15,2004,6,3,0.11,0.09,0.0,0.03,73.0,34.0,9.1,23.0,7,82.0
29,2013,8,2,1.88,0.77,0.0,0.27,78.0,7.0,4.3,700.0,5,60.5
28,2004,8,3,0.11,0.03,0.0,0.01,61.0,45.0,6.1,14.0,7,61.0
10,1983,4,17,0.51,0.12,1.63,0.02,71.0,22.0,7.5,24.0,8,73.0
7,2003,7,17,1.21,0.57,0.7,0.07,73.0,37.0,8.0,89.0,1,76.5
28,2005,1,19,0.08,0.02,0.0,0.0,39.0,20.0,0.5,8.0,1,22.0
9,1996,6,17,1.69,0.04,0.0,0.01,71.0,22.0,7.5,24.0,8,73.0
4,2006,4,17,0.78,0.02,1.05,0.08,71.0,29.0,8.1,41.0,1,76.0
14,1998,2,19,0.38,0.12,0.51,0.02,93.0,12.0,8.5,46.0,7,89.0
25,2009,9,9,0.03,0.04,0.0,0.01,71.0,22.0,7.5,24.0,1,73.0
14,2001,6,19,0.05,0.04,0.0,0.01,71.0,22.0,7.5,24.0,8,73.0
22,1996,3,19,0.0,0.0,0.19,0.0,71.0,22.0,7.5,24.0,8,73.0
27,2012,2,16,0.19,0.11,0.01,0.03,83.0,35.0,7.5,90.0,7,79.0
15,2002,10,12,0.0,0.0,0.44,0.0,71.0,22.0,7.5,24.0,8,73.0
7,2003,0,4,0.05,0.01,0.0,0.0,62.0,16.0,8.5,32.0,5,73.5
17,2015,10,19,0.0,0.05,0.0,0.01,42.0,8.0,4.1,9.0,1,41.5
27,2009,2,10,0.95,0.33,0.0,0.13,87.0,76.0,8.1,86.0,7,84.0
14,1998,7,19,0.0,0.0,0.07,0.0,71.0,22.0,7.5,24.0,8,73.0
4,2008,9,26,0.55,0.59,0.0,0.14,71.0,22.0,7.5,24.0,1,73.0
18,2012,0,11,0.0,0.0,0.04,0.0,71.0,22.0,7.5,24.0,8,73.0
14,1996,9,19,0.68,0.46,0.0,0.08,71.0,22.0,7.5,24.0,8,73.0
15,2004,0,21,0.62,0.48,0.0,0.16,71.0,22.0,7.5,24.0,8,73.0
25,2008,3,19,0.06,0.0,0.0,0.0,73.0,18.0,8.0,4.0,7,76.5
18,2009,0,19,0.01,0.0,0.0,0.0,71.0,22.0,7.5,24.0,8,73.0
15,2005,10,10,1.35,0.05,0.0,0.02,71.0,22.0,7.5,24.0,8,73.0
4,2007,9,23,0.46,0.01,0.0,0.04,71.0,22.0,7.5,24.0,8,73.0
2,2011,0,16,0.0,0.0,0.08,0.0,71.0,22.0,7.5,24.0,8,73.0
7,2004,7,17,0.29,0.07,0.0,0.01,65.0,31.0,8.1,27.0,7,73.0
2,2014,0,19,0.0,0.0,0.17,0.0,71.0,22.0,7.5,24.0,8,73.0
15,2007,0,2,0.05,0.04,0.0,0.01,65.0,11.0,7.5,4.0,1,70.0
14,1994,1,19,0.04,0.02,0.0,0.0,71.0,22.0,7.5,24.0,8,73.0
12,2011,8,19,0.14,0.18,0.0,0.06,79.0,32.0,5.2,1618.0,5,65.5
28,2003,9,14,0.65,0.19,0.0,0.03,88.0,49.0,8.8,45.0,7,88.0
27,2012,0,26,0.02,0.0,0.0,0.0,62.0,11.0,7.3,12.0,7,67.5
16,2010,3,12,0.25,0.04,0.0,0.03,75.0,25.0,6.3,4.0,7,69.0
18,2011,1,11,0.0,0.0,0.03,0.0,71.0,22.0,7.5,24.0,8,73.0
4,2008,0,28,0.08,0.0,0.0,0.01,43.0,5.0,7.5,24.0,7,59.0
15,2008,10,26,0.15,0.12,0.0,0.04,71.0,22.0,7.5,24.0,2,73.0
6,2002,0,17,0.26,0.1,0.0,0.01,72.0,7.0,9.3,18.0,1,82.5
15,2009,10,24,0.17,0.14,0.0,0.05,71.0,22.0,8.5,4.0,2,78.0
5,1998,11,12,0.0,0.0,1.61,0.01,71.0,22.0,7.5,24.0,8,73.0
6,2002,6,23,0.12,0.04,0.0,0.0,71.0,22.0,7.5,24.0,8,73.0
2,2016,0,0,0.0,0.04,0.05,0.0,71.0,6.0,7.1,21.0,7,71.0
15,2006,2,19,0.0,0.0,0.08,0.0,71.0,22.0,7.5,24.0,8,73.0
28,2003,4,1,0.08,0.02,0.0,0.0,70.0,21.0,8.5,10.0,7,77.5
27,2008,10,10,0.09,0.0,0.0,0.01,49.0,35.0,3.1,45.0,1,40.0
27,2008,1,3,0.14,0.3,0.0,0.05,58.0,53.0,5.7,162.0,5,57.5
15,2005,7,25,0.02,0.02,0.05,0.01,58.0,16.0,6.8,8.0,2,63.0
19,2015,1,19,0.0,0.0,0.07,0.0,71.0,22.0,7.5,24.0,8,73.0
16,2009,0,21,0.34,0.36,0.0,0.14,78.0,74.0,7.9,96.0,7,78.5
15,2005,3,2,0.39,0.01,0.0,0.06,46.0,15.0,8.2,20.0,2,64.0
10,1985,10,17,0.18,0.23,1.53,0.02,71.0,22.0,7.5,24.0,8,73.0
14,1996,8,12,0.37,0.25,0.0,0.04,71.0,22.0,7.5,24.0,8,73.0
15,2001,1,19,0.09,0.07,0.0,0.02,49.0,12.0,4.5,6.0,7,47.0
14,2001,10,19,0.02,0.02,0.0,0.0,71.0,22.0,7.5,24.0,8,73.0
12,2015,6,5,0.0,0.05,0.0,0.0,61.0,13.0,3.6,63.0,1,48.5
4,2007,6,19,0.03,0.0,0.0,0.0,71.0,22.0,7.5,24.0,2,73.0
15,2002,1,4,0.02,0.01,0.0,0.0,59.0,21.0,7.5,4.0,1,67.0
27,2008,0,10,0.89,0.39,0.0,0.13,89.0,79.0,8.7,768.0,5,88.0
16,2012,1,19,0.0,0.0,0.03,0.0,71.0,22.0,7.5,24.0,8,73.0
29,2014,8,14,0.63,0.4,0.0,0.1,81.0,89.0,7.7,1137.0,5,79.0
17,2016,6,19,0.0,0.04,0.0,0.01,71.0,19.0,8.0,12.0,1,75.5
28,2004,10,10,0.33,0.6,0.0,0.04,81.0,34.0,8.7,23.0,1,84.0
15,2007,0,2,0.63,0.37,0.0,0.11,71.0,22.0,7.5,24.0,8,73.0
14,1999,4,21,2.14,1.21,0.01,0.17,71.0,22.0,7.5,24.0,8,73.0
18,2006,4,21,0.14,0.04,0.16,0.03,83.0,67.0,8.7,89.0,1,85.0
4,2008,7,19,0.08,0.0,0.01,0.01,46.0,8.0,7.0,5.0,7,58.0
6,2002,0,3,0.25,0.09,0.0,0.01,73.0,9.0,6.6,14.0,7,69.5
25,2008,10,10,0.15,0.0,0.0,0.01,49.0,5.0,5.8,32.0,1,53.5
15,2006,2,16,0.0,0.0,0.04,0.0,71.0,22.0,7.5,24.0,8,73.0
4,2008,1,26,0.21,0.0,0.0,0.02,71.0,22.0,7.5,24.0,1,73.0
6,2003,11,17,0.49,0.18,0.29,0.01,88.0,31.0,9.2,144.0,1,90.0
22,1994,11,16,0.0,0.0,0.19,0.0,71.0,22.0,7.5,24.0,8,73.0
4,2008,9,10,0.66,0.3,0.0,0.1,65.0,20.0,6.5,21.0,1,65.0
9,1997,8,17,5.8,2.01,0.13,0.15,71.0,22.0,7.5,24.0,8,73.0
16,2011,10,25,0.06,0.05,0.08,0.02,71.0,22.0,7.5,24.0,8,73.0
16,2008,6,23,0.1,0.08,0.0,0.03,61.0,21.0,5.0,11.0,1,55.5
27,2007,6,10,1.04,0.79,0.01,0.21,72.0,42.0,7.1,78.0,2,71.5
28,2002,6,2,0.04,0.01,0.0,0.0,69.0,16.0,7.5,24.0,1,72.0
4,2010,9,12,0.0,0.0,0.44,0.0,71.0,22.0,7.5,24.0,8,73.0
18,2010,0,16,0.0,0.0,0.06,0.0,71.0,22.0,7.5,24.0,8,73.0
27,2006,10,15,0.15,0.0,0.0,0.01,69.0,23.0,6.5,14.0,5,67.0
15,2009,0,2,0.11,0.01,0.0,0.16,55.0,4.0,7.5,13.0,7,65.0
28,2006,6,10,0.35,0.1,0.0,0.02,74.0,19.0,7.4,11.0,2,74.0
29,2016,10,12,0.01,0.03,0.0,0.0,87.0,12.0,6.1,84.0,1,74.0
19,2012,0,19,0.0,0.0,0.03,0.0,71.0,22.0,7.5,24.0,8,73.0
20,1996,5,12,0.0,0.0,0.08,0.0,71.0,22.0,7.5,24.0,8,73.0
28,2004,0,2,0.82,0.26,0.0,0.04,83.0,60.0,8.3,40.0,7,83.0
4,2008,1,23,0.99,0.35,0.0,0.13,68.0,12.0,5.5,4.0,1,61.5
20,1995,11,19,0.0,0.0,0.08,0.0,71.0,22.0,7.5,24.0,8,73.0
4,2005,0,23,0.13,0.01,0.0,0.01,54.0,6.0,7.5,24.0,2,64.5
16,2014,0,2,0.26,0.3,0.0,0.11,71.0,22.0,7.0,5.0,2,70.5
19,2016,7,19,0.0,0.0,0.06,0.0,71.0,22.0,7.5,24.0,8,73.0
6,2002,1,19,0.19,0.07,0.0,0.0,71.0,22.0,7.5,24.0,1,73.0
16,2016,0,2,0.01,0.03,0.0,0.01,71.0,22.0,3.4,14.0,7,52.5
4,2008,9,19,0.61,0.09,0.0,0.06,71.0,22.0,7.5,24.0,1,73.0
17,2015,0,21,0.02,0.05,0.04,0.01,80.0,62.0,8.2,153.0,7,81.0
4,2008,9,9,0.07,0.01,0.0,0.01,71.0,22.0,7.5,24.0,1,73.0
7,2003,0,23,0.69,0.18,0.0,0.02,62.0,11.0,5.5,8.0,1,58.5
18,2008,5,19,0.03,0.0,0.0,0.0,62.0,13.0,7.5,24.0,1,68.5
12,2008,5,19,0.0,0.03,0.0,0.01,90.0,26.0,8.5,607.0,1,87.5
16,2014,0,29,0.12,0.27,0.0,0.07,71.0,22.0,7.0,10.0,2,70.5
3,2000,2,20,0.0,0.0,0.04,0.0,71.0,22.0,7.5,24.0,8,73.0
25,2010,1,8,0.25,0.21,0.0,0.05,69.0,18.0,7.4,13.0,2,71.5
25,2010,10,12,0.01,0.0,0.0,0.0,71.0,22.0,7.5,24.0,1,73.0
18,2010,1,19,0.0,0.0,0.04,0.0,71.0,22.0,7.5,24.0,8,73.0
12,2009,7,22,0.0,0.01,0.0,0.0,66.0,23.0,8.3,240.0,5,74.5
4,2008,9,7,0.08,0.01,0.0,0.01,71.0,22.0,7.5,24.0,1,73.0
25,2010,5,17,0.33,0.16,0.02,0.05,72.0,19.0,5.8,4.0,1,65.0
10,1991,4,4,0.51,0.09,0.32,0.01,71.0,22.0,7.5,24.0,8,73.0
26,2013,10,17,0.37,0.22,0.13,0.06,71.0,22.0,7.5,24.0,8,73.0
4,2006,4,2,0.24,0.01,0.0,0.02,71.0,17.0,6.4,9.0,1,67.5
16,2014,0,26,0.46,0.56,0.06,0.2,72.0,53.0,7.5,292.0,5,73.5
27,2008,3,16,0.0,0.0,0.07,0.0,71.0,22.0,7.5,24.0,8,73.0
17,2015,0,19,0.0,0.02,0.0,0.0,62.0,22.0,6.4,11.0,2,63.0
27,2011,8,26,0.14,0.1,0.0,0.03,47.0,62.0,5.7,109.0,5,52.0
15,2000,10,10,0.0,0.0,0.09,0.0,71.0,22.0,7.5,24.0,8,73.0
14,1995,4,21,0.05,0.03,0.21,0.02,71.0,22.0,7.5,24.0,8,73.0
28,2002,10,14,0.23,0.07,0.0,0.01,72.0,21.0,7.8,12.0,1,75.0
15,2002,4,15,0.08,0.06,0.0,0.02,71.0,22.0,7.5,24.0,8,73.0
18,2010,1,19,0.0,0.0,0.02,0.0,71.0,22.0,7.5,24.0,8,73.0
6,2002,2,19,0.05,0.02,0.03,0.0,71.0,22.0,7.5,24.0,8,73.0
14,1999,6,10,0.12,0.08,0.0,0.01,71.0,22.0,7.5,24.0,8,73.0
28,2002,1,26,0.04,0.01,0.0,0.0,55.0,11.0,7.5,24.0,1,65.0
18,2012,0,19,0.0,0.0,0.02,0.0,71.0,22.0,7.5,24.0,8,73.0
15,2003,10,10,0.5,0.39,0.0,0.13,82.0,16.0,8.8,12.0,1,85.0
20,1996,2,19,0.0,0.0,0.12,0.0,71.0,22.0,7.5,24.0,8,73.0
26,2013,2,29,0.09,0.08,0.0,0.02,82.0,5.0,7.9,112.0,7,80.5
12,1994,1,19,0.02,2.79,0.0,0.0,71.0,22.0,7.5,24.0,8,73.0
17,2016,8,19,0.03,0.05,0.0,0.02,73.0,26.0,6.3,37.0,7,68.0
16,2009,3,2,0.14,0.09,0.0,0.04,59.0,33.0,4.7,9.0,7,53.0
15,2006,3,19,0.0,0.0,0.06,0.0,71.0,22.0,7.5,24.0,8,73.0
25,2010,10,19,0.02,0.0,0.0,0.0,71.0,22.0,7.5,24.0,8,73.0
25,2014,0,8,0.0,0.04,0.0,0.0,71.0,22.0,7.5,24.0,8,73.0
7,2002,10,20,0.05,0.01,0.0,0.0,84.0,22.0,7.7,7.0,1,80.5
15,2004,1,28,0.06,0.05,0.0,0.02,67.0,31.0,8.4,8.0,5,75.5
14,1996,10,21,0.1,0.07,0.24,0.03,71.0,22.0,7.5,24.0,8,73.0
25,2009,2,23,0.49,0.17,0.0,0.06,78.0,11.0,7.7,9.0,7,77.5
4,2004,5,17,0.13,0.01,0.11,0.01,73.0,34.0,8.4,17.0,1,78.5
18,2008,6,19,0.13,0.1,0.0,0.06,74.0,28.0,8.2,21.0,7,78.0
12,2009,0,19,0.0,0.02,0.0,0.0,73.0,17.0,8.2,21.0,1,77.5
16,2009,3,8,0.17,0.05,0.0,0.03,71.0,22.0,7.5,24.0,1,73.0
15,2000,2,26,0.16,0.13,0.06,0.04,62.0,13.0,8.4,8.0,5,73.0
9,1996,10,12,0.0,0.0,0.19,0.0,71.0,22.0,7.5,24.0,8,73.0
12,2006,8,10,0.0,0.02,0.0,0.0,80.0,48.0,6.8,326.0,7,74.0
4,2009,11,6,0.0,0.0,0.01,0.0,71.0,22.0,7.5,24.0,8,73.0
4,2007,3,17,0.0,0.0,0.26,0.0,71.0,22.0,7.5,24.0,8,73.0
7,2002,2,1,0.09,0.02,0.0,0.0,59.0,14.0,7.5,24.0,7,67.0
4,2007,0,10,0.28,0.46,0.0,0.1,51.0,15.0,4.9,19.0,1,50.0
14,1999,1,12,0.29,0.2,0.0,0.03,55.0,8.0,7.5,24.0,1,65.0
6,2004,3,27,0.18,0.07,0.0,0.0,71.0,22.0,7.5,24.0,8,73.0
4,2009,6,30,0.14,0.0,0.0,0.01,26.0,4.0,7.5,24.0,1,50.5
12,2011,0,29,0.05,0.11,0.0,0.03,66.0,21.0,7.1,289.0,5,68.5
4,2007,1,26,0.05,0.01,0.0,0.01,71.0,22.0,6.7,6.0,7,69.0
25,2010,10,3,0.11,0.0,0.0,0.01,71.0,22.0,7.5,24.0,8,73.0
25,2011,3,12,0.0,0.02,0.0,0.0,71.0,22.0,7.5,24.0,8,73.0
15,2007,9,26,0.13,0.1,0.0,0.03,71.0,22.0,7.5,24.0,1,73.0
27,2010,10,10,0.27,0.09,0.0,0.03,75.0,30.0,7.0,24.0,1,72.5
22,1990,4,17,12.78,3.75,3.54,0.55,71.0,22.0,7.5,24.0,8,73.0
16,2014,0,29,0.2,0.26,0.01,0.09,71.0,22.0,3.4,100.0,5,52.5
0,1982,0,19,0.46,0.03,0.0,0.01,71.0,22.0,7.5,24.0,8,73.0
25,2007,4,17,6.06,3.35,1.2,0.74,97.0,73.0,8.9,2147.0,1,93.0
12,2016,11,19,0.0,0.01,0.0,0.0,71.0,22.0,7.5,24.0,8,73.0
5,2001,0,17,0.92,0.53,0.41,0.06,71.0,22.0,7.5,24.0,8,73.0
7,2003,10,10,0.21,0.05,0.0,0.01,84.0,17.0,9.0,4.0,1,87.0
15,2005,3,24,0.1,0.08,0.0,0.03,60.0,17.0,8.6,5.0,7,73.0
15,2004,1,23,0.11,0.09,0.0,0.03,39.0,10.0,4.3,6.0,1,41.0
15,2003,0,10,0.14,0.11,0.0,0.04,56.0,14.0,7.6,21.0,1,66.0
17,2015,0,16,0.0,0.01,0.0,0.0,71.0,22.0,7.5,24.0,8,73.0
15,2008,10,10,0.07,0.06,0.0,0.02,71.0,22.0,7.6,7.0,2,73.5
18,2007,0,28,0.25,0.24,0.0,0.14,71.0,22.0,7.1,24.0,2,71.0
28,2004,2,10,0.51,0.15,0.0,0.02,85.0,47.0,8.7,20.0,7,86.0
12,2013,8,10,0.39,0.87,0.0,0.1,81.0,52.0,6.0,3517.0,5,70.5
14,1999,0,19,3.11,2.8,0.02,0.33,87.0,22.0,8.1,78.0,7,84.0
4,2007,1,0,0.09,0.0,0.01,0.01,67.0,13.0,7.5,24.0,1,71.0
16,2011,6,2,0.09,0.0,0.0,0.01,71.0,22.0,7.5,24.0,1,73.0
6,2004,9,10,0.37,0.22,0.0,0.03,72.0,6.0,9.2,25.0,1,82.0
25,2009,2,23,0.3,0.03,0.0,0.03,49.0,16.0,6.2,14.0,2,55.5
7,2003,6,17,4.12,1.77,0.87,0.19,71.0,22.0,7.5,24.0,8,73.0
14,1996,2,21,0.0,0.0,0.16,0.01,71.0,22.0,7.5,24.0,8,73.0
15,2002,10,12,0.01,0.01,0.0,0.0,38.0,9.0,7.5,24.0,7,56.5
15,2007,11,19,0.2,0.16,0.0,0.05,70.0,11.0,1.7,30.0,2,43.5
15,2003,10,21,0.2,0.16,0.0,0.05,65.0,25.0,8.7,6.0,1,76.0
15,2002,0,2,0.2,0.15,0.0,0.05,50.0,26.0,5.0,14.0,7,50.0
4,2009,0,19,0.08,0.0,0.0,0.01,71.0,22.0,7.5,24.0,1,73.0
28,2001,6,19,0.15,0.03,0.0,0.01,64.0,21.0,8.3,9.0,1,73.5
9,1998,10,19,0.05,0.01,0.0,0.0,71.0,22.0,7.5,24.0,8,73.0
6,2003,10,2,0.43,0.16,0.0,0.01,86.0,9.0,7.7,9.0,1,81.5
17,2016,0,2,0.05,0.02,0.0,0.02,44.0,49.0,5.5,163.0,7,49.5
27,2006,10,10,0.19,0.27,0.01,0.0,72.0,49.0,6.6,33.0,1,69.0
18,2009,11,12,0.19,0.07,0.12,0.05,71.0,22.0,7.5,24.0,8,73.0
15,2009,11,16,0.0,0.0,0.07,0.0,71.0,22.0,7.5,24.0,8,73.0
4,2008,1,19,0.0,0.0,0.03,0.0,71.0,22.0,7.5,24.0,8,73.0
28,2005,4,23,0.09,0.03,0.0,0.0,88.0,54.0,9.0,71.0,7,89.0
18,2013,3,6,0.0,0.0,0.02,0.0,71.0,22.0,7.5,24.0,8,73.0
14,2000,0,21,0.05,0.04,0.0,0.01,61.0,11.0,8.3,7.0,1,72.0
10,1986,10,16,1.92,0.45,0.64,0.07,71.0,22.0,7.5,24.0,8,73.0
27,2009,10,19,0.2,0.0,0.0,0.02,63.0,4.0,5.8,5.0,1,60.5
25,2006,6,17,0.39,0.03,0.08,0.04,72.0,57.0,8.4,83.0,1,78.0
4,2009,9,26,0.2,0.0,0.0,0.01,71.0,22.0,7.5,24.0,1,73.0
27,2012,0,4,0.02,0.01,0.0,0.0,65.0,11.0,5.3,4.0,7,59.0
2,2011,10,12,0.11,0.13,0.11,0.02,73.0,43.0,6.7,18.0,1,70.0
27,2010,8,23,0.22,0.23,0.03,0.05,77.0,83.0,7.9,351.0,5,78.0
14,1999,4,19,0.41,0.28,0.0,0.05,71.0,22.0,7.5,24.0,8,73.0
15,2005,7,19,0.07,0.06,0.0,0.02,76.0,42.0,8.2,33.0,7,79.0
18,2005,4,24,0.06,0.0,0.0,0.0,72.0,30.0,7.3,8.0,1,72.5
6,2003,7,3,0.78,0.29,0.0,0.02,75.0,21.0,8.9,39.0,1,82.0
22,1993,4,4,0.94,0.34,0.21,0.27,71.0,22.0,7.5,24.0,8,73.0
15,2004,0,2,1.75,1.2,0.02,0.43,80.0,50.0,8.9,106.0,7,84.5
6,2004,0,17,0.1,0.04,0.11,0.01,71.0,22.0,7.5,24.0,8,73.0
27,2010,10,26,0.79,0.41,0.0,0.11,73.0,32.0,7.5,25.0,1,74.0
25,2009,10,10,0.28,0.51,0.02,0.11,71.0,22.0,7.5,24.0,8,73.0
12,2010,0,4,0.0,0.01,0.0,0.0,57.0,22.0,5.1,67.0,7,54.0
17,2016,0,19,0.02,0.0,0.0,0.0,71.0,22.0,6.1,96.0,8,66.0
12,2011,7,22,0.08,0.08,0.0,0.02,72.0,37.0,4.7,399.0,7,59.5
15,2004,9,10,0.52,0.95,0.0,0.29,70.0,25.0,8.2,24.0,7,76.0
28,2004,8,19,0.17,0.05,0.0,0.01,60.0,40.0,7.3,9.0,5,66.5
15,2006,2,3,0.09,0.07,0.19,0.02,72.0,31.0,5.8,21.0,7,65.0
16,2010,8,2,0.24,0.18,0.0,0.08,71.0,22.0,7.5,24.0,8,73.0
17,2014,0,29,0.24,0.31,0.01,0.11,71.0,31.0,7.1,98.0,2,71.0
27,2009,3,19,0.22,0.0,0.0,0.02,66.0,4.0,7.5,24.0,2,70.5
4,2010,7,19,0.0,0.0,0.06,0.0,71.0,22.0,7.5,24.0,8,73.0
22,1995,7,19,0.0,0.0,0.4,0.0,71.0,22.0,7.5,24.0,8,73.0
14,1998,2,19,0.81,0.55,0.0,0.1,71.0,22.0,7.5,24.0,8,73.0
6,2002,3,3,0.01,0.0,0.0,0.0,55.0,15.0,8.0,5.0,1,67.5
15,2011,10,10,0.0,0.02,0.0,0.06,71.0,22.0,7.5,24.0,8,73.0
6,2002,4,2,0.33,0.12,0.0,0.01,59.0,10.0,7.5,24.0,1,67.0
14,2000,11,19,0.0,0.0,0.75,0.05,71.0,22.0,7.5,24.0,8,73.0
27,2010,1,11,0.0,0.0,0.02,0.0,71.0,22.0,7.5,24.0,8,73.0
15,2005,2,16,0.74,0.15,0.13,0.05,86.0,57.0,8.4,96.0,7,85.0
14,2001,4,26,0.02,0.01,0.0,0.0,71.0,22.0,7.5,24.0,8,73.0
12,2008,4,23,0.0,0.01,0.0,0.0,58.0,6.0,6.8,17.0,1,63.0
14,1996,0,10,0.09,0.06,0.0,0.01,71.0,22.0,7.5,24.0,8,73.0
9,1999,10,10,0.27,0.01,0.0,0.0,71.0,22.0,7.5,24.0,8,73.0
6,2002,0,19,0.14,0.05,0.0,0.0,64.0,9.0,7.5,24.0,1,69.5
14,1996,2,21,0.61,0.41,0.46,0.1,71.0,22.0,7.5,24.0,8,73.0
14,2000,10,10,0.7,0.47,0.0,0.08,86.0,10.0,8.0,6.0,1,83.0
14,2000,4,2,0.35,0.24,0.0,0.04,54.0,10.0,5.3,4.0,1,53.5
3,2001,4,20,0.0,0.0,0.12,0.0,89.0,18.0,8.6,236.0,1,87.5
4,2007,8,9,0.2,0.0,0.0,0.02,56.0,31.0,5.6,5.0,5,56.0
25,2008,9,26,0.42,0.01,0.0,0.04,71.0,22.0,7.5,24.0,8,73.0
15,2004,0,25,0.04,0.03,0.36,0.01,72.0,17.0,8.6,13.0,7,79.0
25,2011,3,17,0.23,0.42,0.18,0.09,60.0,34.0,6.1,16.0,2,60.5
19,2015,7,18,0.01,0.01,0.04,0.01,76.0,11.0,8.8,33.0,7,82.0
5,1999,3,17,3.02,1.12,1.01,0.16,71.0,22.0,7.5,24.0,8,73.0
27,2011,2,4,0.79,0.18,0.03,0.07,71.0,22.0,7.5,24.0,8,73.0
15,2004,1,12,0.06,0.05,0.0,0.02,54.0,9.0,8.2,17.0,7,68.0
16,2010,0,19,0.08,0.04,0.0,0.02,71.0,22.0,7.5,24.0,8,73.0
4,2007,10,19,0.03,0.0,0.0,0.0,40.0,7.0,7.5,24.0,1,57.5
9,1998,10,12,0.06,0.3,0.19,0.03,71.0,22.0,7.5,24.0,8,73.0
15,2008,0,29,0.72,0.03,0.0,0.52,77.0,8.0,8.9,17.0,2,83.0
15,2005,10,27,0.74,0.03,0.0,0.12,76.0,25.0,8.0,20.0,5,78.0
15,2003,11,20,0.06,0.05,0.0,0.02,70.0,31.0,7.8,22.0,7,74.0
18,2006,0,19,0.58,0.5,0.0,0.32,83.0,11.0,8.6,26.0,2,84.5
25,2009,9,12,0.26,0.14,0.0,0.04,66.0,5.0,8.2,5.0,2,74.0
7,2006,4,2,0.27,0.07,0.0,0.01,61.0,21.0,9.3,6.0,2,77.0
9,1999,10,23,0.05,0.01,0.0,0.0,71.0,22.0,7.5,24.0,8,73.0
12,2005,9,10,0.01,0.04,0.0,0.01,81.0,31.0,7.8,49.0,7,79.5
12,2012,0,19,0.96,1.07,0.0,0.27,90.0,69.0,7.9,2954.0,7,84.5
6,2003,6,2,0.03,0.01,0.0,0.0,80.0,12.0,9.4,5.0,1,87.0
14,1998,3,21,0.09,0.06,0.35,0.04,71.0,22.0,7.5,24.0,8,73.0
3,1999,10,20,1.12,0.05,0.0,0.02,71.0,22.0,7.5,24.0,8,73.0
9,1997,4,17,1.29,0.53,0.98,0.05,71.0,22.0,7.5,24.0,8,73.0
6,2001,6,17,2.62,1.64,0.99,0.23,93.0,24.0,8.3,108.0,1,88.0
6,2005,3,27,0.01,0.01,0.0,0.0,71.0,22.0,7.5,24.0,8,73.0
25,2008,6,26,0.11,0.01,0.0,0.01,49.0,22.0,7.1,7.0,2,60.0
6,2005,0,16,0.03,0.01,0.0,0.0,63.0,4.0,7.5,24.0,1,69.0
2,2011,0,12,0.16,0.03,0.0,0.01,54.0,11.0,5.5,8.0,1,54.5
16,2013,7,22,0.31,0.2,0.45,0.11,66.0,62.0,5.9,552.0,7,62.5
28,2005,8,26,0.16,0.05,0.0,0.01,75.0,43.0,8.1,21.0,5,78.0
25,2009,6,19,0.01,0.0,0.0,0.0,71.0,22.0,7.5,24.0,1,73.0
18,2011,3,19,0.0,0.0,0.01,0.0,71.0,22.0,7.5,24.0,8,73.0
6,2001,2,26,0.09,0.03,0.08,0.0,82.0,16.0,7.8,8.0,1,80.0
20,1998,10,20,0.0,0.0,0.09,0.0,71.0,22.0,7.5,24.0,8,73.0
16,2007,0,21,0.57,0.72,0.06,0.29,79.0,64.0,8.3,544.0,7,81.0
18,2010,1,19,0.0,0.0,0.04,0.0,71.0,22.0,7.5,24.0,8,73.0
28,2002,8,19,0.08,0.02,0.0,0.0,63.0,17.0,7.6,8.0,7,69.5
16,2010,10,20,0.09,0.19,0.0,0.07,71.0,22.0,7.5,24.0,8,73.0
25,2009,0,19,0.05,0.0,0.0,0.0,48.0,13.0,7.5,24.0,2,61.5
16,2010,3,21,0.0,0.0,0.08,0.0,71.0,22.0,7.5,24.0,8,73.0
7,2002,5,19,0.06,0.02,0.0,0.0,70.0,21.0,7.9,10.0,1,74.5
12,2012,7,10,0.14,0.13,0.0,0.03,81.0,25.0,6.6,1097.0,5,73.5
4,2009,7,17,0.63,0.67,4.35,0.15,87.0,65.0,8.8,197.0,2,87.5
25,2009,1,17,0.0,0.0,0.05,0.0,71.0,22.0,7.5,24.0,8,73.0
9,1999,10,24,0.25,0.06,0.0,0.0,71.0,22.0,7.5,24.0,8,73.0
27,2015,1,19,0.02,0.0,0.0,0.0,71.0,22.0,7.5,10.0,8,73.0
25,2013,4,26,0.0,0.09,0.0,0.01,71.0,22.0,7.5,24.0,1,73.0
14,1999,2,19,0.01,0.0,0.0,0.0,71.0,22.0,7.5,24.0,8,73.0
15,2003,10,20,0.27,0.21,0.0,0.07,91.0,20.0,8.5,25.0,1,88.0
25,2010,6,2,0.48,0.02,0.0,0.03,71.0,22.0,7.5,24.0,1,73.0
14,1997,1,21,0.03,0.02,0.0,0.0,71.0,22.0,7.5,24.0,8,73.0
12,2009,0,5,0.0,0.03,0.0,0.0,79.0,32.0,8.1,159.0,7,80.0
15,2003,0,23,0.21,0.16,0.0,0.05,71.0,22.0,7.5,24.0,8,73.0
4,2007,7,19,0.0,0.0,0.04,0.0,71.0,22.0,7.5,24.0,8,73.0
15,2004,11,1,0.05,0.04,0.0,0.01,63.0,21.0,8.0,15.0,7,71.5
15,2006,7,16,0.0,0.0,0.16,0.0,71.0,22.0,7.5,24.0,8,73.0
16,2008,0,2,0.44,0.42,0.0,0.17,77.0,36.0,7.7,30.0,2,77.0
14,1995,10,19,0.0,0.0,0.03,0.0,71.0,22.0,7.5,24.0,8,73.0
17,2013,4,19,0.06,0.07,0.0,0.03,38.0,8.0,2.9,52.0,2,33.5
14,1999,6,19,0.2,0.14,0.0,0.02,71.0,22.0,7.5,24.0,8,73.0
14,2001,10,16,0.0,0.0,0.09,0.01,71.0,22.0,7.5,24.0,8,73.0
4,2013,4,8,0.21,0.26,0.0,0.04,71.0,22.0,7.5,24.0,8,73.0
28,2002,10,12,0.01,0.0,0.0,0.0,57.0,10.0,7.5,24.0,1,66.0
16,2012,11,24,0.24,0.23,0.0,0.1,89.0,20.0,8.2,296.0,5,85.5
15,2003,9,12,0.15,0.12,0.11,0.04,82.0,33.0,8.9,65.0,5,85.5
18,2005,10,10,0.19,0.0,0.0,0.02,78.0,25.0,7.4,14.0,1,76.0
14,1999,11,9,2.79,1.89,0.0,0.33,71.0,22.0,7.5,24.0,8,73.0
18,2011,7,19,0.0,0.0,0.13,0.0,71.0,22.0,7.5,24.0,8,73.0
14,1996,10,25,0.04,0.03,0.16,0.02,71.0,22.0,7.5,24.0,8,73.0
4,2008,0,2,0.41,0.25,0.0,0.07,55.0,6.0,7.5,24.0,1,65.0
14,1999,6,19,0.0,0.0,0.15,0.01,71.0,22.0,7.5,24.0,8,73.0
27,2007,8,10,0.45,0.52,0.01,0.12,73.0,54.0,6.7,77.0,7,70.0
15,2006,5,19,0.01,0.01,0.0,0.0,71.0,22.0,7.5,24.0,8,73.0
4,2008,9,19,0.1,0.0,0.0,0.01,71.0,22.0,7.5,24.0,2,73.0
17,2014,8,10,0.21,0.29,0.01,0.1,75.0,23.0,7.6,259.0,2,75.5
25,2008,0,28,0.08,0.0,0.0,0.01,39.0,7.0,6.4,5.0,7,51.5
28,2002,2,14,0.04,0.01,0.0,0.0,46.0,26.0,7.2,17.0,7,59.0
12,2013,10,20,0.0,0.6,0.0,0.03,85.0,41.0,5.5,275.0,1,70.0
27,2010,4,2,0.1,0.0,0.0,0.01,62.0,22.0,6.2,9.0,2,62.0
12,2014,8,24,0.11,0.15,0.0,0.02,75.0,55.0,6.2,703.0,5,68.5
20,1996,1,19,0.0,0.0,0.04,0.0,71.0,22.0,7.5,24.0,8,73.0
18,2010,0,12,0.09,0.13,0.01,0.07,73.0,28.0,7.5,43.0,5,74.0
4,2010,7,22,0.11,0.0,0.03,0.01,80.0,8.0,8.0,13.0,2,80.0
15,2005,10,10,0.15,0.12,0.0,0.04,59.0,29.0,7.9,52.0,1,69.0
0,1981,0,19,0.42,0.03,0.0,0.0,71.0,22.0,7.5,24.0,8,73.0
12,2011,9,10,0.4,0.23,0.0,0.0,70.0,22.0,3.6,81.0,7,53.0
15,2008,0,25,0.0,0.0,0.25,0.0,71.0,22.0,7.5,24.0,8,73.0
25,2008,4,19,0.08,0.0,0.0,0.01,71.0,22.0,7.5,24.0,2,73.0
4,2006,7,12,0.0,0.0,0.02,0.0,71.0,22.0,7.5,24.0,8,73.0
12,2012,8,19,0.0,0.02,0.0,0.0,59.0,12.0,5.3,210.0,5,56.0
4,2009,5,19,0.03,0.0,0.0,0.0,71.0,22.0,7.5,24.0,1,73.0
18,2006,4,4,0.12,0.01,0.0,0.02,82.0,28.0,7.5,36.0,1,78.5
15,2001,3,21,0.25,0.2,0.0,0.07,47.0,14.0,6.3,7.0,1,55.0
7,2003,6,10,0.02,0.01,0.0,0.0,54.0,5.0,6.6,5.0,1,60.0
14,2000,1,21,0.0,0.0,0.37,0.03,71.0,22.0,7.5,24.0,8,73.0
6,2005,3,30,0.13,0.05,0.0,0.0,71.0,22.0,7.5,24.0,8,73.0
14,1995,7,19,0.0,0.0,0.42,0.03,71.0,22.0,7.5,24.0,8,73.0
4,2012,5,19,0.0,0.01,0.0,0.0,71.0,22.0,7.5,24.0,8,73.0
18,2009,5,20,0.0,0.0,0.03,0.0,71.0,22.0,7.5,24.0,8,73.0
12,2006,7,19,0.0,0.01,0.0,0.0,84.0,39.0,8.5,128.0,7,84.5
6,2001,0,19,0.03,0.01,0.0,0.0,71.0,22.0,7.5,24.0,8,73.0
10,1989,0,19,3.38,0.44,0.31,0.04,71.0,22.0,7.5,24.0,8,73.0
0,1980,3,3,0.22,0.01,0.0,0.0,71.0,22.0,7.5,24.0,8,73.0
15,2008,10,19,0.1,0.08,0.0,0.03,71.0,22.0,7.5,24.0,8,73.0
14,1998,4,10,0.34,0.23,0.0,0.04,71.0,22.0,7.5,24.0,8,73.0
9,2000,10,23,0.06,0.01,0.0,0.0,71.0,22.0,7.5,24.0,8,73.0
15,2006,0,23,0.05,0.04,0.0,0.01,62.0,13.0,8.7,10.0,2,74.5
18,2006,7,11,0.02,0.0,0.0,0.0,62.0,20.0,6.5,11.0,2,63.5
15,2007,0,21,2.32,0.04,0.04,1.67,93.0,70.0,8.9,709.0,5,91.0
14,2000,1,1,0.36,0.24,0.0,0.04,71.0,22.0,7.5,24.0,8,73.0
14,2000,10,19,0.03,0.02,0.0,0.0,48.0,10.0,7.5,24.0,1,61.5
16,2013,0,6,0.0,0.0,0.03,0.0,71.0,22.0,7.5,24.0,8,73.0
2,2016,1,19,0.05,0.0,0.02,0.01,81.0,18.0,8.5,72.0,5,83.0
4,2006,7,17,0.0,0.0,0.12,0.0,71.0,22.0,7.5,24.0,8,73.0
18,2008,0,19,0.06,0.0,0.0,0.01,73.0,19.0,7.3,8.0,2,73.0
27,2013,10,10,0.92,2.89,0.01,0.4,84.0,41.0,4.2,435.0,1,63.0
28,2006,8,10,0.31,0.09,0.0,0.01,77.0,65.0,8.0,51.0,5,78.5
2,2014,0,16,0.0,0.0,0.03,0.0,71.0,22.0,7.5,24.0,8,73.0
15,2005,6,19,0.01,0.01,0.0,0.0,45.0,14.0,7.5,24.0,2,60.0
4,2008,5,26,0.07,0.0,0.0,0.01,71.0,22.0,7.5,24.0,1,73.0
18,2012,7,16,0.0,0.0,0.12,0.0,71.0,22.0,7.5,24.0,8,73.0
18,2011,10,12,0.0,0.0,0.24,0.0,71.0,22.0,7.5,24.0,8,73.0
4,2009,9,0,0.42,0.0,0.0,0.03,71.0,22.0,7.5,24.0,1,73.0
20,1995,8,20,0.0,0.0,0.62,0.0,71.0,22.0,7.5,24.0,8,73.0
28,2004,7,19,0.04,0.01,0.0,0.0,66.0,33.0,5.5,23.0,5,60.5
16,2008,6,21,0.43,0.65,0.02,0.25,82.0,63.0,8.0,318.0,7,81.0
15,2003,7,19,0.0,0.0,0.17,0.0,71.0,22.0,7.5,24.0,8,73.0
29,2015,0,2,0.09,0.04,0.0,0.01,75.0,25.0,7.9,55.0,7,77.0
4,2009,5,19,0.0,0.0,0.09,0.0,71.0,22.0,7.5,24.0,8,73.0
15,2007,11,25,0.01,0.01,0.03,0.0,79.0,39.0,7.9,17.0,2,79.0
4,2010,3,16,0.0,0.0,0.42,0.0,71.0,22.0,7.5,24.0,8,73.0
14,1996,4,19,0.1,0.07,0.0,0.01,71.0,22.0,7.5,24.0,8,73.0
15,2004,11,3,0.13,0.1,0.0,0.03,66.0,20.0,8.3,6.0,1,74.5
12,2016,0,4,0.01,0.01,0.0,0.0,71.0,22.0,7.5,24.0,8,73.0
18,2010,0,19,0.0,0.0,0.06,0.0,71.0,22.0,7.5,24.0,8,73.0
18,2013,1,19,0.0,0.0,0.01,0.0,71.0,22.0,7.5,24.0,8,73.0
15,2004,10,10,0.79,0.62,0.0,0.21,77.0,33.0,8.7,20.0,1,82.0
4,2011,7,16,0.0,0.0,0.1,0.0,71.0,22.0,7.5,24.0,8,73.0
12,2010,11,23,0.08,0.01,0.0,0.01,71.0,22.0,7.5,24.0,8,73.0
16,2007,10,24,0.08,0.01,0.0,0.01,74.0,24.0,7.5,24.0,2,74.5
15,2007,0,10,0.13,0.1,0.0,0.03,61.0,17.0,8.0,28.0,2,70.5
7,2003,7,2,0.04,0.01,0.0,0.0,68.0,25.0,9.1,14.0,7,79.5
15,2004,8,19,0.01,0.01,0.0,0.0,67.0,4.0,7.4,8.0,1,70.5
27,2009,1,26,0.1,0.08,0.0,0.02,71.0,22.0,7.5,24.0,8,73.0
15,2004,7,19,0.03,0.03,0.0,0.01,64.0,31.0,4.1,51.0,5,52.5
27,2008,0,24,0.08,0.02,0.0,0.01,71.0,22.0,7.5,46.0,5,73.0
2,2016,0,16,0.0,0.0,0.06,0.0,71.0,22.0,7.5,24.0,8,73.0
4,2010,9,19,0.02,0.01,0.0,0.0,71.0,22.0,7.5,24.0,1,73.0
4,2010,4,6,0.22,0.08,0.0,0.03,71.0,22.0,7.5,24.0,2,73.0
18,2006,0,26,0.11,0.01,0.0,0.01,61.0,31.0,7.0,7.0,7,65.5
19,2015,7,19,0.0,0.0,0.03,0.0,71.0,22.0,7.5,24.0,8,73.0
18,2005,10,12,0.05,0.0,0.0,0.0,71.0,22.0,7.5,24.0,8,73.0
4,2006,4,2,0.12,0.0,0.0,0.01,71.0,22.0,7.5,24.0,8,73.0
25,2008,9,0,0.47,0.0,0.0,0.04,56.0,12.0,7.3,13.0,2,64.5
12,2009,7,9,0.02,0.0,0.0,0.0,71.0,22.0,7.5,24.0,8,73.0
15,2004,10,21,0.08,0.06,0.0,0.02,68.0,28.0,9.0,6.0,1,79.0
2,2011,8,17,0.48,0.27,0.13,0.06,81.0,65.0,8.2,231.0,2,81.5
4,2011,9,2,0.51,0.1,0.0,0.06,71.0,22.0,7.5,24.0,1,73.0
15,2004,7,19,0.0,0.0,1.65,0.0,71.0,22.0,7.5,24.0,8,73.0
15,2002,0,25,0.03,0.02,0.0,0.01,67.0,7.0,8.6,14.0,7,76.5
4,2010,0,29,1.07,0.99,0.0,0.22,72.0,7.0,7.2,6.0,2,72.0
6,2003,0,19,0.04,0.01,0.0,0.0,71.0,22.0,9.0,21.0,1,80.5
4,2008,7,20,0.16,0.0,0.2,0.01,71.0,22.0,7.5,24.0,8,73.0
4,2009,0,24,0.15,0.0,0.0,0.01,71.0,22.0,7.5,24.0,8,73.0
4,2007,9,2,0.4,0.0,0.0,0.03,71.0,22.0,7.5,24.0,1,73.0
4,2007,3,17,0.0,0.0,0.73,0.0,71.0,22.0,7.5,24.0,8,73.0
4,2010,1,17,0.1,0.34,0.01,0.05,56.0,23.0,7.5,24.0,1,65.5
12,2016,10,0,0.01,0.04,0.0,0.0,86.0,20.0,8.2,580.0,1,84.0
4,2007,5,19,0.02,0.0,0.0,0.0,45.0,9.0,7.3,4.0,2,59.0
4,2011,3,19,0.01,0.0,0.0,0.0,71.0,22.0,7.5,24.0,1,73.0
12,2011,6,10,0.05,0.11,0.0,0.03,71.0,22.0,7.5,24.0,8,73.0
27,2006,10,5,0.0,0.01,0.0,0.0,71.0,22.0,7.5,24.0,8,73.0
16,2008,6,24,1.56,0.53,0.05,0.31,82.0,50.0,8.2,100.0,7,82.0
15,2000,10,10,0.27,0.21,0.28,0.07,71.0,22.0,7.5,24.0,8,73.0
25,2008,0,17,0.0,0.02,0.04,0.0,69.0,21.0,7.5,24.0,8,72.0
15,2002,3,21,0.25,0.2,0.0,0.07,71.0,22.0,7.5,24.0,8,73.0
25,2008,4,19,0.02,0.0,0.0,0.0,35.0,10.0,4.0,6.0,1,37.5
18,2006,7,0,0.07,0.0,0.02,0.01,68.0,11.0,7.7,17.0,7,72.5
19,2016,1,11,0.0,0.0,0.01,0.0,71.0,22.0,7.5,24.0,8,73.0
27,2015,0,29,0.26,0.23,0.0,0.04,71.0,22.0,6.1,18.0,8,66.0
15,2006,0,24,0.75,0.03,0.04,0.12,87.0,69.0,9.1,293.0,7,89.0
15,2003,10,12,0.12,0.09,0.0,0.03,71.0,22.0,7.5,24.0,8,73.0
25,2008,5,19,0.12,0.01,0.0,0.01,64.0,9.0,7.5,24.0,1,69.5
22,1995,11,19,0.0,0.0,0.6,0.0,71.0,22.0,7.5,24.0,8,73.0
14,2000,3,6,0.04,0.03,0.0,0.0,71.0,22.0,7.5,24.0,8,73.0
29,2016,8,2,0.05,0.06,0.0,0.01,71.0,22.0,7.5,24.0,7,73.0
16,2007,7,26,0.17,0.01,0.0,0.02,64.0,23.0,5.9,40.0,7,61.5
16,2012,0,21,0.47,0.13,0.02,0.1,71.0,22.0,7.5,24.0,8,73.0
17,2014,8,19,0.47,0.8,0.03,0.24,79.0,73.0,8.1,1116.0,5,80.0
29,2015,8,2,0.85,0.23,0.0,0.12,89.0,11.0,5.2,393.0,7,70.5
15,2002,8,19,0.24,0.19,0.0,0.06,50.0,19.0,7.3,6.0,7,61.5
18,2011,1,19,0.0,0.0,0.19,0.0,71.0,22.0,7.5,24.0,8,73.0
27,2015,10,24,0.27,0.12,0.0,0.04,71.0,22.0,5.4,25.0,7,62.5
4,2008,2,16,0.0,0.0,0.03,0.0,71.0,22.0,7.5,24.0,8,73.0
12,2009,11,19,0.0,0.02,0.0,0.0,71.0,22.0,6.4,8.0,7,67.5
28,2003,6,5,0.03,0.01,0.0,0.0,80.0,17.0,7.5,4.0,7,77.5
25,2008,3,19,0.28,0.0,0.0,0.02,26.0,6.0,7.5,24.0,2,50.5
15,2006,1,19,0.0,0.0,0.02,0.0,71.0,22.0,7.5,24.0,8,73.0
2,2014,0,8,0.01,0.08,0.0,0.01,71.0,22.0,7.5,24.0,8,73.0
7,2002,5,1,0.02,0.0,0.0,0.0,67.0,15.0,6.1,7.0,1,64.0
27,2009,8,23,0.48,0.29,0.01,0.09,85.0,84.0,8.1,237.0,5,83.0
14,2000,6,21,0.21,0.14,0.0,0.02,71.0,22.0,7.5,24.0,8,73.0
25,2006,6,23,0.83,0.03,0.0,0.07,65.0,13.0,7.5,24.0,1,70.0
15,2005,6,19,0.08,0.07,0.0,0.02,52.0,4.0,7.5,24.0,1,63.5
4,2008,10,19,0.0,0.1,0.0,0.0,71.0,22.0,7.5,24.0,8,73.0
15,2007,10,19,0.29,0.23,0.0,0.08,71.0,5.0,7.5,24.0,1,73.0
27,2010,6,14,0.0,0.04,0.0,0.01,71.0,22.0,7.5,24.0,8,73.0
14,2001,8,6,0.31,0.21,0.0,0.04,71.0,22.0,7.5,24.0,8,73.0
26,2015,5,17,0.0,0.0,0.01,0.0,70.0,26.0,7.4,72.0,1,72.0
18,2012,2,16,0.0,0.0,0.01,0.0,71.0,22.0,7.5,24.0,8,73.0
25,2010,3,0,0.26,0.24,0.0,0.05,71.0,22.0,7.5,24.0,8,73.0
27,2006,10,10,0.25,0.0,0.0,0.02,79.0,49.0,5.3,167.0,2,66.0
16,2012,0,21,0.73,0.0,0.0,0.1,71.0,22.0,8.3,52.0,5,77.0
4,2006,7,19,0.0,0.0,0.01,0.0,71.0,22.0,7.5,24.0,8,73.0
7,2002,7,2,0.1,0.02,0.04,0.0,72.0,22.0,8.0,15.0,7,76.0
16,2011,11,18,0.0,0.0,0.03,0.0,71.0,22.0,7.5,24.0,8,73.0
4,2008,1,12,0.0,0.0,0.29,0.0,71.0,22.0,7.5,24.0,8,73.0
18,2010,7,19,0.06,0.0,0.02,0.01,75.0,10.0,7.7,7.0,7,76.0
4,2007,1,17,0.26,0.04,0.22,0.03,78.0,57.0,8.6,102.0,7,82.0
18,2008,10,10,0.07,0.18,0.0,0.1,53.0,4.0,5.5,6.0,1,54.0
28,2002,6,19,0.15,0.04,0.0,0.01,59.0,12.0,4.3,9.0,7,51.0
19,2014,0,25,0.02,0.02,0.17,0.01,82.0,5.0,8.6,42.0,7,84.0
27,2016,10,24,0.05,0.04,0.0,0.01,71.0,22.0,7.5,24.0,7,73.0
22,1992,7,16,0.0,0.0,0.58,0.0,71.0,22.0,7.5,24.0,8,73.0
12,1999,11,14,0.01,0.08,0.0,0.01,92.0,21.0,9.0,801.0,7,91.0
18,2010,0,16,0.0,0.0,0.17,0.0,71.0,22.0,7.5,24.0,8,73.0
25,2010,10,26,0.69,0.1,0.0,0.06,71.0,22.0,7.5,24.0,2,73.0
27,2010,0,26,0.3,0.26,0.0,0.06,74.0,69.0,7.8,112.0,7,76.0
12,2006,11,20,0.0,0.03,0.0,0.01,71.0,22.0,8.6,20.0,7,78.5
14,1998,5,21,0.06,0.04,0.22,0.02,71.0,22.0,7.5,24.0,8,73.0
4,2008,5,23,0.06,0.0,0.0,0.0,66.0,4.0,7.5,24.0,1,70.5
18,2009,0,2,0.11,0.09,0.0,0.05,63.0,10.0,7.8,17.0,7,70.5
6,2005,4,8,0.5,0.18,0.0,0.01,71.0,6.0,7.5,24.0,1,73.0
19,2015,0,25,0.0,0.0,0.03,0.0,71.0,22.0,7.5,24.0,8,73.0
19,2015,0,25,0.0,0.0,0.02,0.0,71.0,22.0,7.5,24.0,8,73.0
4,2006,0,10,0.07,0.0,0.0,0.01,33.0,8.0,4.9,13.0,1,41.0
5,1999,7,19,0.0,0.0,0.54,0.0,71.0,22.0,7.5,24.0,8,73.0
15,2008,1,3,0.03,0.02,0.0,0.01,47.0,10.0,5.4,24.0,5,50.5
14,1995,8,19,0.04,0.02,0.0,0.0,71.0,22.0,7.5,24.0,8,73.0
25,2009,5,19,0.02,0.01,0.0,0.0,71.0,22.0,7.5,24.0,2,73.0
27,2007,8,15,0.1,0.01,0.0,0.01,37.0,33.0,3.0,40.0,7,33.5
4,2011,0,29,0.07,0.02,0.0,0.01,71.0,22.0,7.5,24.0,2,73.0
18,2013,1,19,0.0,0.0,0.03,0.0,71.0,22.0,7.5,24.0,8,73.0
16,2007,10,24,0.13,0.0,0.0,0.01,82.0,18.0,5.2,6.0,1,67.0
19,2013,1,21,0.0,0.01,0.0,0.0,66.0,7.0,5.7,16.0,2,61.5
6,2002,8,12,0.02,0.01,0.0,0.0,71.0,6.0,7.5,24.0,1,73.0
16,2011,3,16,0.0,0.0,0.16,0.0,71.0,22.0,7.5,24.0,8,73.0
12,2006,3,19,0.0,0.01,0.0,0.0,71.0,22.0,7.5,8.0,1,73.0
15,2007,0,25,0.0,0.0,0.33,0.0,71.0,22.0,7.5,24.0,8,73.0
6,2003,4,30,0.16,0.06,0.0,0.0,63.0,13.0,7.5,24.0,7,69.0
4,2009,0,19,0.0,0.0,0.09,0.0,71.0,22.0,7.5,24.0,8,73.0
15,2004,9,0,0.09,0.07,0.0,0.02,71.0,22.0,8.9,54.0,1,80.0
16,2015,10,24,0.45,0.12,0.03,0.13,71.0,22.0,4.6,13.0,1,58.5
14,1998,4,19,0.07,0.05,0.0,0.01,71.0,22.0,7.5,24.0,8,73.0
27,2011,8,5,0.07,0.03,0.0,0.01,53.0,61.0,4.7,73.0,5,50.0
16,2016,10,12,0.0,0.0,0.12,0.0,71.0,22.0,7.5,24.0,8,73.0
22,1995,11,19,0.0,0.0,0.38,0.0,71.0,22.0,7.5,24.0,8,73.0
16,2012,7,19,0.0,0.0,0.04,0.0,71.0,22.0,7.5,24.0,8,73.0
17,2014,7,18,0.05,0.02,0.02,0.01,53.0,31.0,6.0,79.0,5,56.5
15,2001,6,21,0.13,0.1,0.0,0.03,73.0,18.0,6.0,5.0,1,66.5
25,2011,6,2,0.17,0.0,0.0,0.01,71.0,22.0,7.5,24.0,1,73.0
4,2007,5,19,0.03,0.0,0.0,0.0,50.0,12.0,4.8,4.0,1,49.0
25,2009,8,2,0.14,0.0,0.0,0.01,71.0,22.0,7.5,24.0,7,73.0
17,2016,6,16,0.01,0.05,0.0,0.01,75.0,19.0,8.0,50.0,1,77.5
27,2007,7,14,1.83,0.79,0.03,0.27,91.0,74.0,8.7,1692.0,5,89.0
17,2015,7,19,0.02,0.0,0.05,0.0,71.0,21.0,6.2,34.0,7,66.5
4,2011,1,11,0.0,0.0,0.02,0.0,71.0,22.0,7.5,24.0,8,73.0
28,2004,10,20,1.54,0.02,0.0,0.07,92.0,42.0,9.1,93.0,1,91.5
16,2013,7,22,0.1,0.0,0.19,0.02,61.0,33.0,7.7,237.0,5,69.0
25,2007,0,16,0.0,0.0,0.03,0.0,71.0,22.0,7.5,24.0,8,73.0
4,2008,3,19,0.01,0.0,0.0,0.0,71.0,22.0,7.5,24.0,1,73.0
27,2006,7,22,0.0,0.0,0.02,0.0,71.0,22.0,7.5,24.0,8,73.0
12,2014,0,29,0.02,0.04,0.0,0.0,68.0,7.0,6.8,33.0,2,68.0
15,2006,6,16,0.01,0.01,0.0,0.0,54.0,20.0,7.4,5.0,1,64.0
4,2008,0,16,0.0,0.0,0.03,0.0,71.0,22.0,7.5,24.0,8,73.0
16,2013,8,24,0.08,0.13,0.0,0.04,69.0,22.0,6.7,79.0,5,68.0
12,2012,6,5,0.0,0.02,0.0,0.0,62.0,8.0,5.4,46.0,1,58.0
18,2007,11,24,0.16,0.01,0.0,0.02,71.0,22.0,7.5,24.0,8,73.0
12,2011,11,19,0.07,0.02,0.0,0.01,65.0,35.0,4.6,106.0,5,55.5
28,2003,8,23,0.03,0.01,0.0,0.0,70.0,19.0,9.3,9.0,7,81.5
14,2001,7,16,0.0,0.0,0.32,0.02,71.0,22.0,7.5,24.0,8,73.0
14,1998,10,19,0.01,0.01,0.0,0.0,71.0,22.0,7.5,24.0,8,73.0
6,2005,0,26,0.52,0.19,0.0,0.01,73.0,13.0,7.5,12.0,2,74.0
4,2010,9,19,0.06,0.0,0.0,0.0,71.0,22.0,7.5,24.0,1,73.0
27,2011,3,23,0.05,0.03,0.0,0.01,60.0,16.0,7.0,7.0,2,65.0
18,2012,0,11,0.0,0.0,0.05,0.0,71.0,22.0,7.5,24.0,8,73.0
6,2001,10,2,0.85,0.31,0.0,0.02,95.0,16.0,7.5,22.0,1,85.0
15,2007,10,12,0.0,0.0,0.31,0.0,71.0,22.0,7.5,24.0,8,73.0
16,2011,8,21,0.66,0.11,0.04,0.08,67.0,64.0,6.3,121.0,5,65.0
28,2003,7,26,0.22,0.06,0.0,0.01,65.0,30.0,7.4,27.0,7,69.5
8,1993,11,20,0.0,0.0,0.19,0.0,71.0,22.0,7.5,24.0,8,73.0
28,2005,10,2,0.08,0.02,0.0,0.0,63.0,4.0,7.5,24.0,7,69.0
4,2010,8,19,0.09,0.01,0.0,0.01,75.0,25.0,8.3,31.0,5,79.0
4,2006,3,17,0.0,0.0,0.09,0.0,71.0,22.0,7.5,24.0,8,73.0
14,1998,1,10,0.33,0.23,0.0,0.04,71.0,22.0,7.5,24.0,8,73.0
14,1996,11,19,0.22,0.15,0.0,0.03,71.0,22.0,7.5,24.0,8,73.0
27,2009,1,5,0.14,0.01,0.0,0.01,25.0,27.0,2.5,41.0,5,25.0
25,2009,1,26,0.05,0.01,0.0,0.0,65.0,4.0,7.5,24.0,7,70.0
26,2013,0,29,0.04,0.06,0.0,0.01,77.0,7.0,7.3,31.0,2,75.0
4,2004,3,23,0.1,0.0,0.0,0.01,28.0,17.0,3.9,26.0,1,33.5
15,2005,8,26,0.1,0.07,0.0,0.02,76.0,21.0,8.9,36.0,5,82.5
26,2014,2,17,2.6,1.08,0.81,0.38,71.0,22.0,7.5,24.0,8,73.0
28,2003,11,19,0.06,0.02,0.0,0.0,70.0,22.0,7.5,24.0,7,72.5
27,2008,11,10,0.16,0.06,0.0,0.02,71.0,22.0,7.5,24.0,8,73.0
27,2011,2,19,0.02,0.0,0.02,0.0,71.0,22.0,7.5,24.0,7,73.0
28,2004,2,4,0.11,0.03,0.0,0.01,79.0,33.0,6.4,9.0,7,71.5
4,2009,3,19,0.0,0.02,0.0,0.0,71.0,22.0,7.5,24.0,8,73.0
15,2002,11,16,0.0,0.0,0.57,0.0,71.0,22.0,7.5,24.0,8,73.0
27,2010,10,20,0.08,0.12,0.0,0.02,71.0,22.0,7.5,24.0,8,73.0
26,2016,8,17,0.17,0.1,0.07,0.03,69.0,82.0,7.4,662.0,2,71.5
18,2005,0,16,0.0,0.0,0.07,0.0,71.0,22.0,7.5,24.0,8,73.0
4,2009,1,24,0.23,0.0,0.0,0.02,71.0,22.0,7.5,24.0,1,73.0
3,1999,9,20,0.0,0.0,0.52,0.0,82.0,24.0,8.4,16.0,7,83.0
6,2002,6,3,0.03,0.01,0.0,0.0,82.0,7.0,7.5,24.0,1,78.5
16,2014,0,20,0.0,0.0,0.26,0.0,71.0,22.0,7.5,24.0,8,73.0
12,2007,8,23,0.01,0.04,0.0,0.01,82.0,44.0,8.4,1088.0,5,83.0
6,2002,7,17,6.06,3.9,5.38,0.5,71.0,22.0,7.5,24.0,8,73.0
28,2006,0,4,0.01,0.0,0.0,0.0,42.0,29.0,4.0,4.0,5,41.0
27,2010,0,10,0.09,0.0,0.0,0.01,56.0,15.0,5.5,4.0,2,55.5
4,2012,10,24,0.07,0.0,0.0,0.01,71.0,22.0,7.5,24.0,1,73.0
4,2008,3,2,0.18,0.0,0.0,0.01,71.0,22.0,7.5,24.0,8,73.0
6,2006,10,12,0.0,0.0,0.03,0.0,71.0,22.0,7.5,24.0,8,73.0
2,2011,0,13,0.11,0.0,0.0,0.01,71.0,22.0,7.5,24.0,5,73.0
18,2012,7,19,0.0,0.0,0.02,0.0,71.0,22.0,7.5,24.0,8,73.0
17,2016,0,19,0.01,0.02,0.0,0.0,78.0,23.0,7.6,19.0,2,77.0
14,2000,8,19,0.14,0.09,0.0,0.02,48.0,8.0,7.3,7.0,7,60.5
19,2012,1,16,0.0,0.0,0.07,0.0,71.0,22.0,7.5,24.0,8,73.0
26,2012,0,26,0.06,0.07,0.0,0.01,76.0,8.0,6.3,16.0,2,69.5
2,2011,6,26,0.05,0.04,0.0,0.01,48.0,13.0,5.0,20.0,5,49.0
15,2003,2,19,0.05,0.04,0.0,0.01,71.0,31.0,8.6,17.0,7,78.5
15,2003,10,12,0.02,0.02,0.0,0.01,67.0,7.0,7.5,4.0,1,71.0
16,2011,10,26,0.08,0.05,0.0,0.02,71.0,22.0,7.5,24.0,1,73.0
25,2009,5,19,0.0,0.05,0.0,0.0,71.0,22.0,7.5,24.0,8,73.0
7,2002,4,15,0.02,0.01,0.0,0.0,63.0,6.0,7.5,24.0,7,69.0
18,2006,5,3,0.05,0.0,0.0,0.01,62.0,24.0,7.5,24.0,2,68.5
15,2010,1,6,0.0,0.0,0.01,0.0,71.0,22.0,7.5,24.0,8,73.0
29,2016,4,7,0.02,0.0,0.0,0.0,55.0,13.0,4.2,94.0,2,48.5
25,2008,0,19,1.21,0.3,0.0,0.14,56.0,24.0,6.7,18.0,7,61.5
25,2010,10,2,0.57,0.0,0.0,0.03,71.0,22.0,7.5,24.0,7,73.0
4,2008,9,19,0.3,0.01,0.0,0.03,71.0,22.0,7.5,24.0,1,73.0
4,2008,10,0,0.04,0.01,0.0,0.0,71.0,22.0,7.5,24.0,1,73.0
12,2010,8,19,0.0,0.02,0.0,0.0,71.0,22.0,7.5,24.0,8,73.0
20,1995,8,19,0.0,0.0,0.03,0.0,71.0,22.0,7.5,24.0,8,73.0
16,2012,0,2,0.12,0.02,0.0,0.03,66.0,8.0,3.7,20.0,1,51.5
6,2005,3,20,0.1,0.04,0.0,0.0,71.0,22.0,7.5,24.0,8,73.0
12,2011,9,10,0.07,0.0,0.0,0.01,71.0,22.0,6.7,9.0,7,69.0
15,2003,3,19,0.04,0.03,0.0,0.01,79.0,16.0,8.6,10.0,7,82.5
27,2007,7,19,0.07,0.0,0.0,0.01,46.0,22.0,7.0,21.0,5,58.0
25,2010,10,19,0.03,0.04,0.0,0.01,71.0,22.0,7.5,24.0,1,73.0
14,1998,2,21,0.04,0.03,0.0,0.0,71.0,22.0,7.5,24.0,8,73.0
6,2002,4,19,0.01,0.0,0.0,0.0,71.0,22.0,7.5,24.0,8,73.0
14,1999,6,26,0.52,0.35,0.0,0.06,66.0,8.0,7.5,24.0,1,70.5
22,1995,10,16,0.0,0.0,0.42,0.0,71.0,22.0,7.5,24.0,8,73.0
28,2002,9,2,0.35,0.07,0.0,0.02,78.0,22.0,5.2,5.0,7,65.0
16,2006,9,16,0.06,0.0,0.14,0.01,33.0,31.0,5.1,47.0,7,42.0
29,2014,0,29,0.35,0.13,0.0,0.05,69.0,18.0,6.9,49.0,2,69.0
14,2001,0,23,1.12,0.58,0.0,0.08,71.0,22.0,7.5,24.0,8,73.0
15,2007,0,8,0.2,0.16,0.0,0.05,54.0,10.0,7.0,10.0,7,62.0
18,2010,3,20,0.0,0.0,0.25,0.0,71.0,22.0,7.5,24.0,8,73.0
15,2003,0,26,0.88,1.03,0.0,0.31,92.0,44.0,8.8,204.0,7,90.0
15,2007,10,19,0.13,0.11,0.0,0.04,71.0,22.0,7.5,24.0,7,73.0
12,2006,0,9,0.0,0.01,0.0,0.0,75.0,21.0,7.3,206.0,5,74.0
17,2014,10,19,0.58,0.0,0.0,0.14,83.0,17.0,7.7,205.0,1,80.0
9,1998,10,17,0.75,0.03,0.0,0.01,71.0,22.0,7.5,24.0,8,73.0
28,2004,10,10,0.36,0.11,0.0,0.02,78.0,44.0,6.5,11.0,1,71.5
27,2010,0,20,0.15,0.09,0.0,0.03,41.0,35.0,5.9,54.0,7,50.0
15,2004,0,10,0.08,0.06,0.0,0.02,46.0,35.0,6.9,13.0,7,57.5
12,2006,7,19,0.0,0.02,0.0,0.0,84.0,30.0,8.7,104.0,7,85.5
4,2007,5,26,0.0,0.47,0.0,0.0,71.0,22.0,7.5,24.0,8,73.0
25,2010,0,19,0.07,0.0,0.0,0.0,71.0,22.0,7.5,24.0,2,73.0
4,2005,4,16,0.09,0.0,0.02,0.01,72.0,35.0,7.5,24.0,1,73.5
12,2013,11,20,0.12,0.53,0.0,0.07,76.0,71.0,4.2,3742.0,7,59.0
27,2014,7,26,0.58,0.26,0.0,0.09,82.0,33.0,8.4,363.0,5,83.0
22,1995,7,19,0.0,0.0,0.3,0.0,71.0,22.0,7.5,24.0,8,73.0
18,2009,2,16,0.12,0.2,0.07,0.12,80.0,52.0,6.2,45.0,7,71.0
15,2008,0,2,0.03,0.03,0.0,0.01,71.0,22.0,7.5,24.0,8,73.0
15,2007,11,19,0.0,0.0,0.03,0.0,71.0,22.0,7.5,24.0,8,73.0
15,2010,3,19,0.0,0.0,0.01,0.0,71.0,22.0,7.5,24.0,8,73.0
28,2005,2,20,0.02,0.0,0.0,0.0,58.0,11.0,6.5,4.0,7,61.5
15,2010,0,29,0.03,0.02,0.0,0.01,71.0,22.0,7.5,24.0,2,73.0
12,2008,0,19,0.02,0.02,0.0,0.0,78.0,14.0,7.7,35.0,2,77.5
16,2014,10,10,0.15,0.36,0.01,0.09,73.0,33.0,4.3,87.0,1,58.0
14,1995,9,21,0.25,0.17,0.0,0.03,71.0,22.0,7.5,24.0,8,73.0
15,2004,11,19,0.0,0.0,0.5,0.0,71.0,22.0,7.5,24.0,8,73.0
9,2000,6,19,0.08,0.02,0.0,0.0,71.0,22.0,7.5,24.0,8,73.0
9,1998,10,19,0.05,0.01,0.0,0.0,71.0,22.0,7.5,24.0,8,73.0
28,2004,7,2,0.99,0.33,0.0,0.05,86.0,67.0,8.6,140.0,7,86.0
4,2010,5,19,0.09,0.04,0.0,0.01,71.0,22.0,7.5,24.0,8,73.0
28,2004,7,14,0.14,0.04,0.0,0.01,72.0,75.0,8.4,49.0,5,78.0
18,2010,10,10,0.35,0.0,0.0,0.03,71.0,22.0,7.5,24.0,1,73.0
28,2005,8,10,0.37,0.21,0.0,0.03,90.0,35.0,8.6,115.0,5,88.0
4,2008,1,19,0.0,0.0,0.03,0.0,71.0,22.0,7.5,24.0,8,73.0
2,2011,9,10,0.3,0.37,0.03,0.07,52.0,29.0,3.3,31.0,7,42.5
15,2003,6,5,0.01,0.71,0.01,0.21,71.0,22.0,7.5,24.0,8,73.0
4,2005,0,2,0.14,0.0,0.0,0.01,78.0,17.0,7.7,10.0,2,77.5
4,2006,10,12,0.0,0.0,0.17,0.0,63.0,5.0,7.9,12.0,1,71.0
25,2008,10,26,1.18,0.9,0.0,0.24,71.0,22.0,8.6,16.0,1,78.5
14,1996,6,19,0.03,0.02,0.0,0.0,71.0,22.0,7.5,24.0,8,73.0
15,2002,0,15,0.11,0.09,0.0,0.03,51.0,21.0,7.0,6.0,5,60.5
25,2007,10,12,0.0,0.0,0.06,0.0,71.0,22.0,7.5,24.0,8,73.0
4,2008,0,19,0.07,0.0,0.03,0.0,64.0,7.0,7.5,24.0,2,69.5
14,1997,10,19,0.28,0.19,0.0,0.03,71.0,22.0,7.5,24.0,8,73.0
16,2009,3,19,0.67,0.29,0.0,0.15,88.0,60.0,8.7,59.0,7,87.5
4,2008,9,12,0.03,0.0,0.0,0.0,71.0,22.0,7.5,24.0,1,73.0
12,2010,11,19,0.0,0.01,0.0,0.0,71.0,22.0,7.5,24.0,7,73.0
4,2013,3,6,0.03,0.04,0.0,0.01,71.0,22.0,7.5,24.0,8,73.0
4,2009,3,19,0.0,0.04,0.0,0.01,71.0,22.0,7.5,24.0,8,73.0
25,2010,3,23,0.86,0.04,0.0,0.06,71.0,22.0,7.6,5.0,1,73.5
16,2015,1,19,0.0,0.0,0.03,0.0,71.0,22.0,7.5,24.0,8,73.0
12,2011,8,23,0.11,0.1,0.0,0.03,70.0,36.0,5.5,531.0,5,62.5
26,2014,5,17,0.53,0.38,0.19,0.09,81.0,78.0,8.6,377.0,1,83.5
27,2011,0,19,0.06,0.04,0.0,0.01,52.0,21.0,6.3,26.0,7,57.5
18,2006,8,26,0.23,0.14,0.0,0.09,65.0,19.0,9.1,64.0,5,78.0
14,1997,0,12,0.03,0.02,0.0,0.0,71.0,22.0,7.5,24.0,8,73.0
7,2003,6,4,0.02,0.01,0.0,0.0,62.0,7.0,7.5,24.0,1,68.5
16,2008,7,20,0.71,0.19,0.24,0.13,86.0,60.0,8.6,433.0,7,86.0
18,2010,10,24,0.06,0.0,0.0,0.01,71.0,22.0,7.5,24.0,1,73.0
15,2009,3,24,0.04,0.03,0.0,0.01,71.0,22.0,7.5,24.0,1,73.0
28,2004,1,5,0.05,0.02,0.0,0.0,75.0,46.0,8.0,6.0,7,77.5
14,1996,0,9,0.09,0.06,0.0,0.01,71.0,22.0,7.5,24.0,8,73.0
12,2014,0,29,0.12,0.2,0.0,0.03,84.0,17.0,8.0,1671.0,5,82.0
7,2004,8,17,0.87,0.35,0.07,0.04,92.0,60.0,8.8,279.0,7,90.0
4,2010,5,19,0.02,0.0,0.0,0.0,71.0,22.0,7.5,24.0,1,73.0
27,2011,10,10,0.4,0.16,0.0,0.05,80.0,50.0,6.1,25.0,1,70.5
15,2006,3,2,0.02,0.01,0.0,0.0,71.0,22.0,7.5,24.0,8,73.0
16,2014,7,18,0.0,0.0,0.02,0.0,65.0,20.0,7.3,23.0,7,69.0
6,2002,3,23,0.15,0.06,0.0,0.0,53.0,14.0,7.4,5.0,1,63.5
4,2008,3,19,0.0,0.2,0.0,0.0,71.0,22.0,7.5,24.0,8,73.0
12,2007,10,10,0.0,0.01,0.0,0.0,77.0,7.0,6.1,50.0,1,69.0
18,2009,10,10,0.15,0.67,0.01,0.31,83.0,9.0,7.9,14.0,1,81.0
6,2003,0,23,0.35,0.13,0.0,0.01,49.0,5.0,7.5,24.0,1,62.0
15,2002,4,19,0.08,0.06,0.0,0.02,71.0,22.0,7.5,24.0,8,73.0
22,1990,9,17,0.46,0.17,0.48,0.02,71.0,22.0,7.5,24.0,8,73.0
15,2004,7,19,0.06,0.05,0.0,0.02,78.0,42.0,8.2,48.0,5,80.0
15,2004,0,1,0.05,0.04,0.0,0.01,64.0,31.0,8.0,10.0,7,72.0
15,2000,0,16,0.0,0.0,0.09,0.0,71.0,22.0,7.5,24.0,8,73.0
7,2003,8,19,0.01,0.0,0.0,0.0,71.0,22.0,7.5,24.0,7,73.0
15,2004,0,10,0.5,0.39,0.0,0.13,70.0,29.0,8.7,29.0,1,78.5
22,1993,0,4,0.39,0.12,0.49,0.02,71.0,22.0,7.5,24.0,8,73.0
28,2003,6,24,0.42,0.06,0.0,0.02,86.0,33.0,7.6,12.0,7,81.0
25,2011,3,26,0.37,0.19,0.0,0.06,71.0,22.0,7.5,24.0,7,73.0
28,2003,10,10,0.4,0.02,0.0,0.02,88.0,13.0,8.8,19.0,1,88.0
4,2010,3,0,0.1,0.0,0.0,0.01,71.0,22.0,7.5,24.0,1,73.0
4,2007,3,26,0.12,0.03,0.0,0.01,71.0,22.0,6.7,10.0,1,69.0
25,2008,10,24,0.08,0.0,0.0,0.01,71.0,22.0,7.5,24.0,1,73.0
28,2004,3,20,0.61,0.26,0.0,0.04,75.0,20.0,7.9,12.0,1,77.0
15,2002,6,19,0.23,0.18,0.0,0.06,80.0,10.0,9.1,10.0,1,85.5
14,1997,9,19,0.0,0.0,0.3,0.02,71.0,22.0,7.5,24.0,8,73.0
25,2010,3,10,0.13,0.0,0.0,0.01,71.0,22.0,7.5,24.0,1,73.0
26,2012,11,25,0.0,0.0,0.02,0.0,71.0,22.0,7.5,24.0,8,73.0
2,2013,11,2,0.15,0.15,0.0,0.03,71.0,22.0,3.0,8.0,1,50.5
15,2005,7,19,0.0,0.0,0.16,0.0,71.0,22.0,7.5,24.0,8,73.0
6,2003,6,19,0.2,0.07,0.0,0.01,71.0,22.0,7.5,24.0,1,73.0
16,2010,10,0,0.1,0.05,0.0,0.02,47.0,6.0,7.5,24.0,1,61.0
12,2003,11,9,0.0,0.04,0.0,0.0,78.0,23.0,8.2,38.0,7,80.0
25,2007,10,10,0.68,0.47,0.0,0.13,66.0,32.0,7.6,30.0,1,71.0
2,2011,10,19,0.0,0.04,0.0,0.0,71.0,22.0,7.5,24.0,8,73.0
15,2005,0,25,0.24,0.18,0.91,0.06,69.0,29.0,8.8,68.0,7,78.5
4,2009,5,19,0.13,0.15,0.0,0.03,60.0,5.0,7.5,24.0,1,67.5
15,2005,7,12,0.07,0.05,0.0,0.02,72.0,35.0,8.8,14.0,7,80.0
27,2011,2,10,0.4,0.31,0.0,0.07,86.0,59.0,7.4,105.0,5,80.0
18,2012,0,19,0.0,0.0,0.01,0.0,71.0,22.0,7.5,24.0,8,73.0
12,2013,0,29,0.13,0.16,0.0,0.02,74.0,17.0,7.5,1170.0,7,74.5
16,2010,8,19,0.04,0.0,0.0,0.01,45.0,7.0,7.5,24.0,7,60.0
4,2008,1,12,0.0,0.0,0.09,0.0,71.0,22.0,7.5,24.0,8,73.0
18,2011,1,11,0.0,0.0,0.04,0.0,71.0,22.0,7.5,24.0,8,73.0
28,2003,10,19,0.22,0.06,0.0,0.01,48.0,6.0,4.4,8.0,8,46.0
18,2007,0,28,0.03,0.12,0.0,0.07,49.0,34.0,5.6,19.0,7,52.5
7,2004,0,2,0.23,0.06,0.0,0.01,69.0,23.0,7.5,24.0,1,72.0
4,2007,7,17,0.0,0.0,0.12,0.0,71.0,22.0,7.5,24.0,2,73.0
6,2003,10,10,0.28,0.1,0.0,0.01,53.0,6.0,8.3,9.0,1,68.0
7,2005,2,12,0.06,0.01,0.0,0.0,44.0,16.0,2.8,4.0,7,36.0
4,2009,9,26,0.27,0.0,0.0,0.02,71.0,22.0,7.5,24.0,1,73.0
14,1997,10,21,0.29,0.2,2.13,0.18,71.0,22.0,7.5,24.0,8,73.0
27,2011,10,2,0.16,0.0,0.0,0.02,71.0,22.0,5.0,4.0,8,60.5
4,2007,9,23,0.18,0.35,0.0,0.02,67.0,4.0,6.8,6.0,1,67.5
15,2006,10,12,0.0,0.0,0.14,0.0,71.0,22.0,7.5,24.0,8,73.0
2,2013,0,17,1.8,1.39,1.11,0.29,86.0,74.0,8.4,458.0,1,85.0
14,1998,2,4,0.12,0.08,0.28,0.03,71.0,22.0,7.5,24.0,8,73.0
14,1997,10,25,0.0,0.0,0.25,0.02,71.0,22.0,7.5,24.0,8,73.0
9,2000,5,16,0.18,0.04,0.0,0.0,71.0,22.0,7.5,24.0,8,73.0
3,2000,1,20,0.0,0.0,0.11,0.0,71.0,22.0,7.5,24.0,8,73.0
0,1980,3,3,0.99,0.05,0.0,0.01,71.0,22.0,7.5,24.0,8,73.0
2,2013,10,19,0.0,0.0,0.26,0.0,71.0,22.0,7.5,24.0,8,73.0
17,2016,2,19,0.0,0.0,0.02,0.0,71.0,22.0,7.5,24.0,8,73.0
25,2009,9,0,0.04,0.0,0.0,0.0,71.0,22.0,7.5,24.0,1,73.0
12,2010,9,7,0.02,0.04,0.0,0.01,61.0,9.0,6.2,12.0,7,61.5
27,2014,8,20,0.15,0.1,0.0,0.02,71.0,22.0,8.2,113.0,5,76.5
4,2008,11,26,0.08,0.01,0.0,0.01,69.0,11.0,5.8,4.0,7,63.5
15,2009,11,19,0.0,0.0,0.02,0.0,71.0,22.0,7.5,24.0,8,73.0
14,1996,10,1,0.51,0.35,0.0,0.06,71.0,22.0,7.5,24.0,8,73.0
25,2010,3,26,0.12,0.0,0.0,0.01,71.0,22.0,7.5,24.0,1,73.0
28,2003,6,15,0.02,0.0,0.0,0.0,71.0,22.0,7.5,24.0,8,73.0
9,1999,6,5,0.11,0.03,0.0,0.0,71.0,22.0,7.5,24.0,8,73.0
22,1993,7,19,0.0,0.0,0.32,0.0,71.0,22.0,7.5,24.0,8,73.0
17,2014,6,26,0.13,0.22,0.01,0.07,79.0,51.0,7.2,244.0,2,75.5
27,2007,7,22,0.26,0.0,0.02,0.02,63.0,4.0,5.8,5.0,7,60.5
7,2003,6,1,0.02,0.01,0.0,0.0,71.0,22.0,7.5,24.0,8,73.0
4,2005,0,26,0.25,0.03,0.0,0.02,73.0,22.0,7.8,19.0,2,75.5
5,1999,7,19,0.0,0.0,0.77,0.0,71.0,22.0,7.5,24.0,8,73.0
26,2013,0,17,0.19,0.1,0.08,0.03,78.0,75.0,8.5,495.0,7,81.5
15,2003,8,19,0.09,0.07,0.0,0.02,79.0,50.0,9.1,21.0,1,85.0
16,2010,7,19,0.09,0.0,0.04,0.01,56.0,6.0,7.2,36.0,7,64.0
4,2011,5,27,0.0,0.01,0.0,0.0,71.0,22.0,7.5,24.0,8,73.0
15,2002,6,12,0.01,0.01,0.0,0.0,50.0,12.0,7.5,24.0,7,62.5
23,1995,1,19,0.0,0.0,0.14,0.0,71.0,22.0,7.5,24.0,8,73.0
25,2007,7,20,0.05,0.0,0.0,0.0,48.0,24.0,7.1,23.0,7,59.5
16,2013,10,10,0.75,0.0,0.0,0.09,77.0,9.0,6.2,40.0,1,69.5
15,2008,0,8,0.12,0.02,0.0,0.14,71.0,22.0,7.5,24.0,1,73.0
9,1999,10,23,0.11,0.03,0.0,0.0,71.0,22.0,7.5,24.0,8,73.0
4,2010,1,11,0.0,0.0,0.07,0.0,71.0,22.0,7.5,24.0,8,73.0
4,2008,7,19,0.09,0.0,0.16,0.01,82.0,17.0,8.9,24.0,2,85.5
4,2011,10,24,0.09,0.0,0.0,0.01,71.0,22.0,7.5,24.0,8,73.0
4,2010,3,19,0.05,0.01,0.0,0.01,71.0,22.0,7.5,24.0,8,73.0
18,2009,7,19,0.18,0.06,0.34,0.05,89.0,40.0,8.3,317.0,5,86.0
15,2009,3,2,0.28,0.3,0.0,0.54,71.0,4.0,2.6,10.0,7,48.5
28,2004,10,19,0.03,0.01,0.0,0.0,54.0,10.0,7.5,24.0,1,64.5
15,2008,10,12,0.0,0.0,0.22,0.0,71.0,22.0,7.5,24.0,8,73.0
14,2001,1,19,0.07,0.05,0.0,0.01,71.0,22.0,7.5,24.0,8,73.0
7,2004,8,10,0.28,0.07,0.0,0.01,60.0,35.0,6.7,14.0,7,63.5
6,2005,3,26,0.03,0.01,0.0,0.0,71.0,22.0,7.5,24.0,8,73.0
7,2004,2,10,0.17,0.05,0.0,0.01,71.0,22.0,7.5,24.0,8,73.0
25,2010,1,3,0.05,0.0,0.0,0.0,71.0,22.0,7.5,24.0,8,73.0
5,1991,7,19,0.0,0.0,0.38,0.0,71.0,22.0,7.5,24.0,8,73.0
25,2009,10,19,0.25,0.01,0.0,0.02,71.0,22.0,7.5,4.0,1,73.0
18,2014,3,19,0.0,0.0,0.01,0.0,71.0,22.0,7.5,24.0,8,73.0
19,2015,7,18,0.02,0.0,0.0,0.01,71.0,24.0,8.0,30.0,7,75.5
18,2010,3,19,0.0,0.0,0.02,0.0,71.0,22.0,7.5,24.0,8,73.0
27,2009,0,25,0.13,0.06,0.02,0.02,59.0,18.0,5.7,12.0,7,58.0
27,2015,1,22,0.18,0.11,0.0,0.03,71.0,22.0,7.5,178.0,5,73.0
2,2015,11,17,0.14,0.05,0.01,0.02,69.0,69.0,7.7,125.0,7,73.0
15,2002,0,16,1.26,0.05,0.0,0.21,73.0,19.0,7.8,26.0,1,75.5
28,2003,10,2,0.04,0.01,0.0,0.0,80.0,23.0,8.8,9.0,1,84.0
19,2016,0,22,0.0,0.0,0.23,0.0,71.0,22.0,7.5,24.0,8,73.0
15,2004,10,21,0.08,0.06,0.0,0.02,56.0,20.0,6.0,7.0,1,58.0
15,2006,0,16,0.0,0.0,0.05,0.0,71.0,22.0,7.5,24.0,8,73.0
12,2015,11,26,0.02,0.22,0.0,0.02,72.0,45.0,5.9,278.0,2,65.5
16,2009,0,26,2.54,1.93,0.21,0.86,91.0,70.0,8.6,1202.0,5,88.5
4,2007,3,26,0.13,0.01,0.0,0.01,56.0,13.0,6.1,8.0,1,58.5
14,2001,1,23,0.06,0.04,0.0,0.01,71.0,22.0,7.5,24.0,8,73.0
14,1997,4,19,0.75,0.44,0.0,0.06,85.0,10.0,9.0,96.0,7,87.5
18,2009,1,19,0.0,0.0,0.01,0.0,71.0,22.0,7.5,24.0,8,73.0
4,2005,8,12,0.02,0.0,0.0,0.0,33.0,14.0,7.0,9.0,1,51.5
12,2009,5,27,0.0,0.01,0.0,0.0,71.0,22.0,7.5,24.0,8,73.0
12,2003,11,9,0.0,0.02,0.0,0.0,72.0,24.0,7.6,83.0,7,74.0
15,2002,3,23,0.12,0.09,0.0,0.03,63.0,20.0,4.8,20.0,1,55.5
6,2001,5,19,0.01,0.0,0.0,0.0,58.0,5.0,7.5,24.0,1,66.5
12,2016,6,5,0.0,0.03,0.0,0.0,71.0,22.0,7.5,24.0,8,73.0
16,2012,0,12,0.04,0.03,0.01,0.01,53.0,19.0,7.2,22.0,5,62.5
27,2008,0,19,0.04,0.0,0.0,0.0,71.0,22.0,5.5,8.0,7,63.0
15,2003,10,21,0.1,0.08,0.0,0.03,45.0,16.0,7.5,24.0,1,60.0
14,2000,11,19,0.01,0.01,0.0,0.0,62.0,10.0,8.8,31.0,7,75.0
25,2010,10,10,0.76,0.39,0.0,0.11,79.0,8.0,8.1,22.0,1,80.0
18,2007,0,6,0.23,0.3,0.0,0.18,60.0,4.0,7.2,23.0,2,66.0
14,2000,0,2,1.7,1.25,0.02,0.16,87.0,19.0,9.0,107.0,1,88.5
9,1999,8,2,0.24,0.06,0.0,0.0,71.0,22.0,7.5,24.0,8,73.0
4,2011,5,19,0.04,0.0,0.0,0.0,71.0,22.0,7.5,24.0,1,73.0
15,2001,7,19,0.61,0.48,0.0,0.16,87.0,29.0,8.3,90.0,7,85.0
15,2008,3,21,0.0,0.02,0.0,0.19,71.0,22.0,7.5,24.0,8,73.0
15,2001,10,5,0.36,0.28,0.0,0.09,64.0,17.0,8.7,13.0,1,75.5
27,2013,1,19,0.0,0.0,0.02,0.0,71.0,22.0,7.5,24.0,8,73.0
28,2004,3,26,0.1,0.03,0.0,0.0,79.0,12.0,9.0,6.0,1,84.5
4,2007,1,2,0.28,0.01,0.0,0.02,71.0,22.0,7.5,24.0,1,73.0
25,2010,0,24,0.46,0.01,0.0,0.03,71.0,22.0,7.5,24.0,1,73.0
27,2012,0,10,0.28,0.09,0.0,0.03,71.0,22.0,7.4,30.0,5,72.5
4,2006,4,26,0.12,0.0,0.0,0.01,72.0,4.0,7.5,24.0,1,73.5
14,1997,3,19,1.18,0.27,0.0,0.05,71.0,22.0,7.5,24.0,8,73.0
15,2002,7,3,0.23,0.18,0.2,0.06,76.0,24.0,8.9,81.0,7,82.5
25,2010,0,26,0.06,0.03,0.0,0.01,47.0,11.0,7.5,24.0,7,61.0
12,2012,0,19,0.0,0.06,0.0,0.01,83.0,30.0,8.0,1473.0,7,81.5
12,2015,10,12,0.0,0.04,0.0,0.0,76.0,12.0,4.3,286.0,1,59.5
17,2016,0,19,0.02,0.0,0.0,0.0,79.0,9.0,8.5,15.0,5,82.0
15,2005,3,21,0.27,0.02,0.0,1.02,78.0,22.0,8.3,6.0,7,80.5
7,2002,10,19,0.2,0.05,0.0,0.01,71.0,22.0,7.5,24.0,8,73.0
18,2009,10,10,0.19,0.0,0.0,0.02,71.0,22.0,7.5,24.0,1,73.0
2,2013,0,12,0.0,0.0,0.19,0.0,71.0,22.0,7.5,24.0,1,73.0
16,2009,0,3,0.12,0.05,0.0,0.03,65.0,52.0,6.1,27.0,5,63.0
4,2008,5,19,0.15,0.02,0.0,0.01,71.0,22.0,7.5,24.0,1,73.0
14,1996,5,12,0.0,0.0,0.09,0.01,71.0,22.0,7.5,24.0,8,73.0
19,2016,7,25,0.0,0.0,0.03,0.0,71.0,22.0,7.5,24.0,7,73.0
15,2006,7,12,0.08,0.06,0.19,0.02,76.0,43.0,7.6,109.0,7,76.0
28,2005,0,15,0.23,0.07,0.0,0.01,78.0,37.0,6.6,19.0,5,72.0
27,2011,10,19,0.0,0.02,0.0,0.0,71.0,22.0,7.5,24.0,7,73.0
27,2008,6,4,0.11,0.2,0.0,0.04,68.0,20.0,5.6,12.0,1,62.0
2,2012,10,17,0.26,0.29,0.34,0.05,69.0,58.0,6.9,110.0,1,69.0
4,2011,3,19,0.07,0.0,0.0,0.0,71.0,22.0,7.5,24.0,1,73.0
16,2007,10,10,0.89,0.0,0.0,0.08,81.0,31.0,5.3,33.0,1,67.0
15,2009,0,29,0.14,0.03,0.0,0.16,71.0,22.0,7.5,24.0,8,73.0
14,1999,6,12,0.06,0.04,0.0,0.01,46.0,4.0,7.5,24.0,1,60.5
4,2008,1,25,0.0,0.0,0.07,0.0,71.0,22.0,7.5,24.0,8,73.0
4,2007,5,17,1.21,2.43,1.03,0.52,85.0,72.0,8.6,147.0,1,85.5
18,2007,7,19,0.05,0.0,0.0,0.0,52.0,6.0,7.4,12.0,7,63.0
25,2010,3,26,0.0,0.16,0.0,0.02,71.0,22.0,7.5,24.0,8,73.0
0,1982,0,19,0.5,0.03,0.0,0.01,71.0,22.0,7.5,24.0,8,73.0
22,1996,11,17,0.0,0.0,0.58,0.0,71.0,22.0,7.5,24.0,8,73.0
16,2014,8,19,0.01,0.04,0.0,0.01,43.0,12.0,6.0,75.0,5,51.5
16,2008,0,26,0.43,0.69,0.01,0.26,85.0,49.0,6.4,241.0,5,74.5
7,2004,1,5,0.04,0.01,0.0,0.0,77.0,34.0,8.5,13.0,7,81.0
20,1996,5,20,0.0,0.0,0.15,0.0,71.0,22.0,7.5,24.0,8,73.0
15,2004,4,2,0.1,0.08,0.0,0.03,70.0,34.0,8.9,12.0,1,79.5
9,1999,8,1,0.3,0.06,0.0,0.0,71.0,22.0,7.5,24.0,8,73.0
14,1998,6,19,0.0,0.0,0.36,0.03,71.0,22.0,7.5,24.0,8,73.0
17,2015,7,25,0.0,0.0,0.08,0.0,71.0,22.0,7.5,24.0,8,73.0
19,2015,7,19,0.0,0.0,0.07,0.0,71.0,22.0,7.5,24.0,8,73.0
25,2007,10,2,0.58,0.0,0.0,0.05,71.0,22.0,7.5,24.0,7,73.0
15,2009,10,25,0.0,0.0,0.03,0.0,71.0,22.0,7.5,24.0,8,73.0
29,2016,11,24,0.02,0.02,0.0,0.0,87.0,17.0,8.1,40.0,7,84.0
9,1998,0,26,0.13,0.03,0.0,0.0,71.0,22.0,7.5,24.0,8,73.0
4,2009,10,13,0.07,0.0,0.0,0.01,71.0,22.0,8.2,5.0,1,76.5
19,2012,3,19,0.0,0.0,0.01,0.0,71.0,22.0,7.5,24.0,8,73.0
4,2008,5,19,0.0,0.01,0.0,0.0,71.0,22.0,7.5,24.0,8,73.0
27,2006,7,14,0.3,0.32,0.21,0.08,79.0,56.0,7.8,161.0,7,78.5
28,2002,10,20,0.13,0.04,0.0,0.01,87.0,18.0,7.5,24.0,1,81.0
2,2011,0,29,0.08,0.02,0.0,0.01,71.0,22.0,7.5,24.0,8,73.0
25,2011,3,19,0.43,0.0,0.0,0.03,71.0,22.0,7.5,24.0,2,73.0
17,2015,8,19,0.03,0.02,0.0,0.01,64.0,40.0,7.9,51.0,5,71.5
15,2008,1,19,0.0,0.0,0.02,0.0,71.0,22.0,7.5,24.0,8,73.0
28,2003,6,1,0.04,0.01,0.0,0.0,60.0,16.0,8.8,4.0,1,74.0
25,2007,6,15,0.1,0.01,0.0,0.01,25.0,7.0,3.7,18.0,1,31.0
15,2002,0,24,8.41,5.49,0.47,1.78,95.0,62.0,8.7,730.0,5,91.0
25,2010,3,8,0.38,0.17,0.0,0.05,71.0,22.0,7.5,24.0,1,73.0
25,2008,10,23,0.45,1.02,0.0,0.2,44.0,17.0,8.0,41.0,1,62.0
9,1998,8,19,0.07,0.02,0.0,0.0,71.0,22.0,7.5,24.0,8,73.0
12,2011,9,10,0.05,0.08,0.0,0.02,71.0,22.0,7.5,24.0,8,73.0
18,2006,10,21,0.07,0.0,0.0,0.01,72.0,44.0,7.5,24.0,1,73.5
25,2009,6,19,0.01,0.05,0.0,0.01,37.0,14.0,3.8,11.0,1,37.5
6,2003,10,19,0.01,0.01,0.0,0.0,67.0,7.0,7.5,24.0,1,71.0
15,2004,0,23,0.35,0.27,0.0,0.09,49.0,6.0,6.2,5.0,1,55.5
28,2004,8,26,0.07,0.02,0.0,0.0,71.0,22.0,7.5,24.0,5,73.0
7,2002,4,23,0.15,0.04,0.0,0.01,66.0,4.0,8.3,10.0,1,74.5
27,2010,1,19,0.0,0.0,0.01,0.0,71.0,22.0,7.5,24.0,8,73.0
7,2004,4,10,0.15,0.04,0.0,0.01,70.0,20.0,8.6,11.0,1,78.0
4,2005,10,19,0.02,0.0,0.0,0.0,71.0,22.0,7.5,24.0,8,73.0
15,2007,1,12,0.23,0.18,0.0,0.06,71.0,22.0,8.9,9.0,5,80.0
20,1997,4,20,0.0,0.0,0.12,0.0,71.0,22.0,7.5,24.0,8,73.0
14,1997,6,5,0.07,2.0,0.02,0.18,71.0,22.0,7.5,24.0,8,73.0
6,2002,6,19,0.01,0.01,0.0,0.0,71.0,22.0,7.5,24.0,1,73.0
12,2013,1,19,0.0,0.06,0.0,0.0,80.0,34.0,7.9,171.0,8,79.5
4,2010,9,17,0.25,0.0,0.0,0.02,87.0,4.0,5.6,9.0,1,71.5
7,2002,5,3,1.11,0.31,0.06,0.04,87.0,34.0,8.5,51.0,1,86.0
25,2007,10,10,0.93,0.01,0.0,0.08,72.0,24.0,7.0,22.0,1,71.0
27,2011,0,26,2.25,1.47,0.04,0.43,80.0,77.0,7.2,564.0,5,76.0
2,2016,0,19,0.0,0.0,0.03,0.0,71.0,22.0,7.5,24.0,8,73.0
7,2004,7,10,0.22,0.06,0.0,0.01,74.0,25.0,7.8,19.0,7,76.0
4,2007,6,23,0.63,0.0,0.0,0.05,69.0,7.0,6.8,5.0,1,68.5
28,2006,10,10,0.16,0.35,0.0,0.04,71.0,22.0,7.5,24.0,8,73.0
15,2008,4,28,0.25,0.19,0.0,0.06,73.0,7.0,6.5,36.0,2,69.0
16,2007,0,2,0.32,0.03,0.01,0.04,71.0,22.0,7.5,24.0,8,73.0
4,2010,7,19,0.19,0.0,0.09,0.01,85.0,30.0,9.0,81.0,2,87.5
15,2007,8,19,0.0,0.0,0.01,0.0,80.0,20.0,8.1,16.0,7,80.5
0,1987,0,2,0.44,0.02,0.0,0.0,71.0,22.0,7.5,24.0,8,73.0
4,2007,3,4,0.0,0.0,0.06,0.0,71.0,22.0,7.5,24.0,8,73.0
27,2011,8,19,0.82,0.6,0.03,0.15,81.0,77.0,6.7,559.0,5,74.0
16,2012,2,19,0.3,0.11,0.24,0.07,86.0,47.0,7.7,180.0,7,81.5
18,2008,10,21,0.16,0.0,0.0,0.01,79.0,9.0,7.4,7.0,1,76.5
18,2006,3,24,0.04,0.0,0.0,0.0,68.0,14.0,7.5,24.0,7,71.5
12,1998,11,2,0.0,0.04,0.0,0.01,88.0,15.0,9.1,813.0,7,89.5
15,2003,8,10,0.09,0.07,0.0,0.02,62.0,19.0,8.3,7.0,5,72.5
28,2003,6,3,0.1,0.03,0.0,0.0,74.0,26.0,9.1,7.0,1,82.5
12,2010,6,2,0.01,0.04,0.0,0.01,81.0,24.0,7.4,177.0,2,77.5
15,2000,2,15,0.4,0.31,0.0,0.1,75.0,20.0,7.5,24.0,7,75.0
28,2005,1,12,0.01,0.0,0.0,0.0,71.0,22.0,7.5,24.0,8,73.0
7,2003,0,19,0.15,0.04,0.0,0.01,71.0,26.0,7.4,7.0,7,72.5
15,2010,10,10,0.41,0.02,0.0,0.07,71.0,22.0,7.0,4.0,1,70.5
2,2015,7,22,0.0,0.0,0.86,0.0,71.0,22.0,7.5,24.0,7,73.0
29,2015,8,0,0.09,0.07,0.0,0.02,71.0,22.0,7.5,24.0,8,73.0
19,2013,7,19,0.1,0.0,0.1,0.02,71.0,22.0,7.5,24.0,8,73.0
14,1996,4,21,3.23,2.35,0.94,0.3,71.0,22.0,7.5,24.0,8,73.0
15,2006,0,10,0.89,0.03,0.01,0.15,75.0,56.0,8.3,99.0,5,79.0
28,2005,6,24,0.07,0.02,0.0,0.0,55.0,13.0,7.5,24.0,1,65.0
6,2002,3,12,0.46,0.17,0.0,0.01,78.0,10.0,7.5,24.0,1,76.5
14,1998,0,2,0.25,0.17,0.0,0.03,71.0,22.0,7.5,24.0,8,73.0
16,2013,7,18,0.0,0.0,0.02,0.0,69.0,22.0,7.9,25.0,7,74.0
12,2014,0,19,0.0,0.03,0.0,0.0,71.0,22.0,7.5,24.0,8,73.0
25,2009,0,26,0.32,0.32,0.0,0.07,71.0,22.0,7.5,24.0,8,73.0
4,2011,0,2,0.05,0.01,0.0,0.01,71.0,22.0,7.5,24.0,2,73.0
25,2009,11,19,0.05,0.0,0.0,0.0,66.0,4.0,7.5,24.0,1,70.5
28,2005,10,24,0.04,0.01,0.0,0.0,44.0,14.0,7.5,24.0,7,59.5
18,2011,1,11,0.0,0.0,0.02,0.0,71.0,22.0,7.5,24.0,8,73.0
25,2009,3,26,0.27,0.09,0.0,0.04,43.0,7.0,7.1,7.0,2,57.0
18,2007,0,12,0.22,0.15,0.04,0.1,78.0,40.0,7.8,107.0,5,78.0
18,2007,10,21,0.26,0.0,0.0,0.02,82.0,12.0,7.2,10.0,1,77.0
9,1999,0,19,0.39,0.09,0.07,0.01,71.0,22.0,7.5,24.0,8,73.0
19,2013,0,29,0.11,0.29,0.0,0.11,71.0,22.0,7.5,24.0,8,73.0
14,1997,6,19,0.0,0.0,0.23,0.02,71.0,22.0,7.5,24.0,8,73.0
15,2007,3,12,0.0,0.0,0.03,0.0,71.0,22.0,7.5,24.0,8,73.0
25,2009,0,4,0.46,0.31,0.2,0.09,75.0,55.0,8.0,60.0,5,77.5
12,2015,1,19,0.0,0.03,0.0,0.0,71.0,22.0,7.5,24.0,8,73.0
17,2016,3,25,0.01,0.0,0.05,0.0,71.0,22.0,7.5,24.0,8,73.0
2,2015,0,2,0.0,0.03,0.0,0.0,71.0,22.0,8.8,4.0,1,79.5
7,2003,1,26,0.06,0.01,0.0,0.0,71.0,22.0,7.5,24.0,8,73.0
4,2011,3,23,0.07,0.03,0.0,0.01,71.0,22.0,7.5,24.0,1,73.0
12,2015,0,26,0.11,0.09,0.0,0.02,74.0,14.0,5.9,544.0,5,66.5
14,1998,6,19,0.0,0.0,0.05,0.0,71.0,22.0,7.5,24.0,8,73.0
18,2009,0,3,0.16,0.01,0.0,0.02,54.0,13.0,4.7,13.0,2,50.5
20,1995,10,20,0.0,0.0,0.22,0.0,71.0,22.0,7.5,24.0,8,73.0
17,2015,0,2,0.1,0.09,0.0,0.04,77.0,50.0,7.5,160.0,7,76.0
2,2013,0,8,0.17,0.1,0.0,0.02,71.0,22.0,7.5,24.0,8,73.0
19,2011,3,26,0.04,0.03,0.0,0.02,57.0,27.0,5.8,19.0,2,57.5
6,2006,7,17,0.0,0.0,0.39,0.01,71.0,22.0,7.5,24.0,8,73.0
4,2007,3,19,0.0,0.0,0.1,0.0,71.0,22.0,7.5,24.0,8,73.0
22,1993,2,1,1.48,0.39,0.0,0.06,71.0,22.0,7.5,24.0,8,73.0
27,2010,10,10,2.38,0.12,0.0,0.18,84.0,47.0,5.7,120.0,1,70.5
29,2015,1,0,0.03,0.01,0.0,0.0,81.0,6.0,8.9,26.0,7,85.0
19,2011,8,21,0.53,0.66,0.13,0.22,80.0,80.0,7.4,770.0,7,77.0
15,2007,2,21,0.0,0.0,0.06,0.0,71.0,22.0,7.5,24.0,8,73.0
2,2011,0,10,0.09,0.09,0.0,0.02,65.0,9.0,6.0,26.0,2,62.5
15,2004,7,19,0.03,0.02,0.0,0.01,71.0,22.0,7.5,24.0,8,73.0
27,2009,3,19,0.11,0.0,0.0,0.01,83.0,18.0,8.3,16.0,2,83.0
16,2011,0,19,0.12,0.08,0.02,0.03,57.0,34.0,6.2,70.0,5,59.5
18,2008,5,19,0.06,0.0,0.0,0.01,74.0,6.0,7.5,24.0,1,74.5
4,2005,11,13,0.06,0.0,0.0,0.0,71.0,22.0,7.5,24.0,8,73.0
14,2001,0,19,0.06,0.04,0.0,0.01,71.0,22.0,7.5,24.0,8,73.0
22,1996,7,19,0.0,0.0,0.62,0.0,71.0,22.0,7.5,24.0,8,73.0
16,2013,4,19,0.35,0.12,0.0,0.08,75.0,69.0,8.3,343.0,2,79.0
22,1993,7,19,0.0,0.0,1.17,0.0,71.0,22.0,7.5,24.0,8,73.0
14,1997,0,19,0.02,0.01,0.0,0.0,71.0,22.0,7.5,24.0,8,73.0
4,2006,3,19,0.0,0.0,0.16,0.0,71.0,22.0,7.5,24.0,8,73.0
15,2005,0,24,1.3,0.23,0.0,0.07,71.0,22.0,7.5,24.0,8,73.0
15,2001,10,10,0.31,0.24,0.0,0.08,82.0,17.0,5.8,28.0,1,70.0
28,2004,6,14,0.18,0.08,0.0,0.01,87.0,69.0,9.1,33.0,1,89.0
16,2012,3,16,0.0,0.0,0.03,0.0,71.0,22.0,7.5,24.0,8,73.0
4,2008,7,17,0.0,0.13,0.38,0.02,71.0,22.0,7.5,24.0,8,73.0
27,2009,10,3,0.1,0.0,0.0,0.01,71.0,22.0,7.5,24.0,8,73.0
22,1993,3,19,0.0,0.0,0.05,0.0,71.0,22.0,7.5,24.0,8,73.0
15,2010,10,10,0.11,0.29,0.0,0.36,71.0,22.0,6.6,7.0,1,68.5
28,2003,0,14,0.11,0.03,0.0,0.01,66.0,42.0,7.3,28.0,1,69.5
5,1997,9,16,0.0,0.0,1.44,0.01,71.0,22.0,7.5,24.0,8,73.0
29,2015,3,14,0.49,0.22,0.01,0.07,84.0,75.0,7.7,325.0,5,80.5
15,2006,0,19,0.0,0.0,0.13,0.0,71.0,22.0,7.5,24.0,8,73.0
7,2002,2,3,0.55,0.14,0.0,0.02,73.0,30.0,7.8,23.0,7,75.5
6,2003,0,2,0.01,0.0,0.0,0.0,67.0,10.0,7.6,5.0,7,71.5
18,2006,0,16,0.06,0.0,0.0,0.01,55.0,8.0,7.4,8.0,7,64.5
25,2011,0,4,0.0,0.0,0.13,0.0,71.0,22.0,7.5,24.0,8,73.0
16,2010,6,20,0.36,0.43,0.0,0.16,71.0,22.0,7.5,24.0,8,73.0
4,2009,5,19,0.04,0.0,0.0,0.0,71.0,22.0,7.5,24.0,1,73.0
15,2002,6,19,0.25,0.2,0.0,0.07,53.0,17.0,8.4,8.0,1,68.5
15,2007,2,19,0.0,0.0,0.01,0.0,71.0,22.0,7.5,24.0,8,73.0
6,2003,9,19,0.04,0.01,0.0,0.0,70.0,8.0,8.3,7.0,7,76.5
4,2009,1,16,0.0,0.0,0.04,0.0,71.0,22.0,7.5,24.0,8,73.0
25,2012,7,19,0.0,0.0,0.1,0.0,71.0,22.0,7.5,24.0,8,73.0
4,2011,6,6,0.09,0.03,0.0,0.01,71.0,22.0,7.5,24.0,1,73.0
16,2008,3,8,0.28,0.06,0.0,0.04,54.0,11.0,3.5,6.0,1,44.5
27,2009,6,2,0.14,0.09,0.0,0.02,71.0,22.0,6.0,4.0,1,65.5
12,2015,6,19,0.0,0.12,0.0,0.01,83.0,48.0,7.1,418.0,1,77.0
14,1997,7,19,0.0,0.0,1.14,0.08,71.0,22.0,7.5,24.0,8,73.0
25,2010,3,19,0.03,0.0,0.0,0.0,71.0,22.0,7.5,24.0,1,73.0
6,2005,3,19,0.09,0.03,0.0,0.0,71.0,22.0,7.5,24.0,1,73.0
28,2002,5,19,0.01,0.0,0.0,0.0,42.0,6.0,7.5,24.0,1,58.5
25,2013,3,26,1.88,1.39,0.0,0.31,71.0,22.0,6.2,10.0,2,66.5
12,2004,7,2,0.08,6.21,0.0,0.0,93.0,57.0,7.3,2182.0,7,83.0
6,2001,6,12,0.09,0.03,0.04,0.0,78.0,9.0,7.5,24.0,1,76.5
12,2011,1,10,0.0,0.1,0.0,0.02,75.0,29.0,8.4,559.0,5,79.5
4,2006,3,17,0.59,1.79,0.73,0.34,83.0,30.0,8.4,28.0,1,83.5
15,2002,1,12,0.0,0.0,0.08,0.0,71.0,22.0,7.5,24.0,8,73.0
27,2009,1,19,0.0,0.0,0.02,0.0,71.0,22.0,7.5,24.0,8,73.0
16,2010,3,10,0.16,0.17,0.0,0.06,64.0,11.0,6.1,9.0,1,62.5
14,1997,0,1,0.01,0.01,0.0,0.0,71.0,22.0,7.5,24.0,8,73.0
15,2006,10,19,0.01,0.01,0.0,0.0,71.0,22.0,6.6,5.0,1,68.5
16,2011,2,4,0.81,0.28,0.11,0.14,84.0,56.0,7.3,147.0,7,78.5
2,2016,0,29,0.04,0.07,0.01,0.01,71.0,22.0,7.8,9.0,2,74.5
14,1995,9,21,0.92,0.33,0.52,0.05,71.0,22.0,7.5,24.0,8,73.0
18,2007,11,19,0.04,0.0,0.0,0.0,71.0,22.0,7.5,24.0,8,73.0
14,2002,7,19,0.0,0.0,0.3,0.02,71.0,22.0,7.5,24.0,8,73.0
25,2013,10,10,0.0,0.36,0.0,0.02,71.0,22.0,4.3,19.0,1,57.0
27,2009,1,19,0.11,0.03,0.0,0.01,62.0,24.0,6.8,14.0,7,65.0
27,2015,4,2,0.08,0.0,0.0,0.01,71.0,22.0,3.4,20.0,1,52.5
16,2012,0,2,0.36,0.49,0.0,0.2,77.0,21.0,6.3,18.0,2,70.0
28,2003,8,26,0.61,0.24,0.0,0.03,81.0,33.0,8.8,17.0,5,84.5
2,2012,0,29,0.56,0.01,0.0,0.05,73.0,13.0,7.4,21.0,2,73.5
19,2014,1,19,0.0,0.0,0.02,0.0,71.0,22.0,7.5,24.0,8,73.0
28,2003,8,19,0.09,0.03,0.0,0.0,79.0,41.0,7.2,15.0,7,75.5
19,2015,0,19,0.0,0.02,0.01,0.01,71.0,22.0,8.1,10.0,5,76.0
26,2015,4,17,0.22,0.13,0.12,0.04,73.0,72.0,8.0,227.0,1,76.5
12,2016,1,19,0.0,0.02,0.0,0.0,66.0,15.0,8.5,144.0,8,75.5
15,2002,6,19,0.52,0.4,0.0,0.14,63.0,9.0,8.8,10.0,7,75.5
16,2011,10,19,0.0,0.02,0.0,0.0,71.0,22.0,7.5,24.0,8,73.0
6,2001,8,23,0.33,0.12,0.0,0.01,53.0,15.0,7.5,24.0,1,64.0
14,1997,2,16,0.0,0.0,0.13,0.01,71.0,22.0,7.5,24.0,8,73.0
15,2000,2,19,0.32,0.25,0.2,0.08,64.0,17.0,7.9,31.0,7,71.5
28,2003,0,1,0.04,0.01,0.0,0.0,65.0,25.0,7.1,7.0,5,68.0
15,2008,10,10,0.14,0.11,0.0,0.04,55.0,4.0,7.5,24.0,1,65.0
14,1997,10,19,0.0,0.0,1.96,0.14,71.0,22.0,7.5,24.0,8,73.0
25,2010,0,2,0.12,0.09,0.0,0.02,75.0,13.0,7.7,15.0,7,76.0
28,2005,3,15,0.06,0.02,0.0,0.0,68.0,29.0,7.5,24.0,1,71.5
18,2008,11,16,0.0,0.0,0.18,0.0,71.0,22.0,7.5,24.0,8,73.0
16,2014,10,12,0.0,0.0,0.17,0.0,71.0,22.0,7.5,24.0,8,73.0
4,2007,3,12,0.0,0.0,0.02,0.0,71.0,22.0,7.5,24.0,1,73.0
6,2005,0,23,0.22,0.08,0.0,0.01,71.0,22.0,7.5,24.0,8,73.0
27,2009,10,10,0.87,0.0,0.0,0.07,83.0,26.0,6.7,37.0,1,75.0
14,1999,7,19,0.1,0.07,0.71,0.06,71.0,22.0,7.5,24.0,8,73.0
25,2009,7,4,0.0,0.0,0.25,0.0,71.0,22.0,7.5,24.0,8,73.0
14,1999,0,19,0.27,0.18,0.0,0.03,71.0,22.0,7.5,24.0,8,73.0
15,2005,8,10,0.37,0.01,0.0,0.06,80.0,42.0,8.5,65.0,7,82.5
15,2005,8,10,0.89,0.69,0.09,0.21,71.0,22.0,7.5,24.0,8,73.0
4,2010,11,17,0.0,0.0,0.27,0.0,71.0,22.0,7.5,24.0,8,73.0
16,2008,6,8,0.42,0.33,0.0,0.14,83.0,43.0,7.8,30.0,1,80.5
15,2003,9,25,0.05,0.04,0.0,0.01,67.0,17.0,8.9,23.0,7,78.0
25,2011,3,19,0.0,0.06,0.0,0.01,71.0,22.0,7.5,24.0,8,73.0
14,1995,10,19,0.07,0.05,0.0,0.01,71.0,22.0,7.5,24.0,8,73.0
25,2007,10,2,0.22,0.01,0.0,0.02,57.0,8.0,6.2,19.0,7,59.5
16,2012,3,26,0.26,0.11,0.0,0.06,77.0,5.0,7.1,29.0,2,74.0
6,2003,4,28,0.14,0.05,0.0,0.0,67.0,6.0,9.2,17.0,1,79.5
27,2008,0,23,0.08,0.04,0.0,0.01,71.0,22.0,7.5,24.0,8,73.0
28,2006,10,15,0.04,0.01,0.0,0.0,59.0,15.0,7.5,24.0,2,67.0
15,2002,1,19,0.0,0.0,0.02,0.0,71.0,22.0,7.5,24.0,8,73.0
25,2007,8,10,0.33,0.04,0.01,0.03,73.0,37.0,7.6,82.0,7,74.5
12,2004,11,3,0.01,0.22,0.0,0.04,81.0,39.0,5.0,346.0,1,65.5
7,2003,10,10,0.05,0.01,0.0,0.0,83.0,17.0,6.2,12.0,1,72.5
4,2008,3,17,0.55,0.5,1.93,0.13,83.0,48.0,9.0,63.0,1,86.5
28,2005,0,26,0.33,0.22,0.0,0.03,85.0,46.0,8.4,28.0,5,84.5
18,2005,5,21,0.11,0.0,0.0,0.01,71.0,22.0,7.5,24.0,8,73.0
25,2009,5,19,0.03,0.0,0.0,0.0,71.0,22.0,7.5,24.0,8,73.0
12,2016,11,19,0.0,0.05,0.0,0.0,83.0,36.0,6.9,306.0,8,76.0
4,2010,10,2,0.11,0.0,0.0,0.01,71.0,22.0,7.5,24.0,7,73.0
18,2006,1,16,0.0,0.0,0.05,0.0,71.0,22.0,7.5,24.0,8,73.0
20,1996,8,20,0.0,0.0,0.3,0.0,71.0,22.0,7.5,24.0,8,73.0
14,1998,2,23,1.1,0.48,0.04,0.07,71.0,22.0,7.5,24.0,8,73.0
14,1996,4,19,0.04,0.03,0.0,0.01,71.0,22.0,7.5,24.0,8,73.0
18,2006,6,5,0.03,0.0,0.0,0.0,81.0,16.0,8.5,6.0,7,83.0
15,2004,3,21,0.26,0.2,0.0,0.07,71.0,22.0,7.5,24.0,8,73.0
20,1997,0,4,0.0,0.0,0.07,0.0,71.0,22.0,7.5,24.0,8,73.0
14,1999,7,19,0.62,0.42,0.69,0.12,94.0,16.0,8.1,297.0,7,87.5
15,2009,1,9,0.0,0.21,0.0,0.04,71.0,22.0,7.5,24.0,8,73.0
27,2008,9,26,0.06,0.01,0.07,0.01,64.0,22.0,7.7,38.0,7,70.5
18,2004,5,26,0.52,0.35,0.0,0.23,71.0,22.0,7.5,24.0,8,73.0
20,1998,1,19,0.0,0.0,0.02,0.0,71.0,22.0,7.5,24.0,8,73.0
15,2008,6,19,0.01,0.01,0.0,0.0,71.0,22.0,7.5,24.0,2,73.0
12,2010,1,19,0.0,0.02,0.0,0.0,71.0,22.0,7.5,24.0,8,73.0
12,2003,1,26,0.0,0.02,0.0,0.0,79.0,22.0,7.6,29.0,1,77.5
12,2007,6,10,0.0,0.04,0.0,0.01,70.0,18.0,5.9,163.0,2,64.5
27,2011,8,10,0.61,0.32,0.01,0.08,84.0,83.0,7.6,439.0,5,80.0
14,1998,2,23,1.42,0.36,0.03,0.07,71.0,22.0,7.5,24.0,8,73.0
6,2001,7,26,0.14,0.05,0.0,0.0,81.0,16.0,8.8,16.0,1,84.5
14,1998,11,19,0.02,0.01,0.0,0.0,71.0,22.0,7.5,24.0,8,73.0
4,2009,9,19,0.0,0.0,0.04,0.0,71.0,22.0,7.5,24.0,8,73.0
19,2016,1,19,0.0,0.0,0.01,0.0,71.0,22.0,7.5,24.0,8,73.0
27,2008,3,14,0.12,0.56,0.0,0.1,71.0,43.0,7.4,34.0,7,72.5
18,2006,4,4,0.07,0.0,0.0,0.01,72.0,49.0,7.7,18.0,2,74.5
15,2005,3,23,0.19,0.15,0.0,0.05,60.0,7.0,5.1,7.0,1,55.5
16,2011,3,2,0.11,0.0,0.0,0.01,71.0,22.0,7.5,24.0,2,73.0
27,2009,0,23,0.25,0.0,0.0,0.0,71.0,22.0,7.5,24.0,8,73.0
27,2010,2,19,0.0,0.0,0.03,0.0,71.0,22.0,7.5,24.0,8,73.0
4,2006,4,17,11.28,9.14,6.5,2.88,89.0,65.0,8.5,431.0,1,87.0
27,2014,0,2,0.07,0.0,0.0,0.01,71.0,22.0,7.5,24.0,8,73.0
28,2003,10,10,0.14,0.04,0.0,0.01,69.0,14.0,7.5,4.0,1,72.0
7,2003,2,10,0.19,0.05,0.0,0.01,81.0,22.0,8.5,8.0,7,83.0
15,2004,7,16,0.0,0.0,0.59,0.0,71.0,22.0,7.5,24.0,8,73.0
4,2010,6,19,0.1,0.0,0.0,0.01,47.0,4.0,7.5,24.0,1,61.0
29,2016,10,19,0.05,0.0,0.0,0.01,71.0,22.0,7.5,24.0,8,73.0
28,2004,8,2,0.78,0.4,0.0,0.04,73.0,55.0,7.8,22.0,7,75.5
9,1998,6,19,0.46,0.96,0.09,0.08,71.0,22.0,7.5,24.0,8,73.0
19,2015,1,19,0.0,0.0,0.03,0.0,71.0,22.0,7.5,24.0,8,73.0
4,2007,9,0,1.6,1.49,0.1,0.39,70.0,39.0,8.0,9.0,1,75.0
25,2009,6,23,0.61,0.29,0.0,0.09,58.0,7.0,7.5,24.0,1,66.5
27,2006,0,19,0.55,0.03,0.0,0.05,81.0,50.0,8.0,45.0,2,80.5
0,1981,0,19,0.33,0.02,0.0,0.0,71.0,22.0,7.5,24.0,8,73.0
25,2010,10,19,0.21,0.0,0.0,0.01,71.0,22.0,7.5,24.0,7,73.0
6,2004,4,19,0.44,0.16,0.0,0.01,71.0,22.0,8.0,5.0,1,75.5
25,2010,10,24,0.76,0.09,0.0,0.06,71.0,22.0,7.5,24.0,1,73.0
4,2007,9,26,0.71,0.48,0.0,0.13,71.0,22.0,7.5,24.0,1,73.0
20,1996,3,19,0.0,0.0,0.02,0.0,71.0,22.0,7.5,24.0,8,73.0
28,2003,10,14,0.08,0.02,0.0,0.0,65.0,39.0,8.8,20.0,1,76.5
28,2006,0,26,0.06,0.02,0.0,0.0,71.0,22.0,7.5,24.0,8,73.0
27,2010,10,12,0.09,0.44,0.0,0.07,79.0,43.0,5.9,33.0,1,69.0
25,2009,6,30,0.05,0.01,0.0,0.01,71.0,22.0,7.5,24.0,1,73.0
12,2010,0,26,0.0,0.08,0.0,0.02,83.0,20.0,5.2,672.0,5,67.5
15,2007,0,2,0.4,0.02,0.0,0.07,56.0,18.0,6.1,9.0,2,58.5
18,2010,1,19,0.0,0.0,0.03,0.0,71.0,22.0,7.5,24.0,8,73.0
14,1996,3,21,0.02,0.01,0.12,0.01,71.0,22.0,7.5,24.0,8,73.0
14,2000,7,4,0.11,0.08,0.34,0.04,83.0,10.0,8.9,45.0,7,86.0
29,2016,8,19,0.44,0.25,0.0,0.07,71.0,22.0,7.5,24.0,8,73.0
12,2003,8,2,0.0,0.03,0.0,0.0,81.0,34.0,8.6,293.0,7,83.5
16,2014,8,2,0.68,0.56,0.12,0.25,71.0,22.0,4.5,445.0,7,58.0
19,2015,11,25,0.0,0.0,0.02,0.0,71.0,22.0,7.5,24.0,8,73.0
15,2007,3,19,0.92,0.04,0.0,0.15,69.0,50.0,6.3,31.0,7,66.0
17,2016,0,21,0.0,0.17,0.0,0.03,71.0,22.0,7.5,24.0,8,73.0
18,2011,7,25,0.0,0.0,0.04,0.0,71.0,22.0,7.5,24.0,8,73.0
19,2016,1,11,0.0,0.0,0.02,0.0,71.0,22.0,7.5,24.0,8,73.0
28,2004,9,19,0.03,0.01,0.0,0.0,41.0,21.0,4.0,10.0,1,40.5
2,2012,1,17,0.13,0.02,0.06,0.01,54.0,35.0,6.1,28.0,7,57.5
15,2006,10,19,0.37,0.01,0.0,0.06,70.0,19.0,5.2,27.0,1,61.0
28,2005,9,5,0.1,0.03,0.0,0.0,76.0,33.0,8.2,5.0,7,79.0
4,2009,8,19,0.05,0.0,0.0,0.0,78.0,39.0,8.2,26.0,1,80.0
18,2010,3,20,0.0,0.0,0.41,0.0,71.0,22.0,7.5,24.0,8,73.0
14,1998,0,19,0.07,0.05,0.0,0.01,71.0,22.0,7.5,24.0,8,73.0
12,2011,7,26,0.13,0.14,0.0,0.05,71.0,22.0,7.5,24.0,8,73.0
4,2009,1,6,0.0,0.0,0.01,0.0,71.0,22.0,7.5,24.0,8,73.0
6,2002,10,12,0.02,0.01,0.0,0.0,68.0,5.0,7.5,24.0,1,71.5
25,2008,8,10,0.91,0.09,0.0,0.09,66.0,13.0,4.4,7.0,2,55.0
28,2002,8,10,0.65,0.22,0.0,0.03,71.0,16.0,7.5,15.0,7,73.0
16,2006,3,12,0.0,0.0,0.03,0.0,71.0,22.0,7.5,24.0,8,73.0
6,2005,0,12,0.04,0.02,0.0,0.0,71.0,22.0,7.5,24.0,8,73.0
28,2002,0,16,0.36,0.11,0.0,0.02,66.0,7.0,7.5,24.0,1,70.5
9,1999,8,1,0.21,0.05,0.0,0.0,71.0,22.0,7.5,24.0,8,73.0
20,1996,10,20,0.0,0.0,0.26,0.0,71.0,22.0,7.5,24.0,8,73.0
4,2010,1,19,0.0,0.0,0.02,0.0,71.0,22.0,7.5,24.0,8,73.0
18,2009,7,16,0.0,0.0,0.02,0.0,71.0,22.0,7.5,24.0,8,73.0
22,1994,7,19,0.86,0.0,2.55,0.02,71.0,22.0,7.5,24.0,8,73.0
6,2002,7,17,0.61,0.27,0.27,0.07,86.0,29.0,9.5,150.0,1,90.5
4,2005,3,0,0.07,0.0,0.0,0.0,71.0,22.0,7.5,24.0,8,73.0
14,1995,8,12,0.0,0.0,0.08,0.01,71.0,22.0,7.5,24.0,8,73.0
4,2010,3,16,0.0,0.0,0.05,0.0,71.0,22.0,7.5,24.0,8,73.0
27,2009,6,10,0.0,0.03,0.0,0.0,71.0,22.0,7.5,24.0,8,73.0
4,2010,0,16,0.0,0.0,0.02,0.0,71.0,22.0,7.5,24.0,8,73.0
4,2008,1,16,0.0,0.0,0.19,0.0,71.0,22.0,7.5,24.0,8,73.0
19,2016,0,19,0.0,0.0,0.05,0.0,71.0,22.0,7.5,24.0,8,73.0
4,2010,1,19,0.05,0.02,0.0,0.01,71.0,22.0,7.5,24.0,8,73.0
19,2015,7,16,0.0,0.03,0.37,0.01,71.0,22.0,8.1,16.0,7,76.0
20,1995,6,20,0.0,0.0,0.14,0.0,71.0,22.0,7.5,24.0,8,73.0
25,2010,0,19,0.03,0.0,0.0,0.0,71.0,22.0,7.5,24.0,2,73.0
19,2014,0,25,0.0,0.0,0.11,0.0,76.0,5.0,8.6,18.0,7,81.0
15,2001,10,10,0.52,0.4,0.04,0.13,74.0,18.0,7.5,24.0,1,74.5
16,2012,0,21,0.67,0.07,0.0,0.08,71.0,22.0,7.5,24.0,8,73.0
16,2010,10,10,0.61,3.28,0.06,1.12,89.0,51.0,8.0,233.0,1,84.5
15,2006,10,2,0.02,0.02,0.0,0.01,46.0,5.0,7.5,24.0,7,60.5
27,2009,2,16,0.36,0.08,0.02,0.04,56.0,29.0,7.5,33.0,7,65.5
4,2006,4,28,0.33,0.01,0.0,0.03,68.0,10.0,6.8,8.0,1,68.0
16,2010,8,22,0.09,0.06,0.11,0.03,58.0,42.0,6.0,30.0,7,59.0
17,2016,6,0,0.0,0.05,0.0,0.01,73.0,35.0,6.2,70.0,1,67.5
25,2010,1,26,0.21,0.46,0.0,0.08,62.0,24.0,7.6,14.0,2,69.0
15,2008,10,19,0.0,0.0,0.0,0.18,71.0,22.0,7.5,24.0,1,73.0
6,2003,7,19,0.02,0.01,0.0,0.0,77.0,20.0,8.1,19.0,2,79.0
14,2001,0,10,1.37,2.0,0.14,0.22,64.0,11.0,7.5,41.0,1,69.5
14,1999,11,19,0.1,0.07,0.31,0.03,71.0,22.0,7.5,24.0,8,73.0
16,2013,0,29,0.77,0.76,0.01,0.29,82.0,22.0,7.9,76.0,2,80.5
2,2014,10,16,0.0,0.0,0.1,0.0,71.0,22.0,7.5,24.0,8,73.0
6,2005,0,9,0.82,0.3,0.0,0.02,71.0,22.0,7.5,24.0,8,73.0
25,2008,6,19,0.0,0.0,0.01,0.0,71.0,22.0,7.5,24.0,8,73.0
28,2004,6,30,0.11,0.03,0.0,0.01,44.0,6.0,5.9,9.0,7,51.5
18,2006,3,20,0.0,0.0,0.09,0.0,71.0,22.0,7.5,24.0,8,73.0
4,2010,11,19,0.02,0.0,0.0,0.0,71.0,22.0,7.5,24.0,2,73.0
28,2002,8,26,1.23,0.46,0.0,0.07,84.0,29.0,6.1,27.0,5,72.5
7,2005,10,10,0.25,0.07,0.0,0.01,88.0,20.0,8.7,16.0,1,87.5
6,2003,4,19,0.03,0.01,0.0,0.0,71.0,22.0,7.5,24.0,8,73.0
18,2008,7,19,0.09,0.0,0.12,0.01,50.0,13.0,5.4,13.0,2,52.0
4,2010,10,19,0.01,0.0,0.02,0.0,71.0,22.0,7.5,24.0,7,73.0
20,1996,11,20,0.0,0.0,0.3,0.0,71.0,22.0,7.5,24.0,8,73.0
2,2015,0,19,0.0,0.0,0.03,0.0,71.0,22.0,7.5,24.0,8,73.0
12,2007,0,26,0.0,0.02,0.0,0.0,76.0,15.0,7.4,242.0,5,75.0
9,1999,10,17,0.2,0.05,0.0,0.0,71.0,22.0,7.5,24.0,8,73.0
4,2010,3,26,0.0,0.57,0.0,0.09,71.0,22.0,7.5,24.0,8,73.0
18,2006,5,19,0.03,0.0,0.0,0.0,47.0,5.0,7.5,24.0,1,61.0
18,2006,2,13,0.13,0.0,0.02,0.01,77.0,17.0,6.6,8.0,7,71.5
20,1995,0,16,0.0,0.0,0.41,0.0,71.0,22.0,7.5,24.0,8,73.0
25,2008,4,17,0.23,0.17,0.14,0.05,71.0,22.0,7.5,24.0,8,73.0
16,2014,7,19,0.03,0.0,0.02,0.01,64.0,11.0,6.4,17.0,7,64.0
25,2010,10,24,0.23,0.02,0.0,0.02,62.0,12.0,5.8,4.0,2,60.0
28,2004,3,19,0.06,0.02,0.0,0.0,71.0,22.0,7.5,24.0,8,73.0
6,2002,2,3,0.2,0.07,0.0,0.01,71.0,22.0,7.5,24.0,8,73.0
25,2008,3,8,0.37,0.16,0.01,0.06,71.0,22.0,7.5,24.0,8,73.0
6,2003,10,10,0.04,0.01,0.0,0.0,82.0,4.0,7.9,9.0,1,80.5
15,2007,10,10,0.02,0.01,0.0,0.0,74.0,21.0,7.4,25.0,1,74.0
15,2006,3,19,0.01,0.0,0.0,0.0,37.0,6.0,7.5,24.0,1,56.0
12,2006,0,9,0.0,0.01,0.0,0.0,82.0,31.0,7.9,244.0,7,80.5
17,2015,0,16,0.0,0.0,0.08,0.0,70.0,18.0,7.8,44.0,7,74.0
25,2008,2,19,0.0,0.0,0.07,0.0,71.0,22.0,7.5,24.0,8,73.0
25,2008,5,7,0.04,0.12,0.0,0.02,63.0,12.0,7.7,7.0,1,70.0
16,2013,7,18,0.02,0.01,0.04,0.01,57.0,26.0,6.4,56.0,7,60.5
17,2016,0,19,0.06,0.0,0.0,0.01,69.0,41.0,7.3,30.0,1,71.0
25,2010,2,19,0.0,0.0,0.06,0.0,71.0,22.0,7.5,24.0,8,73.0
4,2008,9,26,0.47,0.03,0.0,0.04,71.0,22.0,7.5,24.0,1,73.0
12,2011,9,19,0.0,0.02,0.0,0.01,65.0,5.0,6.4,24.0,7,64.5
4,2007,9,12,0.0,0.0,0.1,0.0,71.0,22.0,7.5,24.0,8,73.0
14,1999,2,10,1.02,0.34,0.0,0.05,71.0,22.0,7.5,24.0,8,73.0
25,2009,10,24,0.34,0.0,0.0,0.03,71.0,22.0,8.6,11.0,1,78.5
12,2010,3,29,0.05,0.0,0.0,0.0,71.0,22.0,7.5,24.0,3,73.0
6,2003,10,12,0.0,0.0,0.29,0.01,71.0,22.0,7.5,24.0,8,73.0
12,2003,11,10,0.01,0.0,0.0,0.0,71.0,22.0,7.5,24.0,8,73.0
4,2011,3,19,0.0,0.27,0.0,0.04,71.0,22.0,7.5,24.0,8,73.0
15,2006,0,4,0.15,0.12,0.34,0.04,81.0,45.0,8.9,62.0,5,85.0
14,1997,0,9,2.3,2.46,0.2,0.28,85.0,13.0,7.5,24.0,7,80.0
15,2001,3,12,0.0,0.0,0.03,0.0,71.0,22.0,7.5,24.0,8,73.0
19,2015,1,19,0.0,0.0,0.02,0.0,71.0,22.0,7.5,24.0,8,73.0
16,2011,3,10,0.08,0.02,0.0,0.01,71.0,22.0,7.5,24.0,1,73.0
15,2003,0,4,0.71,0.58,0.51,0.17,68.0,40.0,6.6,167.0,5,67.0
12,2011,11,19,0.0,0.03,0.0,0.01,53.0,40.0,4.0,110.0,8,46.5
15,2002,11,16,0.0,0.0,0.38,0.0,71.0,22.0,7.5,24.0,8,73.0
15,2008,1,19,0.0,0.0,0.03,0.0,71.0,22.0,7.5,24.0,8,73.0
15,2001,6,2,0.55,0.43,0.0,0.14,57.0,15.0,7.6,9.0,1,66.5
16,2015,0,19,0.0,0.02,0.0,0.0,71.0,22.0,7.5,24.0,2,73.0
19,2012,1,19,0.0,0.0,0.1,0.0,71.0,22.0,7.5,24.0,8,73.0
27,2009,11,9,0.17,0.11,0.01,0.03,76.0,48.0,7.4,41.0,7,75.0
27,2010,7,4,0.0,0.0,0.04,0.0,71.0,22.0,7.5,24.0,8,73.0
14,1996,0,19,0.45,0.3,0.22,0.07,71.0,22.0,7.5,24.0,8,73.0
19,2015,7,16,0.0,0.0,0.04,0.0,72.0,14.0,8.1,25.0,7,76.5
4,2006,11,16,0.02,0.0,0.0,0.0,59.0,8.0,7.1,11.0,2,65.0
0,1981,0,19,0.38,0.02,0.0,0.0,71.0,22.0,7.5,24.0,8,73.0
16,2013,3,26,0.17,0.14,0.0,0.06,77.0,6.0,7.1,25.0,2,74.0
4,2011,0,26,0.23,0.14,0.0,0.04,71.0,22.0,7.5,24.0,1,73.0
14,2000,3,21,0.88,0.6,0.0,0.1,71.0,22.0,7.5,24.0,8,73.0
16,2009,8,6,0.09,0.02,0.0,0.01,51.0,38.0,6.5,21.0,7,58.0
4,2008,9,9,0.05,0.0,0.0,0.0,71.0,22.0,7.5,24.0,1,73.0
25,2007,3,10,0.52,0.75,0.0,0.16,65.0,26.0,7.6,10.0,1,70.5
4,2009,10,16,0.0,0.0,0.1,0.0,71.0,22.0,7.5,24.0,8,73.0
28,2003,8,23,0.04,0.01,0.0,0.0,62.0,24.0,7.5,24.0,7,68.5
15,2007,6,23,0.19,0.15,0.01,0.05,66.0,4.0,6.7,10.0,7,66.5
18,2005,3,15,0.21,0.0,0.0,0.02,63.0,24.0,7.8,8.0,5,70.5
25,2008,0,4,0.16,0.04,0.08,0.02,76.0,11.0,8.9,41.0,5,82.5
2,2013,7,19,0.0,0.0,0.01,0.0,71.0,22.0,7.5,24.0,8,73.0
27,2010,0,14,0.66,0.5,0.05,0.13,83.0,100.0,8.1,1156.0,7,82.0
28,2006,2,10,0.26,0.06,0.0,0.01,83.0,32.0,9.0,21.0,7,86.5
4,2004,5,19,0.1,0.01,0.05,0.01,74.0,40.0,7.5,13.0,1,74.5
27,2007,10,19,0.67,0.0,0.0,0.06,79.0,31.0,7.1,34.0,1,75.0
19,2013,0,25,0.03,0.02,0.05,0.02,71.0,22.0,7.5,24.0,8,73.0
19,2014,7,19,0.03,0.02,0.05,0.01,71.0,22.0,7.5,24.0,8,73.0
7,2006,4,28,0.15,0.04,0.0,0.01,67.0,9.0,7.5,24.0,2,71.0
15,2006,10,19,0.01,0.01,0.0,0.0,30.0,4.0,4.2,5.0,1,36.0
4,2007,3,17,0.0,0.0,0.19,0.0,71.0,22.0,7.5,24.0,8,73.0
16,2008,4,28,0.19,0.18,0.0,0.07,59.0,22.0,6.6,36.0,2,62.5
18,2010,7,18,0.07,0.0,0.06,0.01,71.0,22.0,7.5,24.0,8,73.0
6,2003,4,15,0.01,0.0,0.0,0.0,71.0,22.0,7.5,24.0,8,73.0
18,2009,7,19,0.19,0.0,0.03,0.02,80.0,26.0,7.7,47.0,7,78.5
4,2009,1,17,0.0,0.0,0.11,0.0,71.0,22.0,7.5,24.0,8,73.0
15,2002,10,19,0.0,0.0,0.07,0.0,71.0,22.0,7.5,24.0,8,73.0
7,2004,7,2,0.41,0.11,0.0,0.01,81.0,36.0,8.5,11.0,7,83.0
17,2016,2,4,0.4,0.28,0.08,0.14,77.0,80.0,3.4,1221.0,7,55.5
4,2006,6,10,0.17,0.01,0.0,0.02,70.0,6.0,7.5,15.0,1,72.5
7,2001,6,1,0.36,0.09,0.02,0.01,69.0,20.0,7.5,21.0,7,72.0
29,2015,3,26,0.1,0.02,0.0,0.01,71.0,22.0,7.5,24.0,2,73.0
17,2016,1,21,0.0,0.02,0.0,0.0,62.0,31.0,6.5,36.0,5,63.5
7,2005,0,19,0.06,0.02,0.0,0.0,64.0,14.0,6.8,6.0,1,66.0
18,2006,5,21,0.12,0.51,0.0,0.23,76.0,46.0,7.9,14.0,1,77.5
5,2001,7,19,0.0,0.0,1.56,0.0,71.0,22.0,7.5,24.0,8,73.0
25,2011,0,8,0.64,0.28,0.0,0.1,61.0,11.0,6.0,5.0,2,60.5
5,1992,4,17,2.71,0.61,1.7,0.11,71.0,22.0,7.5,24.0,8,73.0
4,2011,5,19,0.02,0.0,0.0,0.0,71.0,22.0,7.5,24.0,8,73.0
28,2005,3,4,0.11,0.03,0.0,0.01,81.0,23.0,7.5,24.0,7,78.0
15,2000,9,21,0.16,0.12,0.0,0.04,79.0,18.0,8.4,9.0,1,81.5
16,2011,10,24,1.62,0.26,0.05,0.18,90.0,38.0,6.7,127.0,1,78.5
14,1997,8,19,0.05,0.04,0.0,0.01,71.0,22.0,7.5,24.0,8,73.0
14,1996,10,10,0.73,0.5,0.0,0.09,71.0,22.0,7.5,24.0,8,73.0
26,2013,4,17,0.47,0.42,0.13,0.08,80.0,66.0,8.2,283.0,2,81.0
14,2002,10,16,0.03,0.02,0.0,0.0,71.0,22.0,7.5,24.0,8,73.0
4,2011,9,23,0.05,0.0,0.0,0.0,71.0,22.0,7.5,24.0,8,73.0
12,2015,11,2,0.19,0.29,0.0,0.04,88.0,62.0,8.3,833.0,7,85.5
18,2006,7,21,0.0,0.0,0.05,0.0,71.0,22.0,7.5,24.0,8,73.0
18,2007,0,2,0.16,0.0,0.0,0.01,58.0,7.0,4.4,9.0,2,51.0
15,2005,0,19,1.47,1.39,0.03,0.43,60.0,34.0,7.2,82.0,7,66.0
16,2011,2,12,0.0,0.0,0.02,0.0,71.0,22.0,7.5,24.0,8,73.0
16,2014,0,16,0.0,0.0,0.1,0.0,71.0,22.0,7.5,24.0,8,73.0
25,2008,4,9,0.1,0.0,0.0,0.01,71.0,14.0,8.1,14.0,7,76.0
19,2015,1,19,0.0,0.0,0.01,0.0,71.0,22.0,7.5,24.0,8,73.0
28,2003,10,20,0.2,0.06,0.0,0.01,87.0,18.0,8.2,25.0,1,84.5
6,2005,1,19,0.05,0.02,0.0,0.0,71.0,22.0,7.5,24.0,8,73.0
12,2013,6,10,0.04,0.19,0.0,0.02,76.0,16.0,3.3,546.0,2,54.5
19,2014,1,11,0.05,0.0,0.03,0.02,71.0,22.0,7.5,24.0,8,73.0
27,2006,8,4,1.09,0.04,0.1,0.1,79.0,76.0,7.1,187.0,7,75.0
4,2007,9,10,1.58,1.59,0.08,0.41,67.0,15.0,7.3,13.0,1,70.0
4,2009,3,24,0.19,0.0,0.0,0.01,71.0,22.0,7.5,24.0,3,73.0
4,2008,4,19,0.02,0.0,0.0,0.0,71.0,22.0,7.5,24.0,2,73.0
15,2004,7,20,0.05,0.04,0.0,0.01,61.0,14.0,6.5,11.0,7,63.0
0,1981,0,19,2.06,0.12,0.0,0.02,71.0,22.0,7.5,24.0,8,73.0
16,2010,0,8,0.27,0.09,0.0,0.05,58.0,47.0,6.2,28.0,7,60.0
14,2001,10,19,0.07,0.05,0.0,0.01,71.0,22.0,7.5,24.0,1,73.0
18,2010,7,19,0.0,0.0,0.13,0.0,71.0,22.0,7.5,24.0,8,73.0
14,2001,4,21,0.31,0.21,0.0,0.04,65.0,10.0,6.9,8.0,1,67.0
12,2012,1,19,0.0,0.02,0.0,0.0,54.0,6.0,6.2,11.0,8,58.0
19,2016,0,18,0.0,0.0,0.04,0.0,71.0,22.0,7.5,24.0,8,73.0
7,2002,10,20,0.17,0.04,0.0,0.01,92.0,24.0,8.3,15.0,1,87.5
17,2014,0,16,0.11,0.03,0.02,0.03,71.0,22.0,7.5,24.0,8,73.0
4,2005,7,17,0.0,0.0,0.11,0.0,71.0,22.0,7.5,24.0,8,73.0
25,2010,10,16,0.0,0.05,0.0,0.01,71.0,22.0,7.5,24.0,8,73.0
28,2002,2,1,0.09,0.03,0.0,0.0,62.0,14.0,7.5,24.0,7,68.5
4,2010,7,22,0.09,0.07,1.24,0.02,77.0,33.0,7.3,15.0,1,75.0
27,2007,10,10,2.18,0.01,0.0,0.18,85.0,46.0,6.4,108.0,1,74.5
27,2009,3,19,0.97,0.23,0.0,0.11,89.0,76.0,8.6,127.0,7,87.5
18,2011,1,11,0.0,0.0,0.04,0.0,71.0,22.0,7.5,24.0,8,73.0
28,2004,9,14,0.02,0.01,0.0,0.0,55.0,21.0,7.5,24.0,7,65.0
14,2000,9,12,0.0,0.0,0.33,0.02,71.0,22.0,7.5,24.0,8,73.0
4,2007,2,20,0.0,0.0,0.1,0.0,71.0,22.0,7.5,24.0,8,73.0
15,2005,3,19,0.06,0.04,0.0,0.01,68.0,18.0,7.5,24.0,7,71.5
4,2008,7,19,0.0,0.0,0.01,0.0,71.0,22.0,7.5,24.0,8,73.0
2,2011,9,19,0.12,0.0,0.0,0.01,71.0,22.0,7.5,24.0,8,73.0
15,2004,8,9,0.39,0.31,0.0,0.1,80.0,39.0,8.3,43.0,5,81.5
25,2011,10,26,0.0,0.05,0.0,0.01,71.0,22.0,7.5,24.0,8,73.0
14,2001,0,19,0.02,0.01,0.0,0.0,71.0,22.0,7.5,24.0,8,73.0
18,2009,7,16,0.0,0.0,0.33,0.0,71.0,22.0,7.5,24.0,8,73.0
9,1999,6,10,0.4,0.2,0.0,0.02,71.0,22.0,7.5,24.0,8,73.0
4,2007,1,6,0.0,0.0,0.04,0.0,71.0,22.0,7.5,24.0,8,73.0
22,1993,4,12,0.0,0.0,0.31,0.0,71.0,22.0,7.5,24.0,8,73.0
27,2011,10,25,0.0,0.05,0.0,0.01,71.0,22.0,7.5,24.0,8,73.0
4,2009,9,0,0.02,0.0,0.0,0.0,71.0,22.0,7.5,24.0,2,73.0
27,2007,0,25,0.03,0.0,0.01,0.0,53.0,29.0,8.5,13.0,7,69.0
4,2007,3,26,0.14,0.01,0.0,0.01,71.0,22.0,7.5,24.0,1,73.0
28,2005,8,5,0.03,0.01,0.0,0.0,64.0,24.0,8.3,27.0,7,73.5
2,2011,6,17,5.03,4.02,2.69,0.91,85.0,73.0,8.2,632.0,1,83.5
28,2004,7,26,0.08,0.02,0.0,0.0,75.0,50.0,8.8,4.0,7,81.5
12,2003,11,19,0.0,0.03,0.0,0.0,80.0,19.0,7.7,57.0,1,78.5
7,2003,4,19,0.04,0.01,0.0,0.0,70.0,4.0,8.0,5.0,1,75.0
17,2015,3,16,0.0,0.0,0.03,0.0,71.0,22.0,7.5,24.0,8,73.0
18,2005,4,16,0.07,0.0,0.0,0.01,61.0,9.0,6.0,4.0,1,60.5
0,1988,0,2,0.22,0.01,0.0,0.0,71.0,22.0,7.5,24.0,8,73.0
4,2009,8,19,0.09,0.0,0.0,0.01,71.0,22.0,7.5,24.0,1,73.0
15,2010,7,16,0.0,0.0,0.02,0.0,71.0,22.0,7.5,24.0,8,73.0
4,2011,8,7,0.04,0.0,0.0,0.0,71.0,22.0,7.5,24.0,8,73.0
14,1997,0,21,0.05,0.04,0.0,0.01,71.0,22.0,7.5,24.0,8,73.0
17,2015,7,22,0.29,0.27,0.06,0.11,71.0,22.0,7.5,24.0,8,73.0
9,2000,5,19,0.02,0.0,0.0,0.0,71.0,22.0,7.5,24.0,8,73.0
4,2008,0,6,0.0,0.0,0.01,0.0,71.0,22.0,7.5,24.0,8,73.0
27,2010,7,19,0.09,0.03,0.0,0.01,42.0,14.0,7.3,18.0,7,57.5
18,2006,2,19,0.0,0.0,0.01,0.0,71.0,22.0,7.5,24.0,8,73.0
12,2011,0,7,0.12,0.07,0.0,0.03,80.0,24.0,6.8,1428.0,5,74.0
29,2015,0,19,0.03,0.02,0.0,0.0,71.0,22.0,7.5,24.0,8,73.0
28,2005,3,19,0.01,0.0,0.0,0.0,74.0,9.0,7.5,4.0,7,74.5
17,2015,7,16,0.0,0.0,0.05,0.0,71.0,22.0,7.5,24.0,8,73.0
4,2011,0,10,0.1,0.09,0.0,0.02,55.0,5.0,7.5,24.0,2,65.0
14,1995,8,19,0.04,0.03,0.0,0.0,71.0,22.0,7.5,24.0,8,73.0
4,2009,9,10,0.08,0.02,0.0,0.01,71.0,22.0,7.5,24.0,1,73.0
12,2008,11,20,0.0,0.34,0.0,0.03,71.0,22.0,8.0,9.0,7,75.5
20,1995,3,19,0.0,0.0,0.1,0.0,71.0,22.0,7.5,24.0,8,73.0
20,1997,2,25,0.0,0.0,0.18,0.0,71.0,22.0,7.5,24.0,8,73.0
25,2007,0,2,0.3,0.01,0.0,0.03,62.0,16.0,7.6,7.0,1,69.0
17,2016,0,19,0.06,0.03,0.0,0.02,65.0,40.0,6.9,62.0,8,67.0
20,1995,1,20,0.0,0.0,0.03,0.0,71.0,22.0,7.5,24.0,8,73.0
4,2007,1,27,0.0,0.0,0.19,0.0,78.0,14.0,7.5,13.0,1,76.5
15,2007,1,19,0.0,0.0,0.02,0.0,71.0,22.0,7.5,24.0,8,73.0
27,2010,8,2,0.2,0.23,0.0,0.05,62.0,66.0,7.1,63.0,7,66.5
14,2000,6,1,0.58,0.39,0.0,0.07,42.0,9.0,7.5,24.0,1,58.5
18,2006,5,19,0.02,0.0,0.0,0.0,60.0,16.0,7.5,24.0,1,67.5
16,2010,10,19,0.0,0.02,0.0,0.01,71.0,22.0,7.5,24.0,8,73.0
18,2010,1,19,0.0,0.0,0.01,0.0,71.0,22.0,7.5,24.0,8,73.0
15,2001,7,21,0.02,0.01,0.02,0.0,67.0,13.0,7.5,24.0,7,71.0
14,1998,2,19,0.0,0.0,0.21,0.01,71.0,22.0,7.5,24.0,8,73.0
14,2000,2,23,1.76,1.21,0.07,0.16,71.0,22.0,7.5,24.0,8,73.0
17,2016,9,25,0.0,0.0,0.02,0.0,71.0,22.0,7.5,24.0,8,73.0
29,2016,0,29,0.05,0.05,0.0,0.01,77.0,6.0,8.2,43.0,7,79.5
12,2015,9,10,0.0,0.01,0.0,0.0,71.0,22.0,5.3,12.0,7,62.0
12,2007,11,19,0.0,0.03,0.0,0.0,62.0,15.0,3.3,86.0,7,47.5
3,2000,1,19,0.0,0.0,0.06,0.0,71.0,22.0,7.5,24.0,8,73.0
6,2003,4,12,0.2,0.07,0.0,0.0,91.0,29.0,9.1,127.0,7,91.0
4,2007,0,19,0.29,0.0,0.0,0.02,71.0,22.0,7.5,24.0,8,73.0
4,2010,1,23,0.07,0.0,0.0,0.0,71.0,22.0,7.5,24.0,1,73.0
4,2010,0,6,0.1,0.03,0.0,0.01,71.0,22.0,7.5,24.0,8,73.0
27,2005,0,20,0.36,0.02,0.0,0.03,81.0,72.0,8.2,146.0,5,81.5
15,2004,8,21,0.37,0.29,0.0,0.1,65.0,47.0,6.9,30.0,5,67.0
27,2010,10,14,3.92,1.73,0.03,0.51,73.0,51.0,7.4,95.0,2,73.5
22,1993,7,19,0.0,0.0,0.78,0.0,71.0,22.0,7.5,24.0,8,73.0
4,2009,3,8,0.07,0.0,0.16,0.01,71.0,22.0,7.5,24.0,1,73.0
10,1991,0,12,1.05,0.17,0.15,0.02,71.0,22.0,7.5,24.0,8,73.0
15,2003,10,20,0.26,0.21,0.0,0.07,89.0,18.0,8.4,38.0,1,86.5
4,2008,9,3,0.11,0.0,0.0,0.01,71.0,22.0,7.5,24.0,1,73.0
12,2003,0,9,0.0,0.01,0.0,0.0,70.0,11.0,8.7,67.0,5,78.5
15,2004,6,24,0.13,0.1,0.0,0.03,50.0,7.0,6.6,8.0,1,58.0
18,2011,11,25,0.0,0.0,0.02,0.0,71.0,22.0,7.5,24.0,8,73.0
18,2009,8,2,0.17,0.14,0.0,0.08,71.0,22.0,7.5,24.0,8,73.0
28,2006,6,3,0.05,0.01,0.0,0.0,69.0,31.0,4.6,17.0,5,57.5
4,2006,10,17,0.98,0.04,0.49,0.09,69.0,40.0,8.0,37.0,1,74.5
28,2002,10,2,0.08,0.02,0.0,0.0,80.0,15.0,8.0,5.0,1,80.0
16,2012,0,12,0.0,0.0,0.21,0.0,71.0,22.0,7.5,24.0,8,73.0
17,2016,0,26,0.37,0.58,0.0,0.18,83.0,88.0,7.8,621.0,5,80.5
15,2003,6,1,0.03,0.02,0.0,0.01,68.0,23.0,8.6,8.0,7,77.0
15,2007,7,18,0.0,0.0,0.04,0.0,71.0,22.0,7.5,24.0,8,73.0
12,2007,8,24,0.01,0.39,0.0,0.02,96.0,44.0,8.5,3606.0,5,90.5
6,2001,0,23,0.14,0.05,0.0,0.0,71.0,22.0,7.5,24.0,8,73.0
27,2012,7,10,1.94,0.84,0.03,0.24,93.0,74.0,5.8,3725.0,5,75.5
20,1997,11,19,0.0,0.0,0.28,0.0,71.0,22.0,7.5,24.0,8,73.0
28,2004,0,9,0.13,0.04,0.0,0.01,82.0,61.0,7.3,12.0,5,77.5
18,2012,7,19,0.0,0.0,0.08,0.0,71.0,22.0,7.5,24.0,8,73.0
16,2011,0,21,1.05,0.47,0.08,0.22,83.0,90.0,8.4,932.0,7,83.5
4,2005,11,16,0.06,0.0,0.0,0.0,35.0,6.0,5.6,11.0,2,45.5
18,2007,5,9,0.11,0.0,0.0,0.01,71.0,22.0,7.5,24.0,8,73.0
18,2010,2,16,0.11,0.03,0.09,0.03,63.0,22.0,8.6,20.0,7,74.5
20,1996,1,20,0.0,0.0,0.41,0.0,71.0,22.0,7.5,24.0,8,73.0
25,2008,3,23,0.19,0.0,0.0,0.01,71.0,22.0,7.5,24.0,8,73.0
25,2008,9,19,0.23,0.03,0.0,0.02,69.0,14.0,8.8,17.0,1,78.5
16,2007,0,25,0.1,0.03,0.14,0.02,58.0,23.0,7.9,28.0,7,68.5
10,1990,7,19,0.08,0.0,3.03,0.01,71.0,22.0,7.5,24.0,8,73.0
6,2004,6,17,0.11,0.04,0.1,0.01,66.0,12.0,7.5,24.0,1,70.5
25,2011,3,26,0.11,0.0,0.0,0.01,71.0,22.0,7.5,24.0,2,73.0
27,2009,7,19,0.09,0.0,0.0,0.01,71.0,22.0,7.5,24.0,5,73.0
15,2001,6,21,0.07,0.06,0.0,0.02,71.0,22.0,7.5,24.0,8,73.0
16,2014,10,12,0.0,0.0,0.14,0.0,71.0,22.0,7.5,24.0,8,73.0
4,2009,3,26,0.09,0.36,0.0,0.06,71.0,22.0,7.5,24.0,1,73.0
25,2010,1,19,0.0,0.01,0.0,0.0,71.0,22.0,7.5,24.0,1,73.0
4,2009,7,19,0.13,0.0,0.14,0.01,80.0,26.0,8.7,69.0,5,83.5
19,2015,1,19,0.0,0.0,0.02,0.0,71.0,22.0,7.5,24.0,8,73.0
12,2008,8,23,0.0,0.02,0.0,0.0,73.0,19.0,6.9,171.0,7,71.0
4,2009,7,19,0.13,0.0,0.12,0.01,84.0,28.0,8.8,79.0,7,86.0
14,1996,8,19,0.02,0.01,0.0,0.0,71.0,22.0,7.5,24.0,8,73.0
17,2014,10,10,0.46,0.41,0.01,0.17,70.0,57.0,6.1,279.0,7,65.5
6,2004,2,23,0.09,0.04,0.0,0.0,55.0,12.0,8.2,5.0,7,68.5
25,2007,0,19,3.57,1.55,0.0,0.51,80.0,17.0,8.9,62.0,2,84.5
27,2010,6,7,0.08,0.02,0.0,0.01,64.0,49.0,7.1,16.0,2,67.5
15,2001,3,23,0.02,0.02,0.0,0.01,82.0,21.0,8.7,25.0,1,84.5
28,2004,7,10,0.31,0.09,0.0,0.01,71.0,22.0,7.5,24.0,8,73.0
8,1992,2,20,1.0,0.3,0.31,0.04,71.0,22.0,7.5,24.0,8,73.0
10,1991,10,16,0.0,0.0,0.28,0.0,71.0,22.0,7.5,24.0,8,73.0
6,2004,4,17,0.0,0.0,0.08,0.0,71.0,22.0,7.5,24.0,8,73.0
12,2009,0,12,0.0,0.02,0.0,0.0,55.0,6.0,6.0,31.0,5,57.5
25,2009,10,19,0.04,0.01,0.0,0.0,71.0,22.0,7.5,24.0,1,73.0
25,2006,0,15,0.12,0.0,0.0,0.01,46.0,11.0,6.7,16.0,1,56.5
4,2008,3,19,0.17,0.0,0.0,0.01,34.0,4.0,7.0,4.0,1,52.0
4,2008,3,19,0.08,0.0,0.0,0.01,38.0,5.0,3.2,5.0,1,35.0
6,2002,4,23,0.92,0.23,0.0,0.04,71.0,4.0,7.7,7.0,1,74.0
27,2015,2,16,0.17,0.04,0.0,0.02,71.0,22.0,6.7,46.0,7,69.0
2,2013,3,6,0.01,0.02,0.0,0.0,71.0,22.0,7.5,24.0,8,73.0
15,2009,10,10,0.12,0.01,0.0,0.13,71.0,22.0,7.5,24.0,1,73.0
18,2015,0,19,0.0,0.0,0.02,0.0,71.0,22.0,7.5,24.0,8,73.0
18,2006,4,20,0.05,0.02,0.0,0.01,56.0,23.0,5.9,7.0,1,57.5
16,2007,0,10,0.38,0.36,0.0,0.15,71.0,30.0,7.5,49.0,7,73.0
12,2015,9,10,0.05,0.15,0.0,0.02,72.0,16.0,7.3,117.0,7,72.5
4,2011,5,19,0.0,0.03,0.0,0.0,71.0,22.0,7.5,24.0,8,73.0
4,2008,3,19,0.0,0.0,0.05,0.0,71.0,22.0,7.5,24.0,8,73.0
17,2016,0,16,0.0,0.0,0.03,0.0,71.0,22.0,7.5,24.0,8,73.0
27,2013,8,10,0.16,0.07,0.0,0.02,54.0,55.0,6.2,195.0,5,58.0
22,1994,10,19,0.0,0.0,0.02,0.0,71.0,22.0,7.5,24.0,8,73.0
19,2016,0,18,0.0,0.0,0.02,0.0,71.0,22.0,7.5,24.0,8,73.0
14,1996,6,21,0.16,0.11,0.83,0.08,71.0,22.0,7.5,24.0,8,73.0
4,2007,5,26,0.1,0.0,0.0,0.01,71.0,22.0,7.5,24.0,1,73.0
4,2007,6,2,0.12,0.0,0.0,0.01,71.0,22.0,7.5,24.0,1,73.0
14,1998,6,19,0.09,0.06,0.0,0.01,71.0,22.0,7.5,24.0,8,73.0
4,2007,3,0,0.12,0.0,0.0,0.01,71.0,22.0,7.5,24.0,1,73.0
27,2012,0,8,0.32,0.15,0.0,0.04,59.0,35.0,5.5,22.0,1,57.0
4,2007,5,19,0.25,0.0,0.0,0.02,71.0,10.0,7.5,24.0,1,73.0
0,1981,5,19,0.55,0.03,0.0,0.01,71.0,22.0,7.5,24.0,8,73.0
19,2016,0,25,0.0,0.0,0.02,0.0,71.0,22.0,7.5,24.0,8,73.0
2,2012,0,19,0.0,0.0,0.13,0.0,71.0,22.0,7.5,24.0,8,73.0
27,2010,3,23,0.07,0.03,0.0,0.01,28.0,6.0,5.2,6.0,7,40.0
25,2007,10,17,1.05,1.05,0.24,0.24,79.0,47.0,8.0,124.0,2,79.5
25,2009,0,2,0.12,0.0,0.0,0.01,71.0,22.0,6.2,5.0,1,66.5
16,2011,2,19,0.0,0.0,0.09,0.0,73.0,6.0,7.5,27.0,7,74.0
18,2006,9,16,0.0,0.0,0.02,0.0,71.0,22.0,7.5,24.0,8,73.0
27,2011,10,0,0.09,0.01,0.0,0.01,48.0,10.0,3.5,6.0,1,41.5
4,2007,7,22,0.22,0.01,0.42,0.02,77.0,41.0,7.2,25.0,2,74.5
15,2006,1,19,0.0,0.0,0.02,0.0,71.0,22.0,7.5,24.0,8,73.0
12,2004,11,23,0.01,0.03,0.0,0.01,86.0,51.0,8.8,295.0,5,87.0
4,2009,4,13,0.02,0.0,0.0,0.0,71.0,22.0,7.5,24.0,1,73.0
6,2003,4,2,0.05,0.02,0.0,0.0,66.0,13.0,7.5,24.0,1,70.5
4,2005,5,6,0.11,0.0,0.0,0.01,68.0,22.0,7.5,24.0,1,71.5
27,2008,7,14,2.51,1.24,0.11,0.41,89.0,95.0,6.5,2423.0,5,77.0
7,2005,8,26,0.06,0.01,0.0,0.0,54.0,10.0,1.4,11.0,7,34.0
20,1995,1,19,0.0,0.0,0.05,0.0,71.0,22.0,7.5,24.0,8,73.0
15,2003,3,21,0.12,0.09,0.0,0.03,46.0,21.0,3.9,14.0,1,42.5
4,2007,6,5,0.01,0.0,0.0,0.0,71.0,22.0,7.5,24.0,8,73.0
12,2009,8,23,0.0,0.03,0.0,0.01,82.0,29.0,7.5,308.0,5,78.5
10,1994,7,19,0.0,0.0,0.11,0.0,71.0,22.0,7.5,24.0,8,73.0
18,2004,0,25,0.18,0.0,0.3,0.02,62.0,26.0,7.3,24.0,7,67.5
25,2008,1,19,0.09,0.0,0.0,0.01,71.0,22.0,7.5,24.0,1,73.0
4,2009,9,26,0.09,0.0,0.0,0.01,71.0,22.0,7.5,24.0,1,73.0
15,2010,0,29,0.08,0.11,0.0,0.08,71.0,22.0,7.5,24.0,8,73.0
6,2004,10,30,0.02,0.01,0.0,0.0,35.0,7.0,8.0,7.0,1,57.5
15,2009,1,11,0.0,0.0,0.01,0.0,71.0,22.0,7.5,24.0,8,73.0
15,2003,10,15,0.26,0.2,0.0,0.07,78.0,23.0,8.3,8.0,1,80.5
27,2011,3,0,0.11,0.03,0.0,0.01,71.0,22.0,7.5,24.0,7,73.0
28,2003,0,28,0.09,0.03,0.0,0.0,73.0,26.0,8.4,14.0,7,78.5
25,2006,6,10,0.45,0.66,0.02,0.15,67.0,21.0,7.3,26.0,2,70.0
6,2003,4,3,0.03,0.01,0.0,0.0,47.0,5.0,5.7,6.0,1,52.0
9,1997,4,1,1.37,0.41,0.04,0.04,71.0,22.0,7.5,24.0,8,73.0
4,2008,4,19,0.05,0.0,0.0,0.0,44.0,4.0,7.5,24.0,1,59.5
19,2014,2,16,0.0,0.03,0.17,0.01,74.0,5.0,7.9,29.0,7,76.5
25,2009,0,8,0.19,0.2,0.0,0.05,69.0,6.0,8.0,6.0,2,74.5
15,2007,2,23,0.92,0.0,0.01,1.41,71.0,11.0,7.2,31.0,7,71.5
27,2011,6,23,0.37,0.13,0.0,0.04,63.0,43.0,7.2,24.0,1,67.5
15,2005,0,28,0.18,0.14,0.0,0.05,53.0,6.0,6.0,8.0,1,56.5
15,2005,0,19,0.05,0.04,0.0,0.01,58.0,29.0,7.4,24.0,5,66.0
12,2007,9,10,0.0,0.02,0.0,0.0,63.0,27.0,4.3,95.0,2,53.0
4,2008,3,19,0.32,0.0,0.0,0.03,71.0,22.0,7.5,24.0,8,73.0
27,2006,9,26,0.19,0.01,0.0,0.02,49.0,36.0,6.0,49.0,7,54.5
18,2006,8,12,0.04,0.0,0.02,0.0,76.0,44.0,8.5,4.0,1,80.5
9,2000,0,26,0.07,0.02,0.0,0.0,71.0,22.0,7.5,24.0,8,73.0
14,1997,11,10,0.43,0.29,0.0,0.05,71.0,22.0,7.5,24.0,8,73.0
15,2004,4,4,0.14,0.11,0.0,0.04,68.0,23.0,8.5,63.0,1,76.5
15,2004,9,12,0.05,0.04,0.0,0.01,66.0,22.0,7.0,6.0,7,68.0
7,2006,0,15,0.2,0.05,0.0,0.01,71.0,22.0,8.6,8.0,1,78.5
17,2015,4,19,0.03,0.03,0.0,0.01,90.0,18.0,7.6,312.0,1,83.0
18,2009,7,19,0.08,0.0,0.13,0.01,78.0,30.0,8.0,47.0,7,79.0
14,1997,9,21,0.16,0.11,0.56,0.06,83.0,10.0,8.2,22.0,7,82.5
26,2016,0,29,0.06,0.07,0.01,0.01,74.0,6.0,8.0,11.0,2,77.0
16,2010,8,16,0.18,0.2,0.07,0.08,58.0,49.0,5.9,15.0,7,58.5
16,2007,0,19,1.02,0.9,0.0,0.36,80.0,18.0,6.7,87.0,2,73.5
15,2008,10,12,0.13,0.07,0.26,2.05,71.0,22.0,7.5,24.0,8,73.0
4,2006,3,12,0.18,0.02,0.0,0.02,71.0,22.0,7.5,24.0,8,73.0
22,1996,10,19,0.0,0.0,0.05,0.0,71.0,22.0,7.5,24.0,8,73.0
14,2000,4,9,0.34,0.23,0.0,0.04,71.0,22.0,7.5,24.0,1,73.0
14,2001,6,1,0.06,0.04,0.0,0.01,68.0,11.0,7.5,24.0,1,71.5
14,2000,8,1,0.05,0.03,0.0,0.01,71.0,22.0,7.5,24.0,8,73.0
18,2008,10,10,0.06,0.12,0.0,0.06,71.0,22.0,7.5,24.0,8,73.0
25,2009,10,16,0.14,0.27,0.0,0.06,56.0,13.0,7.5,24.0,1,65.5
16,2008,0,26,0.47,0.4,0.03,0.17,85.0,59.0,7.3,245.0,7,79.0
15,2002,10,10,3.36,0.21,0.01,0.56,95.0,25.0,7.7,65.0,1,86.0
2,2011,0,17,2.09,1.31,0.62,0.31,71.0,22.0,7.5,24.0,8,73.0
18,2010,5,12,0.07,0.0,0.0,0.01,62.0,19.0,7.5,24.0,2,68.5
4,2008,9,25,0.0,0.0,0.02,0.0,71.0,22.0,7.5,24.0,8,73.0
4,2007,9,3,0.06,0.0,0.31,0.01,57.0,4.0,7.5,24.0,1,66.0
27,2011,6,5,0.23,0.4,0.01,0.08,87.0,81.0,7.1,166.0,7,79.0
2,2016,3,19,0.0,0.0,0.08,0.0,71.0,22.0,7.5,24.0,8,73.0
15,2007,9,26,0.28,0.21,0.0,0.07,71.0,22.0,7.5,24.0,1,73.0
19,2014,11,25,0.0,0.0,0.05,0.0,71.0,22.0,7.5,24.0,8,73.0
15,2006,1,19,0.0,0.0,0.01,0.0,71.0,22.0,7.5,24.0,8,73.0
16,2009,11,10,0.14,0.15,0.0,0.06,71.0,22.0,7.5,24.0,8,73.0
16,2009,3,2,0.42,0.34,0.0,0.14,86.0,53.0,7.8,49.0,7,82.0
4,2009,0,26,0.15,0.11,0.0,0.03,69.0,20.0,7.3,22.0,7,71.0
4,2010,1,23,0.16,0.0,0.0,0.01,71.0,22.0,7.5,24.0,1,73.0
4,2009,1,23,0.15,0.22,0.0,0.05,53.0,8.0,7.5,24.0,7,64.0
14,1997,2,19,0.0,0.0,0.35,0.02,71.0,22.0,7.5,24.0,8,73.0
4,2010,7,2,0.22,0.01,0.0,0.02,56.0,6.0,6.9,12.0,2,62.5
12,1992,11,19,0.02,0.0,0.0,0.0,71.0,22.0,7.5,24.0,8,73.0
28,2002,8,24,0.11,0.03,0.0,0.01,75.0,22.0,8.2,16.0,5,78.5
18,2013,7,16,0.0,0.0,0.1,0.0,71.0,22.0,7.5,24.0,8,73.0
16,2010,10,2,0.26,0.04,0.0,0.03,60.0,4.0,5.4,9.0,7,57.0
15,2001,0,4,1.36,0.86,0.64,0.13,94.0,37.0,8.5,466.0,5,89.5
27,2013,6,10,0.37,0.35,0.01,0.07,76.0,12.0,5.4,107.0,2,65.0
7,2002,4,23,0.13,0.03,0.0,0.0,71.0,22.0,6.7,6.0,1,69.0
25,2006,3,17,13.96,9.18,2.93,2.84,58.0,41.0,6.6,129.0,1,62.0
18,2008,7,16,0.0,0.0,0.07,0.0,71.0,22.0,7.5,24.0,8,73.0
4,2008,9,13,0.24,0.0,0.0,0.02,71.0,22.0,7.5,24.0,1,73.0
18,2013,1,11,0.0,0.0,0.02,0.0,71.0,22.0,7.5,24.0,8,73.0
19,2015,3,20,0.0,0.0,0.06,0.0,71.0,22.0,7.5,24.0,8,73.0
16,2015,1,16,0.0,0.0,0.02,0.0,71.0,22.0,7.5,24.0,8,73.0
16,2009,6,26,0.12,0.14,0.0,0.05,71.0,22.0,7.5,24.0,8,73.0
26,2015,7,17,0.36,0.28,0.14,0.06,84.0,87.0,8.9,1548.0,7,86.5
9,1999,0,15,0.19,0.05,0.0,0.0,71.0,22.0,7.5,24.0,8,73.0
28,2003,10,20,0.08,0.02,0.0,0.0,88.0,25.0,8.4,24.0,1,86.0
29,2016,3,26,0.01,0.0,0.0,0.0,71.0,22.0,7.5,24.0,7,73.0
12,2014,7,19,0.32,0.51,0.0,0.07,71.0,64.0,5.7,2421.0,5,64.0
4,2010,1,19,0.12,0.01,0.0,0.01,50.0,8.0,7.5,24.0,1,62.5
15,2006,8,10,1.01,0.04,0.03,0.16,79.0,62.0,8.4,194.0,5,81.5
16,2013,7,18,0.09,0.0,0.1,0.02,74.0,37.0,8.1,61.0,7,77.5
20,1997,11,20,0.0,0.0,0.13,0.0,71.0,22.0,7.5,24.0,8,73.0
29,2015,10,12,0.04,0.06,0.0,0.01,85.0,14.0,6.2,144.0,1,73.5
15,2005,0,3,0.41,0.01,0.0,0.07,69.0,42.0,7.9,42.0,7,74.0
27,2011,3,26,0.15,0.11,0.0,0.03,71.0,22.0,7.5,24.0,8,73.0
28,2002,10,15,0.03,0.01,0.0,0.0,67.0,8.0,9.0,4.0,1,78.5
12,2006,11,3,0.0,0.02,0.0,0.0,67.0,30.0,8.3,4.0,7,75.0
15,2006,2,19,0.0,0.0,0.02,0.0,71.0,22.0,7.5,24.0,8,73.0
2,2011,0,2,0.16,0.04,0.0,0.02,71.0,22.0,7.5,24.0,8,73.0
12,2012,0,19,0.26,0.19,0.0,0.06,71.0,22.0,7.5,24.0,8,73.0
15,2007,1,19,0.0,0.0,0.02,0.0,71.0,22.0,7.5,24.0,8,73.0
16,2011,3,23,0.15,0.06,0.0,0.03,62.0,4.0,7.5,24.0,1,68.5
17,2016,2,19,0.03,0.0,0.05,0.01,71.0,22.0,7.5,24.0,8,73.0
15,2002,6,19,0.1,0.08,0.0,0.03,62.0,14.0,7.5,24.0,1,68.5
17,2015,8,10,0.71,0.94,0.14,0.32,73.0,46.0,5.0,845.0,5,61.5
19,2013,1,19,0.0,0.0,0.01,0.0,71.0,22.0,7.5,24.0,8,73.0
10,1986,0,19,0.0,0.0,1.15,0.0,71.0,22.0,7.5,24.0,8,73.0
25,2011,10,19,0.08,0.0,0.0,0.01,71.0,22.0,7.5,24.0,7,73.0
28,2001,3,14,0.19,0.05,0.0,0.01,71.0,22.0,7.5,24.0,8,73.0
4,2005,4,2,0.25,0.03,0.0,0.02,71.0,22.0,7.5,24.0,8,73.0
25,2008,10,12,0.11,0.0,0.01,0.01,79.0,16.0,8.7,21.0,1,83.0
18,2010,3,12,0.0,0.0,0.13,0.0,71.0,22.0,7.5,24.0,8,73.0
15,2006,1,6,0.0,0.0,0.02,0.0,71.0,22.0,7.5,24.0,8,73.0
25,2008,3,20,0.41,0.37,0.01,0.09,68.0,43.0,8.1,40.0,1,74.5
4,2009,9,19,0.1,0.0,0.0,0.01,71.0,22.0,7.5,24.0,8,73.0
4,2009,9,26,0.23,0.1,0.0,0.03,71.0,22.0,7.5,24.0,1,73.0
6,2002,5,28,0.07,0.02,0.0,0.0,75.0,10.0,7.5,24.0,1,75.0
27,2006,7,26,0.0,0.0,0.02,0.0,71.0,22.0,7.5,24.0,8,73.0
4,2011,0,23,0.08,0.01,0.0,0.01,71.0,22.0,7.5,24.0,1,73.0
15,2001,6,10,0.57,0.44,0.0,0.15,85.0,17.0,8.5,22.0,1,85.0
10,1986,7,4,0.49,0.0,0.52,1.51,71.0,22.0,7.5,24.0,8,73.0
15,2008,10,24,0.34,0.01,0.0,0.06,71.0,22.0,8.0,4.0,1,75.5
4,2007,5,17,0.14,0.01,0.16,0.01,86.0,25.0,8.2,15.0,1,84.0
4,2010,11,16,0.0,0.0,0.17,0.0,71.0,22.0,7.5,24.0,8,73.0
12,2009,11,14,0.01,0.12,0.0,0.03,71.0,22.0,8.5,41.0,7,78.0
2,2014,9,19,0.13,0.01,0.0,0.02,71.0,22.0,7.5,24.0,8,73.0
14,1999,0,19,0.04,0.03,0.0,0.01,80.0,11.0,7.5,11.0,7,77.5
4,2010,0,2,0.31,0.17,0.0,0.05,60.0,8.0,7.5,24.0,2,67.5
2,2015,0,19,0.0,0.0,0.05,0.0,71.0,22.0,7.5,24.0,8,73.0
12,2015,0,26,0.05,0.02,0.0,0.01,74.0,25.0,7.5,362.0,5,74.5
25,2010,4,17,3.56,2.35,0.98,0.62,97.0,87.0,9.1,1854.0,1,94.0
15,2003,10,21,0.11,0.09,0.0,0.03,61.0,15.0,7.5,24.0,1,68.0
25,2010,3,19,0.53,0.06,0.0,0.04,91.0,10.0,6.9,36.0,7,80.0
2,2012,7,17,0.44,0.29,0.47,0.07,59.0,46.0,6.3,134.0,1,61.0
4,2009,1,6,0.0,0.0,0.07,0.0,71.0,22.0,7.5,24.0,8,73.0
4,2010,7,19,0.0,0.0,0.54,0.0,71.0,22.0,7.5,24.0,8,73.0
15,2007,3,20,0.0,0.0,0.03,0.0,71.0,22.0,7.5,24.0,8,73.0
19,2015,0,27,0.0,0.0,0.02,0.0,71.0,22.0,7.5,24.0,8,73.0
4,2010,4,20,0.69,0.47,0.01,0.12,79.0,26.0,7.9,66.0,1,79.0
15,2008,0,19,0.0,0.0,0.02,0.0,71.0,22.0,7.5,24.0,8,73.0
18,2007,0,29,0.27,0.08,0.0,0.07,55.0,31.0,7.1,14.0,5,63.0
4,2010,11,26,0.05,0.0,0.0,0.0,71.0,22.0,7.5,24.0,1,73.0
4,2010,0,16,0.0,0.0,0.07,0.0,71.0,22.0,7.5,24.0,8,73.0
27,2007,6,23,0.23,0.0,0.0,0.02,78.0,20.0,7.3,11.0,1,75.5
27,2015,10,10,0.85,0.02,0.0,0.1,71.0,22.0,5.1,12.0,1,61.0
25,2009,7,16,0.0,0.0,0.22,0.0,71.0,22.0,7.5,24.0,8,73.0
14,2001,0,19,0.15,0.1,0.0,0.02,71.0,22.0,7.5,24.0,8,73.0
15,2007,10,19,0.1,0.08,0.0,0.03,71.0,22.0,7.5,24.0,7,73.0
9,1996,0,17,2.0,0.5,0.12,0.03,71.0,22.0,7.5,24.0,8,73.0
18,2015,0,25,0.0,0.0,0.02,0.0,71.0,22.0,7.5,24.0,8,73.0
16,2014,9,19,0.0,0.0,0.02,0.0,71.0,22.0,7.5,24.0,8,73.0
18,2007,0,2,0.23,0.26,0.0,0.16,71.0,22.0,7.5,24.0,8,73.0
7,2001,4,20,1.7,0.59,0.21,0.07,73.0,28.0,8.3,179.0,1,78.0
18,2009,7,18,0.1,0.01,0.12,0.02,83.0,33.0,7.1,47.0,7,77.0
17,2016,3,26,0.01,0.0,0.0,0.0,71.0,22.0,7.8,5.0,7,74.5
25,2010,10,19,0.17,0.0,0.0,0.01,71.0,22.0,7.5,24.0,7,73.0
27,2009,10,19,0.18,0.01,0.0,0.01,68.0,34.0,8.6,19.0,7,77.0
25,2008,3,19,0.24,0.0,0.0,0.02,71.0,22.0,7.2,5.0,7,71.5
4,2008,3,4,0.0,0.0,0.04,0.0,71.0,22.0,7.5,24.0,8,73.0
4,2007,3,12,0.02,0.0,0.0,0.0,71.0,22.0,7.5,24.0,1,73.0
4,2006,0,19,0.04,0.0,0.0,0.0,47.0,4.0,7.5,24.0,1,61.0
6,2005,11,3,0.04,0.01,0.0,0.0,78.0,29.0,9.1,10.0,2,84.5
15,2004,8,15,0.14,0.11,0.0,0.04,84.0,46.0,8.9,27.0,5,86.5
6,2002,10,2,0.11,0.04,0.0,0.0,82.0,5.0,7.5,24.0,1,78.5
27,2008,8,10,0.65,0.3,0.01,0.1,72.0,69.0,7.2,152.0,7,72.0
15,2007,6,23,0.02,0.01,0.0,0.0,71.0,22.0,7.5,24.0,8,73.0
25,2008,5,19,0.16,0.0,0.0,0.01,71.0,22.0,7.5,24.0,1,73.0
12,2007,8,2,0.0,1.12,0.0,0.03,92.0,40.0,8.5,2360.0,5,88.5
6,2004,3,23,0.39,0.14,0.0,0.01,71.0,22.0,7.5,24.0,1,73.0
16,2007,7,19,0.0,0.03,0.03,0.01,67.0,7.0,6.8,34.0,7,67.5
15,2007,2,27,0.0,0.0,0.04,0.0,77.0,9.0,8.3,16.0,7,80.0
27,2011,3,26,0.62,0.18,0.0,0.07,63.0,31.0,6.8,29.0,2,65.5
18,2007,6,10,0.02,0.38,0.01,0.05,76.0,23.0,8.2,27.0,2,79.0
18,2008,10,21,0.3,0.0,0.0,0.02,83.0,14.0,8.4,12.0,1,83.5
14,1995,8,19,0.15,0.1,0.0,0.02,71.0,22.0,7.5,24.0,8,73.0
4,2008,1,25,0.0,0.0,0.05,0.0,71.0,22.0,7.5,24.0,8,73.0
19,2016,0,11,0.0,0.0,0.02,0.0,71.0,22.0,7.5,24.0,8,73.0
17,2016,1,26,0.01,0.05,0.0,0.01,72.0,31.0,7.8,22.0,2,75.0
19,2015,1,11,0.0,0.0,0.02,0.0,71.0,22.0,7.5,24.0,8,73.0
19,2013,7,19,0.0,0.0,0.03,0.0,71.0,22.0,7.5,24.0,8,73.0
18,2006,5,16,0.0,0.0,0.04,0.0,71.0,22.0,7.5,24.0,8,73.0
12,2006,11,7,0.0,0.02,0.0,0.0,73.0,32.0,7.4,57.0,5,73.5
22,1996,3,19,0.0,0.0,0.32,0.0,71.0,22.0,7.5,24.0,8,73.0
29,2014,10,10,1.31,0.09,0.0,0.16,80.0,19.0,6.4,138.0,1,72.0
27,2007,8,26,0.14,0.02,0.0,0.01,71.0,37.0,6.9,46.0,5,70.0
12,2011,5,19,0.0,0.04,0.0,0.01,71.0,22.0,7.5,24.0,8,73.0
17,2015,10,19,0.01,0.09,0.0,0.02,76.0,4.0,7.4,19.0,1,75.0
7,2003,0,10,0.06,0.02,0.0,0.0,62.0,11.0,8.3,6.0,1,72.5
17,2016,0,2,0.01,0.0,0.0,0.0,48.0,4.0,2.0,53.0,5,34.0
4,2006,0,19,0.0,0.0,0.04,0.0,71.0,22.0,7.5,24.0,8,73.0
7,2003,0,26,0.01,0.0,0.0,0.0,23.0,21.0,3.3,23.0,7,28.0
16,2010,9,10,0.73,0.89,0.02,0.3,78.0,39.0,6.4,55.0,7,71.0
27,2012,10,10,0.17,0.62,0.0,0.1,77.0,47.0,6.7,58.0,1,72.0
11,1995,10,19,0.0,0.0,0.02,0.0,71.0,22.0,7.5,24.0,8,73.0
28,2004,6,3,0.36,0.38,0.0,0.03,56.0,57.0,4.7,69.0,5,51.5
18,2012,0,11,0.0,0.0,0.02,0.0,71.0,22.0,7.5,24.0,8,73.0
15,2008,0,16,0.04,0.03,0.25,0.01,52.0,8.0,6.5,8.0,7,58.5
18,2011,0,6,0.0,0.0,0.14,0.0,71.0,22.0,7.5,24.0,8,73.0
19,2015,0,11,0.0,0.0,0.01,0.0,71.0,22.0,7.5,24.0,8,73.0
27,2009,10,10,0.59,1.79,0.01,0.23,90.0,63.0,7.5,133.0,1,82.5
14,1999,10,2,3.42,1.38,0.02,0.2,92.0,18.0,9.2,69.0,7,92.0
16,2010,0,12,0.1,0.06,0.0,0.02,71.0,22.0,7.5,24.0,8,73.0
27,2011,10,26,0.08,0.03,0.0,0.01,21.0,5.0,5.0,25.0,7,35.5
2,2011,4,20,0.44,0.47,0.01,0.09,66.0,29.0,6.9,108.0,1,67.5
6,2002,10,10,0.06,0.02,0.0,0.0,71.0,22.0,7.5,24.0,8,73.0
20,1995,6,20,0.0,0.0,0.07,0.0,71.0,22.0,7.5,24.0,8,73.0
27,2013,0,29,1.15,0.56,0.0,0.17,74.0,46.0,7.5,685.0,7,74.5
12,1997,1,19,1.52,0.82,0.0,0.1,83.0,12.0,7.5,24.0,1,79.0
4,2006,0,28,0.13,0.02,0.0,0.01,63.0,17.0,7.6,13.0,7,69.5
15,2007,1,19,0.0,0.0,0.02,0.0,71.0,22.0,7.5,24.0,8,73.0
6,2001,6,17,0.39,0.16,0.37,0.12,86.0,19.0,8.5,22.0,1,85.5
6,2001,4,17,3.14,1.24,0.91,0.2,84.0,19.0,7.8,41.0,1,81.0
4,2010,0,29,0.25,0.09,0.0,0.03,71.0,22.0,7.5,24.0,8,73.0
2,2012,1,27,0.0,0.0,0.04,0.0,71.0,22.0,7.5,24.0,8,73.0
4,2008,10,3,0.11,0.0,0.0,0.01,71.0,22.0,7.5,24.0,1,73.0
25,2009,1,19,0.03,0.0,0.0,0.0,26.0,6.0,7.5,24.0,1,50.5
0,1982,0,20,0.37,0.02,0.0,0.0,71.0,22.0,7.5,24.0,8,73.0
12,2000,11,26,0.02,0.1,0.0,0.02,71.0,22.0,8.0,6.0,7,75.5
25,2007,1,8,1.22,0.03,0.0,0.09,71.0,22.0,4.3,4.0,1,57.0
19,2013,7,18,0.05,0.02,0.14,0.02,77.0,20.0,7.5,132.0,7,76.0
27,2014,1,19,0.03,0.02,0.0,0.0,71.0,22.0,7.5,24.0,8,73.0
15,2007,1,19,0.0,0.0,0.02,0.0,71.0,22.0,7.5,24.0,8,73.0
27,2011,0,23,0.15,0.03,0.0,0.01,71.0,22.0,7.5,24.0,8,73.0
4,2010,5,19,0.01,0.15,0.0,0.02,71.0,22.0,7.5,24.0,8,73.0
27,2007,6,20,0.12,0.28,0.0,0.05,77.0,42.0,7.2,30.0,1,74.5
27,2012,9,12,0.14,0.03,0.01,0.02,75.0,21.0,8.8,20.0,5,81.5
18,2006,7,12,0.04,0.0,0.0,0.0,64.0,29.0,7.3,13.0,2,68.5
25,2011,3,19,0.06,0.02,0.0,0.01,84.0,19.0,8.7,18.0,1,85.5
25,2008,2,19,0.1,0.0,0.0,0.01,70.0,15.0,7.5,24.0,7,72.5
4,2011,5,19,0.04,0.04,0.0,0.01,70.0,5.0,7.5,24.0,1,72.5
14,1995,9,12,0.0,0.0,0.55,0.04,71.0,22.0,7.5,24.0,8,73.0
12,2004,11,28,0.0,0.01,0.0,0.0,75.0,51.0,8.3,106.0,7,79.0
20,1995,3,20,0.0,0.0,0.05,0.0,71.0,22.0,7.5,24.0,8,73.0
15,2001,0,19,0.0,0.0,0.04,0.0,71.0,22.0,7.5,24.0,8,73.0
4,2009,8,19,0.03,0.0,0.0,0.0,44.0,16.0,6.9,19.0,5,56.5
29,2013,10,10,0.16,0.02,0.0,0.02,36.0,14.0,3.1,88.0,1,33.5
19,2014,7,16,0.0,0.0,0.05,0.0,71.0,22.0,7.5,24.0,8,73.0
25,2010,3,24,0.33,0.21,0.0,0.05,71.0,22.0,7.5,24.0,1,73.0
18,2012,0,6,0.0,0.0,0.02,0.0,71.0,22.0,7.5,24.0,8,73.0
15,2007,7,20,0.0,0.0,0.1,0.0,64.0,24.0,7.3,17.0,2,68.5
9,1999,8,19,0.21,0.05,0.0,0.0,71.0,22.0,7.5,24.0,8,73.0
4,2007,11,22,0.07,0.01,0.05,0.01,66.0,32.0,7.5,24.0,2,70.5
4,2006,9,16,0.09,0.01,0.86,0.01,66.0,9.0,7.5,24.0,1,70.5
25,2011,10,26,0.1,0.0,0.0,0.01,71.0,22.0,7.5,24.0,1,73.0
28,2006,8,19,0.03,0.01,0.0,0.0,68.0,33.0,7.4,16.0,5,71.0
15,2005,6,30,0.09,0.07,0.0,0.02,71.0,22.0,8.1,9.0,7,76.0
16,2013,1,19,0.0,0.0,0.04,0.0,71.0,22.0,7.5,24.0,8,73.0
15,2003,10,19,0.18,0.14,0.0,0.05,71.0,22.0,7.8,19.0,1,74.5
25,2012,10,24,0.14,0.0,0.0,0.01,71.0,22.0,7.5,24.0,1,73.0
16,2014,10,24,0.87,0.21,0.02,0.24,71.0,22.0,3.5,22.0,1,53.0
18,2009,11,25,0.0,0.0,0.04,0.0,71.0,22.0,7.5,24.0,8,73.0
6,2005,3,12,0.17,0.06,0.0,0.0,71.0,22.0,7.5,24.0,8,73.0
25,2009,0,20,0.45,0.23,0.02,0.07,81.0,74.0,8.6,176.0,5,83.5
20,1994,2,20,0.17,0.12,0.77,0.02,71.0,22.0,7.5,24.0,8,73.0
6,2004,3,27,0.12,0.05,0.0,0.0,71.0,22.0,7.5,24.0,8,73.0
15,2002,9,2,0.24,0.19,0.0,0.06,81.0,22.0,8.3,8.0,7,82.0
25,2008,9,19,0.58,0.08,0.02,0.05,76.0,10.0,8.9,20.0,1,82.5
16,2014,0,2,0.06,0.14,0.02,0.04,71.0,22.0,7.5,24.0,8,73.0
25,2009,0,4,0.09,0.01,0.0,0.01,66.0,30.0,6.3,6.0,7,64.5
15,2008,3,2,0.03,0.03,0.0,0.01,71.0,22.0,7.5,24.0,8,73.0
19,2015,7,19,0.0,0.0,0.03,0.0,71.0,22.0,7.5,24.0,8,73.0
15,2003,10,10,0.47,0.37,0.0,0.12,85.0,19.0,7.6,53.0,1,80.5
27,2009,10,19,0.13,0.02,0.0,0.01,61.0,28.0,5.1,19.0,7,56.0
12,2010,11,19,0.0,0.01,0.0,0.0,71.0,22.0,7.5,24.0,8,73.0
15,2007,10,12,0.0,0.0,0.31,0.0,71.0,22.0,7.5,24.0,8,73.0
15,2002,1,21,0.07,0.05,0.0,0.02,71.0,17.0,8.5,11.0,1,78.0
25,2009,10,2,0.52,0.01,0.0,0.04,71.0,22.0,7.5,24.0,1,73.0
25,2009,0,19,0.05,0.0,0.0,0.0,53.0,10.0,7.5,24.0,1,64.0
27,2014,1,19,0.05,0.1,0.0,0.01,71.0,22.0,2.9,7.0,2,50.0
16,2008,2,23,0.51,0.3,0.01,0.12,78.0,37.0,7.0,49.0,7,74.0
15,2006,0,16,0.0,0.0,0.02,0.0,71.0,22.0,7.5,24.0,8,73.0
4,2008,1,16,0.0,0.0,0.02,0.0,71.0,22.0,7.5,24.0,8,73.0
7,2005,4,23,0.12,0.03,0.0,0.0,75.0,17.0,9.3,4.0,1,84.0
4,2007,9,26,0.51,0.4,0.0,0.11,71.0,22.0,9.0,4.0,1,80.5
28,2003,0,19,0.01,0.0,0.0,0.0,44.0,10.0,7.5,24.0,7,59.5
27,2012,8,26,0.93,0.4,0.02,0.12,79.0,75.0,7.2,334.0,5,75.5
12,2009,6,10,0.0,0.05,0.0,0.01,83.0,22.0,5.8,387.0,1,70.5
12,2006,9,10,0.0,0.03,0.0,0.01,71.0,22.0,6.7,7.0,7,69.0
15,2004,10,19,0.03,0.02,0.0,0.01,71.0,22.0,7.5,24.0,8,73.0
6,2005,0,30,0.08,0.03,0.0,0.0,71.0,22.0,6.0,5.0,1,65.5
12,2011,1,19,0.0,0.01,0.0,0.0,71.0,22.0,7.5,24.0,8,73.0
14,1998,0,19,1.48,0.2,0.0,0.05,71.0,22.0,7.5,24.0,8,73.0
25,2011,3,23,0.1,0.01,0.0,0.01,71.0,22.0,7.5,24.0,1,73.0
2,2013,7,16,0.0,0.0,0.09,0.0,71.0,22.0,7.5,24.0,8,73.0
22,1996,7,19,0.0,0.0,0.15,0.0,71.0,22.0,7.5,24.0,8,73.0
27,2014,8,24,0.46,0.19,0.01,0.07,74.0,16.0,6.4,161.0,5,69.0
28,2003,6,15,0.02,0.01,0.0,0.0,64.0,22.0,7.5,24.0,7,69.5
14,1997,6,10,0.67,0.46,0.0,0.08,71.0,22.0,7.5,24.0,8,73.0
12,2007,7,3,0.0,0.01,0.0,0.0,82.0,25.0,8.8,182.0,7,85.0
4,2008,3,2,0.84,0.57,0.0,0.16,72.0,40.0,8.0,5.0,2,76.0
17,2015,0,4,0.01,0.0,0.08,0.0,71.0,22.0,7.5,24.0,8,73.0
19,2014,0,16,0.03,0.04,0.04,0.02,67.0,4.0,7.8,25.0,7,72.5
12,2010,11,26,0.04,0.19,0.0,0.04,76.0,33.0,8.1,176.0,7,78.5
18,2009,1,19,0.0,0.0,0.02,0.0,71.0,22.0,7.5,24.0,8,73.0
4,2009,9,0,0.3,0.0,0.0,0.02,71.0,22.0,7.5,24.0,1,73.0
15,2006,11,19,0.0,0.0,0.03,0.0,71.0,22.0,7.5,24.0,8,73.0
4,2005,10,12,0.0,0.0,0.1,0.0,71.0,22.0,7.5,24.0,8,73.0
15,2003,10,10,1.69,0.2,0.0,0.06,90.0,31.0,8.8,70.0,1,89.0
19,2013,11,2,0.03,0.03,0.0,0.02,71.0,22.0,2.0,13.0,1,45.5
12,2014,11,24,0.11,0.22,0.0,0.03,81.0,78.0,5.5,1027.0,2,68.0
14,1994,8,12,0.0,0.0,0.31,0.02,71.0,22.0,7.5,24.0,8,73.0
27,2011,0,23,1.25,1.14,0.07,0.3,84.0,70.0,7.6,490.0,5,80.0
19,2011,6,5,0.03,0.07,0.01,0.02,66.0,27.0,6.2,25.0,1,64.0
15,2007,1,19,0.0,0.0,0.01,0.0,71.0,22.0,7.5,24.0,8,73.0
2,2014,11,2,0.02,0.0,0.0,0.0,71.0,22.0,7.5,24.0,8,73.0
6,2002,0,23,0.19,0.07,0.0,0.0,71.0,22.0,7.5,24.0,8,73.0
18,2007,5,6,0.01,0.0,0.0,0.0,84.0,32.0,8.0,19.0,2,82.0
27,2010,3,29,0.36,0.17,0.0,0.05,33.0,6.0,3.7,9.0,1,35.0
14,1996,0,1,0.02,0.01,0.0,0.0,71.0,22.0,7.5,24.0,8,73.0
2,2011,0,20,0.05,0.02,0.0,0.01,51.0,9.0,5.0,6.0,7,50.5
27,2011,6,4,0.0,0.05,0.0,0.01,72.0,31.0,7.5,24.0,1,73.5
4,2011,9,2,0.06,0.01,0.0,0.01,71.0,22.0,7.5,24.0,1,73.0
7,2002,4,26,0.03,0.01,0.0,0.0,61.0,7.0,3.0,4.0,1,45.5
12,2006,5,19,0.01,0.0,0.0,0.0,71.0,22.0,8.0,6.0,1,75.5
15,2007,11,12,0.05,0.04,0.0,0.01,71.0,22.0,7.5,24.0,8,73.0
27,2006,7,11,0.08,0.0,0.0,0.01,59.0,16.0,7.5,19.0,7,67.0
6,2004,10,2,0.35,0.13,0.0,0.01,70.0,4.0,7.5,24.0,1,72.5
15,2009,8,19,0.0,0.0,0.02,0.0,71.0,22.0,7.5,24.0,8,73.0
16,2014,1,2,0.11,0.09,0.0,0.04,71.0,22.0,5.9,8.0,2,65.0
4,2010,9,12,0.0,0.0,0.23,0.0,71.0,22.0,7.5,24.0,8,73.0
25,2009,6,19,0.04,0.0,0.0,0.0,71.0,22.0,7.5,24.0,8,73.0
4,2006,9,26,0.49,0.02,0.0,0.04,71.0,22.0,5.3,16.0,1,62.0
12,2011,0,19,0.03,0.01,0.0,0.0,61.0,21.0,6.6,127.0,5,63.5
27,2014,8,16,0.02,0.02,0.0,0.0,35.0,8.0,5.8,78.0,5,46.5
27,2012,7,4,0.42,0.23,0.07,0.06,75.0,59.0,7.8,320.0,5,76.5
18,2005,6,26,0.08,0.0,0.0,0.01,70.0,37.0,8.7,22.0,1,78.5
19,2013,1,19,0.0,0.0,0.02,0.0,71.0,22.0,7.5,24.0,8,73.0
18,2006,3,16,0.0,0.0,0.05,0.0,71.0,22.0,7.5,24.0,8,73.0
9,2000,7,19,0.0,0.0,0.32,0.05,71.0,22.0,7.5,24.0,8,73.0
28,2003,6,14,0.97,0.59,0.04,0.07,71.0,22.0,7.5,24.0,8,73.0
6,2004,6,30,0.04,0.02,0.0,0.0,83.0,17.0,8.9,9.0,1,86.0
25,2009,11,19,0.14,0.1,0.02,0.02,87.0,50.0,8.8,86.0,7,87.5
16,2009,6,19,0.1,0.0,0.0,0.01,71.0,22.0,7.5,24.0,1,73.0
2,2011,2,7,0.07,0.02,0.0,0.01,58.0,16.0,5.9,28.0,2,58.5
18,2010,0,20,0.18,0.12,0.0,0.07,49.0,8.0,7.5,24.0,7,62.0
25,2007,0,10,0.45,0.46,0.0,0.11,64.0,19.0,6.1,38.0,7,62.5
15,2001,7,19,0.0,0.0,0.02,0.0,71.0,22.0,7.5,24.0,8,73.0
14,2001,0,9,0.1,0.07,0.0,0.01,84.0,15.0,8.9,17.0,5,86.5
16,2011,3,27,0.0,0.0,0.03,0.0,71.0,22.0,7.5,24.0,8,73.0
18,2010,7,16,0.0,0.0,0.21,0.0,71.0,22.0,7.5,24.0,8,73.0
14,2000,10,2,3.05,1.41,0.02,0.2,98.0,19.0,7.7,299.0,7,87.5
16,2012,7,4,0.41,0.44,0.72,0.17,78.0,38.0,8.3,444.0,5,80.5
9,1997,10,1,1.01,0.05,0.0,0.01,71.0,22.0,7.5,24.0,8,73.0
12,2009,1,7,0.0,0.03,0.0,0.0,64.0,14.0,7.1,17.0,7,67.5
15,2003,8,28,0.17,0.13,0.0,0.04,81.0,28.0,8.9,17.0,7,85.0
18,2011,0,16,0.0,0.0,0.12,0.0,71.0,22.0,7.5,24.0,8,73.0
15,2003,10,21,0.46,0.36,0.0,0.12,71.0,22.0,7.5,24.0,8,73.0
6,2002,4,17,1.22,0.1,0.91,0.04,81.0,24.0,8.9,54.0,1,85.0
27,2006,9,14,0.45,0.95,0.02,0.2,84.0,65.0,8.0,131.0,1,82.0
25,2008,0,26,0.15,0.01,0.03,0.01,70.0,35.0,7.8,24.0,5,74.0
27,2014,7,7,0.02,0.04,0.0,0.0,44.0,8.0,4.4,69.0,5,44.0
12,2001,11,10,0.0,0.04,0.0,0.0,71.0,22.0,7.5,24.0,8,73.0
4,2010,2,16,0.0,0.0,0.36,0.0,71.0,22.0,7.5,24.0,8,73.0
5,1991,11,17,0.0,0.0,0.18,0.0,71.0,22.0,7.5,24.0,8,73.0
16,2011,4,21,0.75,0.21,0.05,0.12,71.0,22.0,7.5,24.0,8,73.0
27,2006,3,19,0.04,0.0,0.0,0.0,71.0,22.0,7.5,24.0,8,73.0
18,2005,0,21,0.71,0.0,0.0,0.06,79.0,45.0,8.2,38.0,7,80.5
15,2004,0,3,0.1,0.08,0.0,0.03,71.0,40.0,6.8,18.0,7,69.5
18,2006,0,24,0.18,0.0,0.0,0.02,51.0,14.0,6.3,15.0,5,57.0
27,2011,0,8,0.37,0.14,0.0,0.05,66.0,31.0,5.3,13.0,2,59.5
6,2001,5,23,1.25,0.39,0.0,0.06,65.0,10.0,7.5,24.0,1,70.0
25,2010,3,23,0.04,0.05,0.0,0.01,71.0,22.0,7.5,24.0,7,73.0
14,1998,10,12,0.0,0.0,0.04,0.0,71.0,22.0,7.5,24.0,8,73.0
2,2014,0,16,0.0,0.0,0.01,0.0,71.0,22.0,7.5,24.0,8,73.0
18,2006,11,19,0.14,0.0,0.0,0.01,77.0,53.0,7.8,31.0,7,77.5
18,2008,6,10,0.23,0.31,0.03,0.19,52.0,7.0,6.8,37.0,7,60.0
9,2000,4,26,0.08,0.02,0.0,0.0,71.0,22.0,7.5,24.0,8,73.0
15,2003,4,23,0.33,0.25,0.0,0.09,71.0,22.0,7.5,24.0,8,73.0
18,2010,10,12,0.05,0.3,0.29,0.16,74.0,10.0,5.8,5.0,1,66.0
25,2008,0,8,0.31,0.02,0.0,0.03,63.0,5.0,7.1,12.0,7,67.0
25,2010,10,8,0.54,0.32,0.0,0.08,71.0,22.0,7.5,24.0,8,73.0
15,2004,0,0,0.04,0.03,0.0,0.01,58.0,34.0,7.6,5.0,5,67.0
25,2008,9,19,0.13,0.0,0.0,0.01,71.0,22.0,7.5,24.0,2,73.0
27,2013,0,4,0.12,0.1,0.02,0.02,75.0,30.0,7.4,170.0,5,74.5
27,2006,10,2,0.44,0.02,0.0,0.04,81.0,65.0,7.6,38.0,7,78.5
15,2004,3,21,0.0,1.04,0.0,0.31,71.0,22.0,7.5,24.0,8,73.0
27,2009,6,19,0.0,0.01,0.0,0.0,62.0,16.0,7.5,24.0,1,68.5
15,2005,0,20,0.03,0.02,0.74,0.01,75.0,58.0,8.2,73.0,5,78.5
4,2007,5,19,0.04,0.0,0.0,0.0,71.0,22.0,7.5,24.0,8,73.0
4,2010,1,19,0.04,0.12,0.0,0.02,71.0,22.0,7.5,24.0,1,73.0
4,2009,5,19,0.03,0.0,0.0,0.0,71.0,22.0,7.5,24.0,1,73.0
14,2001,0,19,0.02,0.01,0.0,0.0,71.0,22.0,7.5,24.0,8,73.0
25,2008,1,17,0.0,0.0,0.01,0.0,71.0,22.0,7.5,24.0,8,73.0
27,2010,7,10,1.99,0.81,0.03,0.27,96.0,98.0,8.9,3143.0,5,92.5
18,2010,3,19,0.01,0.0,0.02,0.0,71.0,22.0,4.6,9.0,2,58.5
25,2007,6,19,0.12,0.0,0.0,0.01,47.0,10.0,6.7,7.0,1,57.0
6,2003,7,17,0.08,0.03,0.17,0.01,76.0,29.0,8.1,24.0,2,78.5
18,2010,1,11,0.0,0.0,0.01,0.0,71.0,22.0,7.5,24.0,8,73.0
15,2004,4,10,0.26,0.2,0.0,0.07,71.0,24.0,8.2,22.0,1,76.5
15,2002,10,20,0.1,0.08,0.0,0.03,89.0,25.0,7.8,17.0,1,83.5
2,2011,0,19,0.0,0.0,0.16,0.0,71.0,22.0,7.5,24.0,8,73.0
2,2014,0,27,0.15,0.09,0.0,0.02,69.0,16.0,7.6,32.0,1,72.5
4,2010,0,19,0.0,0.0,0.02,0.0,71.0,22.0,7.5,24.0,8,73.0
27,2008,6,19,0.06,0.14,0.0,0.01,63.0,17.0,8.0,6.0,2,71.5
4,2009,0,26,0.12,0.0,0.0,0.01,36.0,8.0,4.8,4.0,2,42.0
15,2000,6,16,0.06,0.05,0.14,0.02,77.0,16.0,6.0,5.0,1,68.5
16,2015,0,4,0.06,0.05,0.16,0.02,71.0,22.0,6.8,48.0,5,69.5
25,2009,6,10,0.45,0.3,0.0,0.08,69.0,41.0,7.4,38.0,2,71.5
10,1988,4,17,9.54,3.44,3.84,0.46,71.0,22.0,7.5,24.0,8,73.0
16,2009,9,21,0.35,0.52,0.04,0.08,70.0,35.0,8.2,20.0,1,76.0
18,2005,10,12,0.01,0.88,0.31,0.0,71.0,22.0,7.5,24.0,8,73.0
15,2004,1,5,0.07,0.05,0.0,0.02,76.0,48.0,8.0,23.0,7,78.0
6,2005,0,23,0.11,0.04,0.0,0.0,71.0,22.0,7.5,24.0,8,73.0
15,2003,6,15,0.04,0.03,0.0,0.01,67.0,25.0,8.3,17.0,7,75.0
22,1994,10,1,1.19,0.16,0.0,0.03,71.0,22.0,7.5,24.0,8,73.0
14,1997,2,21,0.39,0.27,0.43,0.08,83.0,13.0,7.9,16.0,7,81.0
15,2002,6,10,0.05,0.04,0.0,0.01,78.0,16.0,7.5,24.0,1,76.5
15,2005,0,24,0.44,0.02,0.0,0.07,84.0,52.0,8.5,72.0,5,84.5
14,1997,6,5,0.06,0.04,0.0,0.01,71.0,22.0,7.5,24.0,8,73.0
4,2007,5,19,0.13,0.01,0.0,0.01,77.0,9.0,7.7,9.0,1,77.0
29,2014,0,22,0.26,0.15,0.0,0.04,71.0,22.0,7.5,24.0,8,73.0
27,2012,8,19,0.28,0.15,0.0,0.04,67.0,30.0,6.5,132.0,5,66.0
16,2016,7,22,0.0,0.0,0.12,0.0,71.0,22.0,7.5,24.0,8,73.0
4,2008,10,19,0.06,0.0,0.0,0.0,71.0,22.0,7.5,24.0,8,73.0
15,2004,1,16,0.08,0.06,0.0,0.02,71.0,22.0,7.5,24.0,8,73.0
25,2008,3,19,0.0,0.0,0.25,0.0,71.0,22.0,7.5,24.0,2,73.0
7,2005,0,10,0.32,0.08,0.0,0.01,69.0,20.0,6.3,13.0,2,66.0
4,2008,3,10,0.05,0.0,0.0,0.0,71.0,22.0,7.5,24.0,8,73.0
15,2008,1,19,0.0,0.0,0.05,0.0,71.0,22.0,7.5,24.0,8,73.0
22,1993,4,19,0.09,0.02,0.45,0.0,71.0,22.0,7.5,24.0,8,73.0
12,2016,8,7,0.01,0.02,0.0,0.0,54.0,48.0,3.5,284.0,5,44.5
4,2008,6,10,0.18,0.03,0.0,0.02,59.0,7.0,6.7,6.0,2,63.0
4,2004,5,19,0.0,0.0,0.09,0.0,71.0,22.0,7.5,24.0,8,73.0
11,1994,2,19,0.0,0.0,0.12,0.0,71.0,22.0,7.5,24.0,8,73.0
18,2010,7,16,0.0,0.0,0.02,0.0,71.0,22.0,7.5,24.0,8,73.0
15,2006,0,0,0.02,0.01,0.0,0.0,71.0,22.0,7.5,24.0,8,73.0
14,1999,1,19,0.08,0.06,0.0,0.01,71.0,22.0,7.5,24.0,8,73.0
25,2008,2,19,0.05,0.0,0.0,0.0,74.0,6.0,8.2,5.0,7,78.0
15,2005,8,19,0.05,0.04,0.0,0.01,71.0,22.0,7.5,24.0,8,73.0
15,2006,6,20,0.02,0.01,0.01,0.0,81.0,42.0,8.8,17.0,1,84.5
15,2007,6,10,0.69,0.0,0.04,1.68,62.0,11.0,6.2,34.0,2,62.0
25,2007,9,23,0.23,0.01,0.0,0.02,71.0,22.0,5.0,6.0,1,60.5
7,2004,10,10,0.15,0.04,0.0,0.01,77.0,24.0,7.5,24.0,1,76.0
25,2010,3,19,0.01,0.0,0.0,0.0,71.0,22.0,7.5,24.0,1,73.0
2,2016,3,19,0.0,0.0,0.04,0.0,71.0,22.0,7.5,24.0,8,73.0
7,2004,0,23,0.17,0.04,0.0,0.01,71.0,22.0,7.5,24.0,8,73.0
4,2011,1,19,0.03,0.04,0.0,0.01,78.0,4.0,7.5,24.0,2,76.5
27,2014,0,25,0.03,0.01,0.0,0.0,50.0,20.0,5.3,43.0,5,51.5
6,2004,1,23,0.14,0.05,0.0,0.0,71.0,22.0,7.5,24.0,1,73.0
28,2006,10,10,0.06,0.02,0.0,0.0,63.0,30.0,7.1,9.0,1,67.0
4,2009,6,19,0.02,0.0,0.0,0.0,71.0,22.0,7.5,24.0,1,73.0
15,2007,10,10,0.19,0.15,0.0,0.05,65.0,10.0,7.5,24.0,1,70.0
4,2008,11,30,0.09,0.0,0.0,0.01,57.0,5.0,7.5,24.0,1,66.0
15,2006,1,19,0.0,0.0,0.03,0.0,71.0,22.0,7.5,24.0,8,73.0
16,2009,0,25,0.14,0.03,0.15,0.02,62.0,22.0,7.0,26.0,7,66.0
4,2007,1,3,0.03,0.0,0.0,0.0,71.0,22.0,7.5,24.0,8,73.0
4,2008,7,19,0.06,0.0,0.0,0.0,59.0,9.0,8.0,5.0,1,69.5
6,2004,0,26,0.05,0.02,0.0,0.0,68.0,19.0,6.2,6.0,7,65.0
25,2009,3,19,0.19,0.01,0.0,0.02,71.0,22.0,7.5,24.0,8,73.0
7,2004,4,23,0.73,0.19,0.0,0.03,73.0,9.0,7.8,13.0,1,75.5
12,1997,0,9,0.91,1.25,0.0,0.13,71.0,22.0,8.3,37.0,8,77.0
19,2012,1,19,0.0,0.0,0.05,0.0,71.0,22.0,7.5,24.0,8,73.0
27,2007,3,2,0.06,0.01,0.0,0.01,74.0,10.0,6.7,6.0,7,70.5
16,2012,2,4,0.42,0.21,0.1,0.09,84.0,51.0,5.3,191.0,7,68.5
18,2008,1,19,0.0,0.0,0.06,0.0,71.0,22.0,7.5,24.0,8,73.0
25,2009,3,19,0.0,0.0,0.09,0.0,71.0,22.0,7.5,24.0,8,73.0
25,2009,3,19,0.06,0.0,0.0,0.0,71.0,22.0,7.5,24.0,8,73.0
15,2009,3,2,0.11,0.01,0.0,0.1,69.0,6.0,8.3,6.0,7,76.0
27,2009,7,22,0.25,0.0,0.0,0.02,71.0,22.0,7.5,24.0,7,73.0
27,2016,10,10,0.07,0.28,0.0,0.03,71.0,22.0,1.7,23.0,1,44.0
27,2008,8,5,0.23,0.04,0.0,0.02,43.0,44.0,6.8,87.0,7,55.5
25,2007,1,17,0.18,0.16,0.03,0.04,71.0,22.0,7.5,24.0,8,73.0
15,2002,11,25,0.05,0.04,0.19,0.01,77.0,14.0,8.9,17.0,1,83.0
27,2011,0,2,0.05,0.01,0.0,0.0,71.0,22.0,4.0,6.0,2,55.5
4,2009,1,19,0.08,0.01,0.0,0.01,53.0,11.0,6.5,4.0,7,59.0
16,2006,7,10,0.14,0.02,0.02,0.02,58.0,40.0,7.2,36.0,7,65.0
12,2016,7,22,0.0,0.03,0.0,0.0,83.0,55.0,6.1,684.0,5,72.0
16,2007,3,2,0.08,0.01,0.0,0.01,75.0,6.0,7.5,24.0,7,75.0
4,2008,3,19,0.0,0.0,0.05,0.0,71.0,22.0,7.5,24.0,8,73.0
15,2003,2,23,1.32,1.06,0.04,0.38,71.0,22.0,7.5,24.0,8,73.0
9,1997,1,24,0.12,0.03,0.0,0.0,71.0,22.0,7.5,24.0,8,73.0
4,2007,7,16,0.0,0.0,0.03,0.0,71.0,22.0,7.5,24.0,8,73.0
16,2010,7,19,0.0,0.0,0.02,0.0,71.0,22.0,7.5,24.0,8,73.0
15,2006,8,16,0.0,0.0,0.49,0.0,71.0,22.0,7.5,24.0,8,73.0
15,2009,1,19,0.0,0.0,0.02,0.0,71.0,22.0,7.5,24.0,8,73.0
12,2004,11,19,0.0,0.02,0.0,0.01,77.0,26.0,9.1,89.0,2,84.0
15,2002,4,23,1.17,0.72,0.0,0.22,71.0,22.0,7.5,24.0,8,73.0
19,2014,7,11,0.02,0.01,0.06,0.01,71.0,22.0,7.5,24.0,8,73.0
4,2008,1,19,0.03,0.0,0.0,0.0,67.0,30.0,8.2,29.0,2,74.5
27,2016,0,29,0.18,0.11,0.0,0.03,71.0,22.0,5.7,6.0,2,64.0
15,2006,7,22,0.0,0.0,0.29,0.0,71.0,22.0,7.5,24.0,8,73.0
6,2004,0,19,0.1,0.04,0.0,0.0,71.0,22.0,7.5,24.0,1,73.0
18,2007,8,26,0.35,0.09,0.0,0.08,61.0,12.0,6.4,9.0,7,62.5
25,2009,3,2,0.4,0.43,0.0,0.1,85.0,20.0,8.6,17.0,7,85.5
4,2009,9,26,0.14,0.0,0.0,0.01,71.0,22.0,7.5,24.0,1,73.0
15,2008,3,19,0.0,0.0,0.01,0.0,71.0,22.0,7.5,24.0,8,73.0
14,1999,7,19,0.0,0.0,0.42,0.03,71.0,22.0,7.5,24.0,8,73.0
6,2005,6,30,0.04,0.02,0.0,0.0,71.0,22.0,7.5,24.0,1,73.0
14,1998,6,25,0.0,0.0,0.14,0.01,71.0,22.0,7.5,24.0,8,73.0
28,2003,8,19,0.03,0.01,0.0,0.0,55.0,22.0,8.0,5.0,5,67.5
7,2002,0,2,0.08,0.02,0.0,0.0,53.0,19.0,7.5,24.0,7,64.0
12,2011,7,10,0.07,0.03,0.0,0.01,65.0,52.0,6.0,133.0,7,62.5
14,1996,10,19,0.06,0.04,0.0,0.01,71.0,22.0,7.5,24.0,8,73.0
15,2006,7,16,0.11,0.09,0.0,0.03,71.0,22.0,7.5,24.0,8,73.0
27,2013,10,24,0.64,0.37,0.0,0.1,75.0,43.0,7.7,100.0,7,76.0
28,2003,0,10,0.05,0.02,0.0,0.0,59.0,11.0,6.0,5.0,1,59.5
4,2008,3,26,0.13,0.0,0.0,0.01,71.0,22.0,7.5,24.0,1,73.0
19,2015,0,11,0.0,0.0,0.02,0.0,71.0,22.0,7.5,24.0,8,73.0
4,2009,5,30,0.01,0.0,0.0,0.0,71.0,22.0,7.5,24.0,1,73.0
14,2000,7,19,0.3,0.2,0.3,0.06,92.0,19.0,8.3,129.0,7,87.5
14,1999,8,19,0.01,0.01,0.0,0.0,71.0,22.0,7.5,24.0,8,73.0
25,2007,2,3,0.14,0.0,0.0,0.01,44.0,31.0,7.2,37.0,2,58.0
15,2000,7,23,0.25,0.2,0.0,0.07,74.0,16.0,7.8,12.0,7,76.0
18,2012,0,6,0.0,0.0,0.02,0.0,71.0,22.0,7.5,24.0,8,73.0
15,2002,8,23,0.49,0.78,0.0,0.23,84.0,30.0,8.3,35.0,5,83.5
6,2005,3,16,0.14,0.05,0.0,0.0,60.0,7.0,7.5,24.0,1,67.5
27,2007,9,16,0.0,0.0,0.08,0.0,71.0,22.0,7.5,24.0,8,73.0
4,2007,3,0,0.24,0.0,0.0,0.02,71.0,22.0,7.5,24.0,1,73.0
16,2016,2,19,0.02,0.02,0.03,0.01,71.0,22.0,7.5,24.0,8,73.0
29,2016,3,3,0.02,0.0,0.0,0.0,71.0,22.0,7.5,24.0,1,73.0
6,2003,3,23,0.24,0.09,0.0,0.01,55.0,4.0,7.8,6.0,1,66.5
15,2003,10,3,0.05,0.04,0.0,0.01,58.0,10.0,6.5,4.0,1,61.5
28,2003,4,26,0.06,0.02,0.0,0.0,75.0,13.0,7.9,8.0,1,77.0
18,2012,10,16,0.0,0.0,0.11,0.0,71.0,22.0,7.5,24.0,8,73.0
1,1995,9,19,0.0,0.0,0.02,0.0,71.0,22.0,7.5,24.0,8,73.0
18,2008,6,19,0.05,0.08,0.0,0.02,47.0,6.0,7.5,24.0,1,61.0
2,2012,5,17,0.09,0.0,0.0,0.01,71.0,11.0,7.9,17.0,1,75.0
4,2011,5,19,0.04,0.03,0.0,0.01,71.0,22.0,7.5,24.0,1,73.0
25,2007,0,4,0.0,0.0,0.01,0.0,71.0,22.0,7.5,24.0,8,73.0
2,2016,0,16,0.0,0.0,0.01,0.0,71.0,22.0,7.5,24.0,8,73.0
2,2014,11,16,0.0,0.0,0.32,0.0,71.0,22.0,7.5,24.0,8,73.0
14,1998,0,21,0.19,0.13,0.0,0.02,71.0,22.0,7.5,24.0,8,73.0
17,2016,0,25,0.0,0.0,0.02,0.0,71.0,22.0,7.5,24.0,8,73.0
14,1999,7,21,0.0,0.0,0.39,0.03,71.0,22.0,7.5,24.0,8,73.0
6,2004,0,23,0.08,0.03,0.0,0.0,62.0,4.0,7.5,24.0,1,68.5
15,2001,8,10,1.9,1.13,0.1,0.41,72.0,27.0,7.9,48.0,7,75.5
18,2012,7,19,0.0,0.0,0.04,0.0,71.0,22.0,7.5,24.0,8,73.0
28,2004,9,24,0.05,0.01,0.0,0.0,62.0,29.0,5.0,5.0,7,56.0
27,2008,0,25,0.04,0.0,0.01,0.0,44.0,28.0,8.1,15.0,7,62.5
4,2008,5,13,0.01,0.0,0.0,0.0,48.0,10.0,7.5,24.0,1,61.5
16,2008,0,12,2.63,1.71,0.83,0.82,94.0,82.0,8.7,3558.0,5,90.5
15,2001,10,10,0.59,0.46,0.0,0.15,92.0,22.0,8.5,26.0,1,88.5
15,2004,11,25,0.0,0.0,0.08,0.0,70.0,7.0,8.8,6.0,7,79.0
12,2007,9,10,0.01,0.01,0.0,0.0,74.0,9.0,7.3,24.0,7,73.5
2,2016,0,29,0.07,0.09,0.01,0.01,60.0,4.0,7.1,15.0,2,65.5
4,2010,9,23,0.14,0.0,0.0,0.01,71.0,22.0,7.5,24.0,1,73.0
14,1997,8,23,0.04,0.03,0.0,0.0,71.0,22.0,7.5,24.0,8,73.0
27,2007,0,16,0.15,0.01,0.02,0.01,55.0,34.0,6.8,20.0,7,61.5
12,2009,9,10,0.02,0.18,0.0,0.38,81.0,31.0,8.0,72.0,7,80.5
18,2007,8,12,0.05,0.0,0.0,0.01,56.0,20.0,6.6,28.0,7,61.0
4,2011,0,19,0.04,0.02,0.0,0.01,71.0,22.0,7.5,24.0,2,73.0
9,1999,10,10,0.58,0.02,0.0,0.0,71.0,22.0,7.5,24.0,8,73.0
14,1996,0,16,0.0,0.0,0.36,0.02,71.0,22.0,7.5,24.0,8,73.0
19,2015,0,12,0.0,0.0,0.13,0.0,71.0,22.0,7.5,24.0,8,73.0
4,2006,9,0,0.04,0.0,0.0,0.0,48.0,8.0,7.5,24.0,2,61.5
27,2013,7,22,0.15,0.08,0.01,0.02,69.0,21.0,6.6,222.0,7,67.5
18,2009,3,19,0.0,0.0,0.02,0.0,71.0,22.0,7.5,24.0,8,73.0
4,2009,0,19,0.0,0.0,0.04,0.0,71.0,22.0,7.5,24.0,8,73.0
25,2011,10,20,0.05,0.08,0.0,0.01,65.0,15.0,7.5,4.0,1,70.0
28,2004,2,25,0.3,0.1,0.08,0.02,83.0,64.0,8.7,25.0,5,85.0
17,2016,7,19,0.0,0.0,0.03,0.0,71.0,22.0,7.5,24.0,8,73.0
15,2001,8,19,0.09,0.07,0.0,0.02,54.0,15.0,4.6,5.0,7,50.0
28,2004,8,14,6.82,1.53,0.05,0.08,95.0,91.0,8.2,1218.0,5,88.5
28,2004,0,15,0.16,0.05,0.0,0.01,77.0,44.0,8.8,23.0,5,82.5
25,2010,7,17,0.43,0.25,0.16,0.07,92.0,59.0,8.9,950.0,7,90.5
27,2011,10,19,0.0,0.03,0.0,0.0,71.0,22.0,7.5,24.0,8,73.0
27,2009,8,19,0.0,0.0,0.03,0.0,71.0,22.0,7.5,24.0,8,73.0
15,2003,0,25,0.63,0.21,1.13,0.13,78.0,24.0,9.3,201.0,7,85.5
19,2015,10,21,0.01,0.0,0.0,0.0,71.0,22.0,8.8,5.0,1,79.5
18,2010,1,19,0.0,0.0,0.03,0.0,71.0,22.0,7.5,24.0,8,73.0
4,2007,0,26,0.03,0.01,0.0,0.0,42.0,10.0,2.2,5.0,2,32.0
15,2003,3,16,0.0,0.0,0.2,0.0,71.0,22.0,7.5,24.0,8,73.0
14,1998,11,19,0.0,0.0,0.13,0.01,71.0,22.0,7.5,24.0,8,73.0
28,2003,4,20,0.41,0.43,0.01,0.05,73.0,28.0,7.6,34.0,1,74.5
15,2009,0,2,0.08,0.07,0.0,0.02,71.0,22.0,7.5,24.0,2,73.0
25,2010,6,27,0.04,0.02,0.0,0.01,71.0,22.0,7.5,24.0,1,73.0
7,2006,1,23,0.39,0.1,0.0,0.01,60.0,10.0,6.5,4.0,2,62.5
6,2002,8,23,0.03,0.01,0.0,0.0,65.0,17.0,7.5,24.0,7,70.0
27,2014,6,26,0.06,0.14,0.0,0.02,71.0,22.0,6.4,94.0,7,67.5
28,2001,6,23,0.1,0.03,0.0,0.0,74.0,15.0,7.5,24.0,1,74.5
4,2006,5,19,0.02,0.0,0.0,0.0,60.0,14.0,7.5,24.0,1,67.5
15,2008,0,20,0.36,0.0,0.0,0.19,47.0,8.0,5.6,15.0,7,51.5
26,2014,0,8,0.01,0.01,0.0,0.0,71.0,22.0,7.5,24.0,8,73.0
14,1999,7,2,0.15,0.1,0.0,0.02,71.0,22.0,7.5,24.0,8,73.0
6,2005,3,27,0.11,0.04,0.0,0.0,71.0,22.0,7.5,24.0,8,73.0
16,2011,4,21,1.83,1.05,0.06,0.46,91.0,86.0,8.4,657.0,1,87.5
16,2011,3,26,0.33,0.2,0.0,0.09,75.0,5.0,6.0,7.0,2,67.5
16,2013,0,24,7.02,9.09,0.98,3.96,97.0,50.0,8.2,3994.0,5,89.5
15,2002,3,19,0.0,0.0,0.46,0.0,71.0,22.0,7.5,24.0,8,73.0
27,2010,8,4,0.38,0.23,0.08,0.06,71.0,22.0,7.5,24.0,8,73.0
2,2013,10,6,0.0,0.01,0.0,0.0,71.0,22.0,5.2,5.0,1,61.5
6,2002,6,12,0.2,0.07,0.0,0.0,69.0,11.0,7.5,24.0,1,72.0
9,1998,2,12,0.03,0.01,0.0,0.0,71.0,22.0,7.5,24.0,8,73.0
14,2000,0,23,0.31,0.21,0.0,0.04,71.0,22.0,7.5,24.0,8,73.0
25,2010,10,19,0.11,0.0,0.0,0.01,71.0,22.0,7.5,24.0,2,73.0
16,2015,0,16,0.0,0.0,0.03,0.0,71.0,22.0,7.5,24.0,8,73.0
16,2012,0,20,0.1,0.03,0.06,0.02,71.0,35.0,8.2,106.0,5,76.5
6,2004,10,10,0.28,0.1,0.0,0.01,79.0,9.0,7.6,5.0,1,77.5
15,2007,10,10,2.14,0.08,0.0,0.35,78.0,11.0,7.8,17.0,1,78.0
18,2006,3,19,0.0,0.0,0.07,0.0,71.0,22.0,7.5,24.0,8,73.0
4,2005,4,19,0.01,0.0,0.0,0.0,54.0,19.0,7.5,24.0,1,64.5
6,2002,10,1,0.11,0.04,0.0,0.0,77.0,6.0,7.5,24.0,1,76.0
4,2007,0,8,0.17,0.09,0.0,0.03,71.0,22.0,7.5,24.0,8,73.0
18,2012,1,19,0.0,0.0,0.09,0.0,71.0,22.0,7.5,24.0,8,73.0
15,2003,6,19,0.09,0.07,0.0,0.02,59.0,13.0,8.6,15.0,1,72.5
4,2006,3,17,0.0,0.0,0.05,0.0,71.0,22.0,7.5,24.0,8,73.0
10,1989,5,19,0.06,0.0,0.0,0.0,71.0,22.0,7.5,24.0,8,73.0
14,1997,11,16,0.0,0.0,0.27,0.02,71.0,22.0,7.5,24.0,8,73.0
18,2004,11,12,0.32,0.26,0.12,0.17,71.0,22.0,7.5,24.0,8,73.0
27,2012,7,14,0.18,0.08,0.0,0.02,61.0,70.0,4.8,80.0,7,54.5
9,1998,10,10,0.38,0.01,0.0,0.0,71.0,22.0,7.5,24.0,8,73.0
6,2006,4,12,0.07,0.03,0.0,0.0,86.0,4.0,8.4,12.0,7,85.0
6,2004,6,30,0.02,0.01,0.0,0.0,71.0,22.0,7.5,24.0,1,73.0
17,2013,3,26,0.19,0.16,0.0,0.07,75.0,4.0,5.5,51.0,2,65.0
25,2010,1,27,0.08,0.0,0.0,0.0,71.0,22.0,7.5,24.0,7,73.0
27,2011,4,23,0.1,0.04,0.0,0.01,77.0,54.0,7.5,23.0,2,76.0
18,2008,7,4,0.47,0.55,4.13,0.34,81.0,48.0,8.7,124.0,7,84.0
18,2013,1,19,0.0,0.0,0.02,0.0,71.0,22.0,7.5,24.0,8,73.0
18,2010,1,19,0.0,0.0,0.02,0.0,71.0,22.0,7.5,24.0,8,73.0
28,2002,6,14,0.0,0.0,0.01,0.0,71.0,22.0,7.5,24.0,8,73.0
16,2013,8,4,0.07,0.05,0.06,0.02,61.0,30.0,5.5,102.0,7,58.0
12,1997,11,19,0.0,0.01,0.0,0.0,71.0,22.0,8.1,12.0,4,76.0
2,2014,7,16,0.0,0.0,0.11,0.0,71.0,22.0,7.5,24.0,8,73.0
27,2010,0,19,0.18,0.06,0.0,0.02,68.0,39.0,8.2,332.0,5,75.0
27,2014,2,19,0.06,0.01,0.0,0.01,85.0,15.0,7.4,35.0,7,79.5
7,2002,6,28,0.11,0.03,0.0,0.0,56.0,7.0,7.5,24.0,1,65.5
15,2003,4,12,0.16,0.12,0.0,0.04,59.0,12.0,8.5,6.0,1,72.0
22,1994,10,12,0.0,0.0,0.28,0.0,71.0,22.0,7.5,24.0,8,73.0
18,2005,11,12,0.11,0.0,0.05,0.01,71.0,22.0,7.5,24.0,8,73.0
2,2015,0,4,0.0,0.0,0.19,0.0,71.0,22.0,7.5,24.0,8,73.0
16,2011,0,2,0.14,0.07,0.0,0.03,50.0,33.0,4.8,37.0,7,49.0
14,1997,6,21,0.05,0.03,0.0,0.01,71.0,22.0,7.5,24.0,8,73.0
0,1981,10,19,0.18,0.01,0.0,0.0,71.0,22.0,7.5,24.0,8,73.0
28,2003,10,10,0.29,0.08,0.0,0.01,92.0,27.0,8.7,25.0,1,89.5
27,2010,10,23,0.73,0.1,0.0,0.06,68.0,11.0,7.5,24.0,1,71.5
15,2002,6,21,0.12,0.1,0.0,0.03,83.0,21.0,8.5,43.0,1,84.0
14,2000,0,19,0.1,0.07,0.0,0.01,71.0,22.0,7.5,24.0,8,73.0
15,2005,3,20,0.21,0.16,0.0,0.05,46.0,18.0,6.7,6.0,7,56.5
29,2016,0,7,0.02,0.03,0.0,0.0,67.0,10.0,4.9,18.0,5,58.0
29,2014,3,26,0.35,0.13,0.0,0.05,70.0,17.0,7.5,20.0,2,72.5
4,2010,3,12,0.0,0.0,0.09,0.0,71.0,22.0,7.5,24.0,8,73.0
25,2006,1,23,0.23,0.02,0.0,0.02,56.0,15.0,5.8,8.0,2,57.0
18,2007,0,26,0.1,0.0,0.0,0.01,37.0,7.0,4.1,12.0,2,39.0
27,2011,2,23,0.74,0.4,0.0,0.12,71.0,52.0,6.3,89.0,7,67.0
12,2011,9,19,0.0,0.07,0.0,0.01,71.0,22.0,7.5,24.0,8,73.0
6,2004,9,19,0.07,0.03,0.0,0.0,71.0,22.0,7.5,24.0,8,73.0
15,2004,3,19,0.0,0.0,1.0,0.0,71.0,22.0,7.5,24.0,8,73.0
6,2003,7,19,0.82,0.37,0.89,0.05,87.0,44.0,7.8,212.0,1,82.5
27,2006,11,10,0.28,0.0,0.0,0.02,71.0,22.0,7.5,24.0,8,73.0
15,2003,7,3,0.09,0.07,0.0,0.02,71.0,22.0,7.5,24.0,8,73.0
16,2016,1,20,0.0,0.0,0.12,0.0,71.0,22.0,7.5,24.0,8,73.0
25,2009,6,2,0.17,0.0,0.0,0.01,71.0,22.0,7.5,24.0,2,73.0
9,1997,10,12,0.09,0.26,0.23,0.02,71.0,22.0,7.5,24.0,8,73.0
25,2010,10,10,0.23,0.15,0.01,0.04,70.0,19.0,6.7,11.0,1,68.5
4,2006,11,26,0.05,0.01,0.0,0.0,63.0,15.0,7.0,10.0,1,66.5
28,2004,0,19,0.02,0.0,0.0,0.0,53.0,11.0,4.5,8.0,7,49.0
18,2006,3,21,0.0,0.0,0.04,0.0,71.0,22.0,7.5,24.0,8,73.0
16,2013,0,25,0.12,0.1,0.34,0.05,68.0,26.0,8.5,75.0,7,76.5
7,2002,7,19,0.11,0.03,0.0,0.0,79.0,10.0,7.7,22.0,7,78.0
18,2005,9,10,0.49,0.55,0.0,0.33,65.0,17.0,6.9,32.0,7,67.0
2,2014,4,17,0.48,0.53,0.28,0.09,64.0,71.0,6.1,155.0,1,62.5
28,2003,1,26,0.08,0.02,0.0,0.0,71.0,22.0,7.5,24.0,8,73.0
15,2007,3,2,0.11,0.09,0.0,0.03,71.0,22.0,7.5,24.0,7,73.0
17,2015,0,2,0.17,0.08,0.0,0.05,81.0,51.0,3.3,29.0,2,57.0
2,2011,2,4,0.55,0.44,0.14,0.09,85.0,69.0,8.1,206.0,7,83.0
18,2010,1,6,0.0,0.0,0.01,0.0,71.0,22.0,7.5,24.0,8,73.0
6,2005,10,10,0.17,0.06,0.0,0.0,71.0,7.0,7.5,24.0,1,73.0
29,2014,3,8,0.11,0.03,0.0,0.01,77.0,48.0,7.5,67.0,2,76.0
15,2004,9,19,0.06,0.05,0.14,0.02,73.0,19.0,8.7,7.0,7,80.0
25,2009,3,29,0.13,0.0,0.0,0.01,71.0,22.0,7.5,24.0,8,73.0
15,2007,6,15,0.03,0.03,0.0,0.01,37.0,19.0,5.9,10.0,5,48.0
27,2010,11,19,0.0,0.0,0.02,0.0,71.0,22.0,7.5,24.0,8,73.0
25,2008,10,24,0.86,0.54,0.0,0.15,38.0,10.0,5.7,7.0,1,47.5
14,1996,10,10,0.16,0.11,0.04,0.02,71.0,22.0,7.5,24.0,8,73.0
2,2014,7,16,0.0,0.0,0.06,0.0,71.0,22.0,7.5,24.0,8,73.0
4,2009,0,3,0.04,0.0,0.0,0.0,59.0,9.0,7.5,24.0,1,67.0
16,2009,4,26,0.09,0.01,0.0,0.01,66.0,9.0,6.0,5.0,1,63.0
5,1997,11,19,0.0,0.0,0.37,0.0,71.0,22.0,7.5,24.0,8,73.0
18,2010,3,26,0.11,0.03,0.0,0.02,71.0,22.0,6.2,6.0,2,66.5
19,2012,6,21,0.13,0.17,0.0,0.05,79.0,63.0,8.2,191.0,2,80.5
18,2004,5,16,0.0,0.0,0.11,0.0,71.0,22.0,7.5,24.0,8,73.0
16,2009,10,12,0.3,1.27,0.46,0.26,78.0,42.0,6.7,76.0,1,72.5
12,2003,11,3,0.0,0.02,0.0,0.0,71.0,22.0,3.2,26.0,1,51.5
6,2004,3,27,0.18,0.07,0.0,0.0,71.0,22.0,7.5,24.0,8,73.0
18,2008,1,19,0.0,0.0,0.01,0.0,71.0,22.0,7.5,24.0,8,73.0
15,2006,0,23,0.12,0.1,0.0,0.03,56.0,12.0,8.6,17.0,2,71.0
18,2006,3,22,0.0,0.0,0.11,0.0,71.0,22.0,7.5,24.0,8,73.0
15,2006,10,12,0.0,0.0,0.22,0.0,71.0,22.0,7.5,24.0,8,73.0
12,2016,10,19,0.0,0.03,0.0,0.0,64.0,6.0,4.8,5.0,8,56.0
15,2002,10,16,0.0,0.0,0.25,0.0,71.0,22.0,7.5,24.0,8,73.0
16,2011,6,6,0.06,0.02,0.0,0.01,71.0,22.0,7.5,24.0,1,73.0
2,2015,0,16,0.0,0.0,0.03,0.0,71.0,22.0,7.5,24.0,8,73.0
18,2010,1,6,0.0,0.0,0.03,0.0,71.0,22.0,7.5,24.0,8,73.0
25,2007,9,26,0.4,0.01,0.0,0.03,71.0,22.0,5.8,6.0,1,64.5
6,2006,0,12,0.01,0.0,0.0,0.0,71.0,22.0,7.5,24.0,8,73.0
29,2016,6,14,0.42,0.58,0.0,0.08,91.0,90.0,7.4,594.0,1,82.5
18,2007,4,3,0.03,0.0,0.0,0.0,79.0,21.0,7.8,18.0,1,78.5
7,2003,6,15,0.01,0.0,0.0,0.0,71.0,22.0,7.5,24.0,8,73.0
14,2000,7,16,0.06,0.04,0.66,0.05,78.0,9.0,8.7,31.0,7,82.5
22,1991,7,19,0.0,0.0,0.29,0.0,71.0,22.0,7.5,24.0,8,73.0
16,2014,8,10,0.22,0.32,0.01,0.11,71.0,22.0,7.8,24.0,2,74.5
15,2007,11,19,0.0,0.0,0.3,0.0,71.0,22.0,7.5,24.0,8,73.0
15,2003,11,25,0.03,0.03,0.0,0.01,74.0,17.0,8.9,10.0,1,81.5
4,2007,5,15,0.48,1.27,0.0,0.24,71.0,19.0,5.7,9.0,2,64.0
17,2014,0,25,0.04,0.05,0.04,0.02,71.0,22.0,7.5,24.0,8,73.0
2,2015,0,16,0.0,0.0,0.07,0.0,71.0,22.0,7.5,24.0,8,73.0
6,2005,6,19,0.04,0.02,0.0,0.0,71.0,22.0,7.5,24.0,1,73.0
14,1997,8,21,0.04,0.03,0.0,0.0,79.0,7.0,7.8,4.0,1,78.5
28,2004,3,14,0.04,0.01,0.0,0.0,71.0,22.0,7.5,24.0,8,73.0
19,2015,0,19,0.04,0.02,0.09,0.02,71.0,4.0,7.4,34.0,5,72.5
2,2013,4,19,0.0,0.0,0.03,0.0,74.0,13.0,7.7,23.0,1,75.5
2,2016,4,4,0.14,0.0,0.05,0.02,77.0,27.0,7.1,26.0,1,74.0
18,2013,1,19,0.0,0.0,0.02,0.0,71.0,22.0,7.5,24.0,8,73.0
27,2016,1,19,0.01,0.02,0.0,0.0,71.0,22.0,7.5,24.0,8,73.0
25,2010,3,6,0.2,0.0,0.0,0.01,71.0,22.0,7.5,24.0,8,73.0
16,2012,0,21,0.14,0.39,0.0,0.15,71.0,22.0,7.5,24.0,8,73.0
28,2004,0,26,0.48,0.28,0.0,0.04,83.0,55.0,7.5,35.0,5,79.0
15,2006,1,21,0.15,0.12,0.0,0.04,62.0,53.0,8.2,40.0,5,72.0
25,2009,10,19,1.58,0.0,0.0,0.12,71.0,22.0,7.8,4.0,7,74.5
4,2010,1,17,0.0,0.11,0.09,0.02,71.0,22.0,7.5,24.0,8,73.0
16,2007,10,20,0.23,0.58,0.03,0.21,80.0,35.0,7.9,32.0,1,79.5
25,2009,10,19,0.31,0.33,0.09,0.07,49.0,7.0,7.5,24.0,1,62.0
16,2009,3,21,0.0,0.06,0.0,0.02,71.0,22.0,7.5,24.0,8,73.0
16,2011,6,26,0.0,0.12,0.0,0.04,71.0,22.0,7.5,24.0,8,73.0
4,2005,4,17,0.34,0.02,0.0,0.03,71.0,22.0,7.5,24.0,8,73.0
15,2005,7,26,0.06,0.05,0.0,0.02,58.0,34.0,5.5,49.0,5,56.5
17,2015,0,2,0.14,0.11,0.0,0.05,60.0,11.0,5.7,68.0,5,58.5
18,2006,10,10,0.13,0.02,0.0,0.02,76.0,7.0,6.6,23.0,2,71.0
18,2006,6,21,0.37,0.03,0.0,0.04,76.0,32.0,7.5,24.0,1,75.5
15,2006,0,5,0.02,0.01,0.0,0.0,56.0,22.0,5.8,8.0,1,57.0
12,2003,4,26,0.0,0.03,0.0,0.0,74.0,8.0,8.3,70.0,1,78.5
18,2007,6,21,0.13,0.12,0.0,0.06,82.0,40.0,8.6,31.0,2,84.0
27,2014,9,19,0.03,0.02,0.0,0.0,71.0,4.0,7.2,9.0,7,71.5
22,1992,10,19,0.0,0.0,0.28,0.0,71.0,22.0,7.5,24.0,8,73.0
27,2009,8,3,0.16,0.1,0.0,0.03,82.0,67.0,8.2,73.0,5,82.0
4,2009,9,0,0.19,0.0,0.0,0.01,71.0,22.0,7.5,24.0,1,73.0
16,2011,6,10,0.2,0.35,0.0,0.12,71.0,22.0,7.5,24.0,8,73.0
15,2008,1,6,0.0,0.0,0.03,0.0,71.0,22.0,7.5,24.0,8,73.0
18,2010,1,11,0.0,0.0,0.02,0.0,71.0,22.0,7.5,24.0,8,73.0
7,2001,6,10,0.19,0.05,0.0,0.01,67.0,16.0,7.7,12.0,7,72.0
28,2006,10,10,0.13,0.05,0.0,0.01,81.0,21.0,6.8,6.0,1,74.5
4,2008,11,22,0.0,0.0,0.05,0.0,71.0,22.0,7.5,24.0,8,73.0
15,2008,7,19,0.0,0.0,0.17,0.0,71.0,22.0,7.5,24.0,8,73.0
16,2009,3,21,0.0,0.02,0.0,0.01,71.0,22.0,7.5,24.0,8,73.0
28,2004,11,19,0.03,0.01,0.0,0.0,69.0,32.0,7.0,4.0,7,69.5
4,2011,3,23,0.06,0.0,0.0,0.0,71.0,22.0,7.5,24.0,7,73.0
12,2011,0,10,0.23,0.33,0.0,0.08,82.0,45.0,4.5,4533.0,5,63.5
0,1982,0,19,0.15,0.01,0.0,0.0,71.0,22.0,7.5,24.0,8,73.0
19,2014,1,19,0.0,0.0,0.01,0.0,71.0,22.0,7.5,24.0,8,73.0
27,2009,1,19,0.0,0.0,0.06,0.0,71.0,22.0,7.5,24.0,8,73.0
25,2011,0,19,0.02,0.0,0.0,0.0,71.0,22.0,7.5,24.0,1,73.0
15,2010,10,2,0.04,0.03,0.0,0.01,71.0,22.0,7.5,24.0,1,73.0
26,2013,11,17,0.44,0.32,0.29,0.07,87.0,79.0,8.7,664.0,2,87.0
15,2001,9,19,0.0,0.0,0.32,0.0,71.0,22.0,7.5,24.0,8,73.0
25,2008,1,20,0.14,0.0,0.0,0.01,67.0,9.0,7.5,24.0,1,71.0
15,2007,7,25,0.0,0.0,0.09,0.0,71.0,22.0,7.5,24.0,8,73.0
19,2016,0,16,0.0,0.0,0.06,0.0,71.0,22.0,7.5,24.0,8,73.0
8,1992,2,19,1.95,0.63,0.0,0.09,71.0,22.0,7.5,24.0,8,73.0
25,2013,0,16,0.0,0.03,0.0,0.0,71.0,22.0,7.5,24.0,7,73.0
2,2012,0,16,0.0,0.0,0.05,0.0,71.0,22.0,7.5,24.0,8,73.0
22,1991,9,19,0.0,0.0,0.16,0.0,71.0,22.0,7.5,24.0,8,73.0
6,2003,4,8,0.24,0.09,0.0,0.01,62.0,4.0,7.7,6.0,1,69.5
0,1981,0,2,0.4,0.02,0.0,0.0,71.0,22.0,7.5,24.0,8,73.0
4,2007,5,20,0.09,0.0,0.0,0.01,61.0,11.0,7.5,24.0,1,68.0
15,2005,7,3,0.08,0.06,0.0,0.02,48.0,7.0,6.9,37.0,1,58.5
29,2015,8,26,0.77,0.45,0.0,0.12,74.0,24.0,6.9,252.0,5,71.5
9,1998,2,19,0.13,0.03,0.0,0.0,71.0,22.0,7.5,24.0,8,73.0
15,2003,0,21,0.21,0.17,0.0,0.06,73.0,36.0,8.6,53.0,5,79.5
18,2012,7,19,0.0,0.0,0.02,0.0,71.0,22.0,7.5,24.0,8,73.0
2,2012,10,20,0.18,0.64,0.27,0.09,71.0,22.0,7.5,24.0,8,73.0
12,2009,7,19,0.0,0.01,0.0,0.0,82.0,25.0,8.6,158.0,7,84.0
4,2008,1,27,0.1,0.0,0.0,0.01,71.0,22.0,7.5,24.0,1,73.0
12,2008,11,19,0.0,0.02,0.0,0.0,71.0,22.0,8.7,6.0,2,79.0
16,2012,8,4,0.0,0.0,0.05,0.0,71.0,22.0,7.5,24.0,8,73.0
27,2012,8,2,0.13,0.13,0.0,0.03,71.0,22.0,7.5,24.0,8,73.0
14,2000,6,10,0.45,0.31,0.0,0.05,73.0,8.0,6.1,9.0,1,67.0
16,2010,10,25,0.0,0.0,0.04,0.0,71.0,22.0,7.5,24.0,8,73.0
15,2002,10,2,2.13,1.18,0.01,0.35,94.0,27.0,8.5,128.0,7,89.5
16,2008,2,3,0.22,0.33,0.18,0.12,71.0,32.0,7.2,51.0,7,71.5
4,2010,9,26,0.11,0.0,0.0,0.01,71.0,22.0,7.5,24.0,1,73.0
2,2015,11,25,0.0,0.0,0.04,0.0,71.0,22.0,7.5,24.0,8,73.0
4,2007,0,29,0.28,0.0,0.0,0.02,66.0,16.0,7.5,24.0,1,70.5
4,2007,3,19,0.39,0.0,0.0,0.03,71.0,22.0,9.2,12.0,1,81.5
28,2005,6,10,0.32,0.19,0.0,0.01,89.0,65.0,8.4,66.0,2,86.5
15,2000,10,12,0.05,0.04,0.0,0.01,62.0,8.0,7.5,24.0,1,68.5
25,2010,3,10,0.23,0.42,0.0,0.08,65.0,9.0,5.2,5.0,1,58.5
28,2006,10,10,0.09,0.03,0.0,0.0,69.0,26.0,7.1,9.0,1,70.0
15,2009,2,19,0.0,0.0,0.03,0.0,71.0,22.0,7.5,24.0,8,73.0
12,2009,11,19,0.01,0.0,0.0,0.0,67.0,28.0,5.7,49.0,7,62.0
27,2012,0,14,1.05,0.52,0.03,0.14,55.0,61.0,3.5,145.0,7,45.0
25,2011,2,23,0.23,0.08,0.0,0.03,74.0,6.0,5.2,9.0,7,63.0
5,1998,4,17,0.0,0.0,0.38,0.0,71.0,22.0,7.5,24.0,8,73.0
6,2002,0,26,0.08,0.03,0.0,0.0,63.0,5.0,2.8,6.0,1,45.5
16,2015,6,19,0.0,0.02,0.03,0.0,71.0,22.0,7.5,24.0,2,73.0
16,2009,3,19,0.2,0.0,0.0,0.02,82.0,16.0,7.9,8.0,2,80.5
24,2001,7,19,0.0,0.0,0.25,0.0,71.0,22.0,7.5,24.0,8,73.0
27,2007,3,14,0.43,0.01,0.0,0.04,73.0,41.0,8.1,21.0,7,77.0
18,2006,3,19,0.0,0.0,0.03,0.0,71.0,22.0,7.5,24.0,8,73.0
15,2006,7,22,1.88,0.0,2.33,1.74,92.0,64.0,7.6,972.0,7,84.0
15,2006,10,10,0.71,2.48,0.03,0.89,71.0,22.0,7.5,24.0,8,73.0
19,2013,0,25,0.0,0.0,0.01,0.0,71.0,22.0,7.5,24.0,8,73.0
6,2002,0,19,0.11,0.04,0.0,0.0,50.0,8.0,7.5,24.0,1,62.5
29,2015,0,19,0.04,0.02,0.0,0.01,71.0,22.0,7.5,24.0,8,73.0
16,2010,8,13,0.03,0.0,0.0,0.0,46.0,5.0,7.5,24.0,2,60.5
18,2013,0,19,0.0,0.0,0.12,0.0,71.0,22.0,7.5,24.0,8,73.0
7,2003,3,19,0.04,0.01,0.0,0.0,40.0,6.0,7.3,7.0,1,56.5
27,2011,0,26,0.07,0.13,0.0,0.03,63.0,35.0,6.1,12.0,2,62.0
16,2013,8,0,0.22,0.14,0.0,0.08,74.0,12.0,6.2,181.0,5,68.0
28,2002,10,20,0.15,0.04,0.0,0.01,90.0,17.0,7.6,5.0,1,83.0
25,2009,10,20,1.87,1.96,0.22,0.48,71.0,22.0,7.5,24.0,8,73.0
4,2009,3,19,0.0,0.01,0.0,0.0,71.0,22.0,7.5,24.0,8,73.0
2,2013,4,16,0.05,0.04,0.0,0.01,71.0,22.0,7.5,24.0,2,73.0
29,2016,0,19,0.12,0.08,0.0,0.02,88.0,22.0,6.8,156.0,5,78.0
15,2006,2,19,0.02,0.01,0.0,0.0,68.0,22.0,8.3,4.0,7,75.5
4,2011,9,19,0.0,0.01,0.0,0.0,71.0,22.0,7.5,24.0,8,73.0
25,2009,11,16,0.0,0.0,0.05,0.0,71.0,22.0,7.5,24.0,8,73.0
4,2010,9,0,0.39,0.19,0.01,0.05,71.0,22.0,7.5,24.0,1,73.0
16,2012,11,19,0.0,0.0,0.01,0.0,71.0,22.0,7.5,24.0,8,73.0
18,2008,3,21,0.0,0.03,0.06,0.01,81.0,49.0,8.3,62.0,1,82.0
25,2010,0,29,1.28,0.93,0.0,0.22,79.0,13.0,8.0,34.0,2,79.5
27,2011,0,2,0.18,0.04,0.0,0.02,47.0,51.0,5.0,72.0,7,48.5
4,2008,9,26,0.4,0.33,0.0,0.09,71.0,22.0,7.5,24.0,1,73.0
27,2010,0,8,0.41,0.27,0.0,0.07,71.0,22.0,7.5,24.0,8,73.0
4,2008,3,19,0.0,0.03,0.0,0.0,71.0,22.0,7.5,24.0,8,73.0
15,2000,1,25,0.0,0.0,0.06,0.0,71.0,22.0,7.5,24.0,8,73.0
19,2015,4,19,0.0,0.0,0.03,0.0,71.0,22.0,7.5,24.0,8,73.0
4,2008,0,19,0.03,0.0,0.0,0.0,50.0,15.0,7.5,24.0,1,62.5
19,2014,1,19,0.0,0.0,0.1,0.0,71.0,22.0,7.5,24.0,8,73.0
25,2011,3,10,0.1,0.0,0.0,0.01,71.0,22.0,7.5,24.0,1,73.0
19,2014,7,26,0.0,0.04,0.02,0.01,83.0,14.0,7.8,108.0,2,80.5
16,2007,10,12,0.0,0.0,0.07,0.0,71.0,22.0,7.5,24.0,8,73.0
18,2006,7,19,0.0,0.0,0.03,0.0,71.0,22.0,7.5,24.0,8,73.0
25,2009,5,10,0.33,0.09,0.0,0.04,86.0,48.0,8.4,37.0,1,85.0
18,2010,0,21,0.08,0.02,0.0,0.02,74.0,33.0,8.7,25.0,7,80.5
4,2009,7,16,0.06,0.0,0.03,0.0,63.0,27.0,6.6,10.0,2,64.5
24,2000,7,19,0.0,0.0,0.51,0.0,71.0,22.0,7.5,24.0,8,73.0
6,2004,3,17,0.09,0.03,0.0,0.0,71.0,22.0,7.5,24.0,8,73.0
27,2014,0,12,0.02,0.06,0.0,0.01,70.0,22.0,7.8,239.0,5,74.0
27,2009,6,23,0.52,0.14,0.0,0.06,75.0,47.0,6.6,30.0,1,70.5
27,2013,0,4,0.03,0.0,0.0,0.0,71.0,22.0,7.5,24.0,8,73.0
12,2010,11,10,0.0,0.01,0.0,0.0,71.0,22.0,7.5,24.0,8,73.0
2,2016,0,19,0.01,0.0,0.0,0.0,71.0,22.0,7.5,24.0,2,73.0
4,2008,10,19,0.0,0.0,0.02,0.0,71.0,22.0,7.5,24.0,8,73.0
18,2005,2,21,0.18,0.0,0.0,0.02,63.0,37.0,7.3,16.0,7,68.0
27,2014,2,16,0.05,0.01,0.0,0.01,71.0,22.0,5.7,10.0,2,64.0
12,2008,6,19,0.0,0.01,0.0,0.0,79.0,16.0,7.7,127.0,7,78.0
18,2007,7,18,0.0,0.0,0.03,0.0,71.0,22.0,7.5,24.0,8,73.0
15,2006,8,19,0.04,0.03,0.0,0.01,44.0,36.0,5.8,15.0,5,51.0
18,2006,3,20,0.0,0.0,0.02,0.0,71.0,22.0,7.5,24.0,8,73.0
4,2009,9,10,0.11,0.0,0.0,0.01,71.0,22.0,7.5,24.0,1,73.0
18,2007,7,22,0.45,0.24,0.3,0.16,88.0,41.0,8.0,238.0,7,84.0
15,2007,0,4,0.0,0.0,0.2,0.0,71.0,22.0,7.5,24.0,8,73.0
12,2014,7,7,0.0,0.08,0.0,0.0,65.0,49.0,5.7,822.0,5,61.0
27,2008,8,2,0.3,0.11,0.0,0.04,69.0,54.0,7.3,26.0,7,71.0
16,2012,0,0,0.0,0.02,0.0,0.01,71.0,22.0,7.8,11.0,7,74.5
18,2005,10,2,0.46,0.21,0.0,0.15,83.0,49.0,8.0,34.0,7,81.5
15,2009,3,24,0.05,0.04,0.0,0.01,71.0,22.0,7.5,24.0,1,73.0
19,2016,0,18,0.0,0.0,0.01,0.0,71.0,22.0,7.5,24.0,8,73.0
15,2008,6,10,0.26,0.2,0.0,0.07,71.0,22.0,7.9,8.0,1,75.0
15,2006,1,19,0.0,0.0,0.02,0.0,71.0,22.0,7.5,24.0,8,73.0
18,2005,8,21,1.03,0.0,0.01,0.08,82.0,44.0,8.6,63.0,5,84.0
16,2007,3,2,1.4,0.53,0.02,0.3,83.0,45.0,7.8,52.0,7,80.5
15,2002,6,3,0.04,0.03,0.0,0.01,76.0,9.0,9.2,9.0,1,84.0
25,2009,6,19,0.0,0.02,0.0,0.0,71.0,22.0,7.5,24.0,8,73.0
27,2013,10,10,0.21,0.12,0.0,0.03,77.0,28.0,6.2,26.0,1,69.5
12,2014,7,22,0.0,0.03,0.0,0.0,73.0,36.0,6.9,583.0,5,71.0
15,2004,0,23,0.16,0.12,0.0,0.04,71.0,22.0,7.5,24.0,1,73.0
27,2013,3,14,5.7,2.65,0.02,0.81,71.0,22.0,7.5,24.0,8,73.0
25,2007,0,8,0.17,0.0,0.0,0.01,62.0,11.0,6.3,4.0,2,62.5
6,2004,10,2,0.04,0.01,0.0,0.0,71.0,22.0,7.5,24.0,8,73.0
18,2011,7,18,0.0,0.0,0.05,0.0,71.0,22.0,7.5,24.0,8,73.0
2,2014,0,19,0.0,0.01,0.0,0.0,71.0,22.0,7.5,24.0,8,73.0
22,1994,2,19,0.0,0.0,0.36,0.0,71.0,22.0,7.5,24.0,8,73.0
18,2006,7,19,0.15,0.0,0.07,0.01,53.0,29.0,6.3,15.0,2,58.0
15,2008,3,19,0.06,0.05,0.0,0.02,71.0,22.0,7.5,24.0,7,73.0
12,2010,0,24,0.0,0.08,0.0,0.01,71.0,22.0,7.5,24.0,8,73.0
15,2005,10,2,0.8,0.63,0.01,0.19,71.0,22.0,7.5,24.0,8,73.0
16,2011,7,16,0.6,0.47,0.21,0.23,85.0,89.0,8.6,984.0,2,85.5
14,1995,9,19,0.0,0.0,0.04,0.0,71.0,22.0,7.5,24.0,8,73.0
25,2007,9,19,0.0,0.0,0.02,0.0,71.0,22.0,7.5,24.0,8,73.0
14,1995,4,19,0.49,0.33,0.0,0.06,71.0,22.0,7.5,24.0,8,73.0
12,2011,9,27,0.0,0.02,0.0,0.01,70.0,10.0,6.7,28.0,7,68.5
27,2011,3,10,0.07,0.0,0.0,0.01,71.0,22.0,7.5,24.0,1,73.0
6,2005,7,19,0.0,0.0,0.04,0.0,71.0,22.0,7.5,24.0,8,73.0
14,1995,10,1,0.14,0.09,0.0,0.02,71.0,22.0,7.5,24.0,8,73.0
4,2008,3,19,0.0,0.0,0.06,0.0,71.0,22.0,7.5,24.0,8,73.0
4,2008,5,19,0.05,0.15,0.0,0.03,63.0,20.0,7.5,24.0,1,69.0
19,2014,3,19,0.0,0.0,0.12,0.0,71.0,22.0,7.5,24.0,8,73.0
28,2005,3,24,0.05,0.01,0.0,0.0,63.0,17.0,7.8,4.0,7,70.5
15,2002,0,19,0.03,0.03,0.0,0.01,79.0,21.0,8.2,13.0,7,80.5
10,1991,5,19,0.16,0.03,0.15,0.1,71.0,22.0,7.5,24.0,8,73.0
16,2011,8,10,0.73,0.48,0.0,0.21,89.0,78.0,8.4,535.0,5,86.5
12,2011,11,27,0.0,0.01,0.0,0.0,60.0,12.0,7.2,13.0,2,66.0
19,2015,0,20,0.0,0.0,0.03,0.0,71.0,22.0,7.5,24.0,8,73.0
4,2011,7,27,0.0,0.0,0.01,0.0,71.0,22.0,7.5,24.0,8,73.0
26,2012,0,23,0.07,0.07,0.0,0.01,85.0,36.0,8.2,153.0,5,83.5
12,2016,11,24,0.09,0.13,0.0,0.02,88.0,81.0,7.3,684.0,2,80.5
7,2004,3,17,0.9,0.11,0.6,0.05,71.0,33.0,7.9,51.0,1,75.0
18,2007,0,26,0.08,0.0,0.0,0.01,44.0,4.0,5.4,7.0,5,49.0
18,2011,7,16,0.0,0.0,0.14,0.0,71.0,22.0,7.5,24.0,8,73.0
16,2007,8,2,0.12,0.02,0.0,0.01,50.0,14.0,5.4,13.0,5,52.0
25,2008,9,16,0.08,0.02,0.01,0.01,74.0,42.0,7.9,13.0,7,76.5
16,2013,0,22,0.07,0.09,0.0,0.04,71.0,20.0,7.6,46.0,5,73.5
25,2011,7,19,0.13,0.0,0.06,0.01,71.0,22.0,7.0,11.0,2,70.5
10,1986,4,17,0.53,0.12,1.09,0.02,71.0,22.0,7.5,24.0,8,73.0
26,2014,0,2,0.08,0.0,0.0,0.01,71.0,22.0,7.5,24.0,8,73.0
16,2007,0,25,0.18,0.07,0.41,0.04,59.0,31.0,7.3,49.0,7,66.0
4,2008,0,25,0.07,0.0,0.0,0.01,66.0,12.0,7.5,24.0,1,70.5
2,2014,10,19,0.0,0.0,0.14,0.0,71.0,22.0,7.5,24.0,8,73.0
15,2003,9,10,1.07,1.19,0.0,0.18,81.0,26.0,8.4,42.0,7,82.5
22,1995,10,16,0.0,0.0,0.05,0.0,71.0,22.0,7.5,24.0,8,73.0
9,2000,2,23,1.2,0.27,0.02,0.02,71.0,22.0,7.5,24.0,8,73.0
22,1993,11,25,0.3,0.0,0.32,0.0,71.0,22.0,7.5,24.0,8,73.0
9,1996,6,17,1.98,0.58,0.34,0.04,71.0,22.0,7.5,24.0,8,73.0
6,2002,8,1,0.08,0.03,0.0,0.0,72.0,8.0,7.0,5.0,7,71.0
6,2003,10,19,0.04,0.01,0.0,0.0,71.0,22.0,7.5,24.0,8,73.0
27,2016,0,29,0.05,0.06,0.0,0.01,71.0,22.0,6.9,7.0,2,70.0
28,2005,8,26,0.49,0.14,0.0,0.02,88.0,64.0,8.0,69.0,5,84.0
18,2011,0,19,0.14,0.15,0.0,0.08,63.0,4.0,7.5,24.0,2,69.0
17,2015,5,19,0.0,0.02,0.0,0.0,88.0,31.0,8.4,124.0,2,86.0
4,2006,7,16,0.0,0.0,0.23,0.0,71.0,22.0,7.5,24.0,8,73.0
4,2009,6,10,0.25,0.29,0.0,0.07,67.0,11.0,7.3,4.0,1,70.0
27,2013,8,24,0.1,0.1,0.0,0.02,68.0,30.0,6.7,118.0,5,67.5
27,2013,10,10,0.4,0.09,0.0,0.05,81.0,30.0,5.9,92.0,2,70.0
4,2011,0,12,0.0,0.0,0.24,0.0,71.0,22.0,7.5,24.0,8,73.0
27,2009,0,10,0.17,0.05,0.0,0.02,42.0,59.0,4.7,22.0,7,44.5
18,2012,0,16,0.0,0.0,0.06,0.0,71.0,22.0,7.5,24.0,8,73.0
12,2000,7,9,0.0,0.01,0.0,0.0,90.0,28.0,9.3,1069.0,5,91.5
25,2010,6,20,0.61,0.68,0.0,0.15,71.0,22.0,7.5,24.0,8,73.0
15,2006,0,16,0.0,0.0,0.05,0.0,71.0,22.0,7.5,24.0,8,73.0
4,2009,0,10,0.2,0.34,0.0,0.07,48.0,9.0,4.3,7.0,1,45.5
25,2008,10,16,0.97,0.4,0.14,0.15,67.0,32.0,8.5,12.0,1,76.0
28,2002,8,20,0.29,0.08,0.0,0.01,72.0,30.0,7.3,9.0,5,72.5
17,2016,7,25,0.0,0.0,0.03,0.0,71.0,22.0,7.5,24.0,8,73.0
4,2007,3,3,0.08,0.0,0.0,0.01,32.0,7.0,7.5,24.0,1,53.5
25,2008,5,23,0.11,0.0,0.0,0.01,71.0,22.0,7.5,24.0,1,73.0
16,2012,11,16,0.0,0.0,0.3,0.0,71.0,22.0,7.5,24.0,8,73.0
18,2009,0,6,0.08,0.0,0.0,0.01,71.0,22.0,7.5,24.0,2,73.0
28,2004,8,19,0.03,0.01,0.0,0.0,31.0,5.0,7.5,24.0,7,53.0
27,2012,1,19,0.0,0.0,0.02,0.0,71.0,22.0,7.5,24.0,8,73.0
16,2010,0,26,0.21,0.12,0.03,0.05,70.0,30.0,6.8,19.0,7,69.0
15,2004,8,10,0.54,0.02,0.0,0.09,60.0,38.0,7.0,32.0,7,65.0
7,2002,6,10,0.05,0.01,0.0,0.0,67.0,12.0,6.8,11.0,7,67.5
28,2006,8,19,0.01,0.0,0.0,0.0,36.0,6.0,4.0,5.0,7,38.0
15,2001,6,1,0.11,0.09,0.0,0.03,35.0,9.0,3.4,16.0,7,34.5
15,2004,0,4,0.37,0.47,0.54,0.07,85.0,53.0,8.6,73.0,5,85.5
19,2016,7,22,0.04,0.06,0.08,0.03,77.0,5.0,8.6,46.0,2,81.5
15,2003,9,12,0.13,0.1,0.0,0.03,75.0,13.0,8.9,21.0,7,82.0
15,2004,0,3,0.02,0.01,0.0,0.0,71.0,22.0,7.5,24.0,8,73.0
12,2010,8,4,0.0,0.02,0.0,0.0,63.0,15.0,6.3,87.0,7,63.0
27,2011,3,26,0.2,0.1,0.0,0.03,66.0,17.0,5.8,8.0,7,62.0
15,2009,6,21,0.07,0.03,0.0,0.25,72.0,10.0,8.3,6.0,7,77.5
25,2010,8,26,0.1,0.01,0.0,0.01,46.0,21.0,6.8,8.0,7,57.0
18,2005,5,21,0.0,0.0,0.11,0.0,71.0,22.0,7.5,24.0,8,73.0
2,2015,0,17,0.53,0.33,0.17,0.08,73.0,73.0,7.6,179.0,1,74.5
6,2002,5,27,0.0,0.0,0.06,0.0,71.0,22.0,7.5,24.0,8,73.0
9,1999,4,26,0.1,0.02,0.0,0.0,71.0,22.0,7.5,24.0,8,73.0
15,2006,10,12,0.0,0.0,0.35,0.0,71.0,22.0,7.5,24.0,8,73.0
22,1996,8,19,0.0,0.0,0.17,0.0,71.0,22.0,7.5,24.0,8,73.0
4,2007,5,16,0.0,0.0,0.37,0.0,71.0,22.0,7.5,24.0,8,73.0
25,2009,9,16,0.24,0.0,0.0,0.02,64.0,7.0,7.5,24.0,2,69.5
15,2009,10,12,0.0,0.0,0.15,0.0,71.0,22.0,7.5,24.0,8,73.0
7,2006,0,15,0.13,0.03,0.0,0.0,71.0,22.0,7.5,24.0,8,73.0
18,2009,7,20,0.08,0.11,0.62,0.06,69.0,27.0,8.1,35.0,7,75.0
6,2004,8,16,0.01,0.0,0.0,0.0,71.0,22.0,7.5,24.0,1,73.0
16,2010,0,25,0.11,0.04,0.36,0.02,58.0,18.0,7.5,20.0,7,66.5
6,2004,10,17,0.16,0.06,0.0,0.0,77.0,20.0,7.8,6.0,1,77.5
14,1997,0,12,0.01,0.01,0.0,0.0,71.0,22.0,7.5,24.0,8,73.0
14,1995,8,19,0.04,0.03,0.0,0.01,71.0,22.0,7.5,24.0,8,73.0
6,2004,4,23,1.02,0.38,0.0,0.06,71.0,22.0,7.5,24.0,1,73.0
15,2006,3,19,0.01,0.01,0.0,0.0,67.0,11.0,7.5,24.0,7,71.0
18,2007,2,3,0.19,0.09,0.08,0.07,71.0,22.0,7.5,24.0,8,73.0
25,2008,1,19,0.06,0.01,0.0,0.01,50.0,23.0,6.2,12.0,7,56.0
16,2014,0,8,0.46,0.33,0.0,0.16,71.0,22.0,7.5,24.0,8,73.0
29,2016,10,0,0.05,0.17,0.0,0.02,87.0,22.0,8.3,194.0,1,85.0
15,2007,10,12,0.0,0.0,0.09,0.0,71.0,22.0,7.5,24.0,8,73.0
12,2014,10,12,0.0,0.06,0.0,0.0,82.0,8.0,5.8,173.0,8,70.0
18,2009,0,19,0.0,0.0,0.01,0.0,71.0,22.0,7.5,24.0,8,73.0
19,2014,0,19,0.03,0.01,0.06,0.01,71.0,20.0,6.8,44.0,7,69.5
12,2004,10,10,0.0,0.01,0.0,0.0,91.0,16.0,4.5,39.0,1,68.0
4,2007,11,17,0.0,0.0,0.03,0.0,71.0,22.0,7.5,24.0,8,73.0
14,2002,4,21,0.01,0.01,0.0,0.0,71.0,22.0,7.5,24.0,8,73.0
18,2007,0,19,0.04,0.0,0.0,0.0,37.0,19.0,7.5,24.0,5,56.0
16,2008,7,18,0.14,0.02,0.05,0.02,52.0,32.0,7.2,82.0,7,62.0
27,2007,8,19,0.1,0.0,0.0,0.01,55.0,29.0,5.2,18.0,7,53.5
16,2008,10,12,0.0,0.0,0.03,0.0,71.0,22.0,7.5,24.0,8,73.0
25,2009,10,2,0.09,0.0,0.0,0.01,71.0,22.0,7.5,24.0,1,73.0
7,2003,4,19,0.05,0.01,0.0,0.0,71.0,22.0,7.5,24.0,8,73.0
27,2009,0,2,0.14,0.0,0.0,0.01,60.0,4.0,5.0,4.0,2,55.0
25,2009,0,23,0.08,0.12,0.0,0.02,72.0,45.0,8.8,36.0,7,80.0
14,1999,10,19,1.0,0.68,0.0,0.12,71.0,22.0,7.5,24.0,8,73.0
25,2006,2,3,0.24,0.03,0.0,0.02,72.0,37.0,8.5,40.0,7,78.5
25,2010,2,16,0.0,0.0,0.04,0.0,71.0,22.0,7.5,24.0,8,73.0
25,2009,10,0,0.36,0.0,0.0,0.03,71.0,22.0,7.5,24.0,8,73.0
15,2008,1,19,0.0,0.0,0.01,0.0,71.0,22.0,7.5,24.0,8,73.0
27,2011,8,14,4.05,1.59,0.07,0.5,91.0,96.0,7.8,1504.0,5,84.5
3,2001,2,4,0.0,0.0,0.05,0.0,71.0,22.0,7.5,24.0,8,73.0
14,2000,1,26,0.03,0.02,0.0,0.0,34.0,4.0,7.5,24.0,1,54.5
27,2011,6,19,0.06,0.0,0.0,0.0,47.0,4.0,8.6,9.0,2,66.5
18,2009,7,19,0.0,0.0,0.02,0.0,78.0,9.0,8.3,12.0,7,80.5
6,2005,3,2,0.1,0.04,0.0,0.0,71.0,22.0,7.5,24.0,8,73.0
6,2007,1,2,0.16,0.06,0.0,0.0,71.0,22.0,7.5,24.0,8,73.0
4,2009,3,26,0.2,0.02,0.0,0.03,71.0,22.0,7.5,24.0,1,73.0
29,2016,0,29,0.19,0.12,0.0,0.03,71.0,18.0,5.1,15.0,2,61.0
25,2011,0,19,0.0,0.0,0.08,0.0,71.0,22.0,7.5,24.0,8,73.0
2,2015,3,19,0.0,0.0,0.11,0.0,71.0,22.0,7.5,24.0,8,73.0
27,2013,0,2,0.26,0.13,0.0,0.04,62.0,49.0,7.4,368.0,5,68.0
18,2007,5,19,0.03,0.0,0.0,0.0,37.0,14.0,4.6,7.0,2,41.5
4,2009,0,17,1.4,0.91,0.74,0.26,87.0,75.0,7.8,228.0,2,82.5
25,2011,0,2,0.09,0.06,0.0,0.02,71.0,22.0,7.5,24.0,8,73.0
15,2005,2,3,0.07,0.05,0.0,0.02,71.0,22.0,7.5,24.0,8,73.0
16,2012,0,16,0.0,0.0,0.02,0.0,71.0,22.0,7.5,24.0,8,73.0
12,2011,0,19,0.02,0.02,0.0,0.01,71.0,22.0,7.5,24.0,8,73.0
28,2006,4,28,0.07,0.02,0.0,0.0,68.0,16.0,7.5,24.0,2,71.5
27,2010,7,19,0.04,0.04,0.01,0.01,64.0,21.0,5.2,52.0,7,58.0
19,2014,1,18,0.0,0.0,0.03,0.0,71.0,22.0,7.5,24.0,8,73.0
22,1995,10,19,0.0,0.0,0.1,0.0,71.0,22.0,7.5,24.0,8,73.0
4,2010,11,16,0.0,0.0,0.14,0.0,71.0,22.0,7.5,24.0,8,73.0
7,2005,10,10,0.13,0.03,0.0,0.0,80.0,27.0,7.5,14.0,1,77.5
18,2009,0,19,0.05,0.03,0.0,0.01,66.0,25.0,8.2,20.0,5,74.0
28,2006,8,26,0.06,0.02,0.0,0.0,78.0,15.0,6.3,32.0,5,70.5
4,2010,10,19,0.08,0.0,0.0,0.01,71.0,22.0,7.5,24.0,2,73.0
16,2008,11,19,0.0,0.0,0.08,0.0,71.0,22.0,7.5,24.0,8,73.0
16,2008,7,3,0.19,0.12,0.07,0.05,80.0,34.0,7.8,117.0,7,79.0
15,2000,10,12,0.0,0.0,0.35,0.0,71.0,22.0,7.5,24.0,8,73.0
4,2005,6,17,9.71,7.47,4.13,1.9,91.0,64.0,8.6,464.0,1,88.5
16,2008,3,8,0.08,0.26,0.0,0.06,71.0,22.0,7.5,24.0,8,73.0
15,2006,2,10,1.07,0.4,0.0,0.1,84.0,32.0,8.1,41.0,7,82.5
14,1999,3,15,0.06,0.04,0.0,0.01,71.0,22.0,7.5,24.0,8,73.0
25,2008,10,2,0.09,0.0,0.0,0.01,70.0,8.0,8.0,6.0,1,75.0
27,2007,10,10,0.65,0.0,0.0,0.05,81.0,30.0,7.8,44.0,1,79.5
6,2002,11,19,0.0,0.0,0.25,0.01,71.0,22.0,7.5,24.0,8,73.0
2,2014,1,19,0.0,0.0,0.07,0.0,71.0,22.0,7.5,24.0,8,73.0
28,2001,10,10,0.2,0.06,0.0,0.01,89.0,17.0,8.8,5.0,1,88.5
14,1997,7,12,0.07,0.05,0.0,0.01,71.0,22.0,7.5,24.0,8,73.0
29,2015,0,19,0.05,0.01,0.0,0.01,71.0,22.0,6.3,4.0,7,67.0
28,2004,10,10,0.49,0.15,0.0,0.02,81.0,38.0,8.8,9.0,1,84.5
4,2011,0,2,0.12,0.01,0.0,0.01,50.0,6.0,7.5,24.0,2,62.5
15,2004,0,20,0.04,0.03,0.0,0.01,54.0,29.0,6.9,7.0,1,61.5
15,2004,7,0,0.11,0.08,0.0,0.03,66.0,34.0,7.0,22.0,7,68.0
14,2000,4,19,0.05,0.03,0.0,0.01,69.0,15.0,8.1,11.0,1,75.0
4,2010,3,24,0.16,0.05,0.0,0.02,71.0,22.0,7.5,24.0,1,73.0
14,1998,0,24,0.04,0.03,0.0,0.0,71.0,22.0,7.5,24.0,8,73.0
4,2008,9,22,0.0,0.0,0.03,0.0,71.0,22.0,7.5,24.0,8,73.0
14,1998,10,24,0.04,0.03,0.0,0.0,71.0,22.0,7.5,24.0,8,73.0
25,2007,2,26,0.07,0.0,0.06,0.01,59.0,26.0,5.4,8.0,7,56.5
22,1995,4,19,0.0,0.0,0.06,0.0,71.0,22.0,7.5,24.0,8,73.0
8,1994,2,1,1.03,0.27,0.0,0.04,71.0,22.0,7.5,24.0,8,73.0
27,2009,8,19,0.0,0.0,0.01,0.0,71.0,22.0,7.5,24.0,8,73.0
27,2008,7,22,0.34,0.18,0.12,0.06,68.0,60.0,7.0,158.0,7,69.0
15,2004,7,21,0.03,0.02,0.0,0.01,59.0,24.0,4.2,10.0,7,50.5
18,2007,3,19,0.12,0.0,0.0,0.01,44.0,8.0,7.5,24.0,7,59.5
18,2007,5,20,0.0,0.0,0.02,0.0,71.0,22.0,7.5,24.0,8,73.0
4,2007,1,19,0.03,0.0,0.0,0.0,55.0,13.0,7.5,24.0,1,65.0
15,2009,10,3,0.03,0.02,0.0,0.01,71.0,22.0,7.5,24.0,8,73.0
2,2011,5,26,0.07,0.0,0.0,0.01,51.0,5.0,7.5,24.0,1,63.0
25,2010,6,8,0.17,0.02,0.0,0.01,71.0,22.0,7.5,24.0,8,73.0
28,2005,8,10,0.32,0.19,0.0,0.02,72.0,42.0,7.0,15.0,7,71.0
25,2011,3,17,0.0,0.0,0.73,0.0,71.0,22.0,7.5,24.0,8,73.0
25,2010,4,12,0.09,0.0,0.01,0.01,68.0,38.0,8.7,18.0,2,77.5
2,2015,9,17,0.51,1.02,1.4,0.12,66.0,60.0,6.9,106.0,1,67.5
14,1999,7,19,0.08,0.05,0.0,0.01,71.0,22.0,7.5,24.0,8,73.0
18,2004,3,12,0.0,0.0,0.17,0.0,71.0,22.0,7.5,24.0,8,73.0
25,2009,0,2,0.9,0.38,0.0,0.12,72.0,13.0,6.1,14.0,2,66.5
14,1999,4,9,0.3,0.2,0.0,0.03,71.0,22.0,7.5,24.0,8,73.0
12,2008,0,2,0.01,0.0,0.0,0.0,58.0,6.0,8.0,4.0,2,69.0
29,2015,2,29,1.03,0.21,0.0,0.14,86.0,21.0,7.3,279.0,5,79.5
14,1999,1,19,0.08,0.05,0.0,0.01,71.0,22.0,7.5,24.0,8,73.0
10,1993,4,17,0.79,0.14,0.8,0.02,71.0,22.0,7.5,24.0,8,73.0
16,2008,9,26,0.06,0.02,0.1,0.01,62.0,22.0,7.6,31.0,7,69.0
28,2005,10,24,0.52,0.02,0.0,0.02,81.0,25.0,8.2,17.0,1,81.5
27,2008,4,28,0.22,0.2,0.0,0.05,60.0,42.0,6.5,23.0,2,62.5
18,2006,8,8,0.1,0.0,0.0,0.01,74.0,45.0,7.3,9.0,1,73.5
18,2006,6,23,0.72,0.28,0.0,0.2,70.0,17.0,7.0,4.0,1,70.0
8,1993,4,20,0.0,0.0,0.05,0.0,71.0,22.0,7.5,24.0,8,73.0
7,2002,3,16,0.48,0.13,0.0,0.02,62.0,10.0,7.5,24.0,1,68.5
4,2010,0,19,0.0,0.03,0.0,0.0,71.0,22.0,7.5,24.0,2,73.0
27,2009,3,12,0.12,0.0,0.0,0.01,62.0,5.0,7.5,24.0,7,68.5
4,2010,1,19,0.0,0.0,0.02,0.0,71.0,22.0,7.5,24.0,8,73.0
4,2008,4,17,1.55,0.04,1.19,0.15,76.0,40.0,8.8,76.0,1,82.0
25,2007,0,23,0.56,0.0,0.0,0.04,71.0,22.0,5.5,6.0,1,63.0
26,2012,6,20,0.19,0.26,0.02,0.04,71.0,22.0,7.5,24.0,8,73.0
4,2009,7,19,0.08,0.0,0.0,0.01,45.0,10.0,8.1,31.0,7,63.0
12,2013,1,19,0.0,0.03,0.0,0.0,72.0,18.0,8.1,48.0,8,76.5
4,2010,6,26,0.02,0.02,0.0,0.0,71.0,22.0,7.5,24.0,8,73.0
25,2009,10,24,0.32,0.01,0.0,0.03,79.0,8.0,6.8,16.0,2,73.5
27,2010,6,19,0.1,0.07,0.0,0.02,74.0,13.0,8.3,8.0,2,78.5
15,2002,9,19,0.04,0.03,0.0,0.01,71.0,14.0,7.5,24.0,7,73.0
7,2002,6,10,0.24,0.06,0.0,0.01,85.0,12.0,6.6,5.0,1,75.5
18,2010,1,19,0.0,0.0,0.01,0.0,71.0,22.0,7.5,24.0,8,73.0
20,1998,2,19,0.0,0.0,0.17,0.0,71.0,22.0,7.5,24.0,8,73.0
14,1997,10,19,1.52,0.46,0.2,0.08,71.0,22.0,7.5,24.0,8,73.0
27,2010,0,26,0.24,0.09,0.01,0.03,68.0,57.0,6.3,29.0,7,65.5
22,1994,0,19,0.0,0.0,0.03,0.0,71.0,22.0,7.5,24.0,8,73.0
15,2007,10,24,0.5,0.02,0.0,0.08,72.0,7.0,6.0,9.0,1,66.0
25,2008,9,19,0.16,0.0,0.0,0.01,42.0,4.0,7.5,24.0,2,58.5
2,2013,0,19,0.0,0.0,0.07,0.0,71.0,22.0,7.5,24.0,8,73.0
27,2007,1,26,0.07,0.02,0.0,0.01,71.0,22.0,7.5,24.0,8,73.0
2,2015,0,16,0.0,0.0,0.04,0.0,71.0,22.0,7.5,24.0,8,73.0
4,2007,6,10,0.11,0.01,0.0,0.01,74.0,8.0,7.4,10.0,1,74.0
29,2016,0,19,0.01,0.0,0.0,0.0,80.0,13.0,7.9,14.0,5,79.5
4,2010,3,26,0.04,0.0,0.0,0.0,71.0,22.0,7.5,24.0,1,73.0
16,2016,3,19,0.0,0.0,0.02,0.0,71.0,22.0,7.5,24.0,8,73.0
7,2002,8,1,0.3,0.08,0.0,0.01,70.0,19.0,7.0,21.0,5,70.0
6,2003,4,4,0.18,0.07,0.17,0.01,81.0,17.0,8.6,18.0,1,83.5
4,2008,3,22,0.0,0.0,0.02,0.0,71.0,22.0,7.5,24.0,8,73.0
8,1994,4,20,1.02,0.47,0.2,0.07,71.0,22.0,7.5,24.0,8,73.0
15,2001,9,19,0.0,0.0,0.03,0.0,71.0,22.0,7.5,24.0,8,73.0
12,2010,11,19,0.0,0.01,0.0,0.0,70.0,6.0,8.3,20.0,8,76.5
25,2008,10,19,0.02,0.0,0.0,0.0,30.0,4.0,7.5,24.0,1,52.5
15,2007,3,20,0.0,0.0,0.02,0.0,71.0,22.0,7.5,24.0,8,73.0
27,2012,0,12,0.11,0.06,0.01,0.02,69.0,17.0,5.6,98.0,5,62.5
15,2005,7,25,0.03,0.02,0.0,0.01,68.0,34.0,7.8,14.0,2,73.0
4,2007,5,23,0.25,0.0,0.0,0.02,71.0,22.0,7.5,24.0,8,73.0
15,2002,9,20,0.04,0.03,0.0,0.01,64.0,18.0,7.0,8.0,1,67.0
28,2004,10,10,0.21,0.06,0.0,0.01,80.0,18.0,7.8,4.0,1,79.0
14,1998,11,19,0.0,0.0,0.09,0.01,71.0,22.0,7.5,24.0,8,73.0
15,2002,2,19,0.09,0.07,0.16,0.02,87.0,31.0,8.7,34.0,7,87.0
28,2004,11,20,0.05,0.01,0.0,0.0,67.0,15.0,8.0,6.0,7,73.5
4,2011,3,2,0.37,0.96,0.0,0.21,71.0,22.0,7.5,24.0,1,73.0
19,2015,7,25,0.0,0.0,0.06,0.0,71.0,22.0,8.0,14.0,7,75.5
25,2009,10,2,0.11,0.0,0.0,0.01,71.0,22.0,7.5,24.0,1,73.0
18,2006,3,19,0.0,0.0,0.02,0.0,71.0,22.0,7.5,24.0,8,73.0
25,2008,8,19,0.04,0.0,0.0,0.0,50.0,7.0,8.3,6.0,2,66.5
4,2010,3,8,0.16,0.03,0.0,0.01,71.0,22.0,7.5,24.0,1,73.0
25,2008,10,19,0.02,0.21,0.0,0.01,51.0,18.0,5.4,7.0,2,52.5
27,2008,4,19,0.1,0.0,0.0,0.01,57.0,7.0,5.3,12.0,2,55.0
19,2016,0,25,0.0,0.0,0.13,0.0,71.0,22.0,7.5,24.0,8,73.0
7,2002,1,17,0.01,0.0,0.15,0.0,71.0,12.0,8.5,21.0,1,78.0
14,1997,11,1,0.07,0.05,0.0,0.01,71.0,22.0,7.5,24.0,8,73.0
4,2005,0,4,0.08,0.0,0.01,0.01,71.0,22.0,7.5,24.0,8,73.0
4,2008,3,23,0.2,0.0,0.0,0.02,71.0,22.0,7.5,24.0,8,73.0
4,2010,10,19,0.4,0.0,0.0,0.02,71.0,22.0,7.5,24.0,7,73.0
2,2013,3,17,0.62,0.64,0.55,0.11,57.0,47.0,6.3,117.0,1,60.0
15,2006,11,25,0.04,0.03,0.0,0.01,76.0,8.0,8.0,7.0,2,78.0
7,2003,2,17,0.44,0.12,0.45,0.03,74.0,22.0,8.9,39.0,7,81.5
18,2009,7,19,0.0,0.0,0.04,0.0,71.0,22.0,7.5,24.0,2,73.0
18,2011,1,19,0.0,0.0,0.06,0.0,71.0,22.0,7.5,24.0,8,73.0
15,2005,3,12,0.15,0.12,0.0,0.04,78.0,25.0,7.5,24.0,2,76.5
2,2014,1,19,0.04,0.19,0.0,0.02,71.0,22.0,7.5,24.0,2,73.0
15,2005,2,16,0.13,0.1,0.0,0.03,52.0,14.0,8.3,21.0,7,67.5
19,2012,0,19,0.0,0.0,0.01,0.0,76.0,26.0,8.0,18.0,2,78.0
18,2011,1,11,0.0,0.0,0.04,0.0,71.0,22.0,7.5,24.0,8,73.0
16,2011,0,18,0.0,0.03,0.16,0.01,58.0,25.0,6.5,15.0,5,61.5
14,1998,11,25,0.0,0.0,0.13,0.01,71.0,22.0,7.5,24.0,8,73.0
16,2010,8,20,0.21,0.21,0.11,0.08,84.0,61.0,8.1,304.0,5,82.5
9,1997,6,19,0.2,0.05,0.0,0.0,71.0,22.0,7.5,24.0,8,73.0
16,2007,10,19,0.23,0.0,0.0,0.02,74.0,19.0,4.7,7.0,1,60.5
20,1995,2,1,0.0,0.0,0.21,0.0,71.0,22.0,7.5,24.0,8,73.0
12,2011,9,27,0.0,0.02,0.0,0.0,71.0,22.0,7.5,24.0,8,73.0
16,2008,10,19,0.12,0.0,0.0,0.01,39.0,6.0,1.8,10.0,7,28.5
6,2005,8,20,0.05,0.02,0.0,0.0,83.0,31.0,8.5,13.0,2,84.0
25,2009,0,16,0.12,0.03,0.03,0.02,65.0,25.0,7.3,15.0,2,69.0
15,2006,8,9,0.03,0.02,0.0,0.01,73.0,35.0,7.8,24.0,5,75.5
15,2006,6,19,0.03,0.02,0.0,0.01,27.0,4.0,7.5,24.0,2,51.0
15,2007,10,25,0.0,0.0,0.02,0.0,71.0,22.0,7.5,24.0,8,73.0
2,2016,7,19,0.0,0.0,0.03,0.0,71.0,22.0,7.5,24.0,8,73.0
4,2007,0,10,0.56,0.77,0.0,0.17,69.0,17.0,7.3,18.0,7,71.0
15,2003,10,10,0.44,0.34,0.0,0.11,68.0,21.0,6.6,27.0,1,67.0
16,2013,10,21,0.67,0.0,0.0,0.07,87.0,36.0,7.8,114.0,1,82.5
12,2012,9,10,0.0,0.13,0.0,0.02,73.0,12.0,7.5,48.0,7,74.0
2,2013,0,19,0.0,0.0,0.42,0.0,46.0,22.0,4.5,34.0,5,45.5
14,2000,10,15,0.07,0.05,0.0,0.01,71.0,22.0,7.5,24.0,8,73.0
4,2008,1,8,0.85,0.51,0.01,0.15,71.0,22.0,7.8,5.0,1,74.5
15,2009,10,12,0.0,0.0,0.13,0.0,71.0,22.0,7.5,24.0,8,73.0
12,2009,11,3,0.0,0.02,0.0,0.0,76.0,50.0,7.9,183.0,7,77.5
18,2005,10,10,0.19,0.02,0.0,0.02,79.0,23.0,8.1,44.0,1,80.0
15,2005,10,30,0.17,0.14,0.0,0.05,71.0,22.0,8.9,17.0,7,80.0
16,2010,10,25,0.0,0.0,0.07,0.0,71.0,22.0,7.5,24.0,8,73.0
14,1995,11,19,0.05,0.04,0.0,0.01,71.0,22.0,7.5,24.0,8,73.0
0,1987,8,3,0.42,0.02,0.0,0.0,71.0,22.0,7.5,24.0,8,73.0
7,2005,0,4,0.98,0.42,0.22,0.06,96.0,82.0,9.4,767.0,5,95.0
15,2001,6,1,0.13,0.1,0.0,0.03,71.0,22.0,7.5,24.0,8,73.0
28,2004,0,3,0.06,0.02,0.0,0.0,72.0,17.0,6.5,6.0,7,68.5
14,1997,0,19,3.79,0.27,0.0,0.11,71.0,22.0,7.5,24.0,8,73.0
14,2001,10,15,0.07,0.05,0.0,0.01,71.0,22.0,7.5,24.0,1,73.0
20,1998,10,20,0.0,0.0,0.12,0.0,71.0,22.0,7.5,24.0,8,73.0
26,2013,0,17,0.92,0.6,0.14,0.14,71.0,22.0,7.5,24.0,8,73.0
27,2012,8,12,0.06,0.03,0.0,0.01,52.0,46.0,5.5,65.0,5,53.5
25,2006,10,10,0.46,0.0,0.0,0.04,81.0,35.0,8.0,16.0,1,80.5
29,2013,0,29,0.61,0.35,0.0,0.09,71.0,22.0,6.8,73.0,2,69.5
15,2004,7,4,0.02,0.01,0.0,0.0,62.0,30.0,7.8,4.0,7,70.0
15,2005,10,24,0.72,0.56,0.0,0.19,82.0,19.0,7.4,20.0,1,78.0
14,1998,0,9,1.15,1.14,0.06,0.13,71.0,22.0,7.5,24.0,8,73.0
6,2002,4,28,0.02,0.01,0.0,0.0,45.0,10.0,5.7,6.0,1,51.0
15,2004,8,19,0.56,0.44,0.0,0.15,43.0,5.0,3.4,13.0,5,38.5
29,2015,1,22,0.55,0.7,0.02,0.11,86.0,102.0,8.0,1288.0,5,83.0
27,2009,8,5,0.36,0.45,0.02,0.1,77.0,47.0,7.8,112.0,5,77.5
4,2005,11,26,0.1,0.01,0.0,0.01,64.0,16.0,7.7,14.0,2,70.5
20,1995,11,25,0.0,0.0,0.11,0.0,71.0,22.0,7.5,24.0,8,73.0
4,2010,9,19,0.25,0.05,0.22,0.03,68.0,6.0,7.5,13.0,1,71.5
15,2003,4,19,0.05,0.04,0.0,0.01,71.0,22.0,7.5,24.0,1,73.0
25,2009,10,3,0.09,0.0,0.0,0.01,71.0,22.0,7.5,24.0,1,73.0
17,2016,0,25,0.04,0.11,0.11,0.03,71.0,22.0,7.5,24.0,8,73.0
16,2011,0,16,0.3,0.15,0.22,0.07,77.0,28.0,6.7,82.0,7,72.0
15,2007,0,19,0.14,0.11,0.0,0.04,58.0,24.0,6.6,14.0,5,62.0
27,2012,11,24,0.36,0.21,0.0,0.05,90.0,35.0,8.3,366.0,5,86.5
2,2011,0,8,0.29,0.27,0.0,0.06,71.0,16.0,7.3,20.0,2,72.0
6,2003,6,23,0.09,0.03,0.0,0.0,75.0,10.0,7.5,24.0,1,75.0
28,2001,0,12,0.21,0.06,0.0,0.01,84.0,23.0,8.3,39.0,5,83.5
18,2011,0,19,0.0,0.0,0.22,0.0,71.0,22.0,7.5,24.0,8,73.0
15,2000,6,24,2.0,0.47,0.02,0.14,78.0,18.0,7.8,21.0,7,78.0
6,2004,1,17,0.0,0.0,0.1,0.0,71.0,22.0,7.5,24.0,8,73.0
7,2002,10,17,0.19,0.05,0.0,0.01,71.0,18.0,7.4,7.0,1,72.5
14,1998,11,12,0.05,0.03,0.12,0.01,71.0,22.0,7.5,24.0,8,73.0
6,2003,6,19,0.02,0.01,0.0,0.0,71.0,22.0,7.5,24.0,8,73.0
14,1998,10,12,0.0,0.0,0.25,0.02,71.0,22.0,7.5,24.0,8,73.0
19,2013,0,16,0.0,0.0,0.13,0.0,71.0,22.0,7.5,24.0,8,73.0
25,2009,5,19,0.02,0.0,0.0,0.0,71.0,22.0,7.5,24.0,1,73.0
4,2009,9,7,0.04,0.0,0.0,0.0,71.0,22.0,7.5,24.0,1,73.0
19,2016,11,16,0.0,0.0,0.09,0.0,71.0,22.0,7.5,24.0,8,73.0
0,1983,0,2,0.27,0.02,0.0,0.0,71.0,22.0,7.5,24.0,8,73.0
27,2010,0,8,0.24,0.05,0.0,0.02,58.0,51.0,6.0,41.0,7,59.0
7,2005,10,10,0.08,0.02,0.0,0.0,82.0,19.0,4.8,4.0,1,65.0
7,2002,6,19,0.07,0.02,0.0,0.0,85.0,8.0,7.3,7.0,1,79.0
29,2015,7,19,2.51,1.32,0.01,0.38,88.0,39.0,6.2,1749.0,5,75.0
14,1996,6,21,2.12,0.25,0.0,0.07,71.0,22.0,7.5,24.0,8,73.0
27,2006,3,14,0.05,0.01,0.0,0.01,71.0,22.0,7.5,24.0,8,73.0
18,2008,4,23,0.29,0.22,0.0,0.14,64.0,8.0,7.5,24.0,1,69.5
16,2009,10,10,0.38,0.12,0.0,0.07,88.0,35.0,7.9,40.0,2,83.5
6,2003,0,12,0.18,0.07,0.0,0.0,59.0,6.0,7.5,24.0,1,67.0
12,2009,11,19,0.02,0.0,0.0,0.0,63.0,9.0,8.1,8.0,7,72.0
17,2015,6,19,0.04,0.13,0.03,0.03,66.0,30.0,7.0,47.0,1,68.0
19,2012,1,19,0.0,0.0,0.06,0.0,71.0,22.0,7.5,24.0,8,73.0
6,2004,0,8,0.04,0.02,0.0,0.0,68.0,16.0,7.5,24.0,1,71.5
19,2016,0,27,0.0,0.0,0.01,0.0,71.0,22.0,7.5,24.0,8,73.0
16,2012,0,12,0.15,0.1,0.03,0.04,70.0,33.0,4.8,136.0,5,59.0
4,2007,5,8,0.01,0.02,0.0,0.0,74.0,36.0,6.6,5.0,1,70.0
18,2012,0,16,0.0,0.0,0.11,0.0,71.0,22.0,7.5,24.0,8,73.0
25,2008,3,26,0.1,0.29,0.0,0.05,71.0,22.0,7.5,24.0,1,73.0
25,2007,10,30,0.02,0.0,0.0,0.0,19.0,6.0,2.8,25.0,2,23.5
16,2013,0,10,0.44,0.36,0.0,0.16,76.0,37.0,6.4,522.0,5,70.0
16,2008,0,12,0.13,0.02,0.0,0.02,47.0,23.0,6.1,10.0,7,54.0
12,2011,11,19,0.0,0.1,0.0,0.01,75.0,4.0,4.9,89.0,8,62.0
19,2014,0,25,0.0,0.0,0.06,0.0,70.0,9.0,7.9,14.0,7,74.5
2,2014,0,4,0.0,0.0,0.02,0.0,71.0,22.0,7.5,24.0,8,73.0
2,2012,1,16,0.0,0.0,0.62,0.0,71.0,22.0,7.5,24.0,8,73.0
4,2008,1,6,0.0,0.0,0.01,0.0,71.0,22.0,7.5,24.0,8,73.0
16,2008,0,19,0.18,0.08,0.22,0.04,58.0,18.0,7.9,22.0,5,68.5
2,2015,7,20,0.04,0.0,0.12,0.0,77.0,26.0,8.2,38.0,7,79.5
4,2010,1,19,0.02,0.0,0.0,0.0,71.0,22.0,7.5,24.0,7,73.0
17,2013,10,10,0.63,0.13,0.0,0.15,74.0,13.0,5.2,118.0,1,63.0
12,1998,0,9,0.41,0.0,0.0,0.0,71.0,22.0,8.6,50.0,7,78.5
25,2007,10,17,8.92,8.03,3.6,2.15,80.0,63.0,7.7,146.0,1,78.5
4,2008,11,19,0.02,0.0,0.0,0.0,71.0,22.0,7.5,24.0,8,73.0
25,2007,3,9,0.05,0.0,0.0,0.0,30.0,4.0,3.6,20.0,1,33.0
14,1999,0,19,1.1,0.14,0.0,0.04,71.0,22.0,7.5,24.0,8,73.0
14,1998,10,10,0.48,0.33,0.0,0.06,71.0,22.0,7.5,24.0,8,73.0
15,2007,7,21,0.2,0.16,0.0,0.05,71.0,22.0,7.5,24.0,8,73.0
18,2009,7,19,0.0,0.0,0.08,0.0,71.0,22.0,7.5,24.0,8,73.0
2,2014,0,16,0.0,0.0,0.06,0.0,71.0,22.0,7.5,24.0,8,73.0
12,2011,0,10,0.05,0.04,0.0,0.01,43.0,12.0,5.0,56.0,8,46.5
27,2009,0,4,2.11,0.93,0.12,0.34,83.0,91.0,7.5,523.0,5,79.0
18,2007,2,19,0.03,0.0,0.0,0.0,38.0,12.0,7.5,24.0,7,56.5
4,2006,1,8,0.23,0.01,0.0,0.02,63.0,11.0,8.6,7.0,7,74.5
17,2014,0,21,1.28,0.98,0.07,0.46,80.0,90.0,7.9,2944.0,7,79.5
4,2008,3,10,0.12,0.0,0.0,0.01,62.0,5.0,7.5,24.0,1,68.5
18,2009,11,18,0.0,0.0,0.01,0.0,71.0,22.0,7.5,24.0,8,73.0
15,2003,3,19,0.02,0.01,0.0,0.0,71.0,6.0,8.9,10.0,1,80.0
22,1993,7,19,0.0,0.0,0.05,0.0,71.0,22.0,7.5,24.0,8,73.0
14,2001,8,26,0.13,0.09,0.0,0.02,71.0,22.0,7.5,24.0,8,73.0
4,2011,5,19,0.05,0.05,0.0,0.01,71.0,22.0,7.5,24.0,1,73.0
25,2006,10,2,0.51,0.0,0.0,0.04,71.0,22.0,7.5,24.0,8,73.0
2,2016,9,19,0.02,0.0,0.0,0.0,71.0,22.0,7.4,7.0,1,72.5
25,2010,3,19,0.0,0.07,0.0,0.01,71.0,22.0,7.5,24.0,8,73.0
4,2008,7,22,0.11,0.01,0.05,0.01,82.0,32.0,7.5,35.0,7,78.5
12,2011,7,27,0.44,0.16,0.0,0.07,84.0,59.0,7.3,561.0,7,78.5
15,2008,0,12,0.03,0.03,0.0,0.01,70.0,21.0,7.4,59.0,5,72.0
15,2001,10,10,2.19,0.22,0.0,0.38,89.0,22.0,8.6,39.0,1,87.5
28,2004,10,15,0.4,0.11,0.0,0.02,78.0,30.0,7.7,14.0,5,77.5
2,2016,1,16,0.0,0.0,0.04,0.0,71.0,22.0,7.5,24.0,8,73.0
14,1999,10,19,0.22,0.15,0.0,0.03,71.0,22.0,7.5,24.0,8,73.0
27,2006,0,25,0.11,0.01,0.0,0.01,61.0,40.0,8.2,19.0,7,71.5
27,2007,8,2,0.05,0.0,0.0,0.0,35.0,11.0,6.1,21.0,7,48.0
4,2009,0,2,1.26,0.02,0.0,0.1,60.0,6.0,6.7,7.0,1,63.5
4,2008,9,19,0.05,0.0,0.0,0.0,49.0,10.0,7.5,24.0,2,62.0
4,2005,3,17,0.0,0.0,0.06,0.0,71.0,22.0,7.5,24.0,8,73.0
15,2004,6,5,0.03,0.02,0.0,0.01,71.0,22.0,7.5,24.0,8,73.0
25,2009,1,13,0.1,0.01,0.0,0.01,71.0,22.0,7.5,24.0,1,73.0
22,1991,3,19,0.0,0.0,0.08,0.0,71.0,22.0,7.5,24.0,8,73.0
28,2004,1,10,0.09,0.03,0.0,0.0,71.0,62.0,8.2,17.0,5,76.5
15,2005,0,21,0.05,0.04,0.0,0.01,53.0,23.0,7.5,24.0,1,64.0
16,2016,0,16,0.0,0.01,0.0,0.0,71.0,22.0,7.5,24.0,8,73.0
18,2012,7,16,0.0,0.0,0.07,0.0,71.0,22.0,7.5,24.0,8,73.0
14,1998,3,19,0.17,0.12,0.0,0.02,71.0,22.0,7.5,24.0,8,73.0
20,1997,7,19,0.0,0.0,0.13,0.0,71.0,22.0,7.5,24.0,8,73.0
4,2009,3,19,0.23,0.0,0.0,0.02,71.0,22.0,7.5,24.0,8,73.0
4,2009,7,19,0.26,0.03,0.1,0.02,77.0,10.0,8.6,46.0,1,81.5
12,2010,7,19,0.59,0.45,0.0,0.14,84.0,39.0,8.6,2754.0,5,85.0
15,2009,3,25,0.0,0.0,0.01,0.0,71.0,22.0,7.5,24.0,8,73.0
15,2003,9,12,1.05,0.59,0.0,0.18,82.0,27.0,8.2,11.0,1,82.0
17,2014,0,18,0.14,0.03,0.04,0.04,57.0,40.0,6.5,72.0,5,61.0
15,2008,0,19,0.22,0.02,0.0,0.33,71.0,22.0,5.3,6.0,2,62.0
25,2007,11,19,0.11,0.01,0.0,0.01,49.0,18.0,4.9,11.0,1,49.0
17,2016,0,7,0.0,0.01,0.0,0.0,71.0,22.0,7.5,24.0,8,73.0
27,2007,10,10,0.04,0.01,0.0,0.0,72.0,27.0,8.2,10.0,1,77.0
7,2003,10,10,0.12,0.03,0.0,0.0,89.0,16.0,7.5,6.0,1,82.0
4,2008,5,26,0.16,0.78,0.0,0.04,71.0,5.0,7.5,24.0,1,73.0
25,2007,3,20,0.0,0.0,0.01,0.0,71.0,22.0,7.5,24.0,8,73.0
16,2009,3,19,0.1,0.0,0.0,0.01,71.0,22.0,7.5,24.0,7,73.0
9,1999,2,17,2.95,0.6,1.97,0.04,71.0,22.0,7.5,24.0,8,73.0
15,2003,0,19,0.11,0.09,0.0,0.03,61.0,26.0,9.2,6.0,5,76.5
2,2014,3,19,0.0,0.0,0.07,0.0,71.0,22.0,7.5,24.0,8,73.0
16,2011,0,21,0.0,0.0,0.04,0.0,71.0,22.0,8.4,72.0,7,77.5
12,2015,8,10,0.0,0.13,0.0,0.01,71.0,31.0,3.8,773.0,5,54.5
15,2004,8,19,1.93,1.22,0.03,0.44,82.0,36.0,8.7,142.0,7,84.5
16,2015,0,25,0.0,0.0,0.04,0.0,71.0,22.0,7.5,24.0,8,73.0
25,2009,3,2,0.13,0.12,0.0,0.03,50.0,12.0,5.2,6.0,7,51.0
9,1997,10,12,0.25,0.02,0.0,0.0,71.0,22.0,7.5,24.0,8,73.0
18,2008,7,11,0.04,0.0,0.0,0.01,57.0,14.0,7.8,12.0,7,67.5
4,2005,7,17,0.06,0.0,0.0,0.0,71.0,22.0,7.5,24.0,8,73.0
27,2014,0,12,0.07,0.05,0.01,0.01,71.0,22.0,5.7,148.0,5,64.0
16,2007,8,15,0.07,0.01,0.0,0.01,56.0,23.0,6.3,18.0,7,59.5
7,2002,4,12,0.1,0.03,0.0,0.0,60.0,6.0,7.2,5.0,1,66.0
7,2002,0,10,0.53,0.14,0.0,0.02,77.0,14.0,8.3,27.0,1,80.0
4,2008,0,19,0.15,0.0,0.0,0.01,71.0,22.0,7.5,24.0,1,73.0
9,1999,0,19,0.33,0.07,0.0,0.0,71.0,22.0,7.5,24.0,8,73.0
15,2004,10,2,1.25,0.86,0.01,0.26,83.0,59.0,8.8,55.0,7,85.5
25,2011,6,2,0.21,0.0,0.0,0.01,42.0,5.0,3.1,9.0,1,36.5
15,2006,1,19,0.0,0.0,0.11,0.0,71.0,22.0,7.5,24.0,8,73.0
7,2005,0,17,0.29,0.08,0.16,0.01,85.0,42.0,8.9,141.0,7,87.0
3,2000,10,20,0.0,0.0,0.18,0.0,71.0,22.0,7.5,24.0,8,73.0
16,2008,7,19,2.15,1.13,0.07,0.59,90.0,57.0,8.0,910.0,5,85.0
2,2011,0,23,0.07,0.02,0.0,0.01,54.0,4.0,7.5,24.0,2,64.5
27,2015,0,8,0.21,0.15,0.0,0.03,71.0,22.0,7.5,24.0,8,73.0
14,1997,6,19,0.43,0.29,0.09,0.06,71.0,22.0,7.5,24.0,8,73.0
28,2004,4,2,0.05,0.01,0.0,0.0,73.0,35.0,7.8,4.0,1,75.5
15,2002,10,15,0.03,0.03,0.0,0.01,73.0,19.0,9.0,6.0,1,81.5
15,2003,0,19,0.52,0.41,0.0,0.14,71.0,28.0,8.3,22.0,7,77.0
18,2006,5,12,0.0,0.0,0.01,0.0,71.0,22.0,7.5,24.0,8,73.0
19,2012,10,10,0.16,0.32,0.02,0.08,79.0,45.0,7.2,79.0,1,75.5
14,1998,7,19,0.0,0.0,0.13,0.01,71.0,22.0,7.5,24.0,8,73.0
15,2000,10,19,0.0,0.0,0.54,0.0,71.0,22.0,7.5,24.0,8,73.0
4,2010,3,26,0.03,0.0,0.0,0.0,71.0,22.0,7.5,24.0,2,73.0
5,1997,4,17,0.7,0.35,0.39,0.04,71.0,22.0,7.5,24.0,8,73.0
4,2009,9,26,0.04,0.0,0.0,0.0,71.0,22.0,7.5,24.0,8,73.0
14,1998,10,5,0.02,1.13,0.01,0.1,71.0,22.0,7.5,24.0,8,73.0
18,2009,7,18,0.0,0.0,0.02,0.0,71.0,22.0,7.5,24.0,8,73.0
4,2005,0,26,0.06,0.0,0.0,0.01,50.0,22.0,7.0,25.0,7,60.0
14,1995,8,1,0.06,0.04,0.0,0.01,71.0,22.0,7.5,24.0,8,73.0
4,2007,5,19,0.03,0.17,0.0,0.01,68.0,4.0,7.5,24.0,1,71.5
12,2007,11,23,0.0,0.04,0.0,0.01,86.0,44.0,8.3,263.0,2,84.5
14,1999,3,19,0.0,0.0,0.44,0.03,71.0,22.0,7.5,24.0,8,73.0
25,2010,9,19,0.04,0.0,0.0,0.0,71.0,22.0,7.5,24.0,1,73.0
6,2003,10,19,0.13,0.05,0.0,0.0,71.0,22.0,7.5,24.0,8,73.0
6,2005,4,19,0.27,0.1,0.0,0.01,71.0,22.0,7.5,24.0,8,73.0
4,2008,11,23,0.16,0.03,0.0,0.02,78.0,28.0,6.9,20.0,2,73.5
16,2010,0,26,1.87,0.55,0.11,0.29,90.0,59.0,8.2,791.0,5,86.0
16,2008,3,2,1.1,0.55,0.0,0.27,84.0,43.0,7.5,80.0,7,79.5
4,2007,1,24,0.14,0.01,0.0,0.01,71.0,22.0,7.5,24.0,8,73.0
5,1989,4,17,10.83,2.71,4.18,0.42,71.0,22.0,7.5,24.0,8,73.0
16,2011,6,12,0.07,0.0,0.0,0.01,67.0,5.0,6.8,4.0,2,67.5
6,2002,7,19,0.01,0.0,0.0,0.0,72.0,13.0,7.5,24.0,7,73.5
7,2001,9,19,1.03,0.75,0.03,0.09,90.0,45.0,8.6,80.0,7,88.0
15,2007,3,2,3.49,0.01,0.01,1.48,82.0,24.0,8.2,46.0,7,82.0
18,2010,1,6,0.0,0.0,0.02,0.0,71.0,22.0,7.5,24.0,8,73.0
27,2008,0,2,1.91,0.84,0.0,0.29,75.0,42.0,7.4,32.0,2,74.5
18,2010,2,12,0.0,0.0,0.11,0.0,71.0,22.0,7.5,24.0,8,73.0
10,1987,7,19,0.32,0.0,0.52,0.0,71.0,22.0,7.5,24.0,8,73.0
27,2006,3,2,0.15,0.0,0.0,0.01,71.0,22.0,7.5,24.0,8,73.0
15,2004,8,16,0.03,0.02,0.0,0.01,57.0,16.0,8.6,11.0,7,71.5
18,2011,1,19,0.0,0.0,0.04,0.0,71.0,22.0,7.5,24.0,8,73.0
18,2005,8,10,0.12,0.0,0.0,0.01,54.0,26.0,7.2,22.0,5,63.0
25,2008,0,24,0.15,0.37,0.0,0.07,68.0,18.0,5.7,29.0,1,62.5
18,2007,0,26,0.08,0.02,0.0,0.01,74.0,16.0,8.2,19.0,7,78.0
18,2007,6,3,0.08,0.27,0.0,0.15,80.0,18.0,7.3,29.0,2,76.5
15,2001,4,21,0.12,0.1,0.08,0.03,91.0,18.0,9.1,72.0,1,91.0
15,2003,5,19,0.07,0.05,0.0,0.02,71.0,22.0,7.5,24.0,8,73.0
27,2011,1,24,1.52,0.92,0.02,0.24,89.0,83.0,7.8,893.0,5,83.5
16,2010,0,21,0.0,0.07,0.03,0.02,71.0,22.0,7.5,24.0,8,73.0
4,2007,3,16,0.0,0.0,0.1,0.0,71.0,22.0,7.5,24.0,8,73.0
27,2009,0,10,0.37,0.2,0.0,0.06,55.0,58.0,7.0,110.0,7,62.5
28,2004,0,24,0.17,0.05,0.0,0.01,66.0,33.0,7.7,22.0,5,71.5
27,2011,10,10,0.94,0.0,0.0,0.06,82.0,25.0,6.6,49.0,1,74.0
15,2005,10,10,0.52,0.41,0.0,0.14,89.0,36.0,8.7,37.0,1,88.0
29,2016,8,2,1.46,0.74,0.0,0.22,78.0,17.0,3.1,290.0,5,54.5
17,2015,8,0,0.1,0.14,0.0,0.05,71.0,22.0,7.5,24.0,8,73.0
27,2009,10,19,0.15,0.0,0.0,0.01,71.0,22.0,7.5,24.0,8,73.0
15,2006,9,19,0.0,0.0,0.02,0.0,71.0,22.0,7.5,24.0,8,73.0
12,2007,10,20,0.0,0.01,0.0,0.0,71.0,22.0,7.4,17.0,1,72.5
4,2008,6,19,0.03,0.0,0.0,0.0,71.0,22.0,7.5,24.0,8,73.0
4,2010,1,19,0.0,0.13,0.0,0.02,71.0,22.0,7.5,24.0,8,73.0
19,2015,10,19,0.0,0.02,0.0,0.01,71.0,22.0,7.5,24.0,8,73.0
17,2015,7,19,2.53,3.27,0.24,1.13,87.0,58.0,6.5,4228.0,5,76.0
4,2007,3,16,0.0,0.0,0.66,0.0,71.0,22.0,7.5,24.0,8,73.0
12,2003,11,14,0.03,0.02,0.0,0.01,71.0,22.0,8.0,8.0,1,75.5
6,2002,6,26,0.07,0.03,0.0,0.0,58.0,8.0,7.5,24.0,1,66.5
9,1997,0,19,0.74,0.38,0.02,0.03,71.0,22.0,7.5,24.0,8,73.0
0,1982,5,3,7.28,0.45,0.0,0.08,71.0,22.0,7.5,24.0,8,73.0
15,2008,2,15,0.1,0.0,0.0,0.12,71.0,22.0,7.5,24.0,8,73.0
15,2001,7,26,0.05,0.04,0.0,0.01,76.0,16.0,7.8,22.0,7,77.0
27,2009,8,2,0.34,0.23,0.0,0.06,71.0,22.0,7.5,24.0,8,73.0
16,2013,10,10,1.6,0.03,0.0,0.24,76.0,19.0,4.1,91.0,1,58.5
12,2013,0,7,0.11,0.06,0.0,0.02,86.0,45.0,7.4,1543.0,5,80.0
18,2005,6,28,0.16,0.05,0.0,0.03,68.0,9.0,7.1,25.0,2,69.5
4,2007,4,24,0.97,0.01,0.0,0.07,44.0,5.0,7.5,24.0,1,59.5
16,2012,1,19,0.01,0.02,0.02,0.01,83.0,8.0,8.7,51.0,5,85.0
15,2007,11,6,0.0,0.0,0.01,0.0,71.0,22.0,7.5,24.0,8,73.0
16,2014,0,25,0.0,0.0,0.09,0.0,71.0,22.0,7.5,24.0,7,73.0
25,2010,10,24,0.24,0.0,0.0,0.02,53.0,4.0,7.5,24.0,1,64.0
10,1985,4,17,29.08,3.58,6.81,0.77,71.0,22.0,7.5,24.0,8,73.0
6,2004,3,23,0.13,0.05,0.0,0.0,71.0,22.0,7.5,24.0,8,73.0
22,1992,2,12,0.0,0.0,0.06,0.0,71.0,22.0,7.5,24.0,8,73.0
25,2007,0,2,0.25,0.01,0.0,0.02,57.0,28.0,6.7,7.0,2,62.0
15,2001,10,21,0.07,0.05,0.0,0.02,77.0,21.0,7.5,10.0,1,76.0
12,2007,7,10,0.0,0.02,0.0,0.0,70.0,40.0,6.3,374.0,5,66.5
27,2014,7,16,0.48,0.18,0.01,0.07,91.0,30.0,7.9,915.0,7,85.0
18,2009,3,19,0.0,0.0,0.04,0.0,71.0,22.0,7.5,24.0,8,73.0
18,2009,2,19,0.0,0.0,0.04,0.0,71.0,22.0,7.5,24.0,8,73.0
7,2005,0,10,0.11,0.03,0.0,0.0,66.0,38.0,7.2,10.0,7,69.0
27,2010,10,19,0.01,0.0,0.0,0.0,57.0,5.0,7.5,24.0,1,66.0
4,2009,0,23,0.3,0.27,0.0,0.07,71.0,22.0,7.5,24.0,1,73.0
15,2007,3,19,0.0,0.0,0.08,0.0,71.0,22.0,7.5,24.0,8,73.0
4,2007,0,23,0.02,0.0,0.0,0.0,31.0,4.0,7.5,24.0,1,53.0
14,1997,2,4,0.0,0.0,0.09,0.01,71.0,22.0,7.5,24.0,8,73.0
25,2009,9,10,0.1,0.01,0.0,0.01,53.0,7.0,7.5,24.0,1,64.0
16,2012,4,6,0.0,0.0,0.04,0.0,71.0,22.0,7.5,24.0,8,73.0
15,2003,8,2,0.26,0.2,0.0,0.07,66.0,21.0,8.0,23.0,5,73.0
9,1997,6,17,2.91,0.99,0.89,0.1,71.0,22.0,7.5,24.0,8,73.0
4,2006,5,17,0.63,0.05,1.35,0.08,84.0,56.0,8.7,44.0,1,85.5
4,2008,8,19,0.02,0.0,0.0,0.0,64.0,6.0,7.5,24.0,2,69.5
4,2007,1,23,0.29,0.22,0.0,0.06,71.0,22.0,7.5,24.0,1,73.0
29,2016,6,19,0.0,0.01,0.0,0.0,63.0,8.0,8.2,22.0,1,72.5
10,1991,10,17,0.41,0.1,0.47,0.02,71.0,22.0,7.5,24.0,8,73.0
4,2009,9,13,0.13,0.0,0.0,0.01,71.0,22.0,7.5,24.0,1,73.0
15,2002,1,4,0.1,0.08,0.12,0.03,69.0,28.0,7.6,38.0,5,72.5
2,2016,1,4,0.0,0.0,0.27,0.0,71.0,22.0,7.5,24.0,8,73.0
4,2008,5,19,0.1,0.01,0.0,0.01,56.0,5.0,7.5,24.0,1,65.5
6,2006,9,23,0.12,0.04,0.0,0.0,71.0,22.0,7.5,24.0,8,73.0
4,2007,11,26,0.0,0.05,0.0,0.0,71.0,22.0,7.5,24.0,8,73.0
15,2007,6,19,0.03,0.03,0.0,0.01,71.0,22.0,7.5,24.0,8,73.0
12,2009,7,24,0.0,0.02,0.0,0.0,71.0,22.0,7.5,24.0,8,73.0
17,2014,11,25,0.0,0.0,0.06,0.0,71.0,22.0,7.5,24.0,8,73.0
28,2006,0,24,0.03,0.01,0.0,0.0,52.0,34.0,2.8,5.0,7,40.0
28,2003,8,10,0.08,0.02,0.0,0.0,64.0,27.0,8.2,11.0,5,73.0
4,2005,0,28,0.14,0.01,0.0,0.01,50.0,18.0,5.7,16.0,1,53.5
2,2014,11,16,0.0,0.0,0.07,0.0,71.0,22.0,7.5,24.0,8,73.0
6,2005,4,8,0.33,0.12,0.0,0.01,76.0,6.0,7.7,6.0,1,76.5
28,2004,10,12,0.07,0.02,0.0,0.0,90.0,25.0,8.4,11.0,1,87.0
14,2000,2,15,0.29,0.2,0.0,0.03,68.0,5.0,7.5,24.0,7,71.5
25,2009,3,30,0.04,0.0,0.0,0.0,71.0,22.0,7.5,24.0,8,73.0
28,2004,4,14,0.12,0.03,0.0,0.01,71.0,22.0,7.5,24.0,8,73.0
15,2002,0,10,0.9,1.22,0.04,0.44,71.0,16.0,7.6,49.0,1,73.5
4,2009,0,16,0.0,0.0,0.01,0.0,71.0,22.0,7.5,24.0,8,73.0
18,2007,7,19,0.0,0.0,0.01,0.0,71.0,22.0,7.5,24.0,8,73.0
25,2012,3,26,4.05,2.16,0.0,0.55,74.0,10.0,7.3,28.0,2,73.5
18,2008,7,18,0.06,0.0,0.18,0.01,71.0,22.0,7.5,24.0,8,73.0
2,2015,0,19,0.0,0.02,0.0,0.0,71.0,22.0,7.5,24.0,8,73.0
25,2008,5,4,0.18,0.02,0.0,0.02,52.0,11.0,7.5,24.0,1,63.5
12,2009,8,28,0.0,0.01,0.0,0.0,80.0,26.0,8.0,136.0,5,80.0
17,2015,0,19,0.0,0.02,0.0,0.0,71.0,22.0,7.6,7.0,1,73.5
9,2001,10,19,0.0,0.0,0.15,0.0,71.0,22.0,7.5,24.0,8,73.0
16,2007,0,9,0.57,0.32,0.09,0.16,88.0,46.0,7.5,155.0,5,81.5
18,2005,3,21,0.75,0.18,0.0,0.16,73.0,28.0,7.2,9.0,2,72.5
16,2012,6,27,0.04,0.0,0.0,0.01,62.0,19.0,4.9,22.0,1,55.5
15,2004,8,16,0.03,0.02,0.0,0.01,45.0,16.0,7.8,10.0,7,61.5
12,2012,6,10,0.0,0.06,0.0,0.02,82.0,19.0,8.5,525.0,7,83.5
4,2011,4,0,0.08,0.01,0.0,0.01,71.0,22.0,7.5,24.0,8,73.0
16,2006,6,21,0.0,0.57,0.04,0.0,71.0,22.0,7.5,24.0,8,73.0
22,1992,7,19,0.0,0.0,2.78,0.01,71.0,22.0,7.5,24.0,8,73.0
14,1996,11,19,0.11,0.07,0.0,0.01,71.0,22.0,7.5,24.0,8,73.0
14,1998,7,12,0.15,0.1,0.38,0.04,82.0,8.0,8.4,162.0,7,83.0
7,2002,10,10,0.33,0.09,0.0,0.01,92.0,13.0,8.5,17.0,1,88.5
15,2004,7,19,0.03,0.02,0.0,0.01,69.0,16.0,7.9,14.0,2,74.0
12,2010,11,26,0.0,0.27,0.0,0.05,79.0,33.0,5.2,213.0,2,65.5
4,2007,8,28,0.13,0.0,0.0,0.01,79.0,36.0,7.9,26.0,1,79.0
27,2011,8,5,0.1,0.14,0.01,0.03,69.0,64.0,6.1,29.0,5,65.0
15,2004,4,21,0.88,0.69,0.0,0.23,88.0,64.0,9.0,178.0,1,89.0
27,2011,0,25,0.0,0.04,0.01,0.01,71.0,22.0,7.5,24.0,8,73.0
4,2008,7,12,0.09,0.01,0.15,0.01,76.0,24.0,7.4,37.0,2,75.0
16,2012,8,24,0.19,0.23,0.04,0.08,77.0,27.0,8.0,350.0,5,78.5
2,2015,5,19,0.0,0.03,0.0,0.0,71.0,22.0,7.5,24.0,8,73.0
16,2013,8,24,0.72,0.65,0.04,0.28,94.0,27.0,8.5,1863.0,5,89.5
25,2010,10,3,0.14,0.0,0.0,0.01,71.0,22.0,7.5,24.0,1,73.0
9,1997,2,19,0.12,0.03,0.0,0.0,71.0,22.0,7.5,24.0,8,73.0
15,2008,0,23,0.29,0.22,0.0,0.07,71.0,22.0,7.5,24.0,1,73.0
27,2009,7,7,0.29,0.16,0.04,0.05,71.0,56.0,7.3,64.0,5,72.0
27,2014,8,0,0.16,0.12,0.0,0.03,71.0,22.0,6.6,26.0,5,68.5
18,2012,1,11,0.0,0.0,0.02,0.0,71.0,22.0,7.5,24.0,8,73.0
9,1997,10,15,0.23,0.02,0.0,0.0,71.0,22.0,7.5,24.0,8,73.0
4,2005,9,17,0.3,0.01,0.02,0.03,81.0,45.0,8.7,45.0,7,84.0
5,2000,5,17,0.29,0.17,0.75,0.02,71.0,22.0,7.5,24.0,8,73.0
18,2008,4,21,0.33,0.22,0.0,0.0,71.0,22.0,7.5,24.0,8,73.0
19,2015,0,19,0.0,0.0,0.01,0.0,71.0,22.0,7.5,24.0,8,73.0
14,1996,4,21,0.05,0.03,0.15,0.02,71.0,22.0,7.5,24.0,8,73.0
19,2016,1,11,0.0,0.0,0.01,0.0,71.0,22.0,7.5,24.0,8,73.0
2,2011,1,26,0.06,0.04,0.0,0.01,71.0,22.0,7.5,24.0,7,73.0
12,2010,7,2,1.77,0.32,0.0,0.0,90.0,53.0,5.6,953.0,7,73.0
18,2011,1,19,0.0,0.0,0.14,0.0,71.0,22.0,7.5,24.0,8,73.0
6,2004,4,17,0.25,0.09,0.3,0.01,60.0,23.0,6.6,5.0,1,63.0
14,1998,0,1,0.06,0.04,0.0,0.01,71.0,22.0,7.5,24.0,8,73.0
27,2011,8,19,0.59,0.35,0.01,0.09,68.0,85.0,5.8,404.0,7,63.0
4,2010,1,19,0.0,0.07,0.0,0.01,71.0,22.0,7.5,24.0,8,73.0
16,2015,0,29,0.17,0.3,0.0,0.09,71.0,22.0,6.4,18.0,8,67.5
16,2012,8,24,0.59,0.89,0.06,0.3,87.0,31.0,7.8,790.0,5,82.5
15,2000,7,19,0.0,0.0,0.06,0.0,71.0,22.0,7.5,24.0,8,73.0
2,2012,1,19,0.03,0.0,0.0,0.0,88.0,15.0,8.8,188.0,5,88.0
28,2002,10,15,0.15,0.04,0.0,0.01,79.0,9.0,7.8,5.0,1,78.5
6,2003,10,10,0.22,0.08,0.0,0.01,70.0,9.0,6.6,5.0,1,68.0
14,2001,1,19,0.02,0.01,0.0,0.0,71.0,22.0,7.5,24.0,8,73.0
18,2007,2,23,0.45,0.47,0.0,0.28,68.0,11.0,7.8,15.0,7,73.0
6,2001,4,23,0.33,0.12,0.0,0.01,64.0,5.0,7.5,24.0,1,69.5
27,2015,0,10,0.06,0.0,0.0,0.01,71.0,22.0,7.5,24.0,8,73.0
16,2013,0,6,0.02,0.01,0.0,0.01,71.0,22.0,7.5,24.0,8,73.0
27,2010,10,2,0.17,0.06,0.0,0.02,53.0,10.0,6.6,10.0,1,59.5
16,2012,0,8,0.21,0.18,0.0,0.08,59.0,36.0,4.3,24.0,1,51.0
15,2004,2,10,0.86,0.67,0.0,0.22,83.0,46.0,8.9,73.0,5,86.0
4,2009,9,0,0.07,0.0,0.0,0.01,71.0,22.0,7.5,24.0,1,73.0
14,1995,10,19,0.0,0.0,0.07,0.0,71.0,22.0,7.5,24.0,8,73.0
16,2010,8,2,0.18,0.36,0.02,0.13,65.0,49.0,7.4,45.0,7,69.5
14,2001,8,21,0.29,0.2,0.0,0.03,73.0,19.0,8.5,36.0,5,79.0
4,2009,5,19,0.29,0.0,0.0,0.02,71.0,22.0,7.5,24.0,8,73.0
6,2001,4,26,0.05,0.02,0.0,0.0,71.0,22.0,7.5,24.0,8,73.0
26,2014,0,29,0.33,0.23,0.03,0.05,68.0,5.0,7.7,25.0,2,72.5
27,2013,8,2,0.46,0.11,0.0,0.05,32.0,30.0,4.0,410.0,5,36.0
4,2008,9,26,0.04,0.0,0.0,0.0,71.0,22.0,8.6,9.0,1,78.5
6,2001,6,19,0.02,0.01,0.0,0.0,68.0,10.0,7.5,24.0,1,71.5
27,2006,0,6,0.04,0.0,0.03,0.0,69.0,55.0,7.7,60.0,7,73.0
10,1983,4,17,0.33,0.07,0.7,0.01,71.0,22.0,7.5,24.0,8,73.0
28,2002,5,19,0.01,0.0,0.0,0.0,58.0,7.0,7.5,24.0,1,66.5
0,1981,5,3,1.54,0.1,0.0,0.02,71.0,22.0,7.5,24.0,8,73.0
7,2003,10,10,0.08,0.02,0.0,0.0,85.0,18.0,8.4,7.0,1,84.5
9,1999,6,19,0.51,0.18,0.0,0.01,71.0,22.0,7.5,24.0,8,73.0
27,2011,3,24,0.12,0.0,0.0,0.01,71.0,22.0,7.5,24.0,8,73.0
12,2008,0,10,0.0,0.53,0.0,0.06,86.0,28.0,8.0,1093.0,5,83.0
15,2001,0,24,6.99,4.51,0.3,1.3,97.0,56.0,8.5,664.0,5,91.0
6,2001,5,2,0.1,0.04,0.1,0.01,88.0,16.0,7.5,24.0,1,81.5
6,2005,5,19,0.01,0.0,0.0,0.0,71.0,22.0,7.5,24.0,1,73.0
16,2015,0,12,0.0,0.0,0.15,0.0,71.0,22.0,7.5,24.0,8,73.0
9,1997,6,1,0.47,0.11,0.0,0.01,71.0,22.0,7.5,24.0,8,73.0
2,2012,0,19,0.0,0.0,0.05,0.0,71.0,22.0,7.5,24.0,8,73.0
4,2009,10,3,0.11,0.0,0.0,0.01,71.0,22.0,7.5,24.0,1,73.0
3,2000,2,19,0.0,0.0,0.07,0.0,71.0,22.0,7.5,24.0,8,73.0
8,1993,1,20,0.0,0.0,0.07,0.0,71.0,22.0,7.5,24.0,8,73.0
12,2009,7,19,0.0,0.04,0.0,0.01,61.0,17.0,6.8,51.0,7,64.5
2,2012,0,16,0.0,0.0,0.09,0.0,71.0,22.0,7.5,24.0,8,73.0
6,2003,7,23,0.06,0.02,0.0,0.0,74.0,18.0,8.3,9.0,1,78.5
2,2014,0,2,0.03,0.03,0.0,0.01,71.0,22.0,7.5,24.0,8,73.0
15,2000,10,21,0.09,0.07,0.0,0.02,49.0,10.0,7.5,24.0,1,62.0
18,2010,1,11,0.0,0.0,0.01,0.0,71.0,22.0,7.5,24.0,8,73.0
17,2015,1,0,0.03,0.08,0.0,0.02,81.0,10.0,8.6,73.0,7,83.5
14,2000,0,12,0.09,0.06,0.0,0.01,71.0,22.0,7.5,24.0,8,73.0
18,2012,0,16,0.0,0.0,0.02,0.0,71.0,22.0,7.5,24.0,8,73.0
27,2007,0,25,0.08,0.01,0.0,0.01,63.0,26.0,6.8,16.0,7,65.5
4,2008,9,26,0.46,0.3,0.0,0.09,71.0,22.0,7.5,24.0,1,73.0
17,2016,8,24,0.1,0.19,0.02,0.06,84.0,39.0,8.5,210.0,5,84.5
4,2007,5,6,0.28,0.0,0.03,0.02,82.0,41.0,8.7,32.0,2,84.5
16,2011,0,20,0.07,0.05,0.0,0.02,39.0,35.0,4.4,19.0,7,41.5
7,2005,3,15,0.05,0.01,0.0,0.0,65.0,16.0,7.5,24.0,1,70.0
15,2008,10,10,0.32,0.01,0.01,0.05,71.0,22.0,7.4,14.0,1,72.5
22,1992,10,19,0.0,0.0,0.16,0.0,71.0,22.0,7.5,24.0,8,73.0
2,2015,0,19,0.0,0.0,2.29,0.0,71.0,22.0,7.5,24.0,8,73.0
2,2012,0,29,0.2,0.16,0.0,0.03,61.0,4.0,7.6,10.0,2,68.5
15,2000,2,19,0.0,0.0,0.2,0.0,71.0,22.0,7.5,24.0,8,73.0
27,2012,0,19,0.38,0.4,0.01,0.08,80.0,47.0,7.9,468.0,5,79.5
8,1994,6,20,0.0,0.0,0.26,0.0,71.0,22.0,7.5,24.0,8,73.0
19,2016,1,19,0.0,0.0,0.02,0.0,71.0,22.0,7.5,24.0,8,73.0
6,2001,4,23,0.3,0.11,0.0,0.01,71.0,22.0,7.5,24.0,8,73.0
16,2008,2,10,0.13,0.02,0.0,0.02,53.0,37.0,3.8,20.0,7,45.5
27,2012,0,2,0.43,0.24,0.0,0.06,71.0,22.0,7.5,24.0,8,73.0
14,1999,1,19,0.0,0.0,0.13,0.01,71.0,22.0,7.5,24.0,8,73.0
18,2010,3,19,0.07,0.02,0.07,0.02,38.0,34.0,5.6,37.0,5,47.0
4,2005,0,28,0.12,0.0,0.0,0.01,71.0,22.0,6.7,6.0,1,69.0
4,2007,3,19,1.15,0.4,0.0,0.15,20.0,13.0,1.9,41.0,1,19.5
25,2008,10,16,0.0,0.0,0.03,0.0,71.0,22.0,7.5,24.0,8,73.0
9,2000,6,1,0.16,0.04,0.0,0.0,71.0,22.0,7.5,24.0,8,73.0
9,1999,2,23,1.2,0.25,0.02,0.02,71.0,22.0,7.5,24.0,8,73.0
4,2008,0,19,0.05,0.0,0.0,0.0,59.0,12.0,7.5,24.0,1,67.0
19,2014,0,21,0.0,0.01,0.0,0.0,71.0,22.0,7.5,24.0,8,73.0
4,2008,9,0,0.2,0.0,0.0,0.01,71.0,22.0,7.5,24.0,1,73.0
4,2008,9,12,0.0,0.0,0.04,0.0,71.0,22.0,7.5,24.0,8,73.0
27,2011,10,10,0.84,2.78,0.02,0.53,71.0,22.0,7.5,24.0,8,73.0
26,2012,0,29,0.16,0.18,0.0,0.03,71.0,22.0,7.5,24.0,8,73.0
7,2003,10,12,0.0,0.0,0.1,0.0,71.0,22.0,7.5,24.0,8,73.0
28,2005,0,23,0.1,0.03,0.0,0.0,68.0,50.0,7.5,68.0,7,71.5
4,2009,3,8,0.59,0.2,0.0,0.08,58.0,7.0,7.5,24.0,1,66.5
16,2009,6,10,0.69,1.4,0.04,0.52,84.0,55.0,6.9,113.0,1,76.5
16,2008,8,26,0.66,0.44,0.04,0.21,81.0,32.0,7.9,93.0,5,80.0
6,2002,9,10,0.05,0.02,0.0,0.0,66.0,6.0,7.5,24.0,1,70.5
21,1994,3,20,0.0,0.0,0.04,0.0,71.0,22.0,7.5,24.0,8,73.0
15,2006,10,24,0.06,0.05,0.0,0.02,71.0,22.0,7.5,24.0,8,73.0
2,2015,0,17,0.02,0.11,0.19,0.01,71.0,22.0,7.5,24.0,8,73.0
14,2001,6,26,0.03,0.02,0.0,0.0,71.0,22.0,7.5,24.0,8,73.0
15,2008,1,19,0.04,0.03,0.0,0.01,71.0,22.0,7.5,24.0,2,73.0
12,2009,6,10,0.0,0.08,0.0,0.01,87.0,26.0,7.5,435.0,2,81.0
25,2007,10,10,0.29,0.01,0.0,0.03,74.0,52.0,8.1,60.0,1,77.5
6,2004,3,23,1.25,0.46,0.0,0.03,71.0,22.0,7.5,24.0,8,73.0
14,1999,0,19,0.03,0.02,0.0,0.0,71.0,22.0,7.5,24.0,8,73.0
9,1998,6,15,0.35,0.06,0.0,0.0,71.0,22.0,7.5,24.0,8,73.0
12,2014,1,19,0.0,0.05,0.0,0.0,71.0,22.0,7.5,24.0,8,73.0
4,2009,0,19,0.0,0.0,0.03,0.0,71.0,22.0,7.5,24.0,8,73.0
12,2003,8,19,0.0,0.02,0.0,0.0,74.0,22.0,8.7,76.0,7,80.5
16,2008,3,2,0.73,0.15,0.0,0.11,70.0,39.0,5.0,26.0,7,60.0
14,1995,8,19,0.02,0.02,0.0,0.0,71.0,22.0,7.5,24.0,8,73.0
15,2005,3,21,0.0,1.18,0.0,0.43,71.0,22.0,7.5,24.0,8,73.0
4,2010,0,16,0.0,0.0,0.11,0.0,71.0,22.0,7.5,24.0,8,73.0
6,2002,11,19,0.01,0.01,0.0,0.0,70.0,6.0,7.5,24.0,1,72.5
15,2006,6,21,0.0,0.0,0.04,0.0,71.0,22.0,7.5,24.0,8,73.0
15,2009,3,8,0.1,0.02,0.0,0.22,71.0,22.0,7.5,24.0,8,73.0
18,2009,3,19,0.09,0.0,0.0,0.01,77.0,5.0,6.5,13.0,7,71.0
17,2014,0,26,1.4,1.9,0.11,0.64,80.0,80.0,6.3,2996.0,5,71.5
20,1994,2,20,0.0,0.0,0.12,0.0,71.0,22.0,7.5,24.0,8,73.0
4,2009,10,20,0.0,0.0,0.11,0.0,71.0,22.0,7.5,24.0,8,73.0
16,2014,7,18,0.02,0.02,0.11,0.01,90.0,4.0,7.8,71.0,7,84.0
27,2009,8,19,0.06,0.01,0.0,0.01,35.0,23.0,5.3,10.0,5,44.0
28,2004,10,10,0.64,0.18,0.0,0.03,88.0,26.0,8.9,14.0,1,88.5
18,2007,11,19,0.09,0.0,0.0,0.01,72.0,7.0,0.6,24.0,2,39.0
2,2014,3,17,0.18,0.12,0.16,0.03,76.0,22.0,7.7,19.0,1,76.5
25,2010,3,27,0.0,0.01,0.0,0.0,71.0,22.0,7.5,24.0,8,73.0
4,2009,5,19,0.21,0.27,0.0,0.05,56.0,9.0,7.5,24.0,1,65.5
7,2005,11,16,0.0,0.0,0.07,0.0,71.0,22.0,7.5,24.0,8,73.0
12,2006,6,5,0.0,0.02,0.0,0.0,84.0,16.0,7.8,53.0,2,81.0
18,2009,6,10,0.16,0.37,0.01,0.21,69.0,11.0,6.5,31.0,1,67.0
2,2011,0,16,0.0,0.0,0.02,0.0,71.0,22.0,7.5,24.0,8,73.0
28,2005,0,25,0.04,0.01,0.0,0.0,66.0,22.0,8.0,4.0,7,73.0
25,2007,0,26,0.3,0.03,0.0,0.03,60.0,17.0,5.9,11.0,2,59.5
25,2009,10,10,0.62,0.04,0.0,0.06,77.0,23.0,7.2,24.0,1,74.5
12,2003,7,19,0.01,0.1,0.0,0.02,93.0,33.0,9.0,1497.0,7,91.5
17,2013,8,21,0.89,1.33,0.08,0.39,73.0,88.0,6.8,2102.0,5,70.5
15,2006,9,12,0.0,0.0,0.02,0.0,71.0,22.0,7.5,24.0,8,73.0
25,2008,9,10,0.33,0.03,0.0,0.03,71.0,22.0,7.5,24.0,1,73.0
4,2009,0,29,0.6,0.16,0.0,0.07,71.0,22.0,7.5,24.0,8,73.0
4,2009,0,8,0.26,0.21,0.0,0.05,71.0,22.0,9.0,5.0,2,80.5
15,2008,3,8,0.09,0.02,0.0,0.34,71.0,22.0,7.5,24.0,8,73.0
15,2002,6,3,0.03,0.02,0.0,0.01,82.0,10.0,7.4,14.0,1,78.0
2,2013,0,16,0.0,0.0,0.04,0.0,71.0,22.0,7.5,24.0,8,73.0
4,2010,0,29,0.09,0.02,0.0,0.01,71.0,22.0,7.5,24.0,2,73.0
0,1982,8,3,0.72,0.05,0.0,0.01,71.0,22.0,7.5,24.0,8,73.0
15,2006,0,24,1.56,1.4,0.07,0.5,78.0,49.0,7.8,112.0,5,78.0
18,2012,1,16,0.0,0.0,0.23,0.0,71.0,22.0,7.5,24.0,8,73.0
18,2008,0,19,0.4,0.48,0.0,0.29,76.0,8.0,7.6,11.0,2,76.0
25,2009,0,29,0.84,0.04,0.0,0.07,71.0,22.0,7.5,24.0,8,73.0
4,2008,7,17,0.29,0.02,0.27,0.03,81.0,42.0,7.0,106.0,2,75.5
25,2009,0,3,0.59,0.2,0.0,0.07,76.0,29.0,8.5,28.0,2,80.5
15,2008,0,2,0.1,0.08,0.0,0.03,69.0,4.0,4.1,16.0,2,55.0
25,2008,10,10,0.18,0.22,0.0,0.05,50.0,12.0,4.6,18.0,1,48.0
28,2006,10,15,0.09,0.03,0.0,0.0,70.0,23.0,7.5,24.0,1,72.5
17,2013,10,24,0.89,0.31,0.01,0.23,85.0,20.0,6.5,368.0,1,75.0
18,2007,5,15,0.02,0.0,0.0,0.0,71.0,22.0,7.5,24.0,8,73.0
6,2006,0,19,0.01,0.0,0.0,0.0,71.0,22.0,7.5,24.0,8,73.0
27,2007,9,12,0.46,0.0,0.0,0.04,65.0,10.0,7.4,5.0,2,69.5
27,2008,3,12,0.25,0.0,0.0,0.02,38.0,28.0,5.1,17.0,7,44.5
12,2014,6,26,0.0,0.03,0.0,0.0,80.0,12.0,6.8,97.0,2,74.0
15,2006,11,20,0.0,0.0,0.03,0.0,71.0,22.0,7.5,24.0,8,73.0
15,2008,2,23,0.69,0.0,0.0,0.55,78.0,9.0,6.9,34.0,7,73.5
4,2005,10,13,0.04,0.0,0.0,0.0,35.0,6.0,7.5,24.0,1,55.0
19,2015,0,19,0.0,0.0,0.02,0.0,71.0,22.0,7.5,24.0,8,73.0
14,1996,3,19,0.52,0.36,0.0,0.06,71.0,22.0,7.5,24.0,8,73.0
25,2010,5,23,0.6,0.19,0.0,0.07,71.0,7.0,7.5,24.0,1,73.0
2,2011,9,17,1.44,1.41,0.73,0.27,71.0,22.0,7.5,24.0,8,73.0
7,2004,7,4,0.1,0.02,0.0,0.0,67.0,21.0,7.3,12.0,1,70.0
14,1999,7,21,0.0,0.0,0.08,0.01,71.0,22.0,7.5,24.0,8,73.0
4,2009,1,26,0.16,0.15,0.0,0.04,71.0,22.0,7.5,24.0,8,73.0
12,2008,8,26,0.0,0.02,0.0,0.0,79.0,22.0,7.9,130.0,5,79.0
22,1994,7,19,0.0,0.0,0.37,0.0,71.0,22.0,7.5,24.0,8,73.0
27,2011,6,8,0.28,0.15,0.0,0.05,71.0,22.0,7.5,24.0,8,73.0
15,2008,0,4,0.07,0.05,0.0,0.02,71.0,22.0,7.5,24.0,5,73.0
14,1998,7,21,0.37,0.25,0.0,0.04,71.0,22.0,7.5,24.0,8,73.0
6,2003,3,4,0.08,0.03,0.0,0.0,54.0,25.0,8.3,8.0,1,68.5
18,2011,2,12,0.0,0.0,0.08,0.0,71.0,22.0,7.5,24.0,8,73.0
27,2009,0,2,0.12,0.03,0.0,0.01,63.0,31.0,6.6,7.0,2,64.5
19,2016,7,22,0.0,0.0,0.05,0.0,71.0,22.0,7.5,24.0,8,73.0
4,2007,9,23,0.13,0.0,0.0,0.01,71.0,22.0,7.5,24.0,8,73.0
18,2012,1,19,0.0,0.0,0.04,0.0,71.0,22.0,7.5,24.0,8,73.0
28,2004,8,9,0.26,0.07,0.0,0.01,78.0,44.0,8.8,15.0,5,83.0
2,2013,4,20,0.24,0.14,0.07,0.03,59.0,34.0,6.5,144.0,2,62.0
16,2009,10,10,0.31,0.0,0.0,0.03,75.0,17.0,7.8,6.0,1,76.5
6,2006,1,8,0.33,0.12,0.0,0.01,70.0,8.0,5.6,5.0,2,63.0
15,2005,0,28,0.85,0.76,0.0,0.16,47.0,21.0,6.6,129.0,5,56.5
25,2009,1,7,0.09,0.1,0.0,0.02,67.0,51.0,7.6,33.0,5,71.5
16,2010,11,25,0.0,0.0,0.13,0.0,71.0,22.0,7.5,24.0,8,73.0
27,2007,8,10,1.09,0.53,0.02,0.17,96.0,54.0,8.9,797.0,5,92.5
4,2010,0,29,0.11,0.01,0.0,0.01,33.0,5.0,7.5,24.0,2,54.0
28,2004,2,9,0.09,0.03,0.0,0.0,43.0,17.0,7.5,24.0,5,59.0
12,2007,8,15,0.0,0.05,0.0,0.01,83.0,41.0,8.0,523.0,5,81.5
12,2003,8,14,0.02,0.02,0.0,0.0,83.0,40.0,7.4,396.0,5,78.5
25,2007,4,19,0.02,0.0,0.0,0.0,71.0,22.0,7.5,24.0,1,73.0
27,2010,8,2,0.05,0.0,0.0,0.0,71.0,22.0,7.5,24.0,5,73.0
2,2014,3,16,0.0,0.0,0.12,0.0,71.0,22.0,7.5,24.0,8,73.0
25,2011,7,19,0.0,0.0,0.02,0.0,71.0,22.0,7.5,24.0,8,73.0
7,2002,4,23,0.29,0.07,0.0,0.01,39.0,7.0,4.7,14.0,1,43.0
14,1999,11,19,0.01,0.0,0.0,0.0,71.0,22.0,7.5,24.0,8,73.0
4,2009,10,2,0.12,0.0,0.0,0.01,71.0,22.0,7.5,24.0,1,73.0
4,2005,7,19,0.05,0.0,0.04,0.0,58.0,15.0,7.3,12.0,7,65.5
9,2000,4,2,0.16,0.04,0.0,0.0,71.0,22.0,7.5,24.0,8,73.0
27,2009,3,14,0.0,0.04,0.0,0.01,71.0,22.0,7.5,24.0,8,73.0
17,2015,10,24,0.41,0.6,0.0,0.2,73.0,47.0,7.4,237.0,7,73.5
7,2001,5,3,0.95,0.37,0.1,0.04,87.0,28.0,7.9,46.0,1,83.0
29,2014,0,25,0.04,0.02,0.0,0.01,58.0,10.0,6.8,15.0,7,63.0
27,2013,2,29,0.97,0.3,0.0,0.11,81.0,63.0,7.9,362.0,7,80.0
12,2001,7,28,1.03,0.02,0.0,0.0,87.0,21.0,9.1,639.0,5,89.0
15,2005,4,15,0.34,0.01,0.0,0.06,50.0,5.0,7.6,16.0,1,63.0
26,2013,8,0,0.0,0.02,0.0,0.0,58.0,5.0,5.8,30.0,5,58.0
11,1995,2,19,0.0,0.0,0.08,0.0,71.0,22.0,7.5,24.0,8,73.0
18,2012,0,19,0.0,0.0,0.11,0.0,71.0,22.0,7.5,24.0,8,73.0
15,2004,6,23,0.94,0.73,0.0,0.25,80.0,18.0,9.2,46.0,1,86.0
25,2011,0,12,0.08,0.08,0.03,0.02,79.0,9.0,7.0,12.0,1,74.5
17,2016,6,5,0.03,0.29,0.01,0.05,71.0,22.0,7.5,24.0,8,73.0
4,2009,5,19,0.06,0.0,0.0,0.0,54.0,6.0,7.5,24.0,2,64.5
28,2001,8,12,0.14,0.04,0.0,0.01,61.0,21.0,7.1,7.0,1,66.0
15,2006,0,0,0.0,0.0,0.06,0.0,71.0,22.0,7.5,24.0,8,73.0
28,2003,0,10,0.13,0.04,0.0,0.01,57.0,27.0,9.2,5.0,5,74.5
19,2016,1,19,0.0,0.0,0.02,0.0,71.0,22.0,7.5,24.0,8,73.0
2,2014,7,19,0.0,0.0,0.1,0.0,71.0,22.0,7.5,24.0,8,73.0
16,2010,7,19,0.06,0.03,0.03,0.01,55.0,34.0,6.2,33.0,7,58.5
14,2002,10,12,0.0,0.0,0.08,0.01,71.0,22.0,7.5,24.0,8,73.0
16,2011,0,10,0.4,0.26,0.05,0.11,82.0,52.0,4.3,1197.0,5,62.5
12,2016,0,24,0.08,0.1,0.0,0.02,63.0,29.0,3.2,881.0,5,47.5
20,1996,10,20,0.0,0.0,0.11,0.0,71.0,22.0,7.5,24.0,8,73.0
20,1997,5,20,0.0,0.0,0.12,0.0,71.0,22.0,7.5,24.0,8,73.0
26,2015,3,19,0.0,0.0,0.03,0.0,71.0,22.0,7.5,24.0,8,73.0
27,2010,0,24,0.57,0.38,0.02,0.1,71.0,22.0,7.6,18.0,5,73.5
14,1996,3,19,0.0,0.0,0.04,0.0,71.0,22.0,7.5,24.0,8,73.0
3,2000,1,19,0.0,0.0,0.08,0.0,71.0,22.0,7.5,24.0,8,73.0
15,2009,3,19,0.02,0.01,0.0,0.0,71.0,22.0,7.5,24.0,8,73.0
28,2002,8,3,0.59,0.12,0.0,0.03,83.0,29.0,8.2,24.0,5,82.5
15,2006,0,4,1.06,0.82,0.05,0.28,71.0,22.0,7.5,24.0,8,73.0
2,2012,9,12,0.0,0.0,0.21,0.0,71.0,22.0,7.5,24.0,8,73.0
28,2002,8,19,0.13,0.04,0.0,0.01,73.0,28.0,7.3,10.0,7,73.0
6,2005,7,17,0.81,0.3,0.0,0.02,71.0,22.0,7.5,24.0,8,73.0
27,2009,9,0,0.23,0.23,0.0,0.05,80.0,43.0,8.4,18.0,7,82.0
16,2014,10,16,0.0,0.0,0.03,0.0,71.0,22.0,7.5,24.0,8,73.0
9,1996,0,2,0.21,0.05,0.0,0.0,71.0,22.0,7.5,24.0,8,73.0
12,2011,5,19,0.0,0.07,0.0,0.02,71.0,22.0,7.5,24.0,1,73.0
4,2009,9,7,0.08,0.0,0.0,0.01,71.0,22.0,7.5,24.0,1,73.0
4,2009,0,8,1.32,0.37,0.0,0.15,80.0,4.0,4.5,8.0,1,62.5
27,2009,7,2,0.68,0.15,0.0,0.08,73.0,75.0,7.3,82.0,7,73.0
15,2005,0,26,0.71,1.02,0.0,0.31,82.0,41.0,8.2,68.0,7,82.0
28,2004,0,10,0.04,0.01,0.0,0.0,45.0,33.0,4.6,5.0,7,45.5
15,2001,1,12,0.09,0.07,0.03,0.02,78.0,18.0,8.2,19.0,7,80.0
29,2013,2,14,0.04,0.03,0.0,0.01,71.0,22.0,7.5,24.0,8,73.0
9,2000,7,17,0.58,0.18,0.59,0.02,71.0,22.0,7.5,24.0,8,73.0
27,2008,8,23,0.34,0.15,0.01,0.05,75.0,55.0,7.8,77.0,7,76.5
15,2001,3,19,0.0,0.0,0.14,0.0,71.0,22.0,7.5,24.0,8,73.0
25,2011,0,10,0.17,0.13,0.0,0.03,47.0,6.0,6.6,5.0,7,56.5
15,2005,0,2,0.09,0.07,0.0,0.02,68.0,13.0,8.1,15.0,2,74.5
19,2016,0,16,0.0,0.0,0.04,0.0,71.0,22.0,7.5,24.0,8,73.0
25,2011,7,17,0.11,0.1,0.08,0.02,73.0,48.0,8.0,99.0,7,76.5
12,2010,8,19,0.0,0.04,0.0,0.01,76.0,36.0,7.7,326.0,5,76.5
28,2002,4,10,0.14,0.04,0.0,0.01,68.0,13.0,8.5,11.0,1,76.5
4,2011,0,19,0.61,0.38,0.0,0.1,66.0,8.0,7.5,24.0,1,70.5
25,2010,6,19,0.04,0.0,0.0,0.0,71.0,22.0,7.5,24.0,1,73.0
15,2008,3,8,0.08,0.06,0.0,0.02,71.0,22.0,7.5,24.0,8,73.0
14,1997,5,4,0.04,0.03,0.0,0.0,71.0,22.0,7.5,24.0,8,73.0
6,2002,10,26,0.03,0.01,0.0,0.0,44.0,8.0,7.5,24.0,1,59.5
9,2000,4,26,0.16,0.04,0.0,0.0,71.0,22.0,7.5,24.0,8,73.0
14,2000,10,25,0.0,0.0,0.11,0.01,71.0,22.0,7.5,24.0,8,73.0
27,2009,2,23,1.48,0.39,0.0,0.19,83.0,68.0,7.9,51.0,7,81.0
0,1982,6,19,0.37,0.02,0.0,0.0,71.0,22.0,7.5,24.0,8,73.0
15,2001,9,12,0.0,0.0,0.03,0.0,71.0,22.0,7.5,24.0,8,73.0
18,2006,3,19,0.0,0.0,0.06,0.0,71.0,22.0,7.5,24.0,8,73.0
7,2003,8,28,0.08,0.02,0.0,0.0,83.0,30.0,9.3,19.0,7,88.0
4,2007,1,19,0.0,0.0,0.02,0.0,71.0,22.0,7.5,24.0,8,73.0
19,2016,0,11,0.0,0.0,0.01,0.0,71.0,22.0,7.5,24.0,8,73.0
4,2012,0,16,0.0,0.0,0.1,0.0,71.0,22.0,7.5,24.0,8,73.0
4,2009,3,26,0.13,0.0,0.0,0.01,71.0,22.0,7.5,24.0,1,73.0
27,2009,10,5,0.0,0.19,0.0,0.01,71.0,22.0,7.5,24.0,8,73.0
16,2010,0,2,0.12,0.03,0.0,0.02,51.0,18.0,7.0,6.0,2,60.5
15,2005,10,24,0.21,0.16,0.0,0.05,81.0,28.0,5.8,18.0,2,69.5
4,2004,6,17,0.21,0.14,0.38,0.04,46.0,28.0,5.9,34.0,1,52.5
6,2006,7,17,0.0,0.0,0.03,0.0,71.0,22.0,7.5,24.0,8,73.0
12,2005,7,14,0.0,0.02,0.0,0.0,80.0,51.0,7.9,159.0,5,79.5
12,2014,8,20,0.0,0.14,0.0,0.01,81.0,41.0,8.4,1588.0,5,82.5
2,2015,3,22,0.0,0.0,0.15,0.0,71.0,22.0,7.5,24.0,8,73.0
16,2010,10,24,0.17,0.0,0.0,0.01,74.0,19.0,5.3,4.0,1,63.5
27,2007,8,24,0.36,0.04,0.01,0.03,82.0,63.0,8.1,196.0,5,81.5
28,2004,0,19,0.02,0.01,0.0,0.0,67.0,40.0,7.0,10.0,7,68.5
8,1992,4,20,4.47,1.2,0.16,0.19,71.0,22.0,7.5,24.0,8,73.0
15,2004,6,2,0.13,0.1,0.0,0.03,77.0,30.0,8.1,9.0,1,79.0
26,2012,0,26,0.52,0.36,0.05,0.08,77.0,70.0,7.7,758.0,5,77.0
17,2016,8,18,0.02,0.0,0.0,0.0,55.0,19.0,4.7,34.0,2,51.0
15,2009,10,12,0.1,0.18,0.12,1.16,71.0,22.0,8.1,15.0,1,76.0
15,2008,1,25,0.0,0.0,0.07,0.0,71.0,22.0,7.5,24.0,8,73.0
14,1996,10,10,0.55,0.38,0.0,0.07,71.0,22.0,7.5,24.0,8,73.0
14,2000,3,19,0.0,0.0,0.49,0.03,71.0,22.0,7.5,24.0,8,73.0
14,1998,11,19,0.05,0.03,0.0,0.01,71.0,22.0,7.5,24.0,8,73.0
15,2002,5,4,0.03,0.02,0.0,0.01,72.0,24.0,7.2,6.0,1,72.0
16,2010,7,25,0.22,0.09,0.07,0.04,45.0,31.0,7.0,148.0,7,57.5
25,2008,0,24,0.52,0.02,0.0,0.04,71.0,22.0,7.5,24.0,8,73.0
9,2000,8,1,0.12,0.05,0.0,0.0,71.0,22.0,7.5,24.0,8,73.0
19,2016,1,11,0.0,0.0,0.03,0.0,71.0,22.0,7.5,24.0,8,73.0
15,2003,0,16,0.0,0.0,0.22,0.0,71.0,22.0,7.5,24.0,8,73.0
4,2004,9,10,0.4,0.01,0.02,0.0,71.0,22.0,7.5,24.0,8,73.0
27,2011,3,26,0.09,0.0,0.0,0.01,71.0,22.0,7.5,24.0,8,73.0
6,2002,10,2,0.09,0.03,0.0,0.0,72.0,4.0,7.5,24.0,1,73.5
10,1986,0,4,0.71,0.16,0.25,0.03,71.0,22.0,7.5,24.0,8,73.0
15,2001,10,15,0.28,0.22,0.0,0.07,78.0,18.0,7.6,8.0,1,77.0
18,2006,4,21,2.45,1.01,0.0,0.75,85.0,59.0,8.7,109.0,2,86.0
22,1993,10,19,0.0,0.0,0.05,0.0,71.0,22.0,7.5,24.0,8,73.0
15,2011,10,24,0.02,0.02,0.0,0.01,71.0,22.0,7.5,24.0,1,73.0
4,2006,0,23,0.12,0.03,0.0,0.01,66.0,5.0,7.5,24.0,1,70.5
6,2002,6,23,0.04,0.01,0.0,0.0,67.0,11.0,7.5,24.0,1,71.0
4,2010,3,19,0.03,0.01,0.0,0.0,71.0,22.0,7.5,24.0,1,73.0
14,1997,9,25,0.12,0.08,0.74,0.07,86.0,5.0,8.3,10.0,8,84.5
4,2006,11,25,0.0,0.0,0.01,0.0,71.0,22.0,7.5,24.0,8,73.0
27,2011,6,19,0.0,0.05,0.0,0.01,71.0,22.0,7.5,24.0,8,73.0
14,1997,7,21,0.08,0.05,0.0,0.01,71.0,22.0,7.5,24.0,8,73.0
4,2010,9,19,0.0,0.0,0.01,0.0,71.0,22.0,7.5,24.0,8,73.0
6,2005,4,3,0.02,0.01,0.0,0.0,71.0,22.0,7.5,24.0,8,73.0
15,2005,10,10,0.25,0.2,0.0,0.07,80.0,41.0,7.9,26.0,1,79.5
26,2015,3,17,0.0,0.0,0.01,0.0,82.0,9.0,8.3,20.0,1,82.5
9,1999,6,19,0.03,0.01,0.0,0.0,71.0,22.0,7.5,24.0,8,73.0
4,2007,10,3,0.02,0.0,0.0,0.0,71.0,22.0,7.5,24.0,8,73.0
25,2007,9,16,0.0,0.0,0.11,0.0,71.0,22.0,7.5,24.0,8,73.0
4,2008,10,19,0.02,0.0,0.0,0.0,71.0,22.0,7.5,24.0,1,73.0
29,2014,0,8,0.25,0.15,0.0,0.04,71.0,22.0,7.5,24.0,8,73.0
19,2016,0,29,0.01,0.06,0.01,0.02,71.0,22.0,7.1,13.0,2,71.0
9,2000,11,17,1.02,0.36,1.13,0.23,71.0,22.0,7.5,24.0,8,73.0
25,2009,8,17,0.42,0.05,0.0,0.14,91.0,48.0,9.3,316.0,7,92.0
6,2001,8,2,0.1,0.04,0.0,0.0,81.0,24.0,8.5,15.0,7,83.0
18,2009,10,20,0.0,0.0,0.16,0.0,71.0,22.0,7.5,24.0,8,73.0
6,2003,3,19,0.05,0.02,0.0,0.0,71.0,22.0,7.5,24.0,8,73.0
7,2006,6,2,0.1,0.03,0.0,0.0,71.0,22.0,3.1,7.0,1,51.0
4,2012,0,16,0.0,0.0,0.04,0.0,71.0,22.0,7.5,24.0,8,73.0
18,2007,1,16,0.0,0.0,0.15,0.0,71.0,22.0,7.5,24.0,8,73.0
4,2009,9,26,0.06,0.0,0.0,0.0,71.0,22.0,7.5,24.0,1,73.0
28,2005,8,26,0.07,0.02,0.0,0.0,77.0,25.0,8.5,11.0,5,81.0
6,2002,4,23,0.14,0.05,0.0,0.0,71.0,22.0,7.5,24.0,8,73.0
16,2009,4,21,1.05,0.53,0.03,0.26,71.0,22.0,7.5,24.0,8,73.0
25,2010,5,19,0.02,0.0,0.0,0.0,71.0,22.0,7.5,24.0,1,73.0
4,2008,11,25,0.07,0.0,0.0,0.01,78.0,15.0,8.6,18.0,2,82.0
16,2009,8,28,0.12,0.09,0.0,0.04,80.0,45.0,7.7,40.0,5,78.5
15,2007,7,25,0.0,0.0,0.06,0.0,71.0,22.0,7.5,24.0,8,73.0
16,2010,10,5,0.0,0.15,0.0,0.04,71.0,22.0,7.5,24.0,8,73.0
14,2000,0,19,0.09,0.06,0.0,0.01,35.0,4.0,1.2,6.0,7,23.5
3,2000,10,12,0.0,0.0,0.06,0.0,71.0,22.0,7.5,24.0,8,73.0
7,2005,0,10,0.17,0.04,0.0,0.01,70.0,20.0,8.5,13.0,7,77.5
4,2007,3,26,0.41,0.0,0.0,0.03,71.0,22.0,6.8,6.0,1,69.5
4,2010,7,17,0.31,0.0,0.34,0.02,68.0,8.0,7.1,11.0,1,69.5
2,2015,0,26,0.03,0.0,0.0,0.0,46.0,4.0,5.8,10.0,1,52.0
16,2011,7,19,2.55,2.6,0.25,1.0,92.0,16.0,6.4,2527.0,5,78.0
12,2006,9,26,0.0,0.04,0.0,0.01,86.0,9.0,8.8,115.0,7,87.0
15,2000,5,19,0.09,0.07,0.0,0.02,71.0,22.0,7.5,24.0,8,73.0
7,2005,4,19,0.02,0.01,0.0,0.0,65.0,14.0,7.5,24.0,1,70.0
12,2011,8,19,0.33,0.32,0.0,0.1,95.0,52.0,8.8,5999.0,2,91.5
15,2006,7,19,0.11,0.08,0.0,0.03,60.0,7.0,7.9,9.0,7,69.5
16,2010,3,21,0.07,0.41,0.0,0.13,71.0,22.0,7.5,24.0,8,73.0
25,2008,5,30,0.12,0.0,0.0,0.01,71.0,22.0,7.5,24.0,2,73.0
14,1998,2,4,0.11,0.07,0.0,0.01,71.0,22.0,7.5,24.0,8,73.0
4,2009,5,19,0.3,0.01,0.0,0.02,80.0,5.0,7.5,24.0,1,77.5
27,2006,7,2,2.29,0.02,0.0,0.19,82.0,68.0,7.5,120.0,7,78.5
6,2003,6,19,0.01,0.0,0.0,0.0,81.0,9.0,9.5,4.0,1,88.0
4,2009,0,24,0.58,0.56,0.05,0.14,93.0,85.0,8.3,280.0,5,88.0
15,2003,1,21,0.21,0.16,0.0,0.05,64.0,19.0,3.1,157.0,7,47.5
14,1998,10,19,0.36,0.25,0.0,0.04,71.0,22.0,7.5,24.0,8,73.0
28,2003,10,1,0.1,0.03,0.0,0.0,68.0,17.0,9.1,7.0,1,79.5
25,2009,8,20,0.44,0.3,0.02,0.09,78.0,65.0,8.7,95.0,5,82.5
25,2009,7,19,0.16,0.12,0.06,0.03,67.0,41.0,8.3,63.0,7,75.0
26,2013,0,8,0.33,0.22,0.0,0.05,71.0,10.0,7.6,58.0,2,73.5
15,2007,6,2,0.12,0.09,0.0,0.03,71.0,22.0,5.9,7.0,1,65.0
27,2009,2,16,0.71,0.41,0.05,0.12,80.0,59.0,7.0,132.0,7,75.0
12,2009,6,5,0.0,0.04,0.0,0.01,89.0,22.0,8.2,352.0,7,85.5
15,2002,8,10,0.07,0.05,0.0,0.02,67.0,23.0,8.0,16.0,7,73.5
25,2008,10,26,1.1,0.03,0.06,0.09,71.0,22.0,8.4,13.0,1,77.5
18,2009,1,19,0.0,0.0,0.02,0.0,71.0,22.0,7.5,24.0,8,73.0
17,2016,0,25,0.0,0.0,0.08,0.0,71.0,22.0,7.5,24.0,8,73.0
19,2012,0,21,0.21,0.14,0.01,0.09,75.0,15.0,7.5,221.0,7,75.0
25,2008,1,23,0.17,0.01,0.0,0.01,71.0,22.0,7.5,24.0,8,73.0
14,1997,6,21,0.08,0.06,0.0,0.01,71.0,22.0,7.5,24.0,8,73.0
14,2001,10,21,0.24,0.16,0.0,0.03,76.0,5.0,8.1,8.0,1,78.5
16,2013,7,18,0.0,0.0,0.06,0.0,74.0,27.0,7.8,66.0,7,76.0
5,1990,6,17,1.73,0.69,0.59,0.4,71.0,22.0,7.5,24.0,8,73.0
28,2005,0,19,0.04,0.01,0.0,0.0,60.0,31.0,7.1,17.0,5,65.5
25,2012,0,2,0.0,0.01,0.0,0.0,71.0,22.0,7.5,24.0,8,73.0
19,2011,0,26,0.13,0.06,0.0,0.03,49.0,33.0,4.8,28.0,2,48.5
9,1999,6,1,0.23,0.06,0.0,0.0,71.0,22.0,7.5,24.0,8,73.0
14,1995,5,1,0.04,0.02,0.0,0.0,71.0,22.0,7.5,24.0,8,73.0
4,2007,7,16,0.0,0.0,0.15,0.0,71.0,22.0,7.5,24.0,8,73.0
15,2002,8,16,0.0,0.0,0.39,0.0,71.0,22.0,7.5,24.0,8,73.0
12,2016,1,22,0.01,0.04,0.0,0.0,83.0,15.0,8.6,1620.0,5,84.5
6,2002,6,5,0.02,0.01,0.0,0.0,80.0,8.0,7.5,24.0,1,77.5
15,2007,7,16,0.0,0.0,0.08,0.0,71.0,22.0,7.5,24.0,8,73.0
27,2007,6,2,0.15,0.0,0.0,0.01,71.0,22.0,7.5,24.0,8,73.0
18,2010,1,21,0.0,0.0,0.04,0.0,71.0,22.0,7.5,24.0,8,73.0
4,2006,7,16,0.0,0.0,0.18,0.0,71.0,22.0,7.5,24.0,8,73.0
15,2006,8,2,0.01,0.0,0.0,0.0,70.0,8.0,9.2,32.0,2,81.0
4,2006,4,23,0.45,0.0,0.0,0.04,56.0,7.0,7.3,4.0,1,64.5
9,2000,11,19,0.06,0.01,0.0,0.0,71.0,22.0,7.5,24.0,8,73.0
4,2007,0,25,0.04,0.0,0.03,0.0,56.0,17.0,7.5,24.0,2,65.5
28,2006,6,19,0.01,0.0,0.0,0.0,35.0,4.0,7.5,24.0,2,55.0
4,2008,0,19,0.0,0.0,0.04,0.0,71.0,22.0,7.5,24.0,8,73.0
4,2006,7,17,0.0,0.01,0.24,0.0,71.0,22.0,7.5,24.0,8,73.0
16,2007,0,23,0.13,0.15,0.0,0.05,69.0,35.0,7.2,40.0,5,70.5
17,2016,7,19,0.01,0.0,0.0,0.0,61.0,9.0,7.9,14.0,7,70.0
15,2001,9,19,0.11,0.08,0.0,0.03,59.0,16.0,7.5,24.0,1,67.0
16,2012,0,23,0.35,0.35,0.01,0.14,84.0,39.0,7.1,422.0,5,77.5
15,2004,0,25,0.0,0.0,0.32,0.0,71.0,29.0,8.8,19.0,7,79.5
4,2008,3,8,0.5,0.52,0.0,0.13,71.0,22.0,7.5,24.0,8,73.0
15,2007,1,6,0.0,0.0,0.01,0.0,71.0,22.0,7.5,24.0,8,73.0
12,2008,8,26,0.0,0.02,0.0,0.0,78.0,20.0,7.3,185.0,5,75.5
6,2005,3,20,0.04,0.02,0.0,0.0,71.0,22.0,7.5,24.0,8,73.0
29,2016,1,19,0.01,0.0,0.0,0.0,66.0,7.0,7.5,8.0,8,70.5
5,1998,11,17,1.49,0.73,1.38,0.1,71.0,22.0,7.5,24.0,8,73.0
28,2003,0,25,0.12,0.03,0.0,0.01,75.0,18.0,8.8,18.0,7,81.5
18,2005,1,3,0.06,0.0,0.0,0.01,61.0,23.0,7.4,14.0,7,67.5
22,1994,0,17,0.57,0.12,0.71,0.02,71.0,22.0,7.5,24.0,8,73.0
25,2013,10,6,0.0,0.01,0.0,0.0,71.0,22.0,7.5,24.0,1,73.0
28,2007,0,2,0.13,0.04,0.0,0.01,63.0,32.0,7.6,8.0,7,69.5
2,2013,0,2,0.01,0.0,0.0,0.0,71.0,22.0,7.5,24.0,8,73.0
14,1998,11,19,0.0,0.0,0.06,0.0,71.0,22.0,7.5,24.0,8,73.0
25,2008,3,23,0.5,0.0,0.0,0.04,71.0,22.0,7.5,24.0,1,73.0
12,2002,9,10,2.03,1.56,0.0,0.17,79.0,21.0,8.0,29.0,7,79.5
19,2016,0,19,0.01,0.01,0.0,0.01,71.0,22.0,8.3,8.0,7,77.0
15,2002,10,10,0.32,0.25,0.0,0.08,74.0,13.0,8.0,27.0,1,77.0
22,1991,8,17,0.0,0.0,0.23,0.0,71.0,22.0,7.5,24.0,8,73.0
27,2012,2,4,0.31,0.1,0.03,0.04,83.0,45.0,4.4,177.0,7,63.5
15,2009,10,12,0.0,0.0,0.08,0.0,71.0,22.0,7.5,24.0,8,73.0
15,2002,6,10,0.05,0.04,0.02,0.01,81.0,11.0,6.4,10.0,1,72.5
16,2008,3,21,0.28,0.47,0.0,0.13,71.0,22.0,7.5,24.0,8,73.0
12,2012,0,22,0.03,0.17,0.0,0.04,79.0,26.0,7.0,1327.0,5,74.5
27,2014,6,5,0.08,0.13,0.0,0.02,64.0,14.0,4.1,20.0,1,52.5
4,2008,0,4,0.22,0.0,0.22,0.02,71.0,22.0,7.5,24.0,8,73.0
6,2003,11,12,0.4,0.15,0.0,0.01,71.0,22.0,7.5,24.0,8,73.0
19,2016,3,20,0.01,0.0,0.1,0.0,83.0,5.0,8.0,22.0,7,81.5
2,2011,6,5,0.07,0.08,0.0,0.02,59.0,15.0,6.8,13.0,1,63.5
14,2000,6,2,0.25,0.17,0.0,0.03,63.0,11.0,6.5,6.0,7,64.0
27,2011,3,19,0.0,0.02,0.0,0.0,71.0,22.0,7.5,24.0,8,73.0
14,2000,0,25,0.04,0.03,0.0,0.0,71.0,22.0,7.5,24.0,8,73.0
18,2010,3,19,0.0,0.0,0.06,0.0,71.0,22.0,7.5,24.0,8,73.0
15,2006,6,15,0.01,0.01,0.0,0.0,51.0,21.0,6.0,6.0,7,55.5
19,2014,0,19,0.0,0.0,0.04,0.0,71.0,22.0,7.5,24.0,8,73.0
16,2011,1,19,0.0,0.0,0.02,0.0,71.0,22.0,7.5,24.0,8,73.0
25,2008,9,19,0.25,0.0,0.0,0.02,41.0,7.0,5.4,18.0,7,47.5
15,2002,4,21,1.03,0.14,0.0,0.04,86.0,41.0,8.6,184.0,1,86.0
27,2011,1,26,0.1,0.02,0.0,0.01,35.0,11.0,4.7,7.0,7,41.0
27,2013,8,2,6.73,2.56,0.04,0.91,73.0,29.0,2.6,2117.0,5,49.5
12,2011,10,20,0.02,1.16,0.0,0.33,84.0,45.0,8.0,172.0,1,82.0
15,2003,0,4,0.15,0.12,0.0,0.04,65.0,34.0,8.2,58.0,7,73.5
25,2010,9,2,0.3,0.03,0.0,0.03,71.0,22.0,7.5,24.0,1,73.0
27,2010,2,23,0.44,0.35,0.0,0.08,75.0,49.0,7.6,45.0,7,75.5
12,2012,9,19,0.0,0.81,0.0,0.15,65.0,12.0,7.5,111.0,1,70.0
5,1989,3,17,0.0,0.0,1.28,0.0,71.0,22.0,7.5,24.0,8,73.0
27,2007,0,23,0.16,0.02,0.0,0.01,69.0,49.0,7.3,67.0,5,71.0
14,1996,2,21,2.26,1.89,1.36,0.23,89.0,8.0,8.9,102.0,7,89.0
27,2011,0,4,0.0,0.0,0.03,0.0,71.0,22.0,7.5,24.0,8,73.0
16,2010,8,10,1.33,1.1,0.08,0.44,88.0,59.0,8.5,572.0,5,86.5
25,2011,3,26,0.21,0.04,0.0,0.02,71.0,22.0,7.5,24.0,1,73.0
15,2004,0,19,0.03,0.02,0.0,0.01,53.0,8.0,7.5,24.0,1,64.0
6,2001,10,1,0.14,0.05,0.0,0.0,85.0,7.0,7.5,24.0,1,80.0
16,2011,8,26,0.09,0.1,0.0,0.04,81.0,21.0,7.8,25.0,2,79.5
28,2003,0,10,0.05,0.01,0.0,0.0,49.0,5.0,1.5,4.0,1,32.0
14,1998,7,19,0.25,0.17,0.65,0.07,81.0,12.0,8.5,17.0,1,83.0
18,2009,10,19,0.09,0.0,0.04,0.01,77.0,16.0,7.0,13.0,2,73.5
9,1997,0,19,0.15,0.04,0.0,0.0,71.0,22.0,7.5,24.0,8,73.0
28,2003,4,23,0.08,0.02,0.0,0.0,71.0,22.0,7.5,24.0,8,73.0
15,2007,3,20,0.0,0.0,0.02,0.0,71.0,22.0,7.5,24.0,8,73.0
4,2009,7,20,0.06,0.05,0.07,0.01,75.0,46.0,9.0,61.0,7,82.5
6,2006,4,2,0.19,0.07,0.0,0.0,49.0,11.0,7.5,24.0,1,62.0
4,2008,3,19,0.05,0.0,0.0,0.0,71.0,22.0,7.5,24.0,1,73.0
27,2009,0,19,0.18,0.17,0.0,0.04,43.0,37.0,6.3,19.0,7,53.0
16,2009,0,10,0.38,0.25,0.0,0.11,54.0,45.0,7.1,57.0,7,62.5
17,2016,8,2,0.05,0.15,0.0,0.04,71.0,22.0,8.1,9.0,7,76.0
2,2012,0,17,0.2,0.04,0.21,0.02,81.0,14.0,7.6,22.0,1,78.5
4,2009,10,19,0.06,0.0,0.0,0.0,71.0,22.0,7.5,24.0,1,73.0
18,2006,6,20,0.73,0.42,0.0,0.27,64.0,25.0,7.8,38.0,1,71.0
18,2012,0,11,0.0,0.0,0.02,0.0,71.0,22.0,7.5,24.0,8,73.0
6,2003,6,19,0.06,0.02,0.0,0.0,78.0,12.0,7.6,5.0,1,77.0
14,1998,10,19,0.0,0.0,0.15,0.01,71.0,22.0,7.5,24.0,8,73.0
16,2009,3,29,0.1,0.01,0.0,0.01,71.0,22.0,7.5,24.0,8,73.0
2,2013,0,19,0.0,0.02,0.0,0.0,71.0,22.0,7.5,24.0,1,73.0
4,2008,1,16,0.0,0.0,0.01,0.0,71.0,22.0,7.5,24.0,8,73.0
14,1995,1,1,0.0,0.0,0.1,0.01,71.0,22.0,7.5,24.0,8,73.0
12,2015,0,19,0.0,0.02,0.0,0.0,71.0,22.0,7.5,24.0,8,73.0
16,2007,0,23,0.09,0.32,0.0,0.1,55.0,8.0,4.8,4.0,1,51.5
4,2008,0,2,0.15,0.0,0.0,0.01,69.0,15.0,7.5,24.0,1,72.0
12,2009,11,23,0.0,0.45,0.0,0.02,85.0,67.0,8.1,1502.0,5,83.0
28,2005,3,19,0.04,0.01,0.0,0.0,74.0,16.0,7.5,24.0,7,74.5
25,2011,10,19,0.02,0.0,0.0,0.0,71.0,22.0,7.5,24.0,1,73.0
4,2008,3,5,0.04,0.03,0.0,0.01,71.0,22.0,7.5,24.0,1,73.0
15,2005,6,19,0.33,0.01,0.0,0.05,71.0,7.0,8.5,8.0,1,78.0
28,2001,0,2,0.52,0.16,0.0,0.02,58.0,28.0,5.9,14.0,7,58.5
19,2016,0,26,0.01,0.04,0.01,0.01,70.0,6.0,8.0,24.0,7,75.0
2,2012,7,17,0.5,0.32,0.49,0.08,71.0,22.0,7.5,24.0,8,73.0
18,2010,9,16,0.06,0.05,0.15,0.03,71.0,30.0,7.2,12.0,7,71.5
25,2011,7,17,0.3,0.13,0.18,0.04,80.0,61.0,8.4,179.0,7,82.0
28,2006,8,9,0.02,0.0,0.0,0.0,62.0,27.0,7.5,24.0,7,68.5
2,2015,3,19,0.0,0.0,0.04,0.0,71.0,22.0,7.5,24.0,8,73.0
4,2010,9,2,0.4,0.1,0.0,0.04,71.0,22.0,7.5,24.0,1,73.0
19,2013,10,25,0.0,0.0,0.02,0.0,71.0,22.0,7.5,24.0,8,73.0
2,2012,0,19,0.0,0.0,0.05,0.0,71.0,22.0,7.5,24.0,8,73.0
25,2009,6,19,0.0,0.01,0.0,0.0,71.0,22.0,7.5,24.0,8,73.0
0,1982,0,2,0.62,0.04,0.0,0.01,71.0,22.0,7.5,24.0,8,73.0
28,2005,8,2,0.48,0.17,0.0,0.02,78.0,54.0,8.9,89.0,7,83.5
14,1998,0,19,0.04,0.03,0.0,0.0,71.0,22.0,7.5,24.0,8,73.0
18,2010,0,25,0.0,0.0,0.11,0.0,71.0,22.0,7.5,24.0,8,73.0
27,2009,3,12,0.08,0.0,0.0,0.01,71.0,22.0,7.5,24.0,7,73.0
25,2010,10,6,0.14,0.0,0.0,0.01,71.0,22.0,7.5,24.0,2,73.0
15,2008,0,23,0.14,0.11,0.0,0.04,71.0,22.0,7.5,24.0,2,73.0
14,2000,8,19,0.01,0.01,0.0,0.0,71.0,22.0,7.5,24.0,8,73.0
15,2006,2,19,0.0,0.0,0.03,0.0,71.0,22.0,7.5,24.0,8,73.0
6,2003,8,10,0.11,0.04,0.0,0.0,80.0,19.0,7.2,12.0,7,76.0
25,2010,0,29,0.29,0.13,0.0,0.04,71.0,22.0,7.5,24.0,8,73.0
29,2016,0,2,0.04,0.0,0.0,0.01,71.0,22.0,7.5,24.0,8,73.0
14,1998,0,4,0.81,0.76,0.7,0.14,71.0,22.0,7.5,24.0,8,73.0
4,2008,1,16,0.0,0.0,0.01,0.0,71.0,22.0,7.5,24.0,8,73.0
4,2008,9,10,0.58,0.31,0.0,0.1,71.0,22.0,7.5,24.0,1,73.0
14,1998,3,12,0.0,0.0,0.06,0.0,71.0,22.0,7.5,24.0,8,73.0
29,2015,8,10,2.04,1.28,0.02,0.32,71.0,22.0,7.5,24.0,8,73.0
16,2012,6,5,0.02,0.12,0.0,0.03,75.0,27.0,6.3,43.0,2,69.0
10,1984,5,16,0.27,0.08,0.85,0.02,71.0,22.0,7.5,24.0,8,73.0
15,2008,2,4,0.0,0.0,0.05,0.0,71.0,22.0,7.5,24.0,8,73.0
15,2010,3,24,0.02,0.01,0.0,0.0,71.0,22.0,7.5,24.0,1,73.0
15,2003,10,10,0.11,0.08,0.0,0.03,61.0,13.0,6.8,65.0,1,64.5
14,1997,9,16,0.0,0.0,0.28,0.02,71.0,22.0,7.5,24.0,8,73.0
14,2000,10,12,0.12,0.08,0.0,0.01,71.0,22.0,7.5,24.0,8,73.0
28,2005,0,28,0.01,0.0,0.0,0.0,46.0,25.0,4.0,5.0,5,43.0
14,1996,0,19,0.09,0.06,0.0,0.01,71.0,22.0,7.5,24.0,8,73.0
18,2012,2,16,0.0,0.0,0.32,0.0,71.0,22.0,7.5,24.0,8,73.0
28,2005,10,30,0.08,0.02,0.0,0.0,71.0,22.0,7.5,24.0,7,73.0
15,2000,9,12,0.0,0.0,0.06,0.0,71.0,22.0,7.5,24.0,8,73.0
18,2007,11,3,0.09,0.0,0.0,0.01,71.0,22.0,7.5,24.0,8,73.0
7,2003,6,1,0.01,0.0,0.0,0.0,59.0,9.0,7.5,24.0,1,67.0
4,2007,3,17,4.4,1.85,1.98,0.68,72.0,27.0,7.8,85.0,1,75.0
15,2007,11,19,0.0,0.0,0.01,0.0,71.0,22.0,7.5,24.0,8,73.0
6,2002,2,1,0.05,0.02,0.0,0.0,24.0,11.0,3.7,10.0,1,30.5
25,2007,6,19,0.07,0.01,0.0,0.01,71.0,22.0,7.5,24.0,1,73.0
15,2001,8,19,0.04,0.03,0.0,0.01,39.0,4.0,5.8,4.0,7,48.5
4,2007,9,12,0.0,0.0,0.1,0.0,71.0,22.0,7.5,24.0,8,73.0
25,2010,8,19,0.07,0.06,0.0,0.02,71.0,22.0,7.5,24.0,7,73.0
4,2007,5,2,0.02,0.0,0.0,0.0,71.0,22.0,7.5,24.0,8,73.0
15,2002,0,25,0.13,0.1,0.74,0.03,72.0,16.0,9.3,54.0,7,82.5
18,2006,9,10,0.19,0.38,0.0,0.22,57.0,9.0,7.3,10.0,7,65.0
16,2014,10,10,1.08,0.11,0.0,0.27,71.0,22.0,2.7,13.0,1,49.0
18,2010,11,21,0.05,0.16,0.0,0.08,71.0,22.0,9.0,4.0,2,80.5
7,2002,0,3,0.16,0.04,0.0,0.01,33.0,6.0,7.5,18.0,1,54.0
27,2010,0,29,0.06,0.01,0.0,0.01,60.0,13.0,8.0,5.0,2,70.0
5,1996,9,16,0.0,0.0,1.44,0.01,71.0,22.0,7.5,24.0,8,73.0
7,2005,0,28,0.12,0.03,0.0,0.0,56.0,4.0,7.5,24.0,1,65.5
16,2010,1,19,0.0,0.0,0.02,0.0,71.0,22.0,7.5,24.0,8,73.0
7,2002,8,10,0.6,0.16,0.0,0.02,80.0,17.0,8.6,46.0,7,83.0
19,2015,0,19,0.0,0.0,0.05,0.0,71.0,22.0,7.5,24.0,8,73.0
16,2011,8,19,0.27,0.34,0.04,0.13,53.0,17.0,6.0,34.0,5,56.5
25,2009,10,30,0.07,0.0,0.0,0.01,28.0,5.0,7.5,24.0,7,51.5
7,2006,10,10,0.48,0.13,0.0,0.02,82.0,14.0,9.2,5.0,1,87.0
15,2009,3,6,0.0,0.0,0.06,0.0,71.0,22.0,7.5,24.0,8,73.0
0,1981,8,3,0.68,0.04,0.0,0.01,71.0,22.0,7.5,24.0,8,73.0
14,2001,7,19,0.0,0.0,0.37,0.03,71.0,22.0,7.5,24.0,8,73.0
22,1996,10,12,0.0,0.0,0.45,0.0,71.0,22.0,7.5,24.0,8,73.0
16,2009,6,19,0.0,0.01,0.0,0.0,71.0,22.0,7.5,24.0,8,73.0
27,2011,0,2,0.53,0.34,0.0,0.1,78.0,35.0,5.2,53.0,2,65.0
4,2005,3,20,0.69,0.0,0.0,0.06,71.0,22.0,7.5,24.0,8,73.0
4,2010,3,24,0.08,0.01,0.0,0.01,71.0,22.0,7.5,24.0,1,73.0
4,2007,1,19,0.0,0.0,0.05,0.0,71.0,22.0,7.5,24.0,8,73.0
15,2003,0,19,0.0,0.0,0.04,0.0,71.0,22.0,7.5,24.0,8,73.0
29,2013,0,14,0.83,0.43,0.0,0.13,60.0,77.0,6.1,1409.0,5,60.5
18,2013,1,19,0.0,0.0,0.01,0.0,71.0,22.0,7.5,24.0,8,73.0
28,2003,6,3,0.01,0.0,0.0,0.0,76.0,13.0,7.5,24.0,1,75.5
4,2012,1,19,0.0,0.02,0.0,0.0,71.0,22.0,7.5,24.0,8,73.0
28,2002,10,12,0.01,0.0,0.0,0.0,71.0,22.0,7.5,24.0,1,73.0
6,2004,3,3,0.16,0.06,0.0,0.0,66.0,10.0,7.5,24.0,1,70.5
2,2011,4,19,0.04,0.0,0.0,0.0,71.0,22.0,7.5,24.0,1,73.0
4,2009,9,19,0.0,0.04,0.0,0.01,71.0,22.0,7.5,24.0,8,73.0
4,2008,0,19,0.03,0.0,0.0,0.0,71.0,22.0,7.5,24.0,8,73.0
4,2007,9,26,0.39,0.91,0.0,0.17,71.0,22.0,7.5,24.0,1,73.0
4,2008,1,11,0.0,0.0,0.05,0.0,71.0,22.0,7.5,24.0,8,73.0
17,2014,6,21,0.36,1.38,0.02,0.31,71.0,85.0,6.1,1571.0,1,66.0
19,2013,4,19,0.01,0.01,0.0,0.01,71.0,22.0,8.2,6.0,2,76.5
16,2013,6,10,0.33,0.69,0.05,0.19,80.0,6.0,4.9,123.0,2,64.5
15,2007,1,19,0.0,0.0,0.02,0.0,71.0,22.0,7.5,24.0,8,73.0
7,2003,0,19,0.06,0.02,0.0,0.0,29.0,14.0,3.2,19.0,7,30.5
25,2012,10,24,0.36,0.03,0.0,0.03,71.0,22.0,7.5,10.0,1,73.0
15,2007,2,20,0.0,0.0,0.05,0.0,71.0,22.0,7.5,24.0,8,73.0
12,2007,11,19,0.0,0.01,0.0,0.0,66.0,13.0,6.2,21.0,7,64.0
9,2000,2,17,0.0,0.0,0.34,0.05,71.0,22.0,7.5,24.0,8,73.0
6,2002,4,4,0.22,0.08,0.24,0.01,82.0,17.0,8.9,31.0,1,85.5
4,2007,9,23,0.26,0.01,0.0,0.02,71.0,22.0,7.5,24.0,1,73.0
18,2009,6,23,0.18,0.03,0.0,0.03,71.0,22.0,7.5,24.0,1,73.0
4,2008,0,19,0.1,0.0,0.0,0.01,45.0,16.0,7.3,4.0,1,59.0
4,2009,5,19,0.0,0.14,0.0,0.01,71.0,22.0,7.5,24.0,8,73.0
27,2014,0,19,0.25,0.16,0.01,0.04,71.0,22.0,7.6,172.0,5,73.5
9,1999,3,16,1.24,0.17,0.03,0.01,71.0,22.0,7.5,24.0,8,73.0
15,2005,3,26,0.02,0.01,0.0,0.0,65.0,10.0,7.5,24.0,7,70.0
18,2004,3,21,0.0,0.0,0.13,0.0,71.0,22.0,7.5,24.0,8,73.0
14,1995,7,21,0.11,0.08,0.35,0.04,71.0,22.0,7.5,24.0,8,73.0
14,1996,1,19,0.07,0.05,0.38,0.03,71.0,22.0,7.5,24.0,8,73.0
15,2005,8,15,0.22,0.17,0.0,0.06,75.0,37.0,8.4,52.0,5,79.5
29,2014,1,19,0.03,0.04,0.0,0.01,71.0,22.0,7.5,24.0,8,73.0
27,2009,0,20,0.51,0.25,0.09,0.08,90.0,86.0,8.0,597.0,5,85.0
7,2002,8,10,0.11,0.03,0.0,0.0,77.0,16.0,8.7,7.0,5,82.0
15,2003,0,10,0.21,0.17,0.0,0.06,51.0,7.0,3.6,16.0,1,43.5
22,1995,3,19,0.0,0.0,0.28,0.0,71.0,22.0,7.5,24.0,8,73.0
12,2007,0,23,0.01,0.01,0.0,0.0,71.0,22.0,7.9,9.0,1,75.0
22,1993,7,19,0.25,0.07,1.49,0.02,71.0,22.0,7.5,24.0,8,73.0
8,1992,10,19,1.75,0.25,0.0,0.05,71.0,22.0,7.5,24.0,8,73.0
15,2008,10,10,0.16,0.0,0.0,0.21,71.0,22.0,4.3,11.0,1,57.0
12,2011,1,24,0.08,0.13,0.0,0.03,83.0,28.0,7.9,903.0,5,81.0
14,1996,2,1,0.03,0.02,0.0,0.0,71.0,22.0,7.5,24.0,8,73.0
18,2013,0,12,0.0,0.02,0.14,0.0,71.0,22.0,7.5,24.0,1,73.0
28,2003,6,28,0.24,0.07,0.0,0.01,70.0,14.0,8.9,16.0,1,79.5
15,2008,10,21,0.35,0.01,0.0,0.06,84.0,12.0,7.3,7.0,1,78.5
12,2016,4,10,0.01,0.05,0.0,0.0,74.0,24.0,4.4,606.0,7,59.0
15,2002,7,16,0.0,0.0,0.8,0.0,71.0,22.0,7.5,24.0,8,73.0
15,2007,1,19,0.0,0.0,0.01,0.0,71.0,22.0,7.5,24.0,8,73.0
14,2000,10,19,0.07,0.05,0.0,0.01,71.0,22.0,7.5,24.0,8,73.0
22,1993,6,17,0.0,0.0,0.35,0.0,71.0,22.0,7.5,24.0,8,73.0
3,2007,8,19,0.0,0.0,0.02,0.0,71.0,22.0,7.5,24.0,8,73.0
4,2010,1,16,0.0,0.02,0.0,0.0,71.0,22.0,7.5,24.0,1,73.0
12,2007,11,23,0.01,0.03,0.0,0.01,87.0,36.0,8.6,235.0,5,86.5
15,2005,4,8,0.32,0.25,0.0,0.08,60.0,20.0,8.9,7.0,2,74.5
27,2011,2,16,0.39,0.1,0.01,0.04,55.0,24.0,5.8,52.0,7,56.5
15,2007,10,12,0.0,0.0,0.19,0.0,71.0,22.0,7.5,24.0,8,73.0
12,2016,8,19,0.07,0.13,0.0,0.02,71.0,22.0,7.5,24.0,8,73.0
2,2015,4,17,0.09,0.08,0.06,0.02,71.0,22.0,7.5,24.0,8,73.0
20,1997,5,19,0.0,0.0,0.6,0.0,71.0,22.0,7.5,24.0,8,73.0
25,2009,7,19,0.32,0.12,0.11,0.04,81.0,58.0,8.7,101.0,7,84.0
17,2014,0,2,0.07,0.1,0.01,0.03,71.0,22.0,7.5,24.0,8,73.0
15,2004,8,19,0.08,0.06,0.0,0.02,32.0,4.0,4.8,16.0,7,40.0
25,2010,6,19,0.03,0.0,0.0,0.0,71.0,22.0,7.5,24.0,8,73.0
28,2004,6,9,0.07,0.02,0.0,0.0,65.0,25.0,6.4,7.0,7,64.5
15,2008,1,11,0.0,0.0,0.03,0.0,71.0,22.0,7.5,24.0,8,73.0
15,2007,9,12,0.0,0.0,0.03,0.0,71.0,22.0,7.5,24.0,8,73.0
15,2005,7,20,0.07,0.05,0.15,0.02,81.0,15.0,7.3,26.0,7,77.0
4,2007,4,23,0.08,0.0,0.0,0.01,53.0,5.0,7.5,24.0,1,64.0
7,2005,9,17,0.0,0.0,0.05,0.0,71.0,22.0,7.5,24.0,8,73.0
27,2005,8,2,1.82,0.04,0.01,0.16,89.0,65.0,8.1,307.0,7,85.0
14,1998,7,19,0.0,0.0,0.08,0.01,71.0,22.0,7.5,24.0,8,73.0
27,2008,0,20,0.27,0.24,0.0,0.06,45.0,43.0,5.9,52.0,7,52.0
4,2009,5,19,0.04,0.0,0.0,0.0,71.0,22.0,7.5,24.0,8,73.0
27,2010,8,19,0.0,0.0,0.02,0.0,71.0,22.0,7.5,24.0,8,73.0
15,2002,7,4,0.09,0.07,0.0,0.02,78.0,28.0,6.9,35.0,7,73.5
16,2010,6,21,2.96,4.82,0.81,2.11,84.0,82.0,7.5,1112.0,1,79.5
18,2007,10,21,0.03,0.0,0.0,0.0,75.0,18.0,7.5,8.0,1,75.0
15,2001,9,19,0.0,0.0,0.06,0.0,71.0,22.0,7.5,24.0,8,73.0
25,2007,9,26,0.52,0.01,0.0,0.04,71.0,22.0,7.5,24.0,1,73.0
4,2007,3,10,0.24,0.0,0.0,0.02,58.0,11.0,7.5,24.0,2,66.5
4,2005,1,12,0.07,0.02,0.02,0.01,69.0,33.0,7.8,21.0,2,73.5
16,2010,8,21,0.77,0.29,0.09,0.16,71.0,22.0,7.5,24.0,8,73.0
16,2015,10,21,0.31,0.01,0.0,0.07,71.0,22.0,8.2,6.0,1,76.5
15,2007,7,19,0.0,0.0,0.05,0.0,71.0,22.0,7.5,24.0,8,73.0
25,2009,0,0,0.11,0.01,0.05,0.01,38.0,14.0,3.0,12.0,2,34.0
9,1999,1,16,0.0,0.0,0.06,0.0,71.0,22.0,7.5,24.0,8,73.0
19,2014,10,10,0.08,0.35,0.05,0.12,71.0,22.0,3.1,42.0,1,51.0
15,2003,6,16,0.14,0.11,0.0,0.04,66.0,35.0,6.2,5.0,7,64.0
27,2014,8,19,0.18,0.17,0.0,0.03,71.0,22.0,7.4,98.0,5,72.5
15,2001,8,21,0.07,0.05,0.0,0.02,65.0,18.0,8.0,5.0,7,72.5
15,2000,4,26,0.15,0.11,0.0,0.04,90.0,16.0,8.2,42.0,1,86.0
7,2002,10,15,0.06,0.02,0.0,0.0,82.0,12.0,8.4,5.0,1,83.0
29,2015,6,19,0.04,0.05,0.0,0.01,54.0,9.0,5.3,17.0,1,53.5
27,2006,0,10,0.0,0.0,0.01,0.0,71.0,22.0,7.5,24.0,8,73.0
18,2006,10,10,0.34,0.0,0.0,0.03,75.0,16.0,7.9,11.0,1,77.0
7,2005,7,2,0.19,0.05,0.0,0.01,82.0,34.0,6.2,26.0,7,72.0
20,1996,9,19,0.0,0.0,0.06,0.0,71.0,22.0,7.5,24.0,8,73.0
4,2008,0,28,0.07,0.0,0.0,0.01,60.0,8.0,7.5,24.0,2,67.5
9,1998,10,1,0.3,0.02,0.0,0.0,71.0,22.0,7.5,24.0,8,73.0
25,2009,10,26,1.49,0.46,0.0,0.18,62.0,5.0,5.2,54.0,1,57.0
7,2005,4,20,0.76,0.2,0.0,0.03,51.0,22.0,6.6,120.0,2,58.5
12,2004,1,19,0.0,0.01,0.0,0.0,80.0,23.0,8.3,150.0,7,81.5
18,2010,0,12,0.0,0.0,0.07,0.0,71.0,22.0,7.5,24.0,8,73.0
15,2002,0,9,0.1,0.08,0.0,0.03,81.0,25.0,8.9,49.0,5,85.0
17,2016,1,20,0.0,0.0,0.16,0.0,71.0,22.0,7.5,24.0,8,73.0
15,2009,1,19,0.0,0.0,0.01,0.0,71.0,22.0,7.5,24.0,8,73.0
15,2004,6,30,0.35,0.01,0.0,0.06,47.0,4.0,7.5,13.0,7,61.0
0,1987,10,3,0.07,0.0,0.0,0.0,71.0,22.0,7.5,24.0,8,73.0
12,2015,10,24,0.03,0.06,0.0,0.01,71.0,22.0,5.7,65.0,2,64.0
16,2009,0,10,0.41,0.21,0.01,0.1,67.0,53.0,7.2,50.0,5,69.5
6,2005,3,17,0.5,0.19,0.28,0.02,54.0,27.0,5.4,34.0,1,54.0
4,2009,9,26,0.0,0.07,0.0,0.01,71.0,22.0,7.5,24.0,8,73.0
18,2009,7,19,0.07,0.0,0.06,0.01,68.0,13.0,7.3,21.0,7,70.5
15,2001,3,16,1.73,0.07,0.0,0.02,72.0,9.0,6.0,5.0,1,66.0
28,2008,10,10,0.13,0.04,0.0,0.01,71.0,22.0,5.5,6.0,1,63.0
25,2008,3,26,0.76,0.0,0.0,0.06,71.0,22.0,4.3,9.0,1,57.0
4,2006,5,30,0.09,0.0,0.0,0.01,25.0,4.0,3.5,4.0,1,30.0
15,2008,1,19,0.0,0.0,0.13,0.0,71.0,22.0,7.5,24.0,8,73.0
28,2004,0,5,0.06,0.02,0.0,0.0,72.0,33.0,7.5,24.0,1,73.5
14,2000,0,24,0.64,0.43,0.0,0.07,51.0,8.0,7.5,24.0,1,63.0
4,2009,5,19,0.1,0.0,0.0,0.01,71.0,22.0,7.5,24.0,1,73.0
20,1996,4,20,0.0,0.0,0.43,0.0,71.0,22.0,7.5,24.0,8,73.0
14,1997,2,19,0.04,0.03,0.16,0.02,71.0,22.0,7.5,24.0,8,73.0
27,2006,5,12,0.04,0.0,0.0,0.0,34.0,41.0,2.2,42.0,7,28.0
19,2013,10,21,0.1,0.0,0.0,0.02,75.0,7.0,7.5,21.0,1,75.0
17,2015,9,19,0.1,0.2,0.0,0.06,71.0,22.0,7.5,24.0,8,73.0
12,2015,0,22,0.01,0.01,0.0,0.0,86.0,14.0,7.7,255.0,7,81.5
4,2007,5,19,0.13,0.0,0.01,0.01,71.0,22.0,7.5,24.0,8,73.0
25,2010,2,4,0.3,0.15,0.03,0.05,85.0,62.0,8.8,85.0,7,86.5
14,1998,10,16,0.0,0.0,0.42,0.03,71.0,22.0,7.5,24.0,8,73.0
28,2004,6,10,1.38,0.8,0.0,0.1,77.0,35.0,8.7,27.0,1,82.0
15,2005,10,10,0.48,0.02,0.0,0.08,78.0,27.0,8.5,29.0,2,81.5
18,2011,1,19,0.0,0.0,0.04,0.0,67.0,23.0,8.2,50.0,5,74.5
15,2000,8,12,0.19,0.15,0.0,0.05,63.0,23.0,7.5,24.0,5,69.0
17,2014,0,19,0.55,0.86,0.11,0.27,75.0,65.0,7.3,1223.0,5,74.0
6,2005,3,27,0.01,0.0,0.0,0.0,71.0,22.0,7.5,24.0,8,73.0
17,2016,0,4,0.0,0.0,0.02,0.0,71.0,22.0,7.5,24.0,8,73.0
4,2006,4,6,0.09,0.0,0.0,0.01,71.0,22.0,7.5,24.0,8,73.0
15,2001,6,1,0.36,0.28,0.0,0.1,79.0,25.0,7.7,33.0,1,78.0
4,2009,9,26,0.34,0.03,0.0,0.03,71.0,22.0,7.5,24.0,1,73.0
4,2008,3,9,0.04,0.0,0.0,0.0,67.0,17.0,7.5,24.0,1,71.0
15,2003,3,26,0.03,0.02,0.0,0.01,64.0,28.0,8.1,12.0,1,72.5
15,2007,3,19,0.0,0.0,0.02,0.0,71.0,22.0,7.5,24.0,8,73.0
15,2002,3,19,0.11,0.09,0.03,0.03,46.0,14.0,8.4,11.0,7,65.0
28,2006,10,24,0.03,0.01,0.0,0.0,71.0,22.0,7.5,24.0,8,73.0
4,2004,5,20,0.17,0.0,0.1,0.02,75.0,55.0,8.1,18.0,7,78.0
25,2008,4,24,0.49,0.02,0.0,0.04,47.0,4.0,7.0,5.0,1,58.5
4,2008,1,7,0.04,0.01,0.0,0.0,71.0,6.0,7.6,5.0,7,73.5
0,1982,0,19,0.32,0.02,0.0,0.0,71.0,22.0,7.5,24.0,8,73.0
26,2016,0,17,0.56,0.3,0.08,0.09,86.0,74.0,8.4,329.0,7,85.0
4,2006,3,19,0.0,0.0,0.06,0.0,71.0,22.0,7.5,24.0,8,73.0
9,2000,4,19,0.04,0.01,0.0,0.0,71.0,22.0,7.5,24.0,8,73.0
15,2005,10,10,1.26,0.07,0.0,0.21,87.0,25.0,8.6,47.0,1,86.5
4,2008,3,16,0.0,0.0,0.04,0.0,71.0,22.0,7.5,24.0,8,73.0
22,1995,3,19,0.0,0.0,0.05,0.0,71.0,22.0,7.5,24.0,8,73.0
15,2008,0,2,0.12,0.0,0.0,0.26,56.0,4.0,5.8,6.0,1,57.0
12,2006,7,2,0.01,0.0,0.0,0.0,82.0,22.0,8.0,52.0,7,81.0
19,2014,7,25,0.0,0.0,0.05,0.0,71.0,22.0,7.5,24.0,8,73.0
6,2004,1,19,0.17,0.06,0.0,0.0,71.0,22.0,7.5,24.0,8,73.0
25,2011,4,26,0.21,0.27,0.0,0.06,92.0,13.0,8.3,127.0,2,87.5
4,2007,10,10,0.23,0.0,0.0,0.02,71.0,11.0,7.5,24.0,1,73.0
25,2010,1,19,0.14,0.0,0.0,0.01,71.0,22.0,7.5,24.0,8,73.0
12,2011,8,19,0.01,0.0,0.0,0.0,61.0,12.0,5.8,43.0,7,59.5
15,2006,0,0,0.01,0.01,0.0,0.0,59.0,44.0,8.6,51.0,5,72.5
27,2011,0,23,0.13,0.04,0.0,0.01,71.0,22.0,7.5,24.0,2,73.0
16,2012,7,18,0.04,0.02,0.08,0.01,55.0,24.0,7.3,35.0,7,64.0
15,2006,9,19,0.0,0.0,0.18,0.0,71.0,22.0,7.5,24.0,8,73.0
12,2011,5,19,0.0,0.02,0.0,0.0,71.0,22.0,7.5,24.0,8,73.0
15,2006,1,19,0.59,0.46,0.01,0.15,71.0,22.0,7.5,24.0,8,73.0
15,2003,9,10,1.41,1.12,0.0,0.24,83.0,33.0,7.7,46.0,7,80.0
4,2009,1,19,0.0,0.0,0.03,0.0,71.0,22.0,7.5,24.0,8,73.0
3,2001,1,20,0.0,0.0,0.15,0.0,88.0,9.0,9.4,201.0,7,91.0
22,1994,8,12,0.0,0.0,0.18,0.0,71.0,22.0,7.5,24.0,8,73.0
25,2008,3,13,0.04,0.0,0.0,0.0,37.0,9.0,4.5,4.0,1,41.0
28,2003,10,14,0.36,0.08,0.0,0.02,89.0,44.0,8.2,31.0,1,85.5
4,2006,0,4,0.11,0.02,0.11,0.01,71.0,41.0,8.4,36.0,5,77.5
2,2015,7,17,0.27,0.14,0.12,0.04,71.0,22.0,7.5,24.0,8,73.0
28,2005,8,10,0.12,0.03,0.0,0.01,83.0,54.0,8.9,35.0,5,86.0
18,2010,0,19,0.05,0.01,0.05,0.01,59.0,9.0,8.0,14.0,5,69.5
25,2009,6,30,0.2,0.0,0.0,0.01,33.0,4.0,7.5,24.0,1,54.0
28,2002,6,14,0.05,0.02,0.0,0.0,56.0,13.0,7.5,24.0,7,65.5
4,2007,7,22,0.38,0.03,0.3,0.04,80.0,47.0,6.9,106.0,2,74.5
4,2006,4,19,0.03,0.0,0.0,0.0,59.0,7.0,7.5,24.0,1,67.0
4,2009,3,2,0.13,0.2,0.0,0.04,70.0,30.0,6.3,7.0,2,66.5
14,1998,2,19,0.14,0.1,0.0,0.02,71.0,22.0,7.5,24.0,8,73.0
14,1996,3,19,0.23,0.15,0.0,0.03,71.0,22.0,7.5,24.0,8,73.0
6,2005,0,2,0.35,0.13,0.0,0.01,71.0,22.0,7.5,24.0,1,73.0
16,2009,3,2,0.53,0.39,0.0,0.17,86.0,54.0,5.7,87.0,7,71.5
4,2009,9,0,0.01,0.0,0.0,0.0,71.0,22.0,7.5,24.0,1,73.0
15,2001,6,3,0.34,0.27,0.0,0.09,84.0,22.0,8.2,11.0,1,83.0
16,2012,0,29,0.27,0.2,0.11,0.08,67.0,37.0,7.1,199.0,5,69.0
22,1995,7,19,0.0,0.0,0.13,0.0,71.0,22.0,7.5,24.0,8,73.0
19,2012,1,19,0.0,0.0,0.03,0.0,71.0,22.0,7.5,24.0,8,73.0
7,2003,6,10,0.69,0.48,0.01,0.03,83.0,24.0,9.0,45.0,1,86.5
14,1998,4,19,0.32,0.22,0.0,0.04,71.0,22.0,7.5,24.0,8,73.0
28,2002,6,2,0.42,0.11,0.02,0.02,74.0,36.0,5.2,13.0,7,63.0
27,2010,1,19,0.0,0.0,0.02,0.0,71.0,22.0,7.5,24.0,8,73.0
7,2003,8,26,0.07,0.02,0.0,0.0,73.0,27.0,7.7,20.0,5,75.0
27,2009,3,2,0.65,0.37,0.0,0.11,85.0,69.0,6.8,108.0,7,76.5
15,2005,0,19,0.02,0.01,0.0,0.0,51.0,16.0,7.4,16.0,7,62.5
17,2014,7,22,0.18,0.24,0.02,0.08,68.0,45.0,6.6,425.0,5,67.0
15,2004,4,4,0.29,0.22,0.0,0.08,81.0,26.0,9.0,20.0,1,85.5
4,2006,3,26,0.0,0.0,0.08,0.0,71.0,22.0,7.5,24.0,1,73.0
4,2005,5,20,0.03,0.0,0.04,0.0,71.0,22.0,7.5,24.0,8,73.0
18,2005,10,21,0.2,0.0,0.0,0.02,57.0,25.0,6.9,14.0,1,63.0
12,2005,8,24,0.0,0.01,0.0,0.0,74.0,31.0,7.0,152.0,5,72.0
15,2005,8,15,0.18,0.14,0.0,0.05,50.0,24.0,7.0,21.0,5,60.0
17,2015,7,19,0.1,0.12,0.02,0.04,71.0,22.0,7.5,24.0,8,73.0
2,2014,7,20,0.0,0.0,0.07,0.0,71.0,22.0,7.5,24.0,8,73.0
2,2013,0,19,0.0,0.0,0.15,0.0,71.0,22.0,7.5,24.0,8,73.0
7,2005,10,10,0.06,0.02,0.0,0.0,78.0,18.0,9.3,7.0,2,85.5
18,2009,11,19,0.0,0.01,0.0,0.01,71.0,22.0,7.5,24.0,8,73.0
16,2013,10,10,0.78,4.24,0.07,1.37,86.0,37.0,4.3,576.0,1,64.5
16,2013,11,2,0.1,0.14,0.0,0.05,49.0,6.0,3.6,23.0,1,42.5
28,2004,10,15,0.37,0.11,0.0,0.02,82.0,35.0,8.1,8.0,1,81.5
12,2006,11,19,0.01,0.06,0.0,0.01,79.0,45.0,8.4,240.0,7,81.5
15,2009,11,19,0.0,0.0,0.04,0.0,71.0,22.0,7.5,24.0,8,73.0
9,1998,6,15,0.28,0.14,0.0,0.01,71.0,22.0,7.5,24.0,8,73.0
6,2003,0,19,0.16,0.06,0.0,0.0,60.0,12.0,7.1,9.0,2,65.5
25,2009,10,13,0.51,0.01,0.0,0.04,71.0,22.0,7.5,24.0,1,73.0
18,2008,8,22,0.06,0.01,0.01,0.01,84.0,29.0,6.8,13.0,1,76.0
27,2011,3,14,1.45,0.41,0.01,0.16,86.0,56.0,8.2,63.0,7,84.0
16,2010,10,2,0.11,0.0,0.0,0.01,71.0,22.0,7.5,24.0,7,73.0
16,2009,8,2,0.17,0.0,0.0,0.02,71.0,22.0,4.5,4.0,7,58.0
15,2004,4,23,1.06,0.54,0.0,0.16,75.0,5.0,9.0,54.0,1,82.5
26,2015,0,26,0.06,0.01,0.0,0.01,71.0,22.0,7.5,24.0,1,73.0
15,2008,2,15,0.04,0.03,0.0,0.01,71.0,22.0,7.5,24.0,5,73.0
4,2010,3,19,0.0,0.0,0.19,0.0,71.0,22.0,7.5,24.0,8,73.0
7,2002,0,19,0.08,0.02,0.0,0.0,70.0,13.0,7.6,7.0,5,73.0
19,2016,0,11,0.0,0.0,0.01,0.0,71.0,22.0,7.5,24.0,8,73.0
14,1999,5,3,0.46,0.32,0.0,0.05,71.0,22.0,7.5,24.0,8,73.0
4,2008,10,26,0.14,0.01,0.0,0.01,71.0,22.0,7.5,24.0,1,73.0
7,2001,3,19,0.08,0.02,0.0,0.0,39.0,11.0,2.9,11.0,7,34.0
15,2002,8,21,2.53,0.81,0.06,0.24,82.0,42.0,7.9,82.0,5,80.5
27,2010,0,26,1.2,0.62,0.04,0.19,71.0,22.0,7.5,24.0,8,73.0
14,1997,0,25,0.09,0.06,0.11,0.02,71.0,22.0,7.5,24.0,8,73.0
15,2001,4,19,0.02,0.02,0.0,0.01,65.0,14.0,7.8,4.0,7,71.5
25,2011,3,26,0.07,0.0,0.0,0.01,71.0,22.0,7.5,24.0,8,73.0
16,2010,3,19,0.0,0.0,0.02,0.0,71.0,22.0,7.5,24.0,8,73.0
12,2016,9,19,0.0,0.01,0.0,0.0,72.0,16.0,7.1,20.0,8,71.5
12,2012,0,27,0.0,0.03,0.0,0.0,84.0,30.0,8.3,1010.0,8,83.5
25,2008,8,19,0.07,0.0,0.0,0.0,66.0,4.0,7.5,24.0,1,70.5
17,2016,7,19,0.02,0.04,0.0,0.01,60.0,38.0,6.7,116.0,5,63.5
20,1994,10,20,0.0,0.0,0.3,0.0,71.0,22.0,7.5,24.0,8,73.0
14,1999,9,12,0.0,0.0,0.9,0.06,71.0,22.0,7.5,24.0,8,73.0
7,2003,0,23,0.09,0.02,0.0,0.0,71.0,22.0,7.5,24.0,8,73.0
4,2006,7,22,0.89,0.04,1.07,0.09,77.0,45.0,7.1,136.0,2,74.0
14,1999,11,19,0.06,0.04,0.0,0.01,71.0,22.0,7.5,24.0,8,73.0
16,2009,10,19,0.21,0.0,0.0,0.02,71.0,22.0,7.5,24.0,7,73.0
2,2015,7,17,0.16,0.29,0.26,0.04,71.0,22.0,7.5,24.0,8,73.0
17,2016,10,10,0.66,5.75,0.08,1.11,85.0,41.0,5.0,398.0,1,67.5
7,2003,0,3,0.34,0.09,0.02,0.01,63.0,23.0,8.0,45.0,7,71.5
4,2006,8,17,0.38,0.01,0.1,0.04,76.0,56.0,7.3,56.0,2,74.5
27,2011,9,12,0.42,0.22,0.0,0.06,43.0,18.0,3.3,25.0,7,38.0
28,2002,8,19,0.48,0.37,0.0,0.02,65.0,14.0,8.1,17.0,7,73.0
4,2006,0,30,0.03,0.0,0.0,0.0,71.0,22.0,7.5,24.0,8,73.0
4,2010,3,8,0.0,0.0,0.08,0.0,71.0,22.0,7.5,24.0,8,73.0
15,2007,3,6,0.0,0.0,0.02,0.0,71.0,22.0,7.5,24.0,8,73.0
4,2007,1,4,0.3,0.03,0.25,0.03,71.0,22.0,7.5,24.0,8,73.0
4,2009,1,20,0.0,0.0,0.03,0.0,71.0,22.0,7.5,24.0,8,73.0
16,2014,2,19,0.1,0.0,0.07,0.02,71.0,22.0,7.5,24.0,8,73.0
15,2008,1,8,0.09,0.02,0.0,0.16,71.0,22.0,7.5,24.0,2,73.0
18,2005,7,4,0.0,0.02,0.0,0.01,71.0,22.0,9.7,6.0,7,84.0
29,2016,0,25,0.01,0.0,0.0,0.0,71.0,22.0,5.8,12.0,7,64.5
14,1999,11,25,0.03,0.02,0.0,0.0,73.0,9.0,7.1,9.0,1,72.0
14,1999,6,19,0.12,0.08,0.0,0.01,71.0,22.0,7.5,24.0,8,73.0
6,2006,7,17,0.0,0.0,0.28,0.01,92.0,25.0,8.4,190.0,2,88.0
28,2005,7,24,0.06,0.02,0.0,0.0,71.0,22.0,7.5,24.0,8,73.0
16,2015,2,16,0.0,0.0,0.04,0.0,71.0,22.0,6.3,4.0,7,67.0
18,2009,10,19,0.08,0.0,0.0,0.01,71.0,22.0,7.5,24.0,1,73.0
15,2002,8,19,0.53,0.42,0.0,0.14,65.0,32.0,8.3,33.0,7,74.0
4,2010,3,19,0.03,0.0,0.0,0.0,71.0,22.0,7.5,24.0,1,73.0
17,2016,9,19,0.05,0.31,0.0,0.06,69.0,17.0,8.7,12.0,1,78.0
9,1999,9,23,0.09,0.02,0.0,0.0,71.0,22.0,7.5,24.0,8,73.0
16,2012,1,19,0.4,0.23,0.03,0.1,71.0,22.0,7.5,24.0,8,73.0
15,2002,10,10,0.45,0.35,0.0,0.12,76.0,23.0,8.1,12.0,7,78.5
14,1998,0,9,0.19,0.13,0.0,0.02,71.0,22.0,7.5,24.0,8,73.0
25,2006,6,26,0.8,0.0,0.01,0.07,51.0,11.0,7.8,17.0,1,64.5
8,1994,4,20,1.24,0.43,0.03,0.12,71.0,22.0,7.5,24.0,8,73.0
25,2011,0,2,0.06,0.01,0.0,0.01,71.0,22.0,7.5,24.0,2,73.0
27,2014,10,24,1.35,0.11,0.0,0.17,71.0,22.0,3.0,40.0,1,50.5
14,2000,4,26,0.05,0.03,0.0,0.01,71.0,22.0,7.5,24.0,8,73.0
4,2010,7,19,0.0,0.0,0.93,0.0,71.0,22.0,7.5,24.0,8,73.0
16,2013,6,21,0.72,1.67,0.4,0.44,81.0,81.0,7.7,758.0,1,79.0
15,2004,4,2,1.12,0.69,0.03,0.02,71.0,32.0,8.5,24.0,1,78.0
15,2008,6,2,0.06,0.05,0.0,0.02,71.0,22.0,7.5,24.0,1,73.0
4,2009,6,2,0.12,0.02,0.0,0.01,71.0,22.0,7.5,24.0,2,73.0
4,2009,9,26,0.1,0.0,0.0,0.01,71.0,22.0,7.5,24.0,8,73.0
6,2004,4,17,0.17,0.06,0.09,0.01,74.0,10.0,8.6,12.0,1,80.0
27,2013,6,5,0.01,0.27,0.0,0.02,79.0,29.0,6.6,33.0,1,72.5
5,1995,3,17,0.0,0.0,0.3,0.0,71.0,22.0,7.5,24.0,8,73.0
6,2002,7,16,0.0,0.0,0.19,0.0,71.0,22.0,7.5,24.0,8,73.0
17,2014,0,22,0.09,0.16,0.02,0.05,59.0,60.0,6.9,310.0,5,64.0
25,2011,3,19,0.0,0.02,0.0,0.0,71.0,22.0,7.5,24.0,8,73.0
27,2016,10,10,0.14,0.02,0.0,0.02,71.0,22.0,0.7,6.0,1,39.0
25,2008,10,3,0.78,0.43,0.19,0.14,69.0,6.0,8.1,14.0,1,75.0
4,2010,1,19,0.0,0.0,0.03,0.0,71.0,22.0,7.5,24.0,8,73.0
7,2002,6,23,0.07,0.02,0.0,0.0,71.0,22.0,7.5,24.0,8,73.0
29,2016,2,16,0.21,0.07,0.0,0.03,81.0,11.0,8.5,51.0,7,83.0
7,2005,6,28,0.12,0.03,0.0,0.0,66.0,14.0,7.3,11.0,2,69.5
15,2006,9,12,0.87,0.03,0.0,0.14,73.0,25.0,8.7,6.0,2,80.0
25,2011,2,19,0.07,0.01,0.0,0.01,71.0,22.0,7.5,24.0,8,73.0
18,2008,10,20,0.0,0.47,0.0,0.02,71.0,22.0,7.5,24.0,8,73.0
14,1995,2,19,0.0,0.0,0.1,0.01,71.0,22.0,7.5,24.0,8,73.0
15,2003,2,21,0.26,0.2,0.0,0.07,80.0,41.0,8.9,68.0,7,84.5
18,2013,3,11,0.0,0.0,0.05,0.0,71.0,22.0,7.5,24.0,8,73.0
25,2007,10,10,0.32,0.59,0.01,0.11,65.0,13.0,6.1,26.0,1,63.0
26,2015,0,2,0.25,0.19,0.0,0.04,87.0,13.0,5.6,65.0,2,71.5
2,2012,5,19,0.01,0.0,0.0,0.0,71.0,22.0,7.5,24.0,1,73.0
16,2011,0,16,0.04,0.03,0.0,0.01,51.0,37.0,6.0,8.0,5,55.5
10,1986,4,19,0.0,0.0,1.5,0.0,71.0,22.0,7.5,24.0,8,73.0
2,2016,0,17,0.28,0.14,0.47,0.04,81.0,71.0,8.7,87.0,1,84.0
16,2009,3,2,0.41,0.23,0.0,0.11,76.0,45.0,5.7,9.0,2,66.5
6,2002,4,26,0.1,0.04,0.0,0.0,71.0,22.0,7.5,24.0,1,73.0
6,2004,6,23,0.67,0.25,0.0,0.02,71.0,22.0,7.5,24.0,8,73.0
15,2009,7,2,0.23,0.02,0.0,0.16,71.0,22.0,4.6,15.0,7,58.5
17,2015,3,26,0.17,0.13,0.0,0.06,73.0,10.0,6.8,20.0,2,70.5
25,2009,0,4,0.15,0.07,0.05,0.02,61.0,30.0,6.5,35.0,5,63.0
4,2010,3,26,0.21,0.02,0.0,0.02,64.0,5.0,6.6,5.0,2,65.0
4,2011,9,2,0.13,0.04,0.0,0.01,71.0,22.0,7.5,24.0,8,73.0
4,2008,3,19,0.06,0.01,0.0,0.01,71.0,22.0,7.5,24.0,2,73.0
22,1996,7,19,0.0,0.0,0.23,0.0,71.0,22.0,7.5,24.0,8,73.0
18,2012,1,16,0.0,0.0,0.07,0.0,71.0,22.0,7.5,24.0,8,73.0
14,2000,6,19,0.03,0.02,0.0,0.0,71.0,22.0,7.5,24.0,8,73.0
2,2012,4,20,0.07,0.04,0.0,0.01,71.0,32.0,7.4,16.0,2,72.5
16,2011,8,5,0.05,0.05,0.0,0.02,50.0,40.0,3.5,28.0,5,42.5
28,2005,0,28,0.07,0.02,0.0,0.0,46.0,17.0,8.0,10.0,5,63.0
25,2009,3,13,0.09,0.0,0.0,0.01,71.0,22.0,7.5,24.0,1,73.0
7,2003,4,23,0.74,0.19,0.0,0.03,71.0,10.0,8.6,34.0,1,78.5
16,2008,0,23,0.88,0.54,0.02,0.25,82.0,50.0,7.9,135.0,5,80.5
25,2010,10,19,0.03,0.0,0.0,0.0,71.0,22.0,7.5,24.0,8,73.0
16,2012,10,10,2.11,0.22,0.0,0.23,83.0,22.0,5.5,101.0,1,69.0
28,2004,6,10,0.34,0.1,0.0,0.02,86.0,16.0,7.5,24.0,1,80.5
14,2001,8,19,0.05,0.03,0.0,0.01,85.0,9.0,8.8,31.0,7,86.5
28,2002,2,19,0.14,0.05,0.0,0.01,71.0,22.0,7.5,24.0,8,73.0
17,2015,10,10,1.12,6.12,0.06,1.28,82.0,42.0,4.3,896.0,1,62.5
27,2007,8,2,0.18,0.0,0.0,0.02,50.0,35.0,5.6,20.0,5,53.0
17,2015,1,19,0.25,0.33,0.0,0.11,71.0,22.0,7.5,24.0,8,73.0
6,2003,7,19,0.02,0.01,0.0,0.0,70.0,11.0,7.5,24.0,1,72.5
29,2016,7,16,0.26,0.09,0.0,0.04,87.0,14.0,8.6,514.0,8,86.5
29,2015,0,2,0.09,0.03,0.0,0.01,71.0,22.0,5.7,23.0,5,64.0
15,2007,11,12,0.0,0.0,0.02,0.0,71.0,22.0,7.5,24.0,8,73.0
2,2015,0,16,0.0,0.03,0.0,0.0,71.0,22.0,7.5,24.0,1,73.0
28,2003,10,19,0.19,0.06,0.0,0.01,77.0,33.0,8.4,7.0,5,80.5
6,2001,5,19,0.09,0.03,0.0,0.0,68.0,4.0,7.5,24.0,1,71.5
28,2005,4,8,0.1,0.03,0.0,0.0,68.0,15.0,7.5,24.0,2,71.5
26,2014,1,16,0.04,0.02,0.0,0.01,71.0,22.0,7.0,9.0,2,70.5
2,2012,10,12,0.05,0.02,0.1,0.01,71.0,22.0,7.5,24.0,8,73.0
16,2010,3,21,0.0,0.25,0.0,0.08,71.0,22.0,7.5,24.0,8,73.0
25,2007,10,12,0.23,0.0,0.04,0.02,83.0,12.0,8.4,45.0,1,83.5
6,2004,3,3,0.01,0.0,0.0,0.0,71.0,22.0,7.5,24.0,1,73.0
2,2011,5,19,0.05,0.03,0.0,0.01,61.0,7.0,7.5,24.0,1,68.0
15,2004,7,10,0.49,0.02,0.0,0.08,73.0,35.0,8.2,60.0,7,77.5
27,2007,0,26,0.29,0.01,0.0,0.03,78.0,35.0,8.6,84.0,7,82.0
15,2000,9,26,0.28,0.22,0.23,0.07,78.0,23.0,8.4,19.0,7,81.0
15,2008,1,18,0.0,0.0,0.01,0.0,71.0,22.0,7.5,24.0,8,73.0
15,2003,7,22,0.0,0.0,0.17,0.0,71.0,22.0,7.5,24.0,8,73.0
4,2008,10,17,0.21,0.32,0.17,0.07,69.0,6.0,7.5,24.0,1,72.0
14,1999,7,19,0.19,0.13,0.0,0.02,86.0,12.0,8.9,37.0,7,87.5
29,2015,1,19,0.3,0.21,0.0,0.05,71.0,22.0,7.5,24.0,8,73.0
14,1997,6,19,0.09,0.06,0.0,0.01,71.0,22.0,7.5,24.0,8,73.0
25,2009,10,10,0.6,0.36,0.0,0.11,88.0,44.0,8.8,57.0,1,88.0
4,2009,9,7,0.05,0.0,0.0,0.0,71.0,22.0,7.5,24.0,1,73.0
12,2011,11,19,0.0,0.02,0.0,0.0,50.0,14.0,4.7,57.0,8,48.5
27,2011,6,14,2.08,1.97,0.06,0.46,91.0,83.0,8.2,617.0,1,86.5
18,2011,2,16,0.0,0.0,0.06,0.0,71.0,22.0,7.5,24.0,8,73.0
4,2008,1,6,0.0,0.0,0.03,0.0,71.0,22.0,7.5,24.0,8,73.0
14,2003,3,21,0.69,0.47,0.0,0.08,71.0,22.0,7.5,24.0,8,73.0
27,2010,4,6,0.1,0.06,0.0,0.02,51.0,5.0,5.3,4.0,2,52.0
16,2008,8,3,0.08,0.03,0.0,0.02,50.0,31.0,7.1,31.0,5,60.5
4,2008,7,16,0.0,0.0,0.07,0.0,49.0,6.0,6.5,13.0,1,57.0
28,2002,6,14,0.39,0.16,0.0,0.02,87.0,32.0,8.3,19.0,1,85.0
4,2008,1,19,0.0,0.01,0.0,0.0,71.0,22.0,7.5,24.0,8,73.0
19,2015,1,19,0.0,0.0,0.03,0.0,71.0,22.0,7.5,24.0,8,73.0
15,2001,10,12,0.04,0.03,0.0,0.01,65.0,8.0,7.5,24.0,1,70.0
25,2009,1,10,0.61,0.32,0.0,0.1,78.0,28.0,8.6,28.0,1,82.0
28,2002,10,10,0.67,0.02,0.0,0.03,92.0,16.0,8.3,16.0,1,87.5
19,2015,0,19,0.0,0.0,0.02,0.0,71.0,22.0,7.5,24.0,8,73.0
14,1996,8,2,0.05,0.04,0.0,0.01,71.0,22.0,7.5,24.0,8,73.0
15,2006,9,19,0.02,0.01,0.0,0.0,53.0,5.0,7.5,24.0,2,64.0
10,1987,10,16,0.12,0.0,1.3,0.0,71.0,22.0,7.5,24.0,8,73.0
4,2007,10,19,0.15,0.0,0.0,0.01,71.0,22.0,7.5,24.0,1,73.0
4,2007,6,17,1.09,0.03,0.0,0.09,63.0,39.0,7.5,27.0,1,69.0
18,2012,0,27,0.0,0.0,0.07,0.0,71.0,22.0,7.5,24.0,8,73.0
4,2009,0,9,0.16,0.15,0.0,0.04,61.0,10.0,5.8,4.0,2,59.5
16,2008,8,26,0.49,0.33,0.02,0.15,55.0,65.0,6.5,294.0,5,60.0
7,2002,7,3,0.17,0.04,0.0,0.01,84.0,31.0,9.2,95.0,7,88.0
4,2005,1,4,0.44,0.05,0.39,0.05,81.0,53.0,9.2,203.0,7,86.5
20,1998,1,19,0.0,0.0,0.11,0.0,71.0,22.0,7.5,24.0,8,73.0
14,2002,0,19,0.16,0.11,0.0,0.02,71.0,22.0,7.5,24.0,8,73.0
17,2014,3,19,1.48,2.02,0.14,0.68,71.0,22.0,7.5,24.0,8,73.0
16,2011,7,19,0.0,0.0,0.02,0.0,71.0,22.0,7.5,24.0,8,73.0
15,2006,10,12,0.0,0.0,0.11,0.0,71.0,22.0,7.5,24.0,8,73.0
22,1994,3,19,0.0,0.0,0.05,0.0,71.0,22.0,7.5,24.0,8,73.0
15,2006,10,16,0.0,0.0,0.14,0.0,71.0,22.0,7.5,24.0,8,73.0
4,2009,2,23,0.35,0.13,0.0,0.05,75.0,7.0,8.3,4.0,7,79.0
15,2007,2,19,0.0,0.0,0.03,0.0,71.0,22.0,7.5,24.0,8,73.0
19,2012,6,10,0.33,0.45,0.01,0.22,71.0,22.0,7.5,24.0,8,73.0
4,2007,10,2,0.2,0.01,0.0,0.02,79.0,21.0,6.7,6.0,2,73.0
4,2006,2,20,0.29,0.01,0.12,0.03,83.0,32.0,7.5,23.0,7,79.0
15,2006,2,15,0.88,0.04,0.0,0.14,75.0,43.0,8.5,84.0,5,80.0
17,2015,2,16,0.3,0.52,0.12,0.16,69.0,50.0,7.7,598.0,7,73.0
17,2015,0,25,0.03,0.02,0.06,0.01,73.0,26.0,7.3,24.0,7,73.0
15,2002,10,12,0.03,0.02,0.0,0.01,62.0,13.0,7.5,24.0,1,68.5
15,2005,8,10,0.0,0.0,0.05,0.0,71.0,22.0,7.5,24.0,8,73.0
9,1998,10,1,0.25,0.02,0.0,0.0,71.0,22.0,7.5,24.0,8,73.0
6,2002,0,19,0.01,0.0,0.0,0.0,52.0,4.0,7.5,24.0,1,63.5
12,2011,9,19,0.0,0.04,0.0,0.01,70.0,20.0,7.7,105.0,1,73.5
15,2003,6,20,0.0,0.0,0.27,0.0,71.0,22.0,7.5,24.0,8,73.0
15,2002,7,3,0.14,0.11,0.17,0.04,70.0,23.0,8.7,19.0,7,78.5
25,2009,3,13,0.05,0.0,0.0,0.0,46.0,16.0,7.5,24.0,1,60.5
17,2014,0,21,1.88,2.0,0.07,0.77,71.0,22.0,7.5,24.0,8,73.0
3,1998,2,9,0.0,0.0,0.14,0.0,71.0,22.0,7.5,24.0,8,73.0
16,2011,1,23,0.0,0.0,0.11,0.0,71.0,22.0,7.5,24.0,8,73.0
25,2006,3,0,0.02,0.0,0.0,0.0,71.0,22.0,7.5,24.0,7,73.0
28,2006,6,20,0.1,0.03,0.0,0.0,56.0,33.0,8.1,7.0,1,68.5
27,2009,10,16,0.02,0.02,0.0,0.0,72.0,21.0,7.7,16.0,7,74.5
14,1999,10,10,0.14,0.1,0.0,0.02,71.0,22.0,7.5,24.0,8,73.0
4,2011,5,19,0.03,0.0,0.0,0.0,71.0,22.0,7.5,24.0,2,73.0
4,2010,3,16,0.0,0.0,0.02,0.0,71.0,22.0,7.5,24.0,8,73.0
12,2007,11,23,0.01,0.02,0.0,0.0,81.0,35.0,8.9,219.0,2,85.0
16,2006,3,25,0.0,0.0,0.01,0.0,71.0,22.0,7.5,24.0,8,73.0
4,2010,0,16,0.0,0.0,0.09,0.0,71.0,22.0,7.5,24.0,8,73.0
14,1997,0,2,0.95,0.64,0.27,0.13,87.0,14.0,8.8,45.0,5,87.5
14,1994,10,21,0.25,0.17,0.0,0.03,71.0,22.0,7.5,24.0,8,73.0
27,2006,8,24,0.27,0.03,0.0,0.03,79.0,80.0,7.3,117.0,5,76.0
6,2002,7,19,0.02,0.01,0.0,0.0,71.0,22.0,7.5,24.0,8,73.0
4,2009,0,19,0.0,0.04,0.0,0.0,71.0,22.0,7.5,24.0,8,73.0
2,2014,0,16,0.01,0.01,0.0,0.0,43.0,7.0,7.5,24.0,2,59.0
16,2013,0,4,0.24,0.26,0.19,0.1,85.0,40.0,5.3,1471.0,5,69.0
4,2011,3,19,0.0,0.03,0.0,0.0,71.0,22.0,7.5,24.0,8,73.0
27,2007,8,26,0.08,0.0,0.0,0.01,43.0,11.0,6.7,55.0,7,55.0
27,2008,8,14,4.15,1.9,0.06,0.64,93.0,90.0,7.7,2739.0,5,85.0
25,2010,11,16,0.0,0.0,0.15,0.0,71.0,22.0,7.5,24.0,8,73.0
15,2007,10,26,0.14,0.11,0.0,0.04,60.0,4.0,7.5,24.0,2,67.5
2,2015,7,16,0.05,0.03,0.08,0.01,71.0,22.0,7.5,24.0,8,73.0
9,1999,6,19,0.05,0.01,0.0,0.0,71.0,22.0,7.5,24.0,8,73.0
22,1994,7,19,0.0,0.0,0.03,0.0,71.0,22.0,7.5,24.0,8,73.0
4,2010,10,24,0.14,0.0,0.0,0.01,71.0,22.0,7.5,24.0,1,73.0
9,1998,10,19,0.16,0.04,0.0,0.0,71.0,22.0,7.5,24.0,8,73.0
5,1989,5,17,23.2,2.26,4.22,0.58,71.0,22.0,7.5,24.0,8,73.0
16,2010,8,21,0.13,0.15,0.01,0.05,60.0,39.0,6.2,11.0,7,61.0
4,2009,7,20,0.0,0.0,0.14,0.0,71.0,22.0,7.5,24.0,8,73.0
7,2003,4,16,0.07,0.02,0.0,0.0,77.0,18.0,7.6,8.0,7,76.5
15,2005,3,23,0.37,0.01,0.0,0.06,71.0,22.0,7.5,24.0,8,73.0
14,1997,10,21,1.58,0.06,0.0,0.04,71.0,22.0,7.5,24.0,8,73.0
16,2015,10,10,0.57,0.06,0.0,0.14,71.0,22.0,3.1,18.0,1,51.0
4,2011,3,23,0.12,0.03,0.0,0.01,59.0,5.0,7.5,24.0,1,67.0
15,2001,6,19,0.02,0.02,0.0,0.01,49.0,8.0,8.1,9.0,1,65.0
15,2003,0,26,0.06,0.05,0.0,0.02,48.0,26.0,3.7,6.0,7,42.5
26,2014,3,17,0.0,0.0,0.09,0.0,71.0,22.0,7.5,24.0,8,73.0
4,2008,5,19,0.42,0.07,0.0,0.04,71.0,22.0,7.5,24.0,1,73.0
4,2009,7,19,0.0,0.0,0.04,0.0,71.0,22.0,7.5,24.0,8,73.0
25,2008,10,19,0.09,0.0,0.0,0.01,71.0,22.0,7.5,24.0,8,73.0
27,2011,8,23,0.25,0.26,0.0,0.06,76.0,57.0,7.8,232.0,5,77.0
19,2012,0,25,0.1,0.05,0.04,0.03,71.0,22.0,7.5,24.0,8,73.0
16,2008,8,2,0.07,0.0,0.0,0.01,36.0,7.0,2.4,15.0,7,30.0
15,2004,2,3,0.05,0.04,0.0,0.01,63.0,9.0,7.3,23.0,7,68.0
2,2013,10,10,0.0,0.22,0.0,0.01,71.0,22.0,7.5,24.0,8,73.0
14,1995,10,21,0.17,0.12,0.0,0.02,71.0,22.0,7.5,24.0,8,73.0
16,2014,7,22,0.52,0.35,0.18,0.18,71.0,22.0,7.5,24.0,8,73.0
27,2011,10,26,0.7,0.36,0.0,0.1,77.0,13.0,7.6,21.0,1,76.5
25,2008,6,2,0.09,0.0,0.0,0.01,71.0,22.0,7.5,24.0,8,73.0
20,1995,2,16,0.0,0.0,0.09,0.0,71.0,22.0,7.5,24.0,8,73.0
18,2011,1,19,0.0,0.0,0.02,0.0,71.0,22.0,7.5,24.0,8,73.0
4,2008,5,22,0.1,0.02,0.0,0.01,71.0,20.0,7.5,24.0,1,73.0
25,2009,8,19,0.06,0.0,0.0,0.01,70.0,14.0,8.2,5.0,7,76.0
16,2008,7,22,0.33,0.03,0.11,0.04,78.0,51.0,7.5,150.0,7,76.5
12,2003,9,26,0.0,0.03,0.0,0.01,76.0,20.0,7.5,549.0,1,75.5
18,2010,1,19,0.0,0.0,0.01,0.0,71.0,22.0,7.5,24.0,8,73.0
4,2008,1,19,0.0,0.0,0.1,0.0,71.0,22.0,7.5,24.0,8,73.0
14,2000,3,19,0.0,0.0,0.1,0.01,71.0,22.0,7.5,24.0,8,73.0
15,2007,11,25,0.0,0.0,0.07,0.0,69.0,10.0,8.4,8.0,2,76.5
15,2005,0,21,0.78,0.03,0.2,0.13,91.0,77.0,9.1,933.0,7,91.0
5,1990,10,16,0.0,0.0,0.33,0.0,71.0,22.0,7.5,24.0,8,73.0
27,2008,7,3,0.32,0.17,0.19,0.05,79.0,67.0,8.2,264.0,7,80.5
16,2016,3,25,0.0,0.0,0.04,0.0,71.0,22.0,7.5,24.0,8,73.0
19,2015,0,19,0.0,0.0,0.01,0.0,71.0,22.0,7.5,24.0,8,73.0
15,2006,7,2,0.69,0.03,0.0,0.11,81.0,29.0,8.2,33.0,7,81.5
27,2012,0,4,0.15,0.06,0.01,0.02,71.0,54.0,6.5,131.0,7,68.0
7,2002,4,23,0.18,0.05,0.0,0.01,53.0,6.0,7.5,24.0,1,64.0
25,2008,10,24,0.06,0.0,0.0,0.0,65.0,11.0,5.4,19.0,2,59.5
20,1998,2,4,0.0,0.0,0.18,0.0,71.0,22.0,7.5,24.0,8,73.0
18,2006,4,2,0.05,0.0,0.0,0.0,58.0,7.0,7.5,24.0,1,66.5
4,2009,0,19,0.0,0.0,0.03,0.0,71.0,22.0,7.5,24.0,8,73.0
25,2010,8,0,0.11,0.0,0.0,0.01,71.0,22.0,7.5,24.0,2,73.0
25,2009,4,8,0.29,0.13,0.0,0.04,71.0,22.0,7.5,24.0,1,73.0
2,2013,7,19,0.1,0.01,0.14,0.01,80.0,41.0,8.2,89.0,7,81.0
4,2009,0,6,0.09,0.0,0.0,0.01,34.0,9.0,7.5,24.0,1,54.5
4,2008,0,2,0.11,0.01,0.0,0.01,65.0,10.0,7.5,24.0,7,70.0
12,2004,8,2,0.05,0.04,0.0,0.01,87.0,83.0,7.6,896.0,5,81.5
7,2002,0,17,2.6,0.99,0.89,0.13,96.0,80.0,8.9,968.0,1,92.5
14,2000,0,26,0.09,0.06,0.0,0.01,71.0,22.0,4.3,7.0,8,57.0
14,2002,0,16,0.0,0.0,0.18,0.01,71.0,22.0,7.5,24.0,8,73.0
4,2011,10,12,0.0,0.0,0.12,0.0,71.0,22.0,7.5,24.0,8,73.0
16,2008,0,21,0.0,0.17,0.09,0.01,78.0,42.0,8.1,87.0,5,79.5
20,1997,8,19,0.0,0.0,0.08,0.0,71.0,22.0,7.5,24.0,8,73.0
17,2015,0,4,0.13,0.24,0.1,0.07,75.0,30.0,7.7,284.0,5,76.0
28,2002,10,10,0.2,0.06,0.0,0.01,78.0,20.0,7.9,7.0,7,78.5
25,2009,1,19,0.38,0.0,0.0,0.03,68.0,8.0,7.5,24.0,1,71.5
4,2011,1,27,0.0,0.02,0.0,0.0,71.0,22.0,7.5,24.0,2,73.0
16,2010,0,24,2.79,2.53,0.17,0.99,95.0,73.0,8.8,2456.0,5,91.5
2,2012,9,12,0.0,0.0,0.19,0.0,71.0,22.0,7.5,24.0,8,73.0
29,2014,0,29,0.13,0.12,0.0,0.02,69.0,20.0,6.8,36.0,2,68.5
4,2010,9,23,0.04,0.0,0.0,0.0,71.0,22.0,7.5,24.0,8,73.0
4,2008,4,23,0.46,0.82,0.0,0.17,54.0,15.0,7.5,24.0,1,64.5
4,2010,6,20,0.43,0.5,0.0,0.11,71.0,22.0,7.5,24.0,8,73.0
16,2007,10,25,0.0,0.0,0.02,0.0,71.0,22.0,7.5,24.0,8,73.0
16,2013,10,6,0.0,0.01,0.0,0.0,38.0,5.0,7.5,24.0,1,56.5
28,2003,2,4,0.08,0.02,0.0,0.0,66.0,14.0,7.3,4.0,7,69.5
16,2014,6,25,0.0,0.0,0.05,0.0,71.0,22.0,7.5,24.0,8,73.0
27,2011,6,2,0.29,0.0,0.0,0.02,62.0,24.0,4.1,14.0,1,51.5
17,2016,10,12,0.0,0.0,0.17,0.0,71.0,22.0,7.5,24.0,8,73.0
6,2003,6,30,0.01,0.0,0.0,0.0,65.0,7.0,7.5,24.0,1,70.0
19,2014,8,24,0.32,0.16,0.01,0.15,64.0,31.0,7.6,358.0,5,70.0
4,2010,1,19,0.0,0.0,0.02,0.0,71.0,22.0,7.5,24.0,8,73.0
5,1997,9,19,0.0,0.0,0.23,0.0,71.0,22.0,7.5,24.0,8,73.0
4,2006,3,16,0.0,0.0,0.02,0.0,71.0,22.0,7.5,24.0,8,73.0
25,2008,0,28,0.17,0.0,0.0,0.01,62.0,13.0,7.5,24.0,2,68.5
15,2008,3,19,0.29,0.23,0.0,0.08,71.0,22.0,8.0,4.0,7,75.5
27,2006,10,24,0.15,0.0,0.0,0.01,75.0,52.0,6.8,25.0,1,71.5
4,2008,3,19,0.0,0.0,0.02,0.0,71.0,22.0,7.5,24.0,8,73.0
15,2009,0,6,0.11,0.03,0.0,0.15,71.0,22.0,7.0,4.0,2,70.5
27,2012,7,19,0.15,0.08,0.0,0.02,52.0,35.0,5.2,126.0,5,52.0
15,2006,10,10,0.6,0.02,0.0,0.1,79.0,33.0,6.0,8.0,1,69.5
15,2001,0,23,0.53,0.16,1.07,0.1,78.0,17.0,9.1,90.0,7,84.5
16,2010,2,16,0.42,0.46,0.15,0.18,76.0,34.0,8.3,130.0,7,79.5
27,2009,2,19,0.21,0.08,0.04,0.03,86.0,51.0,8.5,70.0,7,85.5
28,2005,0,24,0.27,0.08,0.0,0.01,84.0,27.0,8.7,15.0,1,85.5
4,2011,0,16,0.0,0.0,0.05,0.0,71.0,22.0,7.5,24.0,8,73.0
6,2003,4,3,0.03,0.01,0.0,0.0,42.0,16.0,7.5,24.0,7,58.5
16,2016,8,2,0.01,0.01,0.0,0.0,71.0,22.0,7.0,5.0,5,70.5
16,2013,0,0,0.07,0.2,0.09,0.05,81.0,12.0,7.9,70.0,7,80.0
16,2012,7,19,0.1,0.1,0.0,0.03,53.0,14.0,5.5,81.0,5,54.0
14,1997,0,9,1.66,1.58,0.12,0.18,71.0,22.0,7.5,24.0,8,73.0
12,2015,0,12,0.0,0.07,0.0,0.0,91.0,13.0,7.7,1963.0,5,84.0
28,2002,2,15,0.77,0.15,0.0,0.04,81.0,27.0,8.4,24.0,5,82.5
25,2011,3,23,0.06,0.09,0.0,0.02,71.0,22.0,7.5,24.0,1,73.0
6,2002,10,26,0.04,0.02,0.0,0.0,55.0,7.0,7.5,24.0,1,65.0
18,2006,4,12,0.05,0.0,0.0,0.0,68.0,34.0,7.3,9.0,7,70.5
25,2008,5,13,0.14,0.0,0.0,0.01,71.0,22.0,7.5,24.0,8,73.0
16,2014,7,18,0.03,0.01,0.01,0.01,71.0,22.0,8.1,17.0,5,76.0
16,2009,8,2,4.99,3.64,0.38,1.6,94.0,67.0,6.3,2073.0,5,78.5
27,2008,8,26,1.56,0.6,0.02,0.23,82.0,66.0,7.8,176.0,5,80.0
17,2015,7,16,1.02,2.13,0.23,0.59,92.0,79.0,9.2,10179.0,5,92.0
28,2002,10,3,0.07,0.02,0.0,0.0,74.0,14.0,9.2,14.0,7,83.0
19,2016,7,22,0.0,0.0,0.3,0.0,71.0,22.0,7.5,24.0,8,73.0
27,2011,0,19,0.84,0.51,0.0,0.13,75.0,43.0,7.8,42.0,2,76.5
16,2009,6,19,0.0,0.03,0.0,0.01,65.0,23.0,7.8,11.0,8,71.5
18,2012,0,16,0.0,0.0,0.05,0.0,71.0,22.0,7.5,24.0,8,73.0
4,2009,10,2,0.09,0.0,0.0,0.01,71.0,22.0,7.5,24.0,1,73.0
16,2015,0,19,0.0,0.03,0.0,0.01,71.0,22.0,7.5,24.0,1,73.0
7,2002,4,19,0.02,0.0,0.0,0.0,71.0,22.0,7.5,24.0,1,73.0
4,2009,3,19,0.0,0.04,0.0,0.0,71.0,22.0,7.5,24.0,8,73.0
29,2014,0,29,0.23,0.17,0.0,0.04,74.0,25.0,7.1,36.0,2,72.5
15,2005,6,28,0.27,0.21,0.0,0.07,66.0,21.0,7.0,49.0,2,68.0
29,2014,10,10,0.3,0.12,0.0,0.04,70.0,23.0,6.3,152.0,7,66.5
12,2013,8,2,0.23,0.41,0.0,0.05,71.0,22.0,7.5,24.0,8,73.0
2,2013,7,16,0.0,0.0,0.06,0.0,71.0,22.0,7.5,24.0,8,73.0
16,2015,0,16,0.0,0.06,0.19,0.01,71.0,22.0,3.7,7.0,7,54.0
15,2003,0,20,0.02,0.02,0.0,0.01,61.0,33.0,7.5,24.0,5,68.0
14,1999,2,19,0.06,0.04,0.0,0.01,71.0,22.0,7.5,24.0,8,73.0
12,2010,0,10,0.08,0.02,0.0,0.01,37.0,5.0,4.1,33.0,7,39.0
15,2005,8,26,0.17,0.13,0.0,0.04,70.0,15.0,6.9,9.0,5,69.5
7,2003,11,19,0.01,0.0,0.0,0.0,71.0,19.0,7.8,6.0,7,74.5
6,2003,0,26,0.07,0.03,0.0,0.0,77.0,21.0,8.6,8.0,7,81.5
18,2009,2,16,0.0,0.0,0.23,0.0,71.0,22.0,7.5,24.0,8,73.0
27,2012,0,2,0.2,0.0,0.0,0.02,71.0,22.0,7.5,24.0,8,73.0
12,2010,0,26,0.0,0.03,0.0,0.0,75.0,16.0,6.6,218.0,7,70.5
2,2012,9,26,0.07,0.03,0.0,0.01,71.0,22.0,7.5,24.0,8,73.0
4,2006,10,10,0.04,0.0,0.0,0.0,43.0,5.0,7.5,4.0,1,59.0
18,2005,0,12,0.1,0.0,0.0,0.01,43.0,30.0,5.6,22.0,5,49.5
4,2007,7,22,0.49,0.04,0.21,0.04,88.0,59.0,8.9,283.0,7,88.5
15,2001,7,26,0.04,0.03,0.0,0.01,43.0,14.0,6.7,10.0,7,55.0
14,1998,10,21,0.48,0.32,0.0,0.06,71.0,22.0,7.5,24.0,8,73.0
14,1998,4,21,1.96,0.72,0.0,0.11,71.0,22.0,7.5,24.0,8,73.0
14,2000,9,2,0.15,0.1,0.0,0.02,76.0,12.0,7.5,24.0,1,75.5
4,2007,3,19,0.02,0.0,0.0,0.0,71.0,22.0,7.5,24.0,1,73.0
18,2008,10,10,0.21,0.0,0.0,0.02,71.0,22.0,7.5,24.0,1,73.0
25,2010,3,19,0.03,0.0,0.0,0.0,71.0,22.0,7.5,24.0,8,73.0
2,2013,4,2,0.1,0.12,0.0,0.02,68.0,12.0,6.4,13.0,2,66.0
25,2010,3,8,0.45,0.02,0.0,0.03,71.0,22.0,7.5,24.0,1,73.0
12,2011,9,19,0.0,0.01,0.0,0.0,71.0,22.0,7.5,24.0,8,73.0
4,2004,10,12,0.0,0.0,0.05,0.0,71.0,22.0,7.5,24.0,8,73.0
4,2009,10,23,0.18,0.11,0.0,0.03,63.0,5.0,7.5,24.0,1,69.0
6,2002,10,12,0.01,0.0,0.0,0.0,73.0,5.0,7.5,24.0,1,74.0
18,2011,2,23,0.12,0.04,0.0,0.03,70.0,4.0,6.6,5.0,7,68.0
18,2011,10,12,0.0,0.0,0.2,0.0,71.0,22.0,7.5,24.0,8,73.0
7,2003,6,19,0.06,0.02,0.0,0.0,63.0,5.0,8.2,6.0,7,72.5
28,2001,6,19,0.18,0.05,0.0,0.01,59.0,15.0,6.2,5.0,1,60.5
27,2007,10,19,0.06,0.0,0.0,0.0,51.0,5.0,7.5,24.0,7,63.0
16,2011,3,2,0.06,0.03,0.0,0.02,71.0,22.0,7.5,24.0,1,73.0
15,2001,0,4,1.08,0.7,0.34,0.21,84.0,21.0,8.4,189.0,5,84.0
0,1983,0,3,0.43,0.03,0.0,0.0,71.0,22.0,7.5,24.0,8,73.0
5,1996,4,17,1.39,0.48,0.4,0.08,71.0,22.0,7.5,24.0,8,73.0
6,2005,0,10,0.44,0.16,0.0,0.01,71.0,9.0,6.0,8.0,1,65.5
18,2008,0,19,0.43,0.4,0.0,0.24,70.0,10.0,8.1,49.0,7,75.5
4,2008,6,19,0.06,0.01,0.0,0.01,75.0,38.0,6.9,12.0,1,72.0
18,2006,11,28,0.15,0.0,0.0,0.01,58.0,12.0,3.1,15.0,5,44.5
14,1999,10,12,0.06,0.04,0.0,0.01,71.0,22.0,7.5,24.0,8,73.0
3,2000,10,20,0.0,0.0,0.08,0.0,71.0,22.0,7.5,24.0,8,73.0
12,2006,7,23,0.01,0.04,0.0,0.01,77.0,51.0,8.1,387.0,7,79.0
2,2012,0,19,0.0,0.12,0.0,0.01,71.0,22.0,7.5,24.0,8,73.0
16,2010,8,25,0.05,0.09,0.02,0.03,43.0,34.0,5.3,21.0,5,48.0
4,2008,10,23,0.26,0.0,0.0,0.02,71.0,22.0,7.5,24.0,1,73.0
12,2004,6,5,0.0,0.01,0.0,0.0,87.0,6.0,7.2,44.0,8,79.5
14,1995,10,12,0.16,0.11,0.0,0.02,71.0,22.0,7.5,24.0,8,73.0
2,2012,3,20,0.07,0.07,0.12,0.01,71.0,22.0,7.5,24.0,8,73.0
4,2012,0,19,0.0,0.02,0.0,0.0,71.0,22.0,7.5,24.0,8,73.0
28,2002,10,10,0.15,0.04,0.0,0.01,80.0,12.0,7.9,12.0,1,79.5
28,2002,0,9,0.14,0.04,0.0,0.01,76.0,22.0,9.0,9.0,5,83.0
12,1992,9,19,1.2,0.84,0.0,0.1,71.0,22.0,7.5,24.0,8,73.0
22,1995,10,12,0.0,0.0,0.27,0.0,71.0,22.0,7.5,24.0,8,73.0
27,2007,10,12,0.08,0.9,0.04,0.05,76.0,29.0,7.8,36.0,1,77.0
25,2007,8,19,0.06,0.0,0.0,0.0,71.0,22.0,7.5,24.0,7,73.0
25,2009,3,12,0.06,0.0,0.0,0.01,71.0,22.0,7.5,24.0,1,73.0
4,2008,7,16,0.0,0.0,0.06,0.0,71.0,22.0,7.5,24.0,8,73.0
14,1999,8,21,0.17,0.11,0.2,0.03,71.0,22.0,7.5,24.0,8,73.0
6,2005,3,30,0.19,0.07,0.0,0.0,71.0,22.0,7.5,24.0,8,73.0
15,2002,6,10,0.22,0.17,0.0,0.06,73.0,22.0,7.7,6.0,7,75.0
28,2002,10,20,0.24,0.07,0.0,0.01,87.0,15.0,7.9,9.0,1,83.0
14,1997,11,19,0.02,0.01,0.0,0.0,71.0,22.0,7.5,24.0,8,73.0
25,2009,10,19,0.13,0.03,0.0,0.01,71.0,22.0,7.5,24.0,8,73.0
18,2007,3,3,0.08,0.0,0.0,0.01,64.0,17.0,6.0,4.0,1,62.0
25,2007,0,10,0.38,0.05,0.0,0.04,69.0,34.0,7.2,28.0,2,70.5
12,2016,8,24,0.04,0.04,0.0,0.01,69.0,34.0,6.9,400.0,7,69.0
25,2010,0,4,0.06,0.01,0.2,0.01,65.0,18.0,8.8,13.0,7,76.5
14,1996,7,19,0.0,0.0,0.52,0.04,71.0,22.0,7.5,24.0,8,73.0
4,2007,9,10,0.62,0.04,0.0,0.06,66.0,8.0,4.0,5.0,1,53.0
16,2009,0,10,0.15,0.12,0.0,0.05,66.0,35.0,7.1,17.0,2,68.5
4,2008,9,19,0.35,0.03,0.17,0.03,71.0,22.0,7.5,24.0,8,73.0
16,2013,0,16,0.0,0.0,0.26,0.0,71.0,22.0,7.5,24.0,8,73.0
22,1992,2,4,2.47,0.83,2.87,0.12,71.0,22.0,7.5,24.0,8,73.0
16,2011,0,4,0.0,0.0,0.22,0.0,71.0,22.0,7.5,24.0,8,73.0
19,2012,6,20,0.09,0.2,0.0,0.09,71.0,22.0,7.5,24.0,8,73.0
15,2006,10,21,0.78,0.03,0.0,0.13,83.0,30.0,8.9,31.0,1,86.0
28,2003,0,19,0.08,0.02,0.0,0.0,72.0,17.0,7.0,5.0,7,71.0
27,2008,2,10,0.15,0.02,0.0,0.02,54.0,57.0,6.3,19.0,7,58.5
27,2009,0,3,0.43,0.14,0.0,0.06,79.0,53.0,8.5,125.0,7,82.0
4,2008,6,2,0.36,0.0,0.0,0.03,71.0,22.0,7.5,24.0,1,73.0
18,2009,6,23,0.29,0.07,0.0,0.06,71.0,22.0,7.5,24.0,1,73.0
15,2005,0,23,0.18,0.14,0.0,0.05,60.0,12.0,7.1,8.0,2,65.5
12,2008,10,10,0.0,0.02,0.0,0.0,62.0,6.0,4.1,30.0,2,51.5
18,2010,1,19,0.0,0.0,0.02,0.0,71.0,22.0,7.5,24.0,8,73.0
19,2016,0,19,0.0,0.0,0.19,0.0,71.0,22.0,7.5,24.0,8,73.0
6,2004,3,12,0.32,0.12,0.0,0.01,71.0,22.0,7.5,24.0,8,73.0
4,2007,10,10,0.05,0.0,0.0,0.0,81.0,10.0,7.6,8.0,1,78.5
12,2011,11,26,0.0,1.13,0.0,0.29,83.0,33.0,7.0,493.0,7,76.5
15,2007,7,22,0.0,0.0,0.11,0.0,71.0,22.0,7.5,24.0,8,73.0
28,2004,10,10,0.04,0.01,0.0,0.0,74.0,21.0,8.1,9.0,1,77.5
27,2011,8,22,0.07,0.02,0.0,0.01,43.0,42.0,1.2,116.0,5,27.5
14,1997,4,19,0.13,0.09,0.0,0.01,71.0,22.0,7.5,24.0,8,73.0
2,2016,7,19,0.0,0.0,0.12,0.0,71.0,22.0,7.5,24.0,8,73.0
25,2010,6,19,0.09,0.11,0.0,0.02,74.0,17.0,6.8,5.0,1,71.0
25,2008,1,2,0.08,0.08,0.0,0.02,71.0,22.0,7.5,24.0,1,73.0
16,2011,6,2,0.25,0.0,0.0,0.02,62.0,16.0,3.7,15.0,1,49.5
16,2006,10,24,0.11,0.0,0.0,0.01,79.0,24.0,6.6,5.0,2,72.5
25,2008,3,19,0.17,0.04,0.0,0.02,71.0,22.0,7.5,24.0,8,73.0
15,2003,10,20,0.11,0.09,0.0,0.03,90.0,19.0,7.0,22.0,1,80.0
7,2005,3,19,0.04,0.01,0.0,0.0,44.0,5.0,7.5,24.0,2,59.5
4,2009,3,23,0.1,0.0,0.0,0.01,71.0,22.0,7.5,24.0,1,73.0
19,2011,10,20,0.04,0.28,0.01,0.09,71.0,22.0,7.5,24.0,8,73.0
16,2012,0,16,0.0,0.0,0.1,0.0,71.0,22.0,7.5,24.0,8,73.0
22,1995,5,17,0.0,0.0,0.41,0.0,71.0,22.0,7.5,24.0,8,73.0
4,2008,0,16,0.0,0.0,0.06,0.0,71.0,22.0,7.5,24.0,8,73.0
12,2012,8,24,0.11,0.09,0.0,0.02,76.0,16.0,8.2,1237.0,5,79.0
16,2010,0,19,0.8,0.49,0.0,0.21,63.0,41.0,6.8,121.0,7,65.5
28,2004,6,26,0.06,0.02,0.0,0.0,49.0,18.0,7.0,4.0,1,59.5
18,2012,0,19,0.0,0.0,0.02,0.0,71.0,22.0,7.5,24.0,8,73.0
22,1994,10,17,0.0,0.0,0.59,0.0,71.0,22.0,7.5,24.0,8,73.0
27,2011,6,5,0.11,0.5,0.01,0.09,84.0,61.0,7.1,54.0,1,77.5
15,2008,0,8,0.2,0.15,0.0,0.05,67.0,6.0,7.0,8.0,7,68.5
7,2003,4,20,0.19,0.05,0.0,0.01,71.0,37.0,8.7,31.0,1,79.0
19,2015,0,19,0.0,0.03,0.07,0.01,72.0,7.0,8.5,11.0,5,78.5
22,1991,2,19,0.0,0.0,0.39,0.0,71.0,22.0,7.5,24.0,8,73.0
26,2012,2,16,0.09,0.07,0.01,0.01,71.0,22.0,7.5,24.0,8,73.0
22,1998,10,19,0.0,0.0,0.08,0.0,71.0,22.0,7.5,24.0,8,73.0
27,2010,0,12,0.1,0.04,0.0,0.01,71.0,22.0,7.5,24.0,8,73.0
15,2003,3,19,0.08,0.06,0.0,0.02,71.0,22.0,7.5,24.0,8,73.0
10,1989,4,4,0.91,0.3,0.42,0.04,71.0,22.0,7.5,24.0,8,73.0
14,1999,10,19,0.06,0.04,0.0,0.01,71.0,22.0,7.5,24.0,8,73.0
15,2007,11,19,0.0,0.0,0.44,0.0,71.0,22.0,7.5,24.0,8,73.0
15,2004,10,30,0.03,0.02,0.0,0.01,70.0,15.0,8.7,12.0,1,78.5
5,1989,10,17,0.83,0.33,0.92,0.04,71.0,22.0,7.5,24.0,8,73.0
25,2009,0,19,0.07,0.01,0.01,0.01,39.0,32.0,5.6,34.0,5,47.5
25,2008,11,19,0.05,0.0,0.0,0.0,71.0,22.0,7.5,24.0,8,73.0
14,1997,10,19,0.08,0.05,0.0,0.01,71.0,22.0,7.5,24.0,8,73.0
15,2006,10,12,0.1,2.39,1.05,0.86,86.0,19.0,8.9,33.0,1,87.5
4,2009,0,20,0.0,0.0,0.03,0.0,71.0,22.0,7.5,24.0,8,73.0
22,1993,10,19,0.0,0.0,0.12,0.0,71.0,22.0,7.5,24.0,8,73.0
4,2009,1,26,0.2,0.0,0.0,0.02,71.0,22.0,8.9,8.0,1,80.0
15,2005,8,16,0.01,0.01,0.0,0.0,48.0,15.0,7.5,24.0,2,61.5
4,2009,10,10,0.14,0.37,0.0,0.07,71.0,22.0,7.6,5.0,1,73.5
18,2006,0,10,0.09,0.0,0.0,0.01,59.0,34.0,7.9,16.0,5,69.0
4,2007,3,19,0.1,0.0,0.0,0.01,60.0,8.0,7.5,24.0,2,67.5
12,2016,11,19,0.0,0.01,0.0,0.0,71.0,22.0,7.5,24.0,8,73.0
4,2008,9,26,0.35,0.0,0.0,0.03,71.0,22.0,7.5,24.0,1,73.0
9,2000,10,15,0.34,0.07,0.0,0.0,71.0,22.0,7.5,24.0,8,73.0
16,2007,7,21,0.2,0.04,0.05,0.03,75.0,55.0,8.2,145.0,7,78.5
19,2014,1,19,0.08,0.01,0.06,0.03,60.0,19.0,7.4,58.0,5,67.0
10,1990,0,12,1.74,0.25,0.21,0.03,71.0,22.0,7.5,24.0,8,73.0
6,2002,9,25,0.01,0.0,0.0,0.0,79.0,5.0,9.4,9.0,1,86.5
25,2010,6,19,0.06,0.0,0.0,0.0,71.0,22.0,7.5,24.0,1,73.0
14,1995,6,10,0.56,0.38,0.0,0.07,71.0,22.0,7.5,24.0,8,73.0
17,2016,0,22,0.0,0.0,0.28,0.0,71.0,22.0,7.5,24.0,8,73.0
16,2015,0,20,0.0,0.0,0.25,0.0,71.0,22.0,7.5,24.0,8,73.0
15,2004,0,4,0.1,0.08,0.0,0.03,85.0,29.0,7.7,17.0,7,81.0
4,2009,1,19,0.0,0.02,0.0,0.0,54.0,7.0,7.5,24.0,5,64.5
17,2015,2,19,0.01,0.0,0.02,0.0,70.0,33.0,6.9,28.0,7,69.5
15,2005,2,3,0.38,0.01,0.0,0.06,49.0,13.0,5.4,29.0,7,51.5
6,2003,0,23,0.28,0.1,0.0,0.01,71.0,22.0,7.5,24.0,1,73.0
18,2009,2,21,0.0,0.0,0.09,0.0,71.0,22.0,7.5,24.0,8,73.0
12,2007,8,14,0.0,0.01,0.0,0.0,87.0,36.0,7.8,567.0,5,82.5
4,2009,9,26,0.14,0.01,0.0,0.06,71.0,22.0,7.5,24.0,1,73.0
4,2010,0,19,0.17,0.03,0.0,0.02,43.0,5.0,4.0,5.0,7,41.5
14,2000,10,10,0.74,0.5,0.0,0.09,71.0,22.0,7.5,24.0,8,73.0
12,2006,11,10,0.01,0.01,0.0,0.0,84.0,36.0,7.5,366.0,7,79.5
12,2011,8,19,0.0,0.23,0.0,0.05,80.0,38.0,3.7,1466.0,7,58.5
15,2006,2,20,0.0,0.0,0.11,0.0,71.0,22.0,7.5,24.0,8,73.0
19,2016,0,19,0.0,0.0,0.09,0.0,71.0,22.0,7.5,24.0,7,73.0
25,2007,2,3,0.32,0.36,0.26,0.09,72.0,27.0,8.4,61.0,7,78.0
17,2016,4,7,0.04,0.0,0.0,0.01,52.0,64.0,3.5,282.0,2,43.5
25,2011,8,3,0.05,0.0,0.0,0.0,71.0,22.0,7.5,24.0,2,73.0
12,2007,7,19,0.0,0.02,0.0,0.0,57.0,9.0,5.8,19.0,5,57.5
27,2011,0,20,0.11,0.05,0.0,0.01,60.0,48.0,6.4,37.0,7,62.0
2,2015,0,4,0.27,0.21,2.79,0.05,71.0,22.0,7.5,24.0,8,73.0
27,2009,8,24,2.4,0.71,0.03,0.29,84.0,83.0,8.2,715.0,5,83.0
7,2002,6,26,0.01,0.0,0.0,0.0,64.0,11.0,7.5,24.0,1,69.5
12,2003,1,19,0.0,0.01,0.0,0.0,71.0,25.0,8.0,28.0,5,75.5
14,1999,11,12,0.06,0.04,0.0,0.01,71.0,22.0,7.5,24.0,8,73.0
15,2006,6,23,1.01,0.04,0.0,0.16,71.0,30.0,8.4,12.0,1,77.5
15,2002,3,19,0.01,0.01,0.0,0.0,67.0,24.0,7.5,24.0,1,71.0
15,2002,10,12,0.0,0.0,0.04,0.0,71.0,22.0,7.5,24.0,8,73.0
4,2007,7,6,0.37,0.0,0.0,0.03,57.0,18.0,7.2,9.0,2,64.5
12,2005,0,23,0.01,0.0,0.0,0.0,65.0,5.0,7.5,24.0,2,70.0
17,2016,7,16,0.0,0.0,0.23,0.0,71.0,22.0,7.5,24.0,7,73.0
14,1995,10,19,0.28,0.19,0.0,0.03,71.0,22.0,7.5,24.0,8,73.0
15,2001,8,19,0.02,0.02,0.0,0.01,59.0,9.0,5.5,4.0,7,57.0
12,2014,9,20,0.0,0.44,0.0,0.03,80.0,36.0,6.0,151.0,8,70.0
18,2011,7,20,0.0,0.0,0.2,0.0,71.0,22.0,7.5,24.0,8,73.0
4,2009,5,19,0.03,0.01,0.0,0.0,71.0,22.0,7.5,24.0,1,73.0
12,2001,11,14,0.0,0.03,0.0,0.0,71.0,22.0,7.5,24.0,8,73.0
25,2010,6,12,0.01,0.0,0.0,0.0,71.0,22.0,7.5,24.0,8,73.0
9,2000,10,12,0.04,0.0,0.0,0.0,71.0,22.0,7.5,24.0,8,73.0
16,2008,8,19,0.11,0.04,0.0,0.02,62.0,40.0,5.8,18.0,7,60.0
9,1999,4,2,0.71,0.2,0.0,0.01,71.0,22.0,7.5,24.0,8,73.0
16,2007,3,21,0.0,0.07,0.0,0.01,71.0,22.0,7.5,24.0,8,73.0
18,2013,1,19,0.0,0.0,0.05,0.0,71.0,22.0,7.5,24.0,8,73.0
4,2010,5,26,0.02,0.07,0.0,0.02,71.0,22.0,7.5,24.0,1,73.0
14,1998,10,10,1.66,0.04,0.0,0.04,71.0,22.0,7.5,24.0,8,73.0
12,2011,1,19,0.02,0.0,0.0,0.0,71.0,22.0,7.5,24.0,8,73.0
14,1997,10,19,0.2,0.14,0.0,0.02,71.0,22.0,7.5,24.0,8,73.0
4,2008,7,22,0.0,0.0,0.05,0.0,71.0,22.0,7.5,24.0,8,73.0
26,2013,9,8,0.14,0.04,0.0,0.02,51.0,10.0,5.3,9.0,1,52.0
18,2006,11,3,0.18,0.0,0.0,0.02,72.0,13.0,2.8,39.0,2,50.0
2,2011,6,6,0.07,0.07,0.0,0.01,71.0,22.0,7.5,24.0,1,73.0
6,2001,0,13,0.5,0.19,0.0,0.01,67.0,8.0,7.5,24.0,1,71.0
10,1984,8,17,26.93,0.63,0.28,0.47,71.0,22.0,7.5,24.0,8,73.0
27,2015,0,19,0.0,0.02,0.0,0.0,71.0,22.0,7.5,24.0,1,73.0
14,2000,6,5,0.06,0.04,0.0,0.01,71.0,22.0,7.5,24.0,8,73.0
9,1998,6,17,0.45,0.33,0.29,0.03,71.0,22.0,7.5,24.0,8,73.0
14,1997,2,19,0.22,0.15,0.0,0.03,71.0,22.0,7.5,24.0,8,73.0
16,2006,8,21,1.74,1.72,0.14,0.75,86.0,70.0,8.1,715.0,5,83.5
0,1981,0,19,0.21,0.01,0.0,0.0,71.0,22.0,7.5,24.0,8,73.0
15,2001,10,21,0.15,0.12,0.0,0.04,52.0,14.0,6.5,8.0,1,58.5
14,1997,10,19,0.03,0.02,0.0,0.0,71.0,22.0,7.5,24.0,8,73.0
17,2014,10,10,0.31,0.19,0.0,0.1,60.0,28.0,3.6,306.0,2,48.0
9,1997,5,19,0.0,0.0,0.16,0.03,71.0,22.0,7.5,24.0,8,73.0
12,2002,11,3,1.19,0.05,0.0,0.0,74.0,22.0,8.5,135.0,1,79.5
14,1999,2,19,0.05,0.03,0.0,0.01,71.0,22.0,7.5,24.0,8,73.0
14,1999,7,21,0.94,0.44,0.39,0.1,74.0,12.0,8.4,248.0,7,79.0
12,2015,11,19,0.0,0.01,0.0,0.0,71.0,37.0,7.1,93.0,8,71.0
16,2012,2,16,0.27,0.24,0.14,0.08,74.0,23.0,7.1,83.0,7,72.5
4,2009,0,16,0.0,0.0,0.09,0.0,71.0,22.0,7.5,24.0,8,73.0
4,2007,10,19,0.0,0.0,0.18,0.0,71.0,22.0,7.5,24.0,8,73.0
7,2001,10,1,0.21,0.06,0.0,0.01,78.0,15.0,7.7,10.0,7,77.5
6,2005,4,16,0.03,0.01,0.0,0.0,71.0,22.0,7.5,24.0,8,73.0
14,1998,3,19,0.19,0.13,0.0,0.02,71.0,22.0,7.5,24.0,8,73.0
28,2004,8,3,0.17,0.04,0.0,0.01,64.0,27.0,5.3,20.0,5,58.5
25,2010,0,23,0.13,0.07,0.0,0.02,46.0,4.0,7.5,24.0,2,60.5
18,2010,11,19,0.0,0.0,0.02,0.0,71.0,22.0,7.5,24.0,2,73.0
27,2006,9,20,0.24,0.0,0.01,0.02,71.0,60.0,7.0,72.0,7,70.5
15,2007,0,20,0.13,0.0,0.0,0.39,46.0,10.0,5.2,6.0,2,49.0
2,2011,10,10,0.08,0.26,0.0,0.05,71.0,22.0,7.5,24.0,8,73.0
7,2002,10,12,0.05,0.01,0.0,0.0,36.0,7.0,4.7,6.0,1,41.5
2,2012,7,19,0.12,0.05,0.2,0.01,71.0,22.0,7.5,24.0,8,73.0
22,1993,8,12,0.0,0.0,0.09,0.0,71.0,22.0,7.5,24.0,8,73.0
29,2014,3,14,1.61,0.9,0.0,0.25,71.0,22.0,7.5,24.0,8,73.0
19,2014,1,19,0.0,0.0,0.02,0.0,71.0,22.0,7.5,24.0,8,73.0
9,2000,6,15,0.16,0.04,0.0,0.0,71.0,22.0,7.5,24.0,8,73.0
16,2016,10,10,0.05,0.55,0.03,0.1,71.0,22.0,3.3,21.0,1,52.0
22,1993,10,19,0.0,0.0,0.53,0.0,71.0,22.0,7.5,24.0,8,73.0
18,2009,1,21,0.0,0.0,0.02,0.0,71.0,22.0,7.5,24.0,8,73.0
27,2013,0,12,0.07,0.15,0.0,0.02,80.0,23.0,4.3,113.0,1,61.5
12,2003,0,24,0.0,0.03,0.0,0.01,94.0,30.0,8.8,1520.0,5,91.0
20,1997,8,20,0.0,0.0,0.13,0.0,71.0,22.0,7.5,24.0,8,73.0
27,2007,10,20,0.03,0.01,0.0,0.0,80.0,34.0,6.8,26.0,1,74.0
16,2010,7,20,0.19,0.17,0.0,0.07,64.0,49.0,6.9,117.0,5,66.5
5,1998,7,9,0.0,0.0,2.34,0.01,71.0,22.0,7.5,24.0,8,73.0
4,2010,5,19,0.07,0.11,0.0,0.02,71.0,22.0,7.5,24.0,8,73.0
4,2008,3,26,0.08,0.0,0.0,0.01,71.0,22.0,7.5,24.0,8,73.0
4,2006,1,23,0.14,0.0,0.0,0.01,62.0,14.0,7.5,24.0,1,68.5
15,2006,10,10,0.17,0.13,0.02,0.04,59.0,27.0,7.7,42.0,1,68.0
7,2002,4,23,0.07,0.02,0.0,0.0,42.0,4.0,5.1,7.0,1,46.5
16,2012,11,25,0.0,0.0,0.09,0.0,71.0,22.0,7.5,24.0,8,73.0
27,2009,3,20,0.85,0.43,0.0,0.13,79.0,45.0,8.5,40.0,2,82.0
4,2010,3,0,0.04,0.0,0.0,0.0,71.0,22.0,7.5,24.0,1,73.0
4,2008,3,8,0.19,0.02,0.0,0.02,69.0,11.0,7.5,24.0,1,72.0
19,2014,6,19,0.0,0.01,0.0,0.0,71.0,22.0,7.5,4.0,1,73.0
18,2012,0,12,0.0,0.0,0.15,0.0,71.0,22.0,7.5,24.0,8,73.0
15,2001,2,4,0.22,0.17,0.3,0.06,81.0,22.0,7.9,27.0,7,80.0
4,2007,9,10,0.33,0.02,0.21,0.03,69.0,27.0,6.3,18.0,1,66.0
16,2006,6,20,0.14,0.02,0.0,0.02,67.0,43.0,7.6,25.0,7,71.5
9,1998,2,19,0.0,0.0,0.04,0.03,71.0,22.0,7.5,24.0,8,73.0
18,2007,8,16,0.0,0.0,0.12,0.0,71.0,22.0,7.5,24.0,8,73.0
14,1999,0,9,0.31,0.21,0.0,0.04,71.0,22.0,7.5,24.0,8,73.0
4,2008,10,19,0.0,0.0,0.02,0.0,71.0,22.0,7.5,24.0,8,73.0
15,2002,10,10,0.0,0.0,0.04,0.0,71.0,22.0,7.5,24.0,8,73.0
27,2008,3,3,0.27,0.01,0.01,0.02,63.0,16.0,7.5,24.0,2,69.0
25,2008,0,20,0.3,0.22,0.0,0.06,44.0,14.0,7.0,8.0,7,57.0
28,2002,8,10,1.0,0.43,0.0,0.06,81.0,18.0,6.9,23.0,7,75.0
18,2009,10,12,0.0,0.0,0.27,0.0,71.0,22.0,7.5,24.0,8,73.0
4,2007,10,19,0.07,0.0,0.0,0.0,71.0,22.0,7.5,24.0,8,73.0
16,2007,7,26,0.0,0.0,0.04,0.0,71.0,22.0,7.5,24.0,8,73.0
6,2006,7,19,0.0,0.0,0.03,0.0,71.0,22.0,7.5,24.0,8,73.0
16,2010,3,7,0.0,0.1,0.0,0.03,71.0,22.0,7.5,24.0,8,73.0
15,2009,1,25,0.0,0.0,0.03,0.0,71.0,22.0,7.5,24.0,8,73.0
18,2008,7,22,0.14,0.01,0.16,0.02,75.0,37.0,7.1,26.0,7,73.0
7,2005,7,16,0.07,0.02,0.0,0.0,55.0,4.0,8.1,19.0,1,68.0
4,2007,5,19,0.05,0.0,0.0,0.0,71.0,22.0,7.5,24.0,8,73.0
25,2009,10,12,0.0,0.0,0.08,0.0,71.0,22.0,7.5,24.0,8,73.0
17,2016,11,16,0.0,0.0,0.08,0.0,71.0,22.0,7.5,24.0,8,73.0
15,2007,3,21,0.23,0.18,0.0,0.06,76.0,20.0,7.5,24.0,7,75.5
28,2003,2,19,0.03,0.01,0.0,0.0,61.0,22.0,8.6,9.0,7,73.5
16,2007,10,10,0.35,0.0,0.0,0.03,77.0,13.0,7.9,28.0,1,78.0
27,2013,10,10,1.01,0.0,0.0,0.08,77.0,18.0,5.8,74.0,1,67.5
6,2004,3,27,0.19,0.07,0.0,0.0,71.0,22.0,7.5,24.0,8,73.0
4,2006,0,3,0.01,0.01,0.0,0.0,71.0,22.0,7.5,24.0,8,73.0
4,2010,1,16,0.0,0.0,0.05,0.0,71.0,22.0,7.5,24.0,8,73.0
12,2007,6,20,0.0,0.01,0.0,0.0,74.0,9.0,7.6,18.0,1,75.0
22,1992,7,19,0.0,0.0,0.97,0.0,71.0,22.0,7.5,24.0,8,73.0
5,2000,7,17,2.55,1.56,1.29,0.99,71.0,22.0,7.5,24.0,8,73.0
16,2013,9,16,0.0,0.0,0.04,0.0,71.0,22.0,7.5,24.0,8,73.0
25,2009,10,19,0.35,0.0,0.0,0.03,71.0,22.0,7.5,24.0,1,73.0
17,2015,0,22,0.47,1.03,0.07,0.28,73.0,42.0,6.5,403.0,5,69.0
15,2006,8,21,1.74,0.02,0.0,0.28,72.0,38.0,9.0,34.0,7,81.0
2,2012,7,16,0.0,0.0,0.2,0.0,71.0,22.0,7.5,24.0,8,73.0
20,1997,1,19,0.0,0.0,0.07,0.0,71.0,22.0,7.5,24.0,8,73.0
14,1997,4,12,0.58,0.4,0.21,0.08,93.0,12.0,9.4,358.0,7,93.5
14,1997,10,10,0.85,0.58,0.0,0.1,71.0,22.0,7.5,24.0,8,73.0
28,2002,7,26,2.09,0.63,0.03,0.11,87.0,34.0,8.7,111.0,7,87.0
28,2005,9,19,0.04,0.01,0.0,0.0,71.0,22.0,7.5,24.0,8,73.0
15,2005,7,19,0.01,0.01,0.0,0.0,62.0,26.0,7.3,9.0,7,67.5
4,2007,5,19,0.1,0.0,0.0,0.01,71.0,22.0,7.5,24.0,1,73.0
16,2007,6,23,0.18,0.04,0.01,0.03,71.0,10.0,6.4,5.0,7,67.5
15,2005,0,10,0.54,0.02,0.0,0.09,68.0,29.0,6.7,48.0,2,67.5
25,2009,3,19,0.1,0.0,0.0,0.01,71.0,22.0,7.5,24.0,7,73.0
14,1998,5,19,0.07,0.05,0.0,0.01,79.0,6.0,8.3,6.0,1,81.0
27,2006,8,2,0.13,0.0,0.0,0.01,71.0,22.0,7.5,24.0,8,73.0
25,2009,10,19,0.04,0.0,0.0,0.0,71.0,22.0,7.5,24.0,8,73.0
15,2009,0,6,0.05,0.02,0.0,0.08,71.0,22.0,7.5,24.0,2,73.0
15,2006,1,26,0.12,0.09,0.0,0.03,51.0,32.0,7.5,13.0,7,63.0
12,2011,0,19,0.0,0.03,0.0,0.01,55.0,7.0,6.0,33.0,5,57.5
15,2001,10,25,0.0,0.0,0.13,0.0,71.0,22.0,7.5,24.0,8,73.0
16,2013,7,18,0.25,0.07,0.17,0.05,82.0,62.0,8.3,288.0,7,82.5
2,2015,9,19,0.0,0.0,0.01,0.0,71.0,22.0,7.5,24.0,8,73.0
25,2010,0,20,0.15,0.19,0.0,0.04,71.0,22.0,7.5,24.0,8,73.0
19,2012,7,19,0.2,0.01,0.16,0.03,66.0,21.0,7.8,111.0,7,72.0
22,1993,2,19,0.0,0.0,0.45,0.0,71.0,22.0,7.5,24.0,8,73.0
28,2005,4,23,0.05,0.02,0.0,0.0,75.0,19.0,7.5,24.0,1,75.0
28,2005,2,12,0.01,0.0,0.0,0.0,43.0,13.0,4.8,5.0,7,45.5
12,2011,7,19,0.06,0.0,0.0,0.0,71.0,22.0,7.4,5.0,7,72.5
28,2002,0,3,0.05,0.02,0.0,0.0,71.0,22.0,7.5,24.0,8,73.0
25,2007,1,19,0.0,0.0,0.01,0.0,71.0,22.0,7.5,24.0,8,73.0
5,2001,7,19,0.0,0.0,0.14,0.0,71.0,22.0,7.5,24.0,8,73.0
15,2005,8,26,0.38,0.01,0.0,0.06,82.0,30.0,7.6,30.0,5,79.0
15,2006,4,15,0.05,0.04,0.0,0.01,52.0,19.0,4.2,6.0,2,47.0
4,2007,0,23,0.31,0.0,0.0,0.03,71.0,22.0,7.5,24.0,8,73.0
7,2003,0,10,0.53,0.14,0.0,0.02,84.0,23.0,8.5,21.0,7,84.5
14,1998,3,19,0.14,0.09,0.0,0.02,71.0,22.0,7.5,24.0,8,73.0
12,2007,10,19,0.0,1.12,0.0,0.0,86.0,15.0,8.0,19.0,1,83.0
25,2009,8,20,0.28,0.23,0.0,0.06,69.0,79.0,8.2,258.0,7,75.5
15,2004,6,19,0.1,0.08,0.0,0.03,71.0,22.0,8.7,7.0,1,79.0
14,1999,11,10,0.35,0.24,0.0,0.04,71.0,22.0,7.5,24.0,8,73.0
2,2011,1,19,0.08,0.02,0.0,0.01,62.0,9.0,7.4,9.0,1,68.0
7,2003,0,9,0.1,0.03,0.0,0.0,83.0,17.0,5.5,8.0,5,69.0
27,2010,6,14,0.92,0.39,0.0,0.12,52.0,46.0,5.0,20.0,1,51.0
27,2011,8,29,0.3,0.11,0.01,0.04,75.0,71.0,7.0,139.0,5,72.5
28,2003,6,19,0.15,0.04,0.0,0.01,40.0,5.0,7.4,7.0,1,57.0
12,2010,0,23,0.07,0.06,0.0,0.02,83.0,18.0,7.8,603.0,5,80.5
16,2016,7,27,0.0,0.0,0.11,0.0,71.0,22.0,7.5,24.0,8,73.0
4,2009,9,19,0.13,0.01,0.0,0.01,71.0,22.0,7.5,24.0,1,73.0
25,2010,0,19,0.0,0.01,0.0,0.0,71.0,22.0,7.5,24.0,8,73.0
9,1999,4,26,0.09,0.02,0.0,0.0,71.0,22.0,7.5,24.0,8,73.0
16,2011,10,26,0.0,0.1,0.0,0.02,71.0,22.0,7.5,24.0,8,73.0
20,1994,2,19,0.0,0.0,0.04,0.0,71.0,22.0,7.5,24.0,8,73.0
25,2010,9,13,0.06,0.0,0.0,0.0,71.0,22.0,7.5,24.0,1,73.0
2,2011,0,20,0.06,0.03,0.0,0.01,55.0,10.0,4.2,5.0,7,48.5
14,1997,6,21,0.18,0.12,0.0,0.02,71.0,22.0,7.5,24.0,8,73.0
6,2004,3,19,0.06,0.02,0.0,0.0,71.0,22.0,7.5,24.0,8,73.0
28,2001,10,15,0.2,0.06,0.0,0.01,79.0,20.0,8.7,11.0,1,83.0
0,1981,8,19,1.18,0.08,0.0,0.01,71.0,22.0,7.5,24.0,8,73.0
18,2010,0,16,0.04,0.02,0.05,0.01,57.0,22.0,5.0,6.0,7,53.5
2,2015,3,17,0.03,0.66,0.02,0.04,71.0,22.0,7.5,24.0,8,73.0
15,2006,6,5,0.01,0.0,0.0,0.0,64.0,35.0,6.8,8.0,1,66.0
6,2004,7,23,0.06,0.02,0.0,0.0,77.0,20.0,8.8,15.0,7,82.5
6,2001,5,19,0.03,0.01,0.0,0.0,71.0,22.0,7.5,24.0,8,73.0
15,2006,0,26,0.13,0.1,0.0,0.03,71.0,22.0,7.5,24.0,8,73.0
27,2010,0,29,0.95,0.46,0.0,0.14,79.0,58.0,8.0,62.0,2,79.5
19,2015,0,11,0.0,0.0,0.03,0.0,71.0,22.0,7.5,24.0,8,73.0
14,1997,2,19,0.19,0.13,0.0,0.02,71.0,22.0,7.5,24.0,8,73.0
28,2003,10,2,0.85,0.37,0.0,0.05,85.0,33.0,9.1,26.0,7,88.0
25,2009,1,19,0.07,0.0,0.0,0.01,65.0,8.0,7.5,24.0,2,70.0
12,2011,8,19,0.01,0.05,0.0,0.01,72.0,53.0,8.2,586.0,8,77.0
0,1981,0,3,0.21,0.01,0.0,0.0,71.0,22.0,7.5,24.0,8,73.0
22,1993,10,17,0.0,0.0,0.8,0.0,71.0,22.0,7.5,24.0,8,73.0
16,2009,7,16,0.97,0.33,0.35,0.17,89.0,81.0,8.9,1441.0,5,89.0
4,2005,10,2,0.19,0.0,0.0,0.02,84.0,31.0,8.7,55.0,1,85.5
2,2015,3,19,0.0,0.0,0.02,0.0,71.0,22.0,7.5,24.0,8,73.0
16,2008,3,19,0.21,0.01,0.0,0.02,60.0,12.0,5.3,14.0,7,56.5
17,2016,1,21,0.18,0.15,0.0,0.07,72.0,49.0,8.0,68.0,5,76.0
4,2008,1,19,0.13,0.08,0.0,0.02,71.0,22.0,7.5,24.0,1,73.0
18,2013,0,25,0.0,0.0,0.18,0.0,71.0,22.0,7.5,24.0,8,73.0
27,2012,2,16,0.26,0.14,0.01,0.04,74.0,35.0,7.2,47.0,7,73.0
28,2003,0,3,0.11,0.03,0.0,0.01,35.0,24.0,2.0,10.0,7,27.5
28,2002,6,15,0.25,0.07,0.0,0.01,71.0,19.0,7.5,24.0,7,73.0
16,2011,4,23,0.11,0.07,0.0,0.03,74.0,50.0,7.1,34.0,2,72.5
4,2010,9,19,0.12,0.0,0.0,0.01,71.0,22.0,7.5,24.0,8,73.0
25,2011,3,23,0.35,0.02,0.0,0.03,59.0,12.0,7.5,24.0,1,67.0
27,2015,0,19,0.03,0.05,0.0,0.01,71.0,22.0,7.5,24.0,8,73.0
25,2010,9,3,0.23,0.0,0.0,0.02,71.0,22.0,7.5,24.0,1,73.0
4,2010,3,27,0.0,0.07,0.0,0.01,71.0,22.0,7.5,24.0,8,73.0
25,2010,9,12,0.28,0.04,0.0,0.02,71.0,22.0,7.5,24.0,1,73.0
28,2002,0,10,0.27,0.08,0.0,0.01,77.0,13.0,7.2,12.0,1,74.5
18,2005,0,25,0.07,0.0,0.11,0.01,64.0,30.0,6.4,8.0,7,64.0
27,2015,10,24,0.79,0.05,0.0,0.1,71.0,22.0,3.2,24.0,1,51.5
15,2006,3,19,0.82,0.64,0.0,0.22,71.0,22.0,7.5,24.0,8,73.0
28,2002,0,23,0.07,0.02,0.0,0.0,56.0,22.0,7.5,24.0,7,65.5
27,2013,8,14,0.92,0.5,0.03,0.12,79.0,81.0,5.4,779.0,5,66.5
28,2005,0,23,0.06,0.02,0.0,0.0,66.0,34.0,7.5,24.0,5,70.5
16,2013,6,5,0.01,0.42,0.03,0.09,77.0,22.0,6.3,40.0,1,70.0
16,2015,3,26,0.1,0.06,0.0,0.03,71.0,22.0,4.2,6.0,2,56.5
15,2001,6,19,0.16,0.12,0.0,0.04,64.0,11.0,7.5,24.0,1,69.5
14,1998,6,19,0.05,0.03,0.0,0.01,71.0,22.0,7.5,24.0,8,73.0
2,2015,11,19,0.0,0.0,0.02,0.0,71.0,22.0,7.5,24.0,8,73.0
14,1996,4,19,0.12,0.08,0.0,0.01,71.0,22.0,7.5,24.0,8,73.0
6,2001,7,4,0.14,0.05,0.22,0.01,79.0,10.0,8.9,24.0,1,84.0
15,2003,4,4,0.1,0.08,0.0,0.03,83.0,46.0,7.8,13.0,7,80.5
4,2009,9,19,0.07,0.0,0.0,0.01,71.0,22.0,7.5,24.0,1,73.0
0,1982,0,3,0.35,0.02,0.0,0.0,71.0,22.0,7.5,24.0,8,73.0
15,2001,6,3,0.08,0.06,0.0,0.02,71.0,22.0,7.5,24.0,8,73.0
2,2015,3,20,0.16,0.04,0.1,0.02,80.0,32.0,8.5,71.0,2,82.5
6,2004,0,17,0.0,0.0,0.07,0.0,71.0,22.0,7.5,24.0,8,73.0
15,2008,4,24,0.19,0.15,0.0,0.05,71.0,22.0,7.5,24.0,1,73.0
4,2007,9,19,0.43,0.01,0.25,0.04,65.0,15.0,7.0,22.0,1,67.5
15,2009,9,12,1.09,0.85,0.0,0.28,71.0,22.0,7.5,24.0,2,73.0
14,1997,8,19,0.06,0.04,0.0,0.01,71.0,22.0,7.5,24.0,8,73.0
18,2007,3,21,0.33,0.25,0.07,0.16,86.0,60.0,8.7,102.0,1,86.5
4,2011,0,2,0.32,0.08,0.0,0.03,71.0,22.0,7.5,24.0,8,73.0
15,2001,11,23,0.13,0.1,0.2,0.03,71.0,15.0,8.3,22.0,7,77.0
14,2000,1,19,0.1,0.07,0.0,0.01,71.0,22.0,7.5,24.0,8,73.0
18,2010,1,19,0.0,0.0,0.01,0.0,71.0,22.0,7.5,24.0,8,73.0
4,2008,0,16,0.0,0.0,0.02,0.0,71.0,22.0,7.5,24.0,8,73.0
27,2008,0,29,2.04,1.02,0.0,0.32,76.0,49.0,7.9,75.0,2,77.5
2,2011,11,25,0.0,0.0,0.03,0.0,71.0,22.0,7.5,24.0,8,73.0
18,2011,3,21,0.0,0.02,0.0,0.01,71.0,22.0,7.5,24.0,8,73.0
17,2013,11,2,0.1,0.08,0.0,0.04,47.0,5.0,2.0,87.0,1,33.5
27,2015,6,19,0.0,0.01,0.0,0.0,71.0,22.0,7.5,24.0,8,73.0
18,2006,6,23,0.11,0.2,0.0,0.12,65.0,24.0,8.2,6.0,7,73.5
15,2008,6,10,0.38,0.08,0.03,0.93,71.0,22.0,6.5,38.0,7,68.0
6,2001,7,19,0.01,0.0,0.0,0.0,68.0,6.0,7.5,24.0,1,71.5
15,2007,1,11,0.0,0.0,0.03,0.0,71.0,22.0,7.5,24.0,8,73.0
14,2000,4,26,0.08,0.06,0.0,0.01,65.0,4.0,7.0,10.0,1,67.5
19,2015,0,19,0.0,0.0,0.03,0.0,71.0,22.0,7.5,24.0,8,73.0
4,2010,3,19,0.0,0.0,0.06,0.0,71.0,22.0,7.5,24.0,8,73.0
9,1999,11,19,0.03,0.01,0.0,0.0,71.0,22.0,7.5,24.0,8,73.0
9,1998,6,19,0.23,0.06,0.0,0.0,71.0,22.0,7.5,24.0,8,73.0
16,2009,10,20,0.09,0.22,0.0,0.06,70.0,34.0,6.3,21.0,1,66.5
7,2003,2,3,0.53,0.14,0.0,0.02,65.0,16.0,6.3,15.0,7,64.0
12,2012,1,19,0.0,0.02,0.0,0.0,82.0,38.0,8.3,341.0,8,82.5
25,2011,0,2,0.07,0.02,0.0,0.01,36.0,10.0,4.5,15.0,7,40.5
28,2005,0,3,0.23,0.07,0.0,0.01,73.0,39.0,7.3,20.0,7,73.0
16,2013,7,16,0.21,0.12,0.13,0.07,71.0,22.0,7.2,6.0,7,71.5
14,1994,9,10,0.24,0.16,0.13,0.04,71.0,22.0,7.5,24.0,8,73.0
12,2012,7,16,0.0,0.06,0.0,0.01,71.0,22.0,7.5,24.0,8,73.0
7,2003,0,26,0.05,0.01,0.0,0.0,63.0,17.0,7.5,24.0,7,69.0
27,2011,3,23,0.19,0.0,0.0,0.01,82.0,23.0,7.9,29.0,7,80.5
17,2013,10,10,0.15,0.05,0.0,0.04,43.0,25.0,2.7,175.0,1,35.0
28,2004,8,19,0.09,0.02,0.0,0.0,44.0,26.0,7.5,24.0,7,59.5
14,1996,7,21,0.26,0.17,0.46,0.06,71.0,22.0,7.5,24.0,8,73.0
22,1993,2,16,0.0,0.0,0.36,0.0,71.0,22.0,7.5,24.0,8,73.0
25,2008,7,19,0.16,0.13,0.04,0.03,79.0,34.0,8.5,39.0,2,82.0
16,2008,8,21,0.94,0.16,0.02,0.13,63.0,64.0,6.9,223.0,5,66.0
4,2008,0,24,0.43,0.01,0.0,0.03,71.0,22.0,7.5,24.0,8,73.0
15,2004,10,10,1.32,0.09,0.0,0.22,88.0,29.0,8.8,35.0,1,88.0
4,2008,9,26,0.34,0.31,0.0,0.08,71.0,22.0,7.5,24.0,1,73.0
12,2010,0,29,0.02,0.01,0.0,0.0,79.0,15.0,7.9,55.0,2,79.0
29,2014,0,19,0.35,0.25,0.0,0.06,79.0,24.0,7.3,430.0,5,76.0
10,1987,4,4,0.45,0.08,0.27,0.01,71.0,22.0,7.5,24.0,8,73.0
4,2011,3,17,0.0,0.0,0.29,0.0,71.0,22.0,7.5,24.0,8,73.0
4,2008,5,19,0.07,0.0,0.0,0.01,71.0,22.0,7.5,24.0,2,73.0
15,2009,8,2,0.07,0.06,0.0,0.02,71.0,22.0,7.5,24.0,7,73.0
16,2015,10,19,0.02,0.05,0.0,0.01,71.0,22.0,7.5,24.0,8,73.0
27,2011,0,19,0.13,0.06,0.0,0.02,61.0,59.0,6.0,116.0,5,60.5
16,2008,6,2,0.07,0.0,0.0,0.01,71.0,22.0,7.5,24.0,8,73.0
27,2007,3,2,2.01,0.02,0.0,0.17,92.0,55.0,8.1,220.0,7,86.5
15,2001,10,21,0.1,0.07,0.0,0.02,57.0,11.0,4.0,4.0,1,48.5
19,2012,0,26,0.07,0.09,0.0,0.03,49.0,34.0,6.4,61.0,7,56.5
15,2003,0,2,1.89,1.05,0.02,0.31,77.0,39.0,8.0,94.0,5,78.5
4,2010,10,12,0.0,0.02,0.06,0.0,71.0,22.0,7.5,24.0,8,73.0
15,2005,1,12,0.06,0.05,0.0,0.02,71.0,22.0,7.5,24.0,8,73.0
14,1998,2,19,0.17,0.12,0.0,0.02,71.0,22.0,7.5,24.0,8,73.0
18,2005,0,26,0.16,0.01,0.0,0.02,56.0,10.0,6.4,22.0,7,60.0
16,2007,6,10,0.73,0.91,0.04,0.36,73.0,26.0,6.0,43.0,2,66.5
14,1999,0,9,0.34,0.23,0.0,0.04,71.0,22.0,7.5,24.0,8,73.0
25,2007,3,10,0.43,0.03,0.0,0.04,57.0,37.0,5.3,54.0,2,55.0
28,2005,3,20,0.11,0.03,0.0,0.01,81.0,25.0,8.2,9.0,1,81.5
25,2007,3,19,0.11,0.01,0.03,0.01,57.0,23.0,8.0,10.0,1,68.5
14,1995,2,21,0.95,1.3,0.77,0.22,71.0,22.0,7.5,24.0,8,73.0
2,2014,0,19,0.0,0.07,0.0,0.0,65.0,5.0,5.6,8.0,2,60.5
4,2007,1,12,0.0,0.0,0.12,0.0,71.0,22.0,7.5,24.0,8,73.0
15,2010,1,19,0.0,0.0,0.02,0.0,71.0,22.0,7.5,24.0,8,73.0
4,2006,1,26,0.1,0.01,0.12,0.01,75.0,42.0,7.4,28.0,1,74.5
25,2007,0,28,0.12,0.01,0.0,0.01,71.0,23.0,8.4,29.0,5,77.5
12,2009,8,16,0.0,0.05,0.0,0.01,80.0,44.0,8.7,602.0,5,83.5
27,2009,4,26,0.07,0.0,0.0,0.01,62.0,12.0,6.5,11.0,1,63.5
19,2015,0,11,0.0,0.0,0.01,0.0,71.0,22.0,7.5,24.0,8,73.0
9,1998,6,10,0.94,0.04,0.0,0.01,71.0,22.0,7.5,24.0,8,73.0
14,1997,8,21,0.01,0.01,0.11,0.01,71.0,22.0,7.5,24.0,8,73.0
18,2005,2,21,0.0,0.0,0.09,0.0,71.0,22.0,7.5,24.0,8,73.0
29,2015,1,19,0.0,0.02,0.0,0.0,77.0,12.0,7.2,11.0,7,74.5
4,2010,5,26,0.0,0.06,0.0,0.01,71.0,22.0,7.5,24.0,8,73.0
27,2008,0,26,0.24,0.28,0.0,0.06,80.0,34.0,7.8,46.0,7,79.0
4,2006,5,26,0.28,0.0,0.0,0.02,71.0,22.0,7.5,24.0,1,73.0
25,2007,9,10,0.41,0.02,0.0,0.04,65.0,15.0,7.3,4.0,7,69.0
17,2015,0,25,0.02,0.01,0.06,0.01,71.0,29.0,6.5,15.0,7,68.0
25,2009,0,17,0.09,0.02,0.32,0.01,55.0,26.0,7.2,22.0,7,63.5
6,2002,10,10,0.14,0.05,0.0,0.0,66.0,9.0,7.5,24.0,1,70.5
5,1992,5,17,0.59,0.24,0.82,0.03,71.0,22.0,7.5,24.0,8,73.0
19,2012,8,21,0.25,0.13,0.04,0.07,71.0,60.0,7.5,169.0,7,73.0
7,2004,2,3,0.03,0.01,0.0,0.0,71.0,5.0,8.1,7.0,7,76.0
14,2000,10,10,0.18,0.12,0.0,0.02,85.0,10.0,7.8,5.0,1,81.5
28,2004,0,12,0.14,0.04,0.0,0.01,76.0,43.0,8.3,26.0,5,79.5
27,2011,2,19,0.23,0.06,0.01,0.03,79.0,31.0,8.2,51.0,7,80.5
17,2015,0,4,0.12,0.13,0.0,0.05,71.0,22.0,7.5,24.0,8,73.0
22,1994,10,19,0.0,0.0,0.07,0.0,71.0,22.0,7.5,24.0,8,73.0
12,2011,0,10,0.16,0.45,0.0,0.13,86.0,42.0,6.8,1594.0,5,77.0
16,2015,8,2,0.17,0.11,0.02,0.06,71.0,22.0,5.5,81.0,7,63.0
14,2001,2,3,0.0,0.0,0.46,0.03,71.0,22.0,7.5,24.0,8,73.0
27,2006,7,20,0.09,0.01,0.0,0.01,64.0,34.0,7.4,42.0,7,69.0
16,2009,10,24,0.75,0.01,0.01,0.07,83.0,30.0,7.8,39.0,1,80.5
7,2004,10,10,0.05,0.01,0.0,0.0,75.0,18.0,5.6,5.0,1,65.5
16,2012,9,12,0.1,0.08,0.02,0.03,73.0,27.0,8.4,18.0,7,78.5
15,2004,8,19,0.05,0.04,0.0,0.01,57.0,33.0,7.5,24.0,7,66.0
14,1999,1,12,0.66,0.45,0.0,0.08,71.0,22.0,7.5,24.0,8,73.0
22,1991,9,17,0.93,0.27,0.75,0.04,71.0,22.0,7.5,24.0,8,73.0
4,2009,0,16,0.0,0.0,0.07,0.0,71.0,22.0,7.5,24.0,8,73.0
4,2008,5,13,0.24,0.0,0.0,0.02,71.0,22.0,7.5,24.0,8,73.0
7,2002,6,26,0.11,0.03,0.0,0.0,60.0,10.0,7.2,6.0,1,66.0
4,2010,5,19,0.0,0.05,0.0,0.01,71.0,22.0,7.5,24.0,1,73.0
16,2012,0,16,0.0,0.0,0.03,0.0,71.0,22.0,7.5,24.0,8,73.0
4,2008,7,17,0.19,0.0,0.08,0.01,69.0,23.0,7.3,18.0,2,71.0
2,2012,3,17,0.0,0.0,0.16,0.0,71.0,22.0,7.5,24.0,8,73.0
7,2002,4,19,0.55,0.14,0.0,0.02,48.0,13.0,5.1,24.0,1,49.5
15,2006,2,19,0.01,0.01,0.05,0.0,66.0,23.0,8.6,17.0,7,76.0
14,1999,0,24,0.23,0.16,0.0,0.03,71.0,22.0,7.5,24.0,8,73.0
14,1999,2,19,0.0,0.0,0.12,0.01,71.0,22.0,7.5,24.0,8,73.0
15,2005,9,19,0.07,0.05,0.0,0.02,71.0,22.0,7.5,24.0,8,73.0
14,1996,9,19,0.0,0.0,0.08,0.01,71.0,22.0,7.5,24.0,8,73.0
4,2009,10,16,0.0,0.0,0.12,0.0,71.0,22.0,7.5,24.0,8,73.0
5,2000,7,19,0.0,0.0,0.81,0.0,71.0,22.0,7.5,24.0,8,73.0
4,2010,0,27,0.06,0.0,0.0,0.0,71.0,22.0,7.5,24.0,1,73.0
4,2010,1,19,0.07,0.14,0.0,0.03,48.0,11.0,7.5,24.0,2,61.5
19,2014,0,21,0.08,0.06,0.01,0.05,73.0,28.0,7.4,133.0,5,73.5
2,2013,7,19,0.0,0.0,0.08,0.0,71.0,22.0,7.5,24.0,8,73.0
27,2008,10,10,0.5,0.14,0.0,0.07,77.0,32.0,7.4,14.0,1,75.5
18,2007,8,9,0.0,0.01,0.0,0.0,74.0,37.0,8.2,13.0,5,78.0
4,2010,9,12,0.0,0.0,0.03,0.0,71.0,22.0,7.5,24.0,8,73.0
15,2006,7,16,0.12,0.09,0.0,0.03,43.0,12.0,8.0,20.0,2,61.5
19,2012,6,21,0.15,0.09,0.0,0.04,62.0,51.0,6.4,69.0,1,63.0
15,2005,10,24,0.05,0.04,0.0,0.01,67.0,28.0,7.8,12.0,1,72.5
15,2004,10,21,0.36,0.01,0.0,0.06,71.0,38.0,7.8,5.0,1,74.5
7,2002,8,19,0.09,0.02,0.0,0.0,73.0,17.0,8.5,4.0,5,79.0
20,1996,11,19,0.0,0.0,0.2,0.0,71.0,22.0,7.5,24.0,8,73.0
18,2009,7,21,0.0,0.0,0.04,0.0,71.0,22.0,7.5,24.0,8,73.0
7,2002,8,19,0.09,0.02,0.0,0.0,54.0,23.0,7.0,10.0,5,62.0
7,2005,3,19,0.04,0.01,0.0,0.0,71.0,22.0,7.5,24.0,8,73.0
12,2006,7,24,0.01,0.2,0.0,0.04,94.0,54.0,8.1,2454.0,5,87.5
25,2010,3,12,0.51,0.24,0.0,0.07,71.0,22.0,7.5,24.0,7,73.0
25,2009,10,0,0.17,0.06,0.0,0.02,71.0,22.0,7.5,24.0,1,73.0
29,2015,0,4,0.07,0.02,0.0,0.01,75.0,22.0,7.5,106.0,5,75.0
6,2003,7,19,0.06,0.02,0.0,0.0,71.0,22.0,8.9,9.0,1,80.0
15,2005,10,19,0.02,0.02,0.0,0.01,71.0,22.0,7.5,24.0,8,73.0
27,2008,4,14,0.0,0.01,0.0,0.0,77.0,17.0,8.2,70.0,1,79.5
6,2001,4,19,0.06,0.02,0.0,0.0,61.0,8.0,7.5,24.0,1,68.0
16,2006,0,4,0.0,0.0,0.05,0.0,71.0,22.0,7.5,24.0,8,73.0
12,2011,5,19,0.01,0.02,0.0,0.01,71.0,22.0,7.5,24.0,7,73.0
4,2006,0,4,0.39,0.0,0.53,0.03,71.0,22.0,7.5,24.0,8,73.0
18,2006,10,2,0.04,0.0,0.0,0.0,71.0,22.0,7.5,24.0,1,73.0
18,2015,0,19,0.0,0.0,0.08,0.0,71.0,22.0,7.5,24.0,8,73.0
27,2015,9,19,0.22,0.11,0.0,0.03,71.0,22.0,7.5,24.0,8,73.0
19,2014,1,19,0.0,0.0,0.01,0.0,71.0,22.0,7.5,24.0,8,73.0
17,2015,0,25,0.03,0.02,0.0,0.01,67.0,40.0,7.6,71.0,7,71.5
28,2004,8,19,0.06,0.02,0.0,0.0,57.0,32.0,8.4,11.0,5,70.5
6,2003,7,17,0.31,0.11,0.3,0.02,72.0,31.0,8.3,25.0,1,77.5
16,2010,6,19,0.05,0.12,0.0,0.04,73.0,4.0,7.5,4.0,2,74.0
4,2007,9,9,0.0,0.04,0.0,0.01,67.0,8.0,6.6,12.0,1,66.5
6,2004,5,30,0.4,0.15,0.0,0.01,71.0,22.0,7.5,24.0,1,73.0
9,1998,10,17,1.02,0.13,0.04,0.01,71.0,22.0,7.5,24.0,8,73.0
25,2009,1,2,0.42,0.0,0.0,0.03,71.0,22.0,7.5,24.0,1,73.0
6,2004,9,26,0.45,0.17,0.0,0.01,71.0,22.0,7.5,24.0,8,73.0
7,2005,2,10,0.13,0.03,0.0,0.0,87.0,32.0,7.9,7.0,7,83.0
4,2009,10,19,0.07,0.02,0.0,0.01,57.0,10.0,7.5,24.0,1,66.0
27,2015,3,2,0.13,0.08,0.0,0.02,71.0,22.0,5.5,19.0,7,63.0
4,2008,3,19,0.0,0.0,0.02,0.0,71.0,22.0,7.5,24.0,8,73.0
18,2006,2,21,0.76,1.09,0.12,0.64,71.0,22.0,7.5,24.0,8,73.0
12,2016,0,19,0.04,0.07,0.0,0.01,86.0,37.0,6.0,383.0,5,73.0
6,2005,0,30,0.04,0.01,0.0,0.0,73.0,6.0,7.5,24.0,2,74.0
0,1981,6,2,0.45,0.03,0.0,0.0,71.0,22.0,7.5,24.0,8,73.0
2,2012,3,26,0.04,0.0,0.0,0.0,71.0,22.0,6.3,4.0,1,67.0
14,2000,10,15,0.33,0.22,0.0,0.04,70.0,6.0,7.5,24.0,1,72.5
12,2000,9,10,0.01,0.03,0.0,0.01,92.0,38.0,7.9,451.0,7,85.5
28,2002,6,20,0.14,0.04,0.02,0.01,69.0,33.0,8.5,13.0,7,77.0
4,2009,7,19,0.0,0.0,0.05,0.0,71.0,22.0,7.5,24.0,8,73.0
28,2004,8,2,0.46,0.06,0.0,0.02,74.0,11.0,9.2,42.0,7,83.0
2,2014,7,19,0.0,0.0,2.68,0.0,71.0,22.0,7.5,24.0,8,73.0
15,2009,3,2,0.17,0.13,0.0,0.04,71.0,22.0,7.6,9.0,7,73.5
16,2012,10,12,0.0,0.0,0.19,0.0,71.0,22.0,7.5,24.0,8,73.0
27,2016,0,2,0.01,0.03,0.0,0.0,71.0,22.0,4.3,16.0,7,57.0
17,2016,1,19,0.03,0.05,0.0,0.01,71.0,22.0,7.5,24.0,8,73.0
27,2007,8,24,1.65,0.85,0.05,0.28,96.0,88.0,8.9,2249.0,5,92.5
4,2006,10,24,0.05,0.0,0.0,0.0,51.0,8.0,7.5,24.0,1,63.0
16,2009,7,10,0.96,0.42,0.08,0.21,87.0,41.0,7.9,597.0,5,83.0
10,1986,4,12,0.0,0.0,1.2,0.0,71.0,22.0,7.5,24.0,8,73.0
14,1995,11,21,0.0,0.0,0.13,0.01,71.0,22.0,7.5,24.0,8,73.0
27,2010,8,20,0.55,0.4,0.0,0.11,64.0,64.0,7.3,247.0,5,68.5
6,2006,6,19,0.01,0.0,0.0,0.0,71.0,22.0,7.5,24.0,8,73.0
7,2006,0,17,1.15,0.36,0.04,0.04,96.0,16.0,9.2,568.0,7,94.0
7,2002,11,12,0.49,0.13,0.07,0.02,71.0,22.0,7.5,24.0,8,73.0
2,2014,0,20,0.17,0.09,0.0,0.03,47.0,21.0,6.3,160.0,1,55.0
7,2003,3,15,0.13,0.03,0.0,0.0,72.0,11.0,8.2,5.0,7,77.0
12,2013,4,19,0.0,0.01,0.0,0.0,62.0,24.0,7.7,169.0,7,69.5
14,2001,0,1,0.08,0.05,0.0,0.01,71.0,22.0,7.5,24.0,8,73.0
4,2007,9,19,0.0,0.0,0.01,0.0,71.0,22.0,7.5,24.0,8,73.0
18,2009,10,25,0.0,0.0,0.03,0.0,71.0,22.0,7.5,24.0,8,73.0
6,2005,10,3,0.25,0.09,0.0,0.01,71.0,22.0,7.5,24.0,8,73.0
16,2013,2,16,0.0,0.01,0.06,0.0,55.0,32.0,7.4,45.0,8,64.5
6,2005,6,3,0.02,0.01,0.0,0.0,71.0,22.0,5.4,5.0,5,62.5
4,2008,3,24,1.21,0.63,0.0,0.19,48.0,11.0,3.3,4.0,1,40.5
4,2005,4,16,0.15,0.0,0.0,0.01,44.0,8.0,7.5,24.0,1,59.5
25,2006,7,2,0.36,0.0,0.0,0.03,73.0,31.0,7.3,29.0,7,73.0
15,2010,1,19,0.0,0.0,0.01,0.0,71.0,22.0,7.5,24.0,8,73.0
4,2008,5,30,0.01,0.0,0.0,0.0,37.0,4.0,7.5,24.0,1,56.0
19,2014,1,19,0.0,0.0,0.01,0.0,71.0,22.0,7.5,24.0,8,73.0
29,2015,10,10,2.08,0.08,0.0,0.26,84.0,23.0,6.1,124.0,1,72.5
4,2010,0,23,0.25,0.14,0.0,0.04,71.0,22.0,7.5,24.0,1,73.0
7,2005,10,10,0.04,0.01,0.0,0.0,71.0,22.0,7.5,24.0,8,73.0
14,2000,0,21,0.13,0.09,0.0,0.02,71.0,22.0,7.5,24.0,8,73.0
25,2011,3,19,0.17,0.0,0.0,0.01,71.0,22.0,7.5,24.0,7,73.0
6,2004,3,27,0.16,0.06,0.0,0.0,71.0,22.0,7.5,24.0,8,73.0
15,2003,8,30,0.11,0.09,0.0,0.03,58.0,12.0,6.2,5.0,7,60.0
4,2011,5,19,0.0,0.02,0.0,0.0,71.0,22.0,7.5,24.0,1,73.0
27,2011,0,20,0.28,0.13,0.01,0.04,54.0,56.0,7.8,44.0,5,66.0
16,2010,0,25,0.0,0.0,0.02,0.0,71.0,22.0,7.5,24.0,8,73.0
18,2007,0,16,0.0,0.0,0.22,0.0,71.0,22.0,7.5,24.0,8,73.0
4,2010,0,2,0.1,0.03,0.0,0.01,71.0,22.0,7.5,24.0,8,73.0
15,2004,2,3,1.09,0.15,0.65,0.04,77.0,32.0,8.9,137.0,7,83.0
22,1994,10,16,0.0,0.0,0.39,0.0,71.0,22.0,7.5,24.0,8,73.0
4,2008,9,10,0.29,0.02,0.0,0.03,69.0,16.0,7.3,8.0,1,71.0
15,2003,0,4,0.17,0.13,0.0,0.04,65.0,28.0,6.6,48.0,5,65.5
5,1996,7,17,11.27,8.89,10.22,1.0,71.0,22.0,7.5,24.0,8,73.0
25,2010,10,23,0.48,0.12,0.0,0.05,71.0,22.0,7.5,24.0,1,73.0
0,1982,0,19,0.29,0.02,0.0,0.0,71.0,22.0,7.5,24.0,8,73.0
9,1998,6,17,0.59,0.04,0.0,0.01,71.0,22.0,7.5,24.0,8,73.0
12,2004,8,10,0.0,0.02,0.0,0.0,84.0,48.0,7.5,133.0,7,79.5
12,2012,5,19,0.0,0.02,0.0,0.0,71.0,22.0,7.5,24.0,8,73.0
16,2014,0,25,0.05,0.03,0.0,0.02,43.0,46.0,4.5,84.0,5,44.0
27,2012,3,14,0.57,0.18,0.0,0.06,86.0,43.0,8.0,45.0,7,83.0
12,1995,3,28,0.02,0.0,0.0,0.0,71.0,22.0,7.5,24.0,8,73.0
15,2006,8,9,0.02,0.02,0.0,0.01,71.0,37.0,8.2,9.0,7,76.5
9,1999,10,12,0.01,0.26,0.22,0.02,71.0,22.0,7.5,24.0,8,73.0
4,2008,1,30,0.04,0.0,0.0,0.0,71.0,22.0,7.5,24.0,8,73.0
15,2003,4,21,0.19,0.15,0.0,0.05,73.0,39.0,8.3,22.0,7,78.0
16,2011,0,26,0.0,0.09,0.0,0.02,71.0,22.0,7.5,24.0,8,73.0
17,2016,0,4,0.02,0.0,0.0,0.01,71.0,22.0,7.5,24.0,8,73.0
28,2002,10,2,0.15,0.04,0.0,0.01,75.0,16.0,7.5,24.0,7,75.0
16,2016,0,25,0.0,0.0,0.02,0.0,71.0,22.0,7.5,24.0,8,73.0
0,1987,8,3,0.24,0.01,0.0,0.0,71.0,22.0,7.5,24.0,8,73.0
22,1995,5,19,0.0,0.0,0.27,0.0,71.0,22.0,7.5,24.0,8,73.0
12,1996,7,2,0.01,1.58,0.0,0.0,94.0,12.0,8.7,850.0,5,90.5
4,2008,1,22,0.0,0.0,0.08,0.0,71.0,22.0,7.5,24.0,8,73.0
16,2011,7,22,0.78,0.73,0.89,0.23,79.0,53.0,6.6,707.0,7,72.5
16,2007,6,23,0.17,0.26,0.0,0.1,76.0,18.0,6.2,12.0,7,69.0
14,2002,1,12,0.0,0.0,0.06,0.0,71.0,22.0,7.5,24.0,8,73.0
27,2005,2,25,0.3,0.03,0.1,0.03,85.0,76.0,8.2,223.0,5,83.5
17,2013,6,10,0.73,0.92,0.03,0.3,80.0,53.0,6.2,667.0,2,71.0
16,2014,6,7,0.09,0.0,0.0,0.02,67.0,7.0,4.6,20.0,1,56.5
4,2008,10,10,0.06,0.02,0.0,0.01,56.0,8.0,7.5,24.0,1,65.5
9,1999,5,17,0.22,0.05,0.02,0.0,71.0,22.0,7.5,24.0,8,73.0
16,2013,0,4,0.01,0.03,0.0,0.01,75.0,31.0,7.4,135.0,1,74.5
12,2006,0,2,0.0,0.01,0.0,0.0,86.0,20.0,8.2,64.0,2,84.0
15,2001,9,19,0.0,0.0,0.04,0.0,71.0,22.0,7.5,24.0,8,73.0
20,1997,3,19,0.0,0.0,0.13,0.0,71.0,22.0,7.5,24.0,8,73.0
0,1982,0,19,0.23,0.01,0.0,0.0,71.0,22.0,7.5,24.0,8,73.0
4,2005,9,19,0.28,0.0,0.0,0.0,71.0,22.0,7.5,24.0,8,73.0
12,2011,8,19,0.04,0.07,0.0,0.02,76.0,49.0,7.3,729.0,5,74.5
25,2009,10,13,0.08,0.0,0.0,0.01,71.0,22.0,7.5,24.0,1,73.0
7,2003,8,10,0.33,0.09,0.0,0.01,68.0,24.0,6.4,13.0,7,66.0
28,2003,0,19,0.13,0.04,0.0,0.01,72.0,26.0,8.6,5.0,5,79.0
17,2015,7,16,0.1,0.11,0.0,0.04,63.0,32.0,6.3,60.0,7,63.0
7,2003,11,20,0.05,0.01,0.0,0.0,69.0,23.0,7.6,19.0,7,72.5
18,2008,3,21,0.2,0.44,0.0,0.23,71.0,22.0,7.5,24.0,8,73.0
28,2003,0,19,0.05,0.01,0.0,0.0,55.0,24.0,7.5,24.0,7,65.0
4,2009,0,3,0.24,0.12,0.0,0.04,55.0,17.0,6.0,7.0,1,57.5
29,2016,0,25,0.02,0.03,0.0,0.0,71.0,22.0,7.5,24.0,8,73.0
25,2009,5,19,0.17,0.0,0.0,0.01,59.0,16.0,7.5,24.0,2,67.0
15,2006,6,21,0.28,0.22,0.11,0.07,71.0,22.0,7.5,24.0,8,73.0
25,2007,3,12,0.29,0.0,0.0,0.02,58.0,9.0,8.1,9.0,1,69.5
4,2008,9,19,0.21,0.0,0.0,0.01,71.0,22.0,7.5,24.0,1,73.0
25,2009,0,19,0.14,0.0,0.0,0.01,71.0,22.0,7.5,24.0,1,73.0
25,2008,8,9,0.09,0.0,0.0,0.01,78.0,30.0,7.7,17.0,1,77.5
27,2010,8,19,0.04,0.0,0.0,0.0,48.0,7.0,4.8,4.0,7,48.0
16,2011,9,12,0.52,0.42,0.0,0.15,71.0,22.0,7.5,24.0,8,73.0
7,2004,4,28,0.22,0.06,0.0,0.01,62.0,13.0,8.3,10.0,1,72.5
16,2011,8,21,1.45,0.86,0.09,0.38,84.0,85.0,7.9,942.0,5,81.5
15,2001,3,21,0.35,0.28,0.0,0.09,71.0,22.0,7.5,24.0,8,73.0
19,2012,10,10,0.28,0.0,0.0,0.02,63.0,6.0,7.3,38.0,1,68.0
4,2009,9,10,0.29,0.0,0.0,0.02,71.0,22.0,7.5,24.0,1,73.0
27,2012,9,16,0.13,0.03,0.04,0.01,68.0,37.0,7.2,37.0,7,70.0
4,2013,9,8,0.11,0.08,0.0,0.02,71.0,22.0,7.5,24.0,1,73.0
6,2003,0,3,0.04,0.02,0.0,0.0,50.0,15.0,7.5,24.0,7,62.5
18,2005,10,10,0.18,0.0,0.0,0.01,80.0,15.0,7.9,8.0,1,79.5
16,2009,10,19,0.16,0.0,0.0,0.01,61.0,19.0,4.0,6.0,1,50.5
19,2013,0,16,0.0,0.0,0.08,0.0,71.0,22.0,7.5,24.0,8,73.0
15,2005,0,4,0.99,0.63,0.29,0.19,84.0,60.0,9.0,212.0,5,87.0
28,2004,11,19,0.05,0.01,0.0,0.0,38.0,5.0,7.5,24.0,7,56.5
27,2014,8,10,0.87,0.34,0.02,0.13,83.0,21.0,5.9,371.0,5,71.0
25,2012,10,12,0.0,0.03,0.06,0.0,71.0,22.0,7.5,24.0,1,73.0
17,2014,8,2,2.49,2.07,0.16,0.92,76.0,95.0,6.1,5380.0,7,68.5
20,1995,3,19,0.0,0.0,0.19,0.0,71.0,22.0,7.5,24.0,8,73.0
15,2000,10,12,0.0,0.0,0.66,0.0,71.0,22.0,7.5,24.0,8,73.0
18,2006,0,12,0.38,0.35,0.38,0.08,87.0,54.0,8.2,147.0,5,84.5
4,2006,5,19,0.04,0.0,0.04,0.0,71.0,22.0,7.5,24.0,8,73.0
4,2008,10,10,0.12,0.31,0.0,0.06,84.0,5.0,6.1,31.0,1,72.5
25,2009,0,20,0.17,0.01,0.0,0.02,53.0,6.0,5.8,4.0,1,55.5
25,2007,3,3,0.05,0.0,0.0,0.0,26.0,14.0,2.8,11.0,1,27.0
12,2009,7,10,0.0,0.46,0.0,0.05,91.0,67.0,8.6,3542.0,5,88.5
14,1999,6,21,0.41,0.28,0.0,0.05,71.0,22.0,7.5,24.0,8,73.0
15,2006,8,2,0.89,0.03,0.0,0.15,82.0,14.0,7.4,83.0,7,78.0
22,1991,11,16,0.0,0.0,0.33,0.0,71.0,22.0,7.5,24.0,8,73.0
15,2003,0,26,1.15,1.11,0.0,0.4,89.0,24.0,7.7,102.0,7,83.0
28,2003,6,19,0.18,0.05,0.0,0.01,53.0,4.0,8.6,12.0,1,69.5
16,2009,6,2,0.19,0.07,0.0,0.04,71.0,22.0,7.5,24.0,1,73.0
27,2011,0,10,0.72,0.29,0.01,0.09,79.0,75.0,4.5,2380.0,5,62.0
22,1995,7,19,0.0,0.0,0.1,0.0,71.0,22.0,7.5,24.0,8,73.0
4,2011,9,2,0.12,0.03,0.0,0.01,71.0,22.0,7.5,24.0,1,73.0
16,2008,10,10,0.54,0.0,0.0,0.04,81.0,20.0,7.3,25.0,1,77.0
15,2003,11,19,0.0,0.0,0.6,0.0,71.0,22.0,7.5,24.0,8,73.0
4,2009,7,17,0.57,0.43,0.44,0.12,54.0,26.0,9.0,133.0,1,72.0
2,2014,0,2,0.16,0.1,0.0,0.02,71.0,22.0,3.4,5.0,2,52.5
27,2013,0,0,0.35,0.27,0.0,0.06,81.0,39.0,7.2,139.0,7,76.5
25,2007,3,8,1.15,0.45,0.0,0.16,71.0,22.0,7.5,24.0,8,73.0
25,2009,3,0,0.09,0.0,0.0,0.01,32.0,4.0,1.8,4.0,7,25.0
22,1995,4,17,2.1,0.74,2.2,0.11,71.0,22.0,7.5,24.0,8,73.0
9,2000,8,17,0.0,0.0,0.13,0.0,71.0,22.0,7.5,24.0,8,73.0
22,1994,10,19,0.0,0.0,0.36,0.0,71.0,22.0,7.5,24.0,8,73.0
16,2009,3,20,1.34,0.6,0.0,0.31,80.0,35.0,8.6,43.0,2,83.0
12,2013,6,20,0.0,0.01,0.0,0.0,71.0,22.0,7.5,24.0,8,73.0
4,2010,3,17,0.26,1.65,0.33,0.28,75.0,15.0,8.0,5.0,1,77.5
18,2012,0,16,0.0,0.0,0.06,0.0,71.0,22.0,7.5,24.0,8,73.0
27,2009,8,10,2.67,0.87,0.05,0.38,89.0,76.0,8.6,681.0,5,87.5
12,2008,7,19,0.0,0.02,0.0,0.0,86.0,54.0,7.9,374.0,7,82.5
16,2013,2,16,0.05,0.02,0.5,0.01,71.0,53.0,8.3,55.0,7,77.0
6,2001,10,26,0.01,0.0,0.0,0.0,71.0,22.0,7.5,24.0,8,73.0
25,2009,5,29,1.4,0.16,0.0,0.12,37.0,4.0,7.5,24.0,1,56.0
4,2008,1,19,0.03,0.0,0.0,0.0,71.0,22.0,7.5,24.0,1,73.0
2,2015,1,25,0.0,0.0,0.01,0.0,71.0,22.0,7.5,24.0,8,73.0
14,1995,9,10,0.05,0.04,0.0,0.01,71.0,22.0,7.5,24.0,8,73.0
18,2005,6,19,0.53,0.0,0.0,0.04,63.0,32.0,7.8,16.0,1,70.5
2,2015,7,17,0.81,0.23,0.52,0.11,71.0,22.0,7.5,24.0,8,73.0
27,2009,8,19,0.08,0.01,0.0,0.01,38.0,22.0,3.5,37.0,7,36.5
17,2014,0,29,0.37,0.4,0.0,0.15,73.0,43.0,7.1,75.0,2,72.0
28,2003,8,19,0.1,0.03,0.0,0.0,71.0,22.0,7.5,24.0,8,73.0
14,2000,2,15,0.12,0.08,0.0,0.01,28.0,7.0,2.4,17.0,5,26.0
29,2016,7,22,0.09,0.06,0.0,0.01,83.0,18.0,7.2,175.0,5,77.5
14,1996,11,19,0.11,0.07,0.0,0.01,71.0,22.0,7.5,24.0,8,73.0
20,1998,11,19,0.0,0.0,0.08,0.0,71.0,22.0,7.5,24.0,8,73.0
12,2006,9,10,0.01,0.02,0.0,0.01,76.0,23.0,7.7,40.0,7,76.5
26,2012,8,2,0.2,0.18,0.0,0.03,81.0,31.0,6.9,228.0,5,75.0
4,2009,8,22,0.17,0.01,0.0,0.01,82.0,38.0,7.1,8.0,1,76.5
9,1997,2,19,0.04,0.01,0.0,0.0,71.0,22.0,7.5,24.0,8,73.0
4,2004,5,17,0.08,0.0,0.05,0.01,70.0,35.0,8.9,9.0,1,79.5
6,2003,10,10,0.13,0.05,0.0,0.0,75.0,5.0,7.5,4.0,1,75.0
15,2004,0,20,0.04,0.03,0.0,0.01,52.0,31.0,7.0,6.0,7,61.0
4,2011,9,26,0.05,0.0,0.0,0.0,71.0,22.0,7.5,24.0,1,73.0
16,2011,0,8,0.15,0.11,0.0,0.05,63.0,13.0,6.6,9.0,2,64.5
7,2004,10,10,0.1,0.03,0.0,0.0,88.0,18.0,7.5,24.0,1,81.5
25,2010,10,6,0.21,0.0,0.0,0.01,71.0,22.0,7.5,24.0,1,73.0
6,2003,0,20,0.02,0.01,0.0,0.0,74.0,22.0,9.3,6.0,1,83.5
4,2009,1,19,0.0,0.0,0.01,0.0,71.0,22.0,7.5,24.0,8,73.0
22,1991,10,17,0.0,0.0,0.38,0.0,71.0,22.0,7.5,24.0,8,73.0
18,2009,7,19,0.0,0.0,0.02,0.0,71.0,22.0,7.5,24.0,8,73.0
15,2003,6,28,1.73,2.19,0.0,0.79,71.0,22.0,7.5,24.0,8,73.0
25,2007,3,26,0.0,0.03,0.0,0.0,71.0,22.0,7.5,24.0,8,73.0
4,2005,5,17,0.25,0.0,0.31,0.02,71.0,22.0,7.5,24.0,8,73.0
7,2002,2,16,0.0,0.0,0.28,0.01,71.0,22.0,7.5,24.0,8,73.0
25,2011,3,19,0.07,0.02,0.0,0.01,71.0,22.0,7.5,24.0,8,73.0
20,1997,8,16,0.0,0.0,0.15,0.0,71.0,22.0,7.5,24.0,8,73.0
16,2014,10,12,0.1,0.2,0.22,0.06,71.0,22.0,7.8,34.0,1,74.5
18,2006,11,26,0.02,0.0,0.0,0.0,64.0,15.0,7.9,10.0,1,71.5
16,2013,9,19,0.0,0.0,0.03,0.0,71.0,22.0,7.5,24.0,8,73.0
3,1999,1,20,0.52,0.24,0.38,0.04,88.0,9.0,9.4,201.0,7,91.0
25,2007,6,30,0.21,0.0,0.0,0.02,71.0,22.0,7.5,24.0,8,73.0
12,2010,9,10,0.59,0.87,0.0,0.23,74.0,17.0,5.3,77.0,7,63.5
27,2013,8,0,0.33,0.19,0.0,0.05,75.0,18.0,6.3,203.0,5,69.0
25,2013,3,16,0.0,0.0,0.05,0.0,71.0,22.0,7.5,24.0,8,73.0
6,2001,10,12,0.13,0.05,0.0,0.0,71.0,22.0,7.5,24.0,1,73.0
14,1996,10,1,0.08,0.05,0.0,0.01,71.0,22.0,7.5,24.0,8,73.0
15,2008,10,2,0.21,0.16,0.0,0.05,71.0,22.0,7.5,24.0,7,73.0
28,2002,3,15,0.07,0.02,0.0,0.0,69.0,15.0,7.5,24.0,7,72.0
25,2009,10,0,0.07,0.0,0.0,0.01,71.0,22.0,7.5,24.0,1,73.0
18,2011,3,16,0.0,0.0,0.4,0.0,71.0,22.0,7.5,24.0,8,73.0
28,2003,9,10,0.31,0.1,0.0,0.01,84.0,17.0,6.9,20.0,7,76.5
15,2002,10,10,0.36,0.9,0.0,0.27,38.0,21.0,5.0,26.0,7,44.0
28,2006,6,10,0.03,0.01,0.0,0.0,72.0,26.0,7.0,4.0,1,71.0
14,1998,11,10,0.02,0.01,0.0,0.0,71.0,22.0,7.5,24.0,8,73.0
6,2001,0,2,0.2,0.08,0.0,0.01,61.0,10.0,7.5,24.0,1,68.0
25,2008,10,19,0.11,0.0,0.0,0.01,71.0,22.0,3.4,8.0,1,52.5
9,1997,10,10,0.16,0.3,0.0,0.03,71.0,22.0,7.5,24.0,8,73.0
4,2007,3,26,0.38,0.0,0.0,0.0,71.0,22.0,7.5,24.0,8,73.0
4,2010,10,12,0.0,0.0,0.13,0.0,71.0,22.0,7.5,24.0,8,73.0
15,2006,8,9,0.35,0.01,0.0,0.06,39.0,23.0,4.9,46.0,5,44.0
28,2003,8,10,0.17,0.05,0.0,0.01,82.0,23.0,8.2,23.0,7,82.0
27,2011,10,19,0.09,0.19,0.0,0.03,73.0,14.0,6.0,8.0,1,66.5
7,2002,8,19,0.13,0.03,0.0,0.0,74.0,11.0,8.4,5.0,7,79.0
4,2011,5,19,0.0,0.05,0.0,0.01,71.0,22.0,7.5,24.0,1,73.0
12,1998,7,19,0.01,0.02,0.0,0.0,91.0,22.0,9.2,813.0,7,91.5
3,2000,6,20,1.1,0.51,0.12,0.08,71.0,22.0,7.5,24.0,8,73.0
2,2014,7,2,0.05,0.01,0.0,0.01,71.0,22.0,7.5,24.0,8,73.0
12,2013,9,19,0.0,0.08,0.0,0.0,33.0,24.0,3.3,1340.0,7,33.0
16,2011,1,7,0.3,0.14,0.2,0.06,79.0,61.0,8.1,372.0,5,80.0
18,2007,7,25,0.02,0.0,0.05,0.0,56.0,30.0,6.0,7.0,2,58.0
16,2014,10,19,0.35,0.0,0.0,0.08,81.0,26.0,6.8,79.0,1,74.5
18,2009,2,16,0.13,0.04,0.19,0.03,61.0,22.0,6.6,19.0,7,63.5
12,2012,1,19,0.0,0.03,0.0,0.01,71.0,22.0,7.5,24.0,8,73.0
12,2008,7,10,0.0,0.59,0.0,0.08,89.0,45.0,8.6,2386.0,5,87.5
18,2010,7,11,0.03,0.0,0.0,0.0,60.0,5.0,7.2,5.0,7,66.0
7,2006,6,23,0.72,0.19,0.0,0.03,71.0,21.0,7.0,5.0,1,70.5
10,1988,4,17,5.39,1.18,0.7,0.19,71.0,22.0,7.5,24.0,8,73.0
27,2011,8,19,0.0,0.0,0.01,0.0,71.0,22.0,7.5,24.0,8,73.0
10,1992,4,4,0.39,0.07,0.32,0.01,71.0,22.0,7.5,24.0,8,73.0
7,2003,0,3,0.06,0.02,0.0,0.0,66.0,7.0,7.3,8.0,1,69.5
27,2010,1,19,0.0,0.0,0.02,0.0,71.0,22.0,7.5,24.0,8,73.0
9,1999,6,23,0.13,0.03,0.0,0.0,71.0,22.0,7.5,24.0,8,73.0
4,2010,3,19,0.06,0.0,0.0,0.0,71.0,22.0,7.5,24.0,8,73.0
15,2009,4,21,0.22,0.17,0.0,0.06,72.0,8.0,4.6,32.0,2,59.0
16,2010,7,19,0.07,0.03,0.0,0.01,47.0,14.0,6.5,6.0,7,56.0
25,2008,3,12,0.3,0.0,0.0,0.02,71.0,22.0,7.5,24.0,2,73.0
29,2015,8,10,0.72,0.37,0.01,0.11,71.0,27.0,5.1,299.0,5,61.0
17,2015,1,19,0.04,0.0,0.0,0.01,71.0,22.0,7.5,24.0,8,73.0
4,2006,0,19,0.03,0.0,0.01,0.0,37.0,10.0,5.1,7.0,7,44.0
7,2004,3,19,0.05,0.01,0.0,0.0,71.0,22.0,7.5,24.0,8,73.0
6,2002,8,26,0.08,0.03,0.0,0.0,76.0,7.0,7.5,24.0,7,75.5
2,2014,1,16,0.03,0.04,0.0,0.01,60.0,6.0,7.5,24.0,2,67.5
22,1994,10,16,0.0,0.0,0.27,0.0,71.0,22.0,7.5,24.0,8,73.0
4,2008,3,19,0.25,0.0,0.0,0.02,71.0,22.0,7.5,24.0,1,73.0
22,1991,0,16,0.0,0.0,0.42,0.0,71.0,22.0,7.5,24.0,8,73.0
14,1999,6,10,0.88,0.6,0.0,0.1,71.0,22.0,7.5,24.0,8,73.0
25,2007,10,19,0.84,0.0,0.0,0.07,71.0,22.0,7.5,24.0,8,73.0
12,2005,7,19,0.0,0.02,0.0,0.0,71.0,22.0,8.2,25.0,7,76.5
4,2007,0,16,0.0,0.0,0.11,0.0,77.0,30.0,7.3,15.0,1,75.0
12,2013,8,10,0.17,0.39,0.0,0.07,76.0,47.0,6.5,1223.0,5,70.5
28,2005,10,10,0.15,0.04,0.0,0.01,76.0,21.0,7.2,5.0,1,74.0
6,2003,9,30,0.08,0.03,0.0,0.0,62.0,9.0,7.8,11.0,1,70.0
4,2009,5,10,0.01,0.19,0.0,0.02,57.0,6.0,7.5,24.0,1,66.0
27,2011,6,2,0.05,0.01,0.0,0.0,71.0,22.0,7.5,24.0,1,73.0
4,2008,1,6,0.0,0.0,0.01,0.0,71.0,22.0,7.5,24.0,8,73.0
2,2011,4,26,0.23,0.35,0.0,0.06,61.0,39.0,6.6,48.0,1,63.5
4,2006,9,26,0.38,0.01,0.0,0.03,71.0,22.0,8.7,14.0,1,79.0
25,2009,1,19,0.0,0.0,0.07,0.0,71.0,22.0,7.5,24.0,8,73.0
18,2009,2,21,0.0,0.0,0.03,0.0,71.0,22.0,7.5,24.0,8,73.0
7,2005,8,2,0.25,0.07,0.0,0.01,76.0,28.0,7.9,14.0,7,77.5
16,2013,0,2,0.0,0.02,0.0,0.0,71.0,22.0,7.5,24.0,8,73.0
14,2000,10,21,0.56,0.38,0.0,0.07,73.0,10.0,7.5,24.0,1,74.0
16,2011,10,19,0.0,0.04,0.0,0.01,71.0,22.0,7.5,24.0,8,73.0
10,1992,2,12,0.04,0.01,0.02,0.0,71.0,22.0,7.5,24.0,8,73.0
27,2011,2,0,0.1,0.02,0.0,0.01,26.0,4.0,2.2,20.0,7,24.0
4,2011,3,16,0.0,0.0,0.15,0.0,71.0,22.0,7.5,24.0,8,73.0
4,2009,3,6,0.0,0.0,0.03,0.0,71.0,22.0,7.5,24.0,8,73.0
28,2006,10,24,0.01,0.0,0.0,0.0,78.0,8.0,7.5,24.0,2,76.5
12,2011,6,19,0.0,0.03,0.0,0.01,71.0,22.0,7.5,24.0,8,73.0
27,2014,8,2,2.77,1.11,0.0,0.4,71.0,22.0,4.9,221.0,5,60.0
19,2015,7,19,0.0,0.0,0.03,0.0,71.0,22.0,7.5,24.0,8,73.0
2,2015,3,16,0.0,0.0,0.08,0.0,71.0,22.0,7.5,24.0,8,73.0
14,1999,10,19,0.27,0.18,0.0,0.03,71.0,22.0,7.5,24.0,8,73.0
6,2001,0,13,0.23,0.08,0.0,0.01,64.0,15.0,7.5,24.0,1,69.5
12,2009,4,19,0.0,0.02,0.0,0.0,90.0,11.0,8.6,819.0,2,88.0
4,2008,5,19,0.0,0.03,0.0,0.0,71.0,22.0,7.5,24.0,8,73.0
14,1999,7,26,0.14,0.09,0.0,0.02,89.0,14.0,6.6,77.0,1,77.5
18,2012,0,16,0.0,0.0,0.17,0.0,71.0,22.0,7.5,24.0,8,73.0
12,2012,8,26,0.05,0.1,0.0,0.02,71.0,13.0,4.9,368.0,5,60.0
25,2009,4,26,0.25,0.74,0.0,0.14,78.0,50.0,8.3,32.0,2,80.5
9,1999,10,1,0.37,0.03,0.0,0.0,71.0,22.0,7.5,24.0,8,73.0
4,2009,9,2,0.08,0.0,0.0,0.01,71.0,22.0,7.5,24.0,1,73.0
16,2008,10,20,0.14,0.54,0.01,0.18,71.0,22.0,7.5,24.0,8,73.0
2,2011,9,16,0.1,0.06,0.08,0.01,71.0,37.0,7.8,26.0,7,74.5
6,2005,4,8,0.22,0.08,0.0,0.01,59.0,6.0,7.5,24.0,1,67.0
28,2005,6,14,0.52,0.51,0.0,0.02,92.0,73.0,7.6,213.0,1,84.0
25,2006,8,26,0.54,0.03,0.04,0.05,63.0,54.0,6.8,121.0,7,65.5
7,2006,4,20,0.12,0.03,0.0,0.0,51.0,24.0,7.2,9.0,1,61.5
15,2006,3,21,0.12,0.75,0.0,0.23,76.0,25.0,7.5,24.0,7,75.5
29,2013,10,10,0.41,0.66,0.0,0.09,88.0,22.0,5.8,328.0,1,73.0
6,2004,3,17,0.5,0.18,0.0,0.01,62.0,35.0,4.9,11.0,1,55.5
12,2008,0,9,0.0,0.06,0.0,0.01,80.0,20.0,7.7,272.0,7,78.5
15,2002,7,21,0.0,0.0,0.16,0.0,71.0,22.0,7.5,24.0,8,73.0
16,2012,7,18,0.0,0.0,0.04,0.0,68.0,13.0,6.3,15.0,7,65.5
4,2005,4,17,0.7,0.05,0.21,0.07,75.0,48.0,7.6,33.0,1,75.5
4,2008,1,25,0.0,0.0,0.12,0.0,71.0,22.0,7.5,24.0,8,73.0
6,2001,3,15,0.18,0.07,0.0,0.0,48.0,9.0,7.5,24.0,1,61.5
27,2008,8,12,0.0,0.0,0.03,0.0,71.0,22.0,7.5,24.0,8,73.0
7,2004,0,4,0.17,0.04,0.0,0.01,86.0,39.0,8.3,19.0,7,84.5
17,2015,0,8,0.24,0.37,0.0,0.12,71.0,22.0,7.5,24.0,8,73.0
15,2004,0,23,0.96,1.08,0.04,0.3,62.0,36.0,7.6,22.0,7,69.0
18,2006,0,10,0.1,0.0,0.0,0.01,56.0,19.0,7.5,24.0,7,65.5
4,1985,0,19,0.0,0.0,0.02,0.0,71.0,22.0,7.5,24.0,8,73.0
14,1998,5,3,0.45,0.31,0.0,0.05,71.0,22.0,7.5,24.0,8,73.0
14,1995,1,19,0.0,0.0,0.07,0.0,71.0,22.0,7.5,24.0,8,73.0
4,2007,0,2,0.41,0.0,0.0,0.03,58.0,9.0,7.5,24.0,1,66.5
27,2012,2,19,0.08,0.01,0.03,0.01,83.0,21.0,7.3,60.0,7,78.0
12,2005,9,26,0.0,0.07,0.0,0.01,90.0,23.0,7.9,95.0,7,84.5
6,2004,10,12,0.0,0.0,0.14,0.0,71.0,22.0,7.5,24.0,8,73.0
25,2011,3,26,0.25,0.0,0.0,0.02,71.0,22.0,7.5,24.0,1,73.0
25,2007,10,25,0.0,0.0,0.02,0.0,71.0,22.0,7.5,24.0,8,73.0
12,2010,8,22,0.0,0.06,0.0,0.01,71.0,22.0,7.5,24.0,8,73.0
9,1998,10,15,1.02,0.04,0.0,0.01,71.0,22.0,7.5,24.0,8,73.0
4,2008,3,16,0.0,0.0,0.22,0.0,71.0,22.0,7.5,24.0,8,73.0
4,2008,10,20,1.63,2.45,0.44,0.57,71.0,22.0,7.5,24.0,8,73.0
27,2008,3,19,0.17,0.01,0.0,0.01,71.0,22.0,7.5,24.0,7,73.0
14,1997,0,19,0.38,0.26,0.0,0.04,71.0,22.0,7.5,24.0,8,73.0
27,2013,0,4,0.1,0.06,0.0,0.02,70.0,42.0,7.5,267.0,5,72.5
12,2009,8,2,0.01,0.79,0.0,0.09,86.0,40.0,4.2,6430.0,5,64.0
25,2007,11,19,0.38,0.02,0.0,0.03,70.0,14.0,2.8,40.0,2,49.0
6,2002,4,19,0.1,0.04,0.0,0.0,71.0,22.0,7.5,24.0,8,73.0
7,2001,10,1,0.04,0.01,0.0,0.0,53.0,10.0,7.5,24.0,1,64.0
16,2009,7,16,0.0,0.0,0.45,0.0,71.0,22.0,7.5,24.0,8,73.0
29,2016,0,4,0.05,0.02,0.0,0.01,71.0,22.0,7.5,24.0,8,73.0
14,1996,0,19,2.05,1.16,1.11,0.73,91.0,8.0,9.0,266.0,5,90.5
6,2003,0,10,0.4,0.15,0.0,0.01,77.0,13.0,8.2,11.0,7,79.5
12,2016,8,10,0.11,0.24,0.0,0.03,88.0,54.0,7.6,1137.0,5,82.0
28,2005,4,12,0.02,0.01,0.0,0.0,47.0,11.0,7.5,24.0,1,61.0
4,2010,1,8,0.17,0.12,0.0,0.03,71.0,22.0,7.5,24.0,1,73.0
27,2008,11,7,0.09,0.02,0.0,0.01,55.0,30.0,6.7,20.0,5,61.0
6,2003,6,23,0.21,0.08,0.0,0.01,48.0,14.0,5.9,8.0,1,53.5
14,2001,3,2,0.05,0.03,0.0,0.01,63.0,7.0,7.2,6.0,1,67.5
17,2015,0,29,0.36,0.59,0.04,0.18,71.0,22.0,7.5,24.0,8,73.0
19,2013,7,18,0.14,0.05,0.12,0.05,78.0,15.0,8.4,198.0,7,81.0
7,2004,10,10,0.27,0.07,0.0,0.01,81.0,30.0,8.0,4.0,1,80.5
20,1998,8,19,0.0,0.0,0.03,0.0,71.0,22.0,7.5,24.0,8,73.0
5,2001,4,4,0.0,0.0,0.07,0.0,71.0,22.0,7.5,24.0,8,73.0
16,2014,3,26,0.13,0.08,0.0,0.04,71.0,22.0,6.8,4.0,2,69.5
12,2007,8,5,0.0,0.01,0.0,0.0,63.0,25.0,7.5,218.0,5,69.0
4,2010,0,29,0.23,0.04,0.0,0.02,74.0,14.0,8.0,8.0,2,77.0
24,2000,11,16,0.0,0.0,0.17,0.0,71.0,22.0,7.5,24.0,8,73.0
15,2002,4,19,0.74,0.95,0.0,0.28,56.0,20.0,4.1,95.0,1,48.5
27,2010,8,19,0.0,0.0,0.04,0.0,71.0,22.0,7.5,24.0,8,73.0
14,1998,3,19,0.02,0.01,0.0,0.0,71.0,22.0,7.5,24.0,8,73.0
9,1997,2,15,0.32,0.07,0.0,0.0,71.0,22.0,7.5,24.0,8,73.0
16,2012,0,20,0.0,0.0,0.06,0.0,71.0,22.0,7.5,24.0,8,73.0
4,2006,3,30,0.1,0.0,0.0,0.01,59.0,5.0,7.5,24.0,1,67.0
6,2001,4,17,0.9,0.73,0.54,0.09,88.0,17.0,8.9,42.0,1,88.5
16,2013,1,16,0.0,0.0,0.08,0.0,71.0,22.0,7.5,24.0,8,73.0
7,2005,10,12,0.0,0.0,0.08,0.0,71.0,22.0,7.5,24.0,8,73.0
15,2005,10,10,0.45,0.02,0.0,0.07,78.0,19.0,9.1,13.0,1,84.5
4,2007,9,22,0.51,0.04,0.62,0.05,85.0,52.0,7.7,164.0,2,81.0
9,1999,8,19,0.17,0.04,0.0,0.0,71.0,22.0,7.5,24.0,8,73.0
19,2012,0,12,0.1,0.05,0.0,0.04,58.0,57.0,5.1,102.0,5,54.5
4,2008,3,26,0.07,0.0,0.0,0.01,71.0,22.0,7.5,24.0,1,73.0
17,2016,10,19,0.01,0.0,0.0,0.0,71.0,22.0,7.5,24.0,8,73.0
29,2015,3,2,0.3,0.2,0.0,0.05,81.0,21.0,5.1,69.0,7,66.0
16,2008,2,26,0.72,0.4,0.14,0.2,85.0,65.0,7.9,129.0,7,82.0
29,2015,0,25,0.03,0.02,0.0,0.0,48.0,6.0,7.1,8.0,7,59.5
14,1996,6,21,0.0,0.0,0.23,0.02,71.0,22.0,7.5,24.0,8,73.0
19,2014,7,16,0.0,0.0,0.04,0.0,71.0,22.0,7.5,24.0,8,73.0
15,2006,1,20,0.05,0.04,0.84,0.16,77.0,34.0,8.1,52.0,5,79.0
27,2009,8,29,0.13,0.18,0.0,0.04,48.0,50.0,5.0,53.0,7,49.0
6,2005,10,17,0.24,0.09,0.19,0.01,81.0,21.0,8.0,25.0,1,80.5
15,2001,6,19,0.29,0.23,0.0,0.08,81.0,14.0,7.5,24.0,1,78.0
26,2015,4,17,0.62,0.47,0.11,0.1,78.0,83.0,8.5,376.0,1,81.5
26,2013,0,6,0.02,0.01,0.0,0.0,71.0,22.0,7.5,24.0,8,73.0
15,2002,7,19,0.0,0.0,0.07,0.0,71.0,22.0,7.5,24.0,8,73.0
16,2014,0,7,0.04,0.03,0.0,0.01,40.0,25.0,3.5,51.0,5,37.5
14,1999,0,19,0.1,0.07,0.0,0.01,71.0,22.0,7.5,24.0,8,73.0
4,2010,9,2,0.67,0.26,0.0,0.09,71.0,22.0,7.5,24.0,1,73.0
16,2009,10,10,2.03,0.13,0.0,0.21,85.0,41.0,6.8,58.0,1,76.5
4,2007,7,10,0.05,0.0,0.0,0.0,71.0,22.0,7.5,24.0,8,73.0
18,2012,7,19,0.0,0.0,0.04,0.0,71.0,22.0,7.5,24.0,8,73.0
4,2009,5,7,0.01,0.0,0.0,0.0,71.0,22.0,7.5,24.0,8,73.0
28,2005,6,19,0.01,0.0,0.0,0.0,45.0,10.0,7.5,4.0,7,60.0
25,2008,0,23,0.49,0.0,0.0,0.04,47.0,5.0,5.4,10.0,1,50.5
15,2008,0,2,0.17,0.0,0.0,0.26,71.0,22.0,7.5,24.0,8,73.0
15,2006,2,12,0.0,0.0,0.05,0.0,71.0,22.0,7.5,24.0,8,73.0
12,2016,7,2,0.13,0.16,0.0,0.03,88.0,62.0,7.5,535.0,7,81.5
14,1997,11,19,0.0,0.0,0.3,0.02,71.0,22.0,7.5,24.0,8,73.0
27,2011,0,20,0.09,0.04,0.0,0.01,38.0,40.0,5.7,22.0,7,47.5
28,2004,0,2,0.15,0.04,0.0,0.01,67.0,28.0,7.5,24.0,1,71.0
4,2011,6,2,0.08,0.03,0.0,0.01,71.0,22.0,7.5,24.0,1,73.0
25,2010,0,10,0.16,0.1,0.0,0.03,67.0,9.0,5.2,5.0,2,59.5
12,2009,8,2,0.01,0.03,0.0,0.01,74.0,41.0,7.3,261.0,5,73.5
27,2011,9,7,0.06,0.02,0.0,0.01,45.0,5.0,4.5,8.0,7,45.0
25,2008,3,10,0.2,0.02,0.0,0.02,71.0,22.0,8.6,14.0,2,78.5
19,2015,0,8,0.0,0.05,0.0,0.01,71.0,22.0,7.5,24.0,8,73.0
22,1993,2,16,0.0,0.0,1.45,0.0,71.0,22.0,7.5,24.0,8,73.0
2,2015,4,2,0.03,0.0,0.0,0.0,71.0,22.0,7.5,24.0,1,73.0
4,2011,3,19,0.0,0.03,0.0,0.0,71.0,22.0,7.5,24.0,8,73.0
28,2001,6,19,0.15,0.04,0.0,0.01,78.0,18.0,7.5,24.0,1,76.5
2,2013,5,29,0.09,0.0,0.0,0.01,68.0,7.0,6.2,20.0,2,65.0
4,2008,5,9,0.05,0.02,0.0,0.01,78.0,33.0,8.0,22.0,1,79.0
14,2001,0,23,0.18,0.12,0.0,0.02,71.0,22.0,7.5,24.0,8,73.0
4,2007,11,25,0.0,0.0,0.02,0.0,71.0,22.0,7.5,24.0,8,73.0
16,2012,2,19,0.05,0.0,0.05,0.01,75.0,13.0,7.8,20.0,7,76.5
27,2011,3,23,0.07,0.04,0.0,0.01,71.0,22.0,3.5,4.0,1,53.0
10,1986,8,12,0.0,0.0,1.2,0.0,71.0,22.0,7.5,24.0,8,73.0
16,2014,8,20,0.12,0.16,0.0,0.05,71.0,22.0,8.3,111.0,5,77.0
6,2005,4,4,0.08,0.03,0.0,0.0,77.0,17.0,9.1,21.0,1,84.0
12,2007,11,9,0.0,0.01,0.0,0.0,76.0,20.0,7.3,46.0,7,74.5
14,2000,9,19,0.07,0.05,0.0,0.01,71.0,22.0,7.5,24.0,8,73.0
4,2008,9,23,0.26,0.23,0.0,0.06,82.0,34.0,7.1,15.0,1,76.5
19,2016,10,25,0.0,0.0,0.03,0.0,71.0,22.0,7.5,24.0,8,73.0
25,2009,10,19,0.0,0.04,0.0,0.0,71.0,22.0,7.5,24.0,8,73.0
14,1998,4,19,0.03,0.02,0.0,0.0,69.0,8.0,7.5,4.0,1,72.0
9,1997,6,19,0.63,0.11,0.0,0.01,71.0,22.0,7.5,24.0,8,73.0
4,2008,9,17,0.08,0.0,0.0,0.01,54.0,5.0,7.5,24.0,1,64.5
12,2014,9,19,0.02,0.09,0.0,0.01,75.0,51.0,7.0,351.0,7,72.5
15,2008,1,19,0.0,0.0,0.02,0.0,71.0,22.0,7.5,24.0,8,73.0
16,2011,1,19,0.07,0.01,0.0,0.01,66.0,5.0,6.8,51.0,8,67.0
18,2008,4,25,0.03,0.0,0.05,0.01,72.0,45.0,7.0,41.0,7,71.0
9,1997,2,15,0.23,0.06,0.0,0.0,71.0,22.0,7.5,24.0,8,73.0
15,2002,4,21,0.12,0.09,0.38,0.03,82.0,31.0,8.4,32.0,1,83.0
4,2009,9,0,0.07,0.0,0.0,0.0,71.0,22.0,7.5,24.0,1,73.0
4,2009,9,23,0.11,0.0,0.0,0.01,71.0,22.0,7.5,24.0,1,73.0
18,2012,1,19,0.0,0.0,0.01,0.0,71.0,22.0,7.5,24.0,8,73.0
19,2014,2,19,0.02,0.0,0.02,0.01,71.0,22.0,7.5,24.0,8,73.0
2,2015,7,19,0.16,0.01,0.05,0.02,79.0,32.0,8.7,82.0,7,83.0
4,2007,5,17,0.48,1.12,0.0,0.08,63.0,11.0,7.5,24.0,1,69.0
25,2009,3,19,0.0,0.0,0.41,0.0,71.0,22.0,7.5,24.0,8,73.0
15,2002,8,19,0.3,0.23,0.0,0.08,72.0,20.0,8.5,8.0,7,78.5
10,1990,4,4,0.68,0.14,0.35,0.02,71.0,22.0,7.5,24.0,8,73.0
4,2008,10,26,0.21,0.0,0.0,0.02,63.0,4.0,7.5,24.0,1,69.0
6,2006,7,17,0.0,0.0,0.26,0.01,83.0,25.0,7.2,75.0,1,77.5
7,2004,0,26,0.15,0.04,0.0,0.01,83.0,31.0,8.6,20.0,5,84.5
18,2011,0,19,0.0,0.0,0.02,0.0,71.0,22.0,7.5,24.0,8,73.0
14,1998,8,19,0.64,0.43,0.0,0.07,71.0,22.0,7.5,24.0,8,73.0
16,2007,0,20,0.14,0.1,0.0,0.05,40.0,17.0,4.8,16.0,2,44.0
4,2009,3,19,0.06,0.0,0.0,0.0,71.0,22.0,7.5,24.0,1,73.0
19,2015,7,16,0.06,0.04,0.23,0.03,70.0,4.0,7.1,27.0,7,70.5
8,1993,2,4,0.0,0.0,0.15,0.0,71.0,22.0,7.5,24.0,8,73.0
15,2005,3,19,0.1,0.08,0.0,0.03,71.0,22.0,5.4,22.0,1,62.5
18,2010,0,27,0.0,0.0,0.72,0.0,71.0,22.0,7.5,24.0,8,73.0
15,2003,6,28,0.74,1.01,0.0,0.2,69.0,24.0,7.7,59.0,1,73.0
12,2002,0,24,0.0,0.01,0.0,0.0,93.0,20.0,8.4,805.0,5,88.5
25,2009,9,13,0.17,0.0,0.0,0.01,71.0,22.0,7.5,24.0,1,73.0
16,2010,0,29,0.55,0.55,0.0,0.21,79.0,42.0,8.0,52.0,2,79.5
15,2004,8,16,0.11,0.09,0.0,0.03,66.0,38.0,7.5,24.0,7,70.5
19,2012,10,21,0.17,0.0,0.0,0.02,76.0,15.0,7.8,42.0,1,77.0
14,1999,4,21,0.16,0.11,0.0,0.02,71.0,22.0,7.5,24.0,8,73.0
6,2001,10,2,0.26,0.1,0.0,0.01,58.0,7.0,7.5,24.0,1,66.5
14,1998,4,21,3.36,1.36,0.07,0.21,71.0,22.0,7.5,24.0,8,73.0
27,2014,10,10,0.15,0.25,0.0,0.03,74.0,29.0,4.4,93.0,1,59.0
4,2008,10,20,0.0,0.0,0.23,0.0,71.0,22.0,7.5,24.0,8,73.0
12,2009,7,7,0.0,0.11,0.0,0.02,77.0,32.0,8.1,676.0,5,79.0
18,2011,10,24,0.05,0.0,0.0,0.01,71.0,22.0,7.5,24.0,1,73.0
25,2010,1,23,0.15,0.06,0.0,0.02,71.0,22.0,7.5,24.0,2,73.0
14,1998,6,5,0.09,2.43,0.12,0.22,71.0,22.0,7.5,24.0,8,73.0
5,2000,11,17,0.0,0.0,0.2,0.0,71.0,22.0,7.5,24.0,8,73.0
28,2004,10,10,1.61,0.03,0.0,0.08,91.0,39.0,7.6,26.0,1,83.5
19,2013,7,21,0.15,0.08,0.22,0.06,77.0,71.0,8.2,298.0,5,79.5
15,2005,10,10,0.04,0.03,0.0,0.01,71.0,15.0,8.6,19.0,1,78.5
25,2009,3,26,0.03,0.0,0.0,0.0,71.0,22.0,7.5,24.0,8,73.0
4,2007,0,16,0.0,0.0,0.17,0.0,71.0,22.0,7.5,24.0,8,73.0
18,2009,1,25,0.0,0.0,0.02,0.0,71.0,22.0,7.5,24.0,8,73.0
25,2012,1,19,0.0,0.01,0.0,0.0,71.0,22.0,7.5,24.0,8,73.0
18,2007,6,23,0.06,0.2,0.0,0.11,73.0,6.0,7.8,11.0,7,75.5
25,2008,8,19,0.11,0.0,0.0,0.01,71.0,22.0,7.7,7.0,2,74.0
15,2000,0,19,0.08,0.07,0.0,0.02,65.0,16.0,5.9,7.0,7,62.0
28,2002,0,25,0.04,0.01,0.04,0.0,78.0,19.0,8.2,10.0,7,80.0
4,2009,6,19,0.03,0.0,0.0,0.0,71.0,22.0,7.5,24.0,1,73.0
16,2009,8,23,0.33,0.27,0.02,0.12,85.0,56.0,8.1,136.0,5,83.0
29,2016,1,19,0.02,0.01,0.0,0.0,71.0,22.0,4.3,7.0,5,57.0
15,2008,7,19,0.07,0.05,0.0,0.02,65.0,11.0,8.2,9.0,7,73.5
15,2007,1,12,0.0,0.0,0.03,0.0,71.0,22.0,7.5,24.0,8,73.0
27,2009,8,5,0.06,0.01,0.0,0.01,36.0,39.0,5.6,50.0,5,46.0
16,2010,10,10,0.37,0.33,0.0,0.13,78.0,40.0,6.7,17.0,1,72.5
4,2008,7,18,0.05,0.0,0.0,0.0,67.0,24.0,6.8,12.0,1,67.5
15,2000,6,19,0.1,0.08,0.0,0.03,64.0,13.0,7.5,24.0,1,69.5
9,1999,8,19,0.48,0.15,0.0,0.01,71.0,22.0,7.5,24.0,8,73.0
12,2006,9,26,0.02,0.0,0.0,0.0,65.0,16.0,4.6,17.0,7,55.5
6,2006,0,23,0.03,0.01,0.0,0.0,56.0,8.0,7.5,24.0,1,65.5
12,2016,0,19,0.03,0.0,0.0,0.0,73.0,12.0,6.3,15.0,1,68.0
4,2005,10,17,0.11,0.0,0.04,0.01,66.0,32.0,7.7,11.0,1,71.5
4,2009,9,10,0.25,0.0,0.0,0.02,71.0,22.0,7.5,24.0,1,73.0
4,2007,9,23,0.59,0.0,0.0,0.05,71.0,22.0,7.5,24.0,8,73.0
27,2011,0,4,0.17,0.08,0.0,0.02,72.0,48.0,7.5,60.0,5,73.5
18,2009,3,19,0.0,0.0,0.02,0.0,71.0,22.0,7.5,24.0,8,73.0
9,1998,6,19,0.08,0.02,0.0,0.0,71.0,22.0,7.5,24.0,8,73.0
15,2001,8,5,0.27,0.21,0.0,0.07,59.0,14.0,6.8,17.0,5,63.5
15,2006,7,25,0.14,0.11,0.0,0.04,71.0,22.0,7.5,24.0,8,73.0
6,2002,11,26,0.04,0.01,0.0,0.0,75.0,4.0,7.5,24.0,1,75.0
12,2003,8,24,0.0,0.02,0.0,0.0,86.0,46.0,9.0,802.0,5,88.0
28,2003,8,30,0.04,0.01,0.0,0.0,55.0,11.0,7.5,24.0,7,65.0
4,2006,1,6,0.0,0.0,0.03,0.0,71.0,22.0,7.5,24.0,8,73.0
15,2002,10,10,0.46,2.28,0.05,0.61,88.0,15.0,6.7,35.0,1,77.5
15,2005,6,19,0.12,0.09,0.0,0.03,71.0,22.0,9.1,20.0,1,81.0
16,2007,10,21,0.29,0.0,0.0,0.02,77.0,30.0,7.5,17.0,1,76.0
15,2002,4,23,0.17,0.13,0.0,0.04,71.0,22.0,7.5,24.0,1,73.0
6,2004,1,28,0.01,0.0,0.0,0.0,71.0,22.0,7.5,24.0,1,73.0
14,2000,10,23,0.07,0.05,0.0,0.01,70.0,9.0,7.5,24.0,8,72.5
14,1997,2,19,0.28,0.19,0.23,0.05,71.0,22.0,7.5,24.0,8,73.0
27,2008,0,25,0.65,0.22,0.05,0.1,81.0,74.0,8.0,302.0,5,80.5
4,2006,1,19,0.0,0.0,0.04,0.0,71.0,22.0,7.5,24.0,8,73.0
18,2009,10,24,0.3,0.0,0.0,0.03,71.0,22.0,8.1,13.0,1,76.0
27,2009,3,2,0.51,0.21,0.0,0.07,76.0,52.0,5.0,30.0,2,63.0
7,2001,10,10,0.14,0.04,0.0,0.0,81.0,13.0,8.0,9.0,1,80.5
4,2007,3,12,0.0,0.0,0.01,0.0,71.0,22.0,7.5,24.0,8,73.0
27,2010,8,14,7.04,1.95,0.08,0.79,91.0,99.0,7.9,2045.0,5,85.0
4,2008,0,26,0.06,0.0,0.0,0.0,64.0,24.0,6.0,9.0,1,62.0
15,2000,0,21,0.3,0.23,0.38,0.08,66.0,20.0,8.0,35.0,7,73.0
27,2008,10,10,0.08,0.23,0.0,0.03,71.0,22.0,7.5,24.0,8,73.0
27,2006,10,24,0.2,0.0,0.0,0.02,82.0,22.0,8.2,12.0,1,82.0
15,2001,6,19,0.08,0.06,0.0,0.02,38.0,10.0,3.4,5.0,7,36.0
15,2001,0,24,0.13,0.1,0.0,0.03,53.0,16.0,7.3,11.0,5,63.0
16,2008,8,19,0.05,0.0,0.0,0.01,55.0,25.0,7.5,24.0,7,65.0
28,2006,0,9,0.1,0.03,0.0,0.0,82.0,40.0,7.2,13.0,7,77.0
6,2001,6,23,0.11,0.04,0.0,0.0,71.0,22.0,7.5,24.0,8,73.0
17,2015,8,21,0.61,0.78,0.06,0.27,63.0,94.0,6.6,3172.0,5,64.5
2,2011,3,16,0.1,0.04,0.04,0.01,71.0,22.0,7.5,24.0,8,73.0
12,2008,6,10,0.0,0.07,0.0,0.01,65.0,18.0,4.9,231.0,7,57.0
28,2004,8,2,1.24,0.45,0.0,0.07,80.0,55.0,9.1,57.0,7,85.5
27,2010,0,10,0.21,0.2,0.0,0.04,38.0,42.0,5.0,46.0,7,44.0
27,2009,6,14,2.99,1.9,0.1,0.5,92.0,90.0,8.0,516.0,1,86.0
25,2008,10,26,0.0,0.29,0.0,0.02,71.0,22.0,7.5,24.0,8,73.0
15,2006,10,20,0.0,0.0,0.23,0.0,71.0,22.0,7.5,24.0,8,73.0
18,2010,1,19,0.0,0.0,0.05,0.0,71.0,22.0,7.5,24.0,8,73.0
4,2010,11,16,0.0,0.0,0.12,0.0,71.0,22.0,7.5,24.0,8,73.0
25,2007,0,16,0.16,0.01,0.0,0.01,52.0,35.0,5.7,24.0,7,54.5
18,2007,10,16,0.01,0.01,0.01,0.01,68.0,30.0,6.3,4.0,1,65.5
19,2013,3,16,0.02,0.02,0.04,0.01,71.0,22.0,7.5,24.0,8,73.0
5,2000,4,4,0.0,0.0,0.07,0.0,71.0,22.0,7.5,24.0,8,73.0
4,2010,7,17,0.2,0.14,1.35,0.03,78.0,41.0,8.1,31.0,7,79.5
15,2008,11,16,0.0,0.0,0.5,0.0,71.0,22.0,7.5,24.0,8,73.0
14,1998,6,10,1.05,0.16,0.0,0.04,71.0,22.0,7.5,24.0,8,73.0
15,2003,2,16,0.0,0.0,0.63,0.0,71.0,22.0,7.5,24.0,8,73.0
4,2006,9,13,0.03,0.0,0.0,0.0,66.0,16.0,4.5,4.0,7,55.5
6,2004,3,27,0.12,0.04,0.0,0.0,71.0,22.0,7.5,24.0,8,73.0
29,2016,2,16,0.03,0.02,0.0,0.01,60.0,10.0,5.8,12.0,7,59.0
19,2014,1,19,0.0,0.0,0.02,0.0,71.0,22.0,7.5,24.0,8,73.0
27,2005,8,14,0.66,0.02,0.03,0.06,81.0,75.0,7.3,229.0,5,77.0
7,2005,2,20,0.0,0.0,0.08,0.0,71.0,22.0,7.5,24.0,8,73.0
18,2010,11,21,0.0,0.0,0.11,0.0,71.0,22.0,7.5,24.0,8,73.0
18,2006,7,24,0.13,0.02,0.0,0.02,74.0,32.0,8.1,21.0,7,77.5
25,2010,7,19,0.05,0.04,0.0,0.01,75.0,30.0,7.3,31.0,7,74.0
4,2008,1,19,0.08,0.01,0.0,0.01,68.0,4.0,7.5,24.0,2,71.5
25,2011,3,19,0.0,0.13,0.0,0.02,71.0,22.0,7.5,24.0,8,73.0
17,2016,0,16,0.0,0.0,0.1,0.0,71.0,22.0,7.5,24.0,8,73.0
18,2013,1,19,0.0,0.0,0.03,0.0,71.0,22.0,7.5,24.0,8,73.0
28,2004,2,30,0.11,0.03,0.0,0.01,86.0,34.0,7.6,12.0,7,81.0
27,2008,10,10,0.45,0.01,0.0,0.04,88.0,41.0,8.4,61.0,2,86.0
19,2012,0,21,0.21,0.17,0.09,0.08,83.0,73.0,8.5,625.0,7,84.0
7,2006,0,9,0.06,0.02,0.0,0.0,78.0,6.0,7.8,8.0,7,78.0
10,1990,10,17,0.28,0.5,0.65,0.05,71.0,22.0,7.5,24.0,8,73.0
12,1999,10,9,0.0,0.98,0.0,0.09,71.0,22.0,7.5,24.0,8,73.0
29,2014,7,2,0.36,0.24,0.0,0.06,71.0,22.0,7.5,24.0,8,73.0
27,2012,0,10,1.09,3.47,0.03,0.57,90.0,48.0,6.1,403.0,1,75.5
12,2014,7,10,0.33,0.34,0.0,0.06,85.0,45.0,5.9,3926.0,5,72.0
27,2010,0,23,0.12,0.02,0.0,0.01,55.0,10.0,6.3,6.0,2,59.0
25,2011,7,17,0.0,0.01,0.25,0.0,59.0,16.0,7.9,10.0,8,69.0
25,2009,9,26,0.24,0.0,0.0,0.02,71.0,22.0,7.5,24.0,1,73.0
6,2003,10,19,0.26,0.1,0.0,0.01,71.0,22.0,7.5,24.0,8,73.0
20,1995,2,19,0.0,0.0,0.34,0.0,71.0,22.0,7.5,24.0,8,73.0
15,2002,6,19,0.41,0.32,0.0,0.11,62.0,15.0,5.3,20.0,7,57.5
28,2001,6,14,1.37,0.61,0.05,0.09,85.0,35.0,8.2,28.0,1,83.5
4,2006,5,17,0.73,0.03,0.36,0.07,76.0,32.0,7.9,17.0,1,77.5
28,2004,6,19,0.12,0.04,0.0,0.01,71.0,39.0,8.2,21.0,7,76.5
12,2016,1,19,0.0,0.01,0.0,0.0,65.0,18.0,7.3,72.0,7,69.0
7,2005,3,16,0.06,0.02,0.0,0.0,71.0,22.0,7.5,24.0,8,73.0
12,2008,11,19,0.0,0.02,0.0,0.0,87.0,52.0,8.2,275.0,7,84.5
2,2016,0,17,0.17,0.13,0.11,0.03,71.0,22.0,7.5,24.0,8,73.0
25,2007,10,17,0.0,0.22,0.05,0.0,71.0,22.0,7.5,24.0,8,73.0
7,2002,10,19,0.06,0.02,0.0,0.0,69.0,14.0,7.5,24.0,7,72.0
22,1993,0,19,0.0,0.0,0.07,0.0,71.0,22.0,7.5,24.0,8,73.0
27,2008,8,19,0.15,0.14,0.0,0.04,63.0,60.0,6.2,45.0,7,62.5
10,1986,6,17,1.13,0.37,0.41,0.05,71.0,22.0,7.5,24.0,8,73.0
16,2013,1,16,0.0,0.0,0.02,0.0,71.0,22.0,7.5,24.0,8,73.0
