Platform,Year_of_Release,Genre,Publisher,Critic_Score,Critic_Count,User_Score,User_Count,Developer,Rating,Decade,Franchise,Critic_Count_Log,User_Count_Log
DS,2005,Role-Playing,Empire Interactive,58.0,15,7.3,12,Natsume,T,2000s,Other,2.772588722239781,2.5649493574615367
XOne,2016,Action,Ubisoft,77.0,27,6.4,194,Ubisoft Montreal,M,2010s,Other,3.332204510175204,5.272999558563747
PS2,2000,Shooter,Infogrames,77.0,23,6.8,13,Epic Games,M,2000s,Other,3.1780538303479458,2.639057329615259
PSP,2008,Sports,Sony Computer Entertainment,79.0,9,7.4,7,SCEA San Diego Studios,E,2000s,Other,2.302585092994046,2.079441541679836
Wii,2009,Misc,Activision,87.0,22,7.6,19,Exient Entertainment,T,2000s,Other,3.1354942159291497,2.995732273553991
GBA,2004,Platform,Capcom,77.0,21,9.0,22,Inti,E,2000s,Other,3.091042453358316,3.1354942159291497
PS2,2001,Racing,Activision,57.0,15,7.6,9,Exakt,E,2000s,Other,2.772588722239781,2.302585092994046
Wii,2010,Platform,Nintendo,97.0,87,9.1,1854,Nintendo EAD Tokyo,E,2010s,Mario,4.477336814478207,7.525639975041535
PSP,2006,Action,LucasArts,83.0,11,8.6,26,Traveller's Tales,E10+,2000s,Other,2.4849066497880004,3.295836866004329
PS2,2004,Role-Playing,Capcom,69.0,27,7.1,18,"Valuewave Co.,Ltd.",E,2000s,Other,3.332204510175204,2.9444389791664403
DS,2008,Role-Playing,Konami Digital Entertainment,69.0,13,7.6,9,Konami,E10+,2000s,Other,2.639057329615259,2.302585092994046
DS,2008,Sports,Electronic Arts,84.0,5,6.1,31,EA Canada,E,2000s,FIFA,1.791759469228055,3.4657359027997265
DS,2005,Shooter,Majesco Entertainment,71.0,43,7.7,19,Shin'en,E,2000s,Other,3.784189633918261,2.995732273553991
XB,2005,Racing,Take-Two Interactive,84.0,53,7.4,40,Rockstar San Diego,E10+,2000s,Other,3.9889840465642745,3.713572066704308
Wii,2010,Action,Nintendo,48.0,26,6.8,13,Artoon,E,2010s,Other,3.295836866004329,2.639057329615259
Wii,2007,Strategy,LucasArts,70.0,14,2.8,40,Frontier Developments,E10+,2000s,Other,2.70805020110221,3.713572066704308
GBA,2002,Racing,THQ,74.0,14,7.5,27,MTO,E,2000s,Other,2.70805020110221,3.332204510175204
WiiU,2012,Action,Ubisoft,76.0,8,6.3,16,Blue Byte,E10+,2010s,Other,2.19722457733622,2.833213344056216
PS2,2002,Sports,Sony Computer Entertainment,53.0,19,7.5,27,989 Sports,E,2000s,Other,2.995732273553991,3.332204510175204
XB,2004,Misc,XS Games,68.0,11,8.5,6,Iridon Interactive AB,E,2000s,Other,2.4849066497880004,1.9459101490553128
Wii,2009,Sports,Zoo Digital Publishing,28.0,5,7.5,27,Mid Carolina Media,T,2000s,Other,1.791759469228055,3.332204510175204
PSP,2007,Fighting,THQ,68.0,11,7.8,15,Yuke's,T,2000s,Other,2.4849066497880004,2.772588722239781
GC,2005,Shooter,Electronic Arts,82.0,32,9.1,41,Free Radical Design,M,2000s,Other,3.49650756146648,3.737669618283368
GBA,2001,Role-Playing,Hudson Entertainment,68.0,6,7.5,27,Red 5 Software,E,2000s,Other,1.9459101490553128,3.332204510175204
PS2,2002,Sports,Activision,76.0,22,9.1,7,Rainbow Studios,T,2000s,Other,3.1354942159291497,2.079441541679836
3DS,2015,Misc,Sega,80.0,32,8.5,71,Sega,E10+,2010s,Other,3.49650756146648,4.276666119016055
PS3,2011,Action,Disney Interactive Studios,63.0,13,6.6,9,High Impact Games,E10+,2010s,Other,2.639057329615259,2.302585092994046
PSP,2010,Role-Playing,Atlus,75.0,10,7.7,7,Sting,T,2010s,Other,2.3978952727983707,2.079441541679836
GBA,2002,Puzzle,Vivendi Games,75.0,10,7.5,27,Hudson,E,2000s,Other,2.3978952727983707,3.332204510175204
PS3,2013,Shooter,Activision,71.0,10,2.6,1047,Infinity Ward,M,2010s,Call of Duty,2.3978952727983707,6.954638864880987
PS3,2008,Platform,THQ,51.0,24,5.0,7,Heavy Iron Studios,E,2000s,Other,3.218875824868201,2.079441541679836
PC,2005,Racing,Atari,84.0,21,8.6,44,SimBin,E,2000s,Other,3.091042453358316,3.80666248977032
Wii,2007,Action,Vivendi Games,71.0,23,8.4,29,Radical Entertainment,M,2000s,Other,3.1780538303479458,3.4011973816621555
X360,2011,Misc,Microsoft Game Studios,73.0,33,2.9,67,Frontier Developments,E10+,2010s,Other,3.5263605246161616,4.219507705176107
XB,2002,Fighting,THQ,68.0,33,6.6,15,Anchor,T,2000s,Other,3.5263605246161616,2.772588722239781
PSP,2006,Action,Capcom,74.0,34,6.8,6,Capcom,T,2000s,Other,3.555348061489413,1.9459101490553128
PS,1998,Simulation,Sony Computer Entertainment,83.0,6,7.5,27,Tecmo,E,1990s,Other,1.9459101490553128,3.332204510175204
X360,2012,Role-Playing,Deep Silver,60.0,18,6.0,58,Piranha Bytes,M,2010s,Other,2.9444389791664403,4.07753744390572
PSP,2006,Strategy,Sony Online Entertainment,77.0,53,7.8,31,"Sony Online Entertainment, Mind Control Software",T,2000s,Other,3.9889840465642745,3.4657359027997265
PS4,2016,Sports,Avanquest,31.0,22,4.5,66,"The Digital Lounge, Dino Dini",Unknown,2010s,Other,3.1354942159291497,4.204692619390966
Wii,2009,Misc,Activision,50.0,12,5.2,6,Neversoft Entertainment,T,2000s,Other,2.5649493574615367,1.9459101490553128
PS2,2003,Simulation,Namco Bandai Games,66.0,10,8.5,37,Bandai,T,2000s,Other,2.3978952727983707,3.6375861597263857
PS3,2007,Racing,THQ,67.0,33,6.1,8,Rainbow Studios,E,2000s,Other,3.5263605246161616,2.19722457733622
DS,2008,Strategy,THQ,78.0,28,6.9,20,Griptonite Games,E10+,2000s,Other,3.367295829986474,3.044522437723423
PS,1997,Role-Playing,SquareSoft,83.0,12,8.2,190,SquareSoft,T,1990s,Final Fantasy,2.5649493574615367,5.25227342804663
DS,2007,Adventure,Konami Digital Entertainment,59.0,19,7.5,27,Matrix Software,E10+,2000s,Other,2.995732273553991,3.332204510175204
Wii,2010,Action,THQ,49.0,6,7.5,27,THQ,E10+,2010s,Other,1.9459101490553128,3.332204510175204
Wii,2008,Racing,Zoo Games,40.0,4,7.5,27,Extra Mile Studios,E,2000s,Other,1.6094379124341005,3.332204510175204
XOne,2015,Misc,Harmonix Music Systems,79.0,27,6.4,54,Harmonix Music Systems,T,2010s,Other,3.332204510175204,4.007333185232471
PS,2000,Racing,Codemasters,90.0,13,8.7,31,Codemasters,E,2000s,Other,2.639057329615259,3.4657359027997265
DS,2006,Sports,Konami Digital Entertainment,63.0,5,7.9,12,KCET,E,2000s,Other,1.791759469228055,2.5649493574615367
PS2,2005,Sports,Electronic Arts,88.0,29,8.0,121,EA Sports,E,2000s,Madden,3.4011973816621555,4.804021044733257
PS2,2004,Shooter,Sony Computer Entertainment,70.0,67,7.4,254,Guerrilla,M,2000s,Other,4.219507705176107,5.541263545158426
PSP,2007,Racing,Deep Silver,58.0,7,5.3,6,Eutechnyx,T,2000s,Other,2.079441541679836,1.9459101490553128
PSP,2006,Strategy,THQ,70.0,22,6.6,18,Team 17,E10+,2000s,Other,3.1354942159291497,2.9444389791664403
X360,2010,Action,Ubisoft Annecy,59.0,38,7.3,23,Koei,M,2010s,Other,3.6635616461296463,3.1780538303479458
PS2,2004,Shooter,Global Star,57.0,33,7.5,27,Vicious Cycle,T,2000s,Other,3.5263605246161616,3.332204510175204
X360,2007,Racing,THQ,70.0,43,7.1,17,Rainbow Studios,E,2000s,Other,3.784189633918261,2.8903717578961645
GBA,2005,Action,Nintendo,56.0,22,7.5,27,Koei,E,2000s,Other,3.1354942159291497,3.332204510175204
Wii,2008,Platform,Ignition Entertainment,35.0,10,4.0,6,Crave,E,2000s,Other,2.3978952727983707,1.9459101490553128
PS2,2005,Role-Playing,Square Enix,87.0,64,9.0,766,Square Enix,E10+,2000s,Other,4.174387269895637,6.642486801367256
X360,2010,Role-Playing,Square Enix,67.0,60,8.3,126,Cavia Inc.,M,2010s,Other,4.110873864173311,4.844187086458591
PS2,2004,Sports,Zoo Digital Publishing,59.0,6,8.7,32,Activision,E,2000s,Other,1.9459101490553128,3.49650756146648
PS2,2001,Role-Playing,Sony Computer Entertainment,92.0,53,8.7,1056,SquareSoft,T,2000s,Final Fantasy,3.9889840465642745,6.963189985870238
PS2,2008,Role-Playing,Atlus,79.0,23,8.7,26,Atlus Co.,M,2000s,Other,3.1780538303479458,3.295836866004329
PS3,2011,Action,Disney Interactive Studios,73.0,42,7.1,34,Traveller's Tales,E10+,2010s,Other,3.7612001156935615,3.555348061489413
3DS,2011,Sports,Namco Bandai Games,58.0,11,7.5,27,Indies Zero,E10+,2010s,Other,2.4849066497880004,3.332204510175204
PS2,2003,Action,Konami Digital Entertainment,85.0,41,8.8,315,KCET,M,2000s,Other,3.737669618283368,5.755742213586912
DS,2008,Role-Playing,Disney Interactive Studios,70.0,26,7.7,14,"Jupiter Corporation, Jupiter Multimedia",E10+,2000s,Other,3.295836866004329,2.70805020110221
X360,2010,Action,Disney Interactive Studios,58.0,51,6.0,41,Propaganda Games,T,2010s,Other,3.951243718581428,3.737669618283368
GBA,2002,Action,Activision,50.0,13,5.0,4,Digital Eclipse,E,2000s,Other,2.639057329615259,1.6094379124341005
PSP,2009,Shooter,LucasArts,63.0,25,8.0,41,Savage Entertainment,T,2000s,Other,3.258096538021482,3.737669618283368
DS,2006,Action,From Software,37.0,10,5.1,7,From Software,T,2000s,Other,2.3978952727983707,2.079441541679836
PS2,2002,Platform,Electronic Arts,70.0,14,8.8,60,Krome Studios,E,2000s,Other,2.70805020110221,4.110873864173311
PS4,2016,Action,Capcom,82.0,4,6.6,8,Blue Castle Games,M,2010s,Other,1.6094379124341005,2.19722457733622
XOne,2016,Fighting,Namco Bandai Games,81.0,11,8.5,51,CyberConnect2,T,2010s,Other,2.4849066497880004,3.951243718581428
X360,2005,Sports,Take-Two Interactive,75.0,37,6.1,24,2K Sports,E10+,2000s,Other,3.6375861597263857,3.218875824868201
PC,2008,Shooter,Electronic Arts,84.0,56,7.9,516,Crytek,M,2000s,Other,4.04305126783455,6.248042874508429
X360,2007,Sports,Electronic Arts,73.0,37,5.3,19,EA Canada,E,2000s,Other,3.6375861597263857,2.995732273553991
GC,2002,Sports,Sega,76.0,31,8.1,9,Sega AM2,E,2000s,Other,3.4657359027997265,2.302585092994046
PS3,2007,Shooter,Vivendi Games,72.0,31,7.4,64,Day 1 Studios,M,2000s,Other,3.4657359027997265,4.174387269895637
PS2,2005,Racing,Yuke's,45.0,14,7.5,27,Yuke's,E10+,2000s,Other,2.70805020110221,3.332204510175204
Wii,2008,Shooter,Milestone,66.0,4,7.5,27,MileStone Inc.,E,2000s,Other,1.6094379124341005,3.332204510175204
DS,2007,Shooter,Konami Digital Entertainment,83.0,38,8.4,45,WayForward,T,2000s,Other,3.6635616461296463,3.828641396489095
PS4,2015,Sports,Take-Two Interactive,87.0,51,6.7,364,Visual Concepts,E10+,2010s,Other,3.951243718581428,5.899897353582492
PS2,2001,Simulation,Activision,84.0,25,8.0,21,LucasArts,T,2000s,Other,3.258096538021482,3.091042453358316
PS2,2003,Shooter,Vivendi Games,69.0,21,7.8,16,Argonaut Games,M,2000s,Other,3.091042453358316,2.833213344056216
3DS,2015,Action,Nintendo,73.0,73,7.6,179,Nintendo,E,2010s,Zelda,4.304065093204169,5.19295685089021
GC,2005,Sports,Crave Entertainment,47.0,4,7.5,27,Crave,E,2000s,Other,1.6094379124341005,3.332204510175204
PS3,2011,Action,Square Enix,78.0,37,8.1,60,Crystal Dynamics,T,2010s,Other,3.6375861597263857,4.110873864173311
GBA,2002,Platform,Ubisoft,60.0,4,7.5,27,Visual Impact,E,2000s,Other,1.6094379124341005,3.332204510175204
PSV,2014,Action,Xseed Games,72.0,20,8.5,22,Sandlot,T,2010s,Other,3.044522437723423,3.1354942159291497
PS3,2014,Action,Warner Bros. Interactive Entertainment,80.0,5,6.8,12,TT Games,E10+,2010s,Other,1.791759469228055,2.5649493574615367
XB,2003,Action,THQ,79.0,21,9.1,11,Eurocom Entertainment Software,T,2000s,Other,3.091042453358316,2.4849066497880004
X360,2012,Misc,505 Games,77.0,6,6.7,6,Zoe Mode,E10+,2010s,Other,1.9459101490553128,1.9459101490553128
PS2,2004,Sports,Sony Computer Entertainment,66.0,24,9.1,14,Page 44 Studios,E,2000s,Other,3.218875824868201,2.70805020110221
DS,2008,Puzzle,Game Factory,66.0,8,7.5,27,Two Tribes,E,2000s,Other,2.19722457733622,3.332204510175204
PS3,2008,Racing,Electronic Arts,59.0,40,5.9,71,EA Vancouver,T,2000s,Other,3.713572066704308,4.276666119016055
GC,2004,Misc,Midway Games,74.0,21,7.5,27,Backbone Entertainment,M,2000s,Other,3.091042453358316,3.332204510175204
PS3,2013,Simulation,Focus Home Interactive,40.0,17,2.9,9,Giants Software,E,2010s,Other,2.8903717578961645,2.302585092994046
XB,2002,Sports,Sega,87.0,15,7.9,9,Visual Concepts,E,2000s,Other,2.772588722239781,2.302585092994046
Wii,2010,Action,Nintendo,79.0,71,6.5,482,Team Ninja,T,2010s,Other,4.276666119016055,6.180016653652572
PS2,2006,Sports,Electronic Arts,63.0,12,6.0,39,EA Sports,E,2000s,Other,2.5649493574615367,3.688879454113936
PC,2015,Racing,Codemasters,61.0,13,3.6,63,Codemasters,E,2010s,Other,2.639057329615259,4.158883083359672
DS,2009,Action,Activision,60.0,6,6.7,7,Now Production,E,2000s,Other,1.9459101490553128,2.079441541679836
DS,2008,Simulation,Square Enix,60.0,10,7.5,27,Taito Corporation,E,2000s,Other,2.3978952727983707,3.332204510175204
GBA,2003,Action,Ubisoft,77.0,21,8.6,8,Ubisoft Montreal,T,2000s,Other,3.091042453358316,2.19722457733622
PS3,2009,Shooter,Eidos Interactive,35.0,18,4.8,27,Rebellion,M,2000s,Other,2.9444389791664403,3.332204510175204
PC,2011,Simulation,Electronic Arts,77.0,56,6.1,173,The Sims Studio,T,2010s,Other,4.04305126783455,5.159055299214529
GC,2003,Puzzle,Jaleco,54.0,12,7.5,27,Runecraft,E,2000s,Other,2.5649493574615367,3.332204510175204
PSP,2005,Puzzle,Eidos Interactive,45.0,19,5.4,5,Core Design Ltd.,E10+,2000s,Other,2.995732273553991,1.791759469228055
XB,2004,Sports,Activision,65.0,5,8.3,6,FUN Labs,T,2000s,Other,1.791759469228055,1.9459101490553128
PS3,2009,Role-Playing,Electronic Arts,87.0,41,7.9,597,BioWare,M,2000s,Other,3.737669618283368,6.393590753950631
PS3,2010,Action,Tecmo Koei,58.0,18,7.5,20,"Omega Force, Koei Tecmo Games",T,2010s,Other,2.9444389791664403,3.044522437723423
X360,2011,Platform,THQ,77.0,54,7.5,23,Blue Tongue Entertainment,E10+,2010s,Other,4.007333185232471,3.1780538303479458
DS,2007,Fighting,Midway Games,73.0,26,8.6,22,Other Ocean Interactive,M,2000s,Other,3.295836866004329,3.1354942159291497
Wii,2007,Action,Activision,62.0,16,7.6,7,Smart Bomb Interactive,E,2000s,Other,2.833213344056216,2.079441541679836
PS2,2003,Racing,Codemasters,79.0,40,8.9,32,Incognito Inc.,T,2000s,Other,3.713572066704308,3.49650756146648
DS,2010,Role-Playing,Nintendo,68.0,8,7.1,11,"RED Entertainment, Artdink",E,2010s,Other,2.19722457733622,2.4849066497880004
GC,2001,Sports,Acclaim Entertainment,78.0,15,7.7,10,"Z-Axis, Ltd.",T,2000s,Other,2.772588722239781,2.3978952727983707
PS3,2011,Shooter,Sony Computer Entertainment,83.0,91,7.8,543,Insomniac Games,M,2010s,Other,4.5217885770490405,6.298949246855942
PS2,2006,Sports,Midway Games,56.0,11,7.5,10,Blue Shift,E10+,2000s,Other,2.4849066497880004,2.3978952727983707
XB,2004,Sports,Midway Games,78.0,30,7.7,14,Midway,M,2000s,Other,3.4339872044851463,2.70805020110221
DS,2009,Racing,Electronic Arts,70.0,7,6.3,7,Firebrand Games,E10+,2000s,Other,2.079441541679836,2.079441541679836
GC,2002,Action,Eidos Interactive,71.0,15,7.5,27,Crystal Dynamics,M,2000s,Other,2.772588722239781,3.332204510175204
GBA,2002,Action,Atari,73.0,9,6.6,14,Sennari Interactive,T,2000s,Other,2.302585092994046,2.70805020110221
X360,2011,Shooter,Warner Bros. Interactive Entertainment,75.0,71,7.0,139,Day 1 Studios,M,2010s,Other,4.276666119016055,4.941642422609304
DS,2006,Adventure,THQ,64.0,9,6.4,7,TOSE,E,2000s,Other,2.302585092994046,2.079441541679836
Wii,2009,Action,Rising Star Games,39.0,32,5.6,34,FeelPlus,M,2000s,Other,3.49650756146648,3.555348061489413
X360,2010,Sports,Electronic Arts,79.0,51,7.8,19,EA Sports,E,2010s,Other,3.951243718581428,2.995732273553991
PC,2007,Strategy,Paradox Interactive,62.0,15,3.3,86,Big Time Software,T,2000s,Other,2.772588722239781,4.465908118654584
PS2,2003,Sports,Activision,90.0,38,8.7,121,Neversoft Entertainment,T,2000s,Other,3.6635616461296463,4.804021044733257
PS4,2016,Fighting,Namco Bandai Games,79.0,60,8.2,201,CyberConnect2,T,2010s,Other,4.110873864173311,5.308267697401205
XB,2003,Strategy,Electronic Arts,64.0,19,7.7,21,Zono Inc.,T,2000s,Other,2.995732273553991,3.091042453358316
PS3,2013,Sports,Take-Two Interactive,74.0,22,7.5,121,Yuke's,T,2010s,Other,3.1354942159291497,4.804021044733257
PS4,2015,Action,Activision,59.0,4,6.6,19,"Activision, Behaviour Interactive",E,2010s,Other,1.6094379124341005,2.995732273553991
PC,2011,Action,Warner Bros. Interactive Entertainment,91.0,27,8.6,1847,Rocksteady Studios,T,2010s,Other,3.332204510175204,7.521859252201629
XB,2005,Action,Microsoft Game Studios,94.0,32,8.7,121,Team Ninja,M,2000s,Other,3.49650756146648,4.804021044733257
PS3,2008,Misc,Disney Interactive Studios,54.0,11,3.5,6,Zoe Mode,E,2000s,Other,2.4849066497880004,1.9459101490553128
X360,2012,Action,Activision,63.0,13,3.5,27,"Rovio Mobile, Rovio Entertainment",E,2010s,Other,2.639057329615259,3.332204510175204
PS,2000,Adventure,Eidos Interactive,75.0,7,6.2,6,Blitz Games,E,2000s,Other,2.079441541679836,1.9459101490553128
PS2,2003,Action,Ubisoft,48.0,26,3.7,6,Light Weight,T,2000s,Other,3.295836866004329,1.9459101490553128
PSV,2012,Action,Ubisoft,49.0,34,6.4,61,Ubisoft,T,2010s,Other,3.555348061489413,4.127134385045092
GBA,2004,Misc,Crave Entertainment,66.0,5,7.5,27,Sensory Sweep,E,2000s,Other,1.791759469228055,3.332204510175204
Wii,2009,Misc,Activision,79.0,20,6.6,15,Vicarious Visions,E10+,2000s,Other,3.044522437723423,2.772588722239781
X360,2007,Action,Warner Bros. Interactive Entertainment,40.0,15,6.8,13,Red Tribe,E10+,2000s,Other,2.772588722239781,2.639057329615259
X360,2010,Role-Playing,Focus Home Interactive,72.0,13,7.8,50,Larian Studios,M,2010s,Other,2.639057329615259,3.9318256327243257
XB,2005,Simulation,Electronic Arts,75.0,31,7.1,8,Maxis,T,2000s,Other,3.4657359027997265,2.19722457733622
XB,2004,Fighting,Atari,65.0,8,8.8,4,Black Ship Games,T,2000s,Other,2.19722457733622,1.6094379124341005
PS3,2010,Simulation,Konami Digital Entertainment,60.0,5,7.5,27,Konami,E10+,2010s,Other,1.791759469228055,3.332204510175204
DS,2009,Misc,Nintendo,82.0,53,8.7,39,Intelligent Systems,E,2000s,Other,3.9889840465642745,3.688879454113936
DS,2005,Simulation,JoWood Productions,61.0,17,7.8,5,Spike,T,2000s,Other,2.8903717578961645,1.791759469228055
PC,2013,Action,Deep Silver,82.0,71,8.6,2654,4A Games,M,2010s,Other,4.276666119016055,7.884199933676039
PC,2008,Action,Capcom,78.0,21,8.5,353,Capcom,M,2000s,Other,3.091042453358316,5.869296913133774
PSP,2007,Puzzle,Sega,83.0,41,9.0,21,Zoe Mode,E10+,2000s,Other,3.737669618283368,3.091042453358316
XB,2003,Racing,Atari,76.0,13,7.5,27,Eden Studios,E,2000s,Other,2.639057329615259,3.332204510175204
PC,2012,Action,SCS Software,79.0,17,8.7,992,SCS Software,Unknown,2010s,Other,2.8903717578961645,6.900730664045173
PSP,2008,Sports,Ubisoft,70.0,5,7.5,4,Ubisoft,E10+,2000s,Other,1.791759469228055,1.6094379124341005
PS2,2008,Action,Activision,56.0,4,5.8,6,Toys for Bob,E,2000s,Other,1.6094379124341005,1.9459101490553128
PS2,2005,Action,Activision,74.0,52,7.9,54,Treyarch,T,2000s,Other,3.970291913552122,4.007333185232471
PSP,2008,Role-Playing,Sting,73.0,17,7.9,18,Sting,T,2000s,Other,2.8903717578961645,2.9444389791664403
DS,2011,Role-Playing,Ghostlight,79.0,21,8.8,45,Atlus,T,2010s,Other,3.091042453358316,3.828641396489095
XB,2004,Role-Playing,Activision,82.0,63,8.5,14,Raven Software,T,2000s,Other,4.158883083359672,2.70805020110221
GC,2002,Racing,Acclaim Entertainment,78.0,18,7.9,18,Criterion Games,E,2000s,Other,2.9444389791664403,2.9444389791664403
X360,2007,Shooter,Vivendi Games,66.0,43,7.1,16,"TimeGate Studios, Day 1 Studios",M,2000s,Other,3.784189633918261,2.833213344056216
PS2,2004,Misc,Sega,72.0,28,7.0,5,Sonic Team,T,2000s,Other,3.367295829986474,1.791759469228055
PS3,2010,Fighting,Konami Digital Entertainment,54.0,6,7.1,10,Immersion Software & Graphics,T,2010s,Other,1.9459101490553128,2.3978952727983707
PS,2000,Role-Playing,Namco Bandai Games,78.0,9,8.7,31,Namco,T,2000s,Other,2.302585092994046,3.4657359027997265
Wii,2009,Action,Activision,55.0,32,7.0,28,Artificial Mind and Movement,T,2000s,Other,3.49650756146648,3.367295829986474
Wii,2009,Platform,Ubisoft,68.0,4,5.3,4,Ubisoft Shanghai,E,2000s,Other,1.6094379124341005,1.6094379124341005
PC,2003,Platform,Ubisoft,74.0,8,8.3,70,Ubisoft,E,2000s,Other,2.19722457733622,4.262679877041316
PS2,2001,Role-Playing,Sony Computer Entertainment,67.0,13,7.5,27,Cattle Call,T,2000s,Other,2.639057329615259,3.332204510175204
DS,2009,Racing,Electronic Arts,67.0,11,7.3,4,EA Games,E,2000s,Other,2.4849066497880004,1.6094379124341005
PS2,2005,Misc,Oxygen Interactive,67.0,20,7.5,27,Point of View,T,2000s,Other,3.044522437723423,3.332204510175204
X360,2007,Action,Sega,41.0,25,4.1,14,Shiny Entertainment,E10+,2000s,Other,3.258096538021482,2.70805020110221
GBA,2004,Role-Playing,"Destination Software, Inc",76.0,17,6.5,11,Magic Pockets,T,2000s,Other,2.8903717578961645,2.4849066497880004
X360,2012,Shooter,Namco Bandai Games,53.0,51,6.5,72,Saber Interactive,M,2010s,Other,3.951243718581428,4.290459441148391
PS,2001,Sports,Activision,87.0,10,8.3,36,Shaba Games,E,2000s,Other,2.3978952727983707,3.610917912644224
Wii,2007,Racing,Electronic Arts,61.0,16,6.9,14,EA Games,E10+,2000s,Other,2.833213344056216,2.70805020110221
GBA,2001,Role-Playing,Capcom,79.0,10,8.9,24,Capcom,E,2000s,Other,2.3978952727983707,3.218875824868201
X360,2006,Sports,Take-Two Interactive,81.0,75,7.8,69,Rockstar San Diego,E,2000s,Other,4.330733340286331,4.248495242049359
PC,2008,Racing,Electronic Arts,65.0,18,4.9,231,EA Black Box,T,2000s,Other,2.9444389791664403,5.44673737166631
DS,2006,Adventure,Disney Interactive Studios,63.0,11,8.6,7,Amaze Entertainment,T,2000s,Other,2.4849066497880004,2.079441541679836
X360,2010,Misc,Microsoft Game Studios,61.0,45,6.3,106,Good Science Studio,E,2010s,Other,3.828641396489095,4.672828834461906
GBA,2003,Action,THQ,44.0,16,8.6,5,Natsume,T,2000s,Other,2.833213344056216,1.791759469228055
X360,2008,Fighting,505 Games,71.0,22,6.6,8,Arc System Works,T,2000s,Other,3.1354942159291497,2.19722457733622
GBA,2002,Shooter,BAM! Entertainment,60.0,10,7.5,27,Graphic State,E,2000s,Other,2.3978952727983707,3.332204510175204
X360,2005,Sports,Activision,75.0,43,7.2,21,Neversoft Entertainment,T,2000s,Other,3.784189633918261,3.091042453358316
Wii,2009,Sports,Konami Digital Entertainment,82.0,13,8.4,17,Konami,E,2000s,Other,2.639057329615259,2.8903717578961645
XB,2004,Shooter,Atari,66.0,38,8.6,5,Paradigm Entertainment,T,2000s,Other,3.6635616461296463,1.791759469228055
Wii,2009,Misc,Electronic Arts,67.0,11,7.5,27,EA Bright Light,E,2000s,Other,2.4849066497880004,3.332204510175204
DS,2004,Puzzle,Nintendo,73.0,34,8.4,17,Mitchell,E,2000s,Other,3.555348061489413,2.8903717578961645
PS2,2004,Sports,Zoo Digital Publishing,70.0,15,8.7,12,Tecmo,E,2000s,Other,2.772588722239781,2.5649493574615367
PS2,2001,Platform,Ubisoft,59.0,7,7.1,7,Ubisoft,E,2000s,Other,2.079441541679836,2.079441541679836
PS2,2003,Simulation,Konami Digital Entertainment,82.0,33,8.9,65,KCEJ,M,2000s,Other,3.5263605246161616,4.189654742026425
X360,2006,Action,LucasArts,81.0,50,8.0,45,Traveller's Tales,E10+,2000s,Other,3.9318256327243257,3.828641396489095
GC,2002,Fighting,Activision,75.0,27,8.5,20,Eighting/Raizing,T,2000s,Other,3.332204510175204,3.044522437723423
DS,2008,Platform,Zoo Digital Publishing,44.0,5,7.5,27,Black Lantern Studios,E,2000s,Other,1.791759469228055,3.332204510175204
Wii,2011,Misc,Namco Bandai Games,64.0,28,7.8,13,Namco Bandai Games,E10+,2010s,Other,3.367295829986474,2.639057329615259
Wii,2008,Adventure,Konami Digital Entertainment,54.0,11,6.0,6,Hudson Soft,E10+,2000s,Other,2.4849066497880004,1.9459101490553128
XB,2004,Fighting,Midway Games,81.0,53,8.8,24,Midway,M,2000s,Other,3.9889840465642745,3.218875824868201
GBA,2001,Racing,Nintendo,93.0,24,8.3,108,Intelligent Systems,E,2000s,Mario,3.218875824868201,4.691347882229144
GBA,2001,Sports,Activision,58.0,7,7.5,27,Natsume,E,2000s,Other,2.079441541679836,3.332204510175204
PC,2014,Simulation,Sega,80.0,36,6.0,151,Sports Interactive,Unknown,2010s,Other,3.610917912644224,5.0238805208462765
DS,2007,Role-Playing,505 Games,55.0,13,7.9,11,Barnhouse Effect,T,2000s,Other,2.639057329615259,2.4849066497880004
PSP,2006,Action,Take-Two Interactive,51.0,14,6.3,15,High Voltage Software,M,2000s,Other,2.70805020110221,2.772588722239781
PS2,2008,Fighting,THQ,78.0,9,6.9,34,Yuke's,T,2000s,Other,2.302585092994046,3.555348061489413
PSP,2005,Shooter,LucasArts,69.0,22,8.5,111,Savage Entertainment,T,2000s,Other,3.1354942159291497,4.718498871295094
GC,2004,Role-Playing,Electronic Arts,74.0,25,7.8,19,EA Games,T,2000s,Other,3.258096538021482,2.995732273553991
X360,2009,Sports,XS Games,63.0,4,5.8,5,Piranha Games,E,2000s,Other,1.6094379124341005,1.791759469228055
Wii,2009,Sports,Take-Two Interactive,61.0,5,4.5,10,2K Sports,E,2000s,Other,1.791759469228055,2.3978952727983707
DS,2005,Action,Konami Digital Entertainment,58.0,10,7.0,5,Konami,E,2000s,Other,2.3978952727983707,1.791759469228055
PC,2006,Action,Eidos Interactive,82.0,35,8.8,528,Io Interactive,M,2000s,Other,3.58351893845611,6.270988431858299
PS2,2004,Racing,Sony Computer Entertainment,57.0,27,7.8,14,Studio 33,T,2000s,Other,3.332204510175204,2.70805020110221
DS,2008,Simulation,THQ,82.0,34,7.1,15,Rare Ltd.,E,2000s,Other,3.555348061489413,2.772588722239781
PS3,2009,Misc,Crave Entertainment,82.0,16,7.9,8,Farsight Studios,E10+,2000s,Other,2.833213344056216,2.19722457733622
DS,2010,Simulation,Electronic Arts,73.0,9,6.4,20,Exient Entertainment,E,2010s,Other,2.302585092994046,3.044522437723423
PS2,2004,Action,Konami Digital Entertainment,47.0,25,7.8,12,KCE Studios,T,2000s,Other,3.258096538021482,2.5649493574615367
PS2,2004,Role-Playing,Electronic Arts,73.0,35,8.2,60,EA Games,T,2000s,Other,3.58351893845611,4.110873864173311
PS2,2004,Action,BAM! Entertainment,53.0,8,7.5,27,Artificial Mind and Movement,E,2000s,Other,2.19722457733622,3.332204510175204
DS,2006,Puzzle,Nintendo,68.0,33,8.1,11,Mitchell,E,2000s,Other,3.5263605246161616,2.4849066497880004
PSP,2006,Role-Playing,Ubisoft,48.0,35,4.9,18,Sonnori,E10+,2000s,Other,3.58351893845611,2.9444389791664403
X360,2010,Sports,Crave Entertainment,36.0,4,7.5,27,Crave,E10+,2010s,Other,1.6094379124341005,3.332204510175204
XB,2005,Platform,THQ,75.0,19,7.5,27,Avalanche Software,E,2000s,Other,2.995732273553991,3.332204510175204
PC,2004,Shooter,LucasArts,72.0,19,3.5,1509,EA DICE,T,2000s,Other,2.995732273553991,7.31986492980897
XOne,2015,Sports,Take-Two Interactive,86.0,14,6.2,115,Visual Concepts,E10+,2010s,Other,2.70805020110221,4.7535901911063645
PS2,2002,Shooter,Activision,65.0,28,8.6,16,Seta Corporation,M,2000s,Other,3.367295829986474,2.833213344056216
XB,2006,Racing,Sega,56.0,33,8.1,7,Sonic Team,E,2000s,Other,3.5263605246161616,2.079441541679836
PC,2010,Role-Playing,Atari,66.0,34,6.2,694,Cryptic Studios,T,2010s,Other,3.555348061489413,6.543911845564792
PS2,2002,Action,Namco Bandai Games,73.0,19,7.8,26,Namco,E,2000s,Other,2.995732273553991,3.295836866004329
GBA,2004,Platform,Nintendo,74.0,10,8.6,12,Konami,E,2000s,Other,2.3978952727983707,2.5649493574615367
PS4,2015,Sports,Sony Computer Entertainment,80.0,44,7.8,190,SCEA San Diego Studios,E,2010s,Other,3.80666248977032,5.25227342804663
XB,2002,Simulation,Phantagram,74.0,23,8.3,14,Genki,T,2000s,Other,3.1780538303479458,2.70805020110221
XB,2004,Platform,Global Star,69.0,25,7.5,27,Artificial Mind and Movement,E,2000s,Other,3.258096538021482,3.332204510175204
PS3,2011,Role-Playing,Unknown,70.0,28,7.0,65,Reality Pump,M,2010s,Other,3.367295829986474,4.189654742026425
X360,2013,Action,Square Enix,69.0,14,7.2,45,Io Interactive,M,2010s,Other,2.70805020110221,3.828641396489095
XB,2002,Racing,Codemasters,86.0,25,7.4,14,Codemasters,E,2000s,Other,3.258096538021482,2.70805020110221
XOne,2015,Sports,Electronic Arts,84.0,45,4.4,459,EA Sports,E,2010s,FIFA,3.828641396489095,6.131226489483141
PSP,2009,Sports,Take-Two Interactive,67.0,5,7.5,27,Blue Castle Games,E10+,2000s,Other,1.791759469228055,3.332204510175204
XB,2003,Action,Midway Games,68.0,23,7.4,5,Terminal Reality,M,2000s,Other,3.1780538303479458,1.791759469228055
PC,2012,Action,Activision,76.0,12,6.4,389,Radical Entertainment,M,2010s,Other,2.5649493574615367,5.966146739123692
PC,2011,Action,Disney Interactive Studios,73.0,11,6.6,17,Traveller's Tales,E10+,2010s,Other,2.4849066497880004,2.8903717578961645
GBA,2005,Platform,Nintendo,70.0,30,5.0,6,Paon Corporation,E,2000s,Other,3.4339872044851463,1.9459101490553128
DS,2009,Misc,Disney Interactive Studios,58.0,7,7.5,27,Disney Interactive Studios,E,2000s,Other,2.079441541679836,3.332204510175204
PC,2009,Role-Playing,Electronic Arts,91.0,67,8.6,3542,BioWare,M,2000s,Other,4.219507705176107,8.172729104865471
PS2,2003,Racing,Eidos Interactive,66.0,32,8.7,15,Crystal Dynamics,T,2000s,Other,3.49650756146648,2.772588722239781
DS,2008,Role-Playing,Square Enix,74.0,35,6.8,12,Tri-Ace,T,2000s,Other,3.58351893845611,2.5649493574615367
3DS,2012,Action,Warner Bros. Interactive Entertainment,72.0,6,5.2,25,TT Games,E10+,2010s,Other,1.9459101490553128,3.258096538021482
XOne,2014,Racing,Ubisoft,64.0,18,5.9,176,"Ubisoft Reflections, Ivory Tower",T,2010s,Other,2.9444389791664403,5.176149732573829
PSV,2015,Action,Namco Bandai Games,76.0,4,6.3,17,Omega Force,T,2010s,Other,1.6094379124341005,2.8903717578961645
PS2,2005,Action,Activision,64.0,42,7.8,19,7 Studios,T,2000s,Other,3.7612001156935615,2.995732273553991
PC,2013,Action,Konami Digital Entertainment,74.0,9,4.4,239,Konami,E,2010s,Other,2.302585092994046,5.480638923341991
PS3,2008,Shooter,Activision,60.0,30,6.4,14,"Z-Axis, Ltd.",T,2000s,Other,3.4339872044851463,2.70805020110221
GBA,2005,Action,Namco Bandai Games,63.0,4,7.5,27,Torus Games,E,2000s,Other,1.6094379124341005,3.332204510175204
PC,2011,Simulation,Unknown,70.0,10,6.7,28,Bohemia Interactive,T,2010s,Other,2.3978952727983707,3.367295829986474
PC,2015,Action,Ubisoft,74.0,25,7.5,362,Ubisoft,M,2010s,Other,3.258096538021482,5.8944028342648505
PS2,2006,Shooter,Square Enix,57.0,51,6.9,103,Square Enix,T,2000s,Final Fantasy,3.951243718581428,4.6443908991413725
PS2,2005,Action,Take-Two Interactive,84.0,23,8.3,13,Visual Concepts,E,2000s,Other,3.1780538303479458,2.639057329615259
PS2,2004,Shooter,Play It,68.0,50,8.7,12,Seta Corporation,M,2000s,Other,3.9318256327243257,2.5649493574615367
XB,2004,Action,Sega,59.0,26,6.8,4,Amuze,M,2000s,Other,3.295836866004329,1.6094379124341005
PS3,2010,Misc,Sony Computer Entertainment,65.0,21,3.9,8,SCEE London Studio,T,2010s,Other,3.091042453358316,2.19722457733622
XB,2002,Sports,Activision,90.0,25,8.5,21,Neversoft Entertainment,T,2000s,Other,3.258096538021482,3.091042453358316
XOne,2014,Sports,Electronic Arts,82.0,33,5.4,347,EA Sports,E,2010s,FIFA,3.5263605246161616,5.8522024797744745
PS2,2005,Simulation,Konami Digital Entertainment,76.0,27,9.0,21,Konami Computer Entertainment Hawaii,E10+,2000s,Other,3.332204510175204,3.091042453358316
PC,2005,Shooter,Take-Two Interactive,74.0,31,7.0,152,Croteam,M,2000s,Other,3.4657359027997265,5.030437921392435
PS3,2010,Action,505 Games,43.0,31,5.5,49,Artificial Mind and Movement,T,2010s,Other,3.4657359027997265,3.912023005428146
GC,2002,Sports,Electronic Arts,78.0,13,6.5,4,EA Sports,T,2000s,Other,2.639057329615259,1.6094379124341005
3DS,2011,Fighting,PQube,64.0,14,6.1,19,Arc System Works,T,2010s,Other,2.70805020110221,2.995732273553991
PS3,2010,Sports,Sony Computer Entertainment,66.0,14,8.1,23,SCEA,E10+,2010s,Other,2.70805020110221,3.1780538303479458
PS,2000,Racing,Acclaim Entertainment,43.0,11,7.5,27,Acclaim,E,2000s,Other,2.4849066497880004,3.332204510175204
X360,2009,Sports,Take-Two Interactive,76.0,31,6.2,35,Blue Castle Games,E10+,2000s,Other,3.4657359027997265,3.58351893845611
X360,2013,Simulation,Focus Home Interactive,33.0,12,6.2,30,Giants Software,E,2010s,Other,2.5649493574615367,3.4339872044851463
DS,2008,Sports,Electronic Arts,72.0,13,7.8,12,Exient Entertainment,E,2000s,Other,2.639057329615259,2.5649493574615367
Wii,2008,Simulation,Rising Star Games,76.0,10,8.9,20,Natsume,E,2000s,Other,2.3978952727983707,3.044522437723423
PC,2012,Shooter,Bethesda Softworks,59.0,12,5.3,210,id Software,M,2010s,Other,2.5649493574615367,5.351858133476067
PC,2002,Strategy,JoWood Productions,59.0,11,7.7,9,JoWooD Entertainment AG,T,2000s,Other,2.4849066497880004,2.302585092994046
PC,2011,Sports,Electronic Arts,72.0,11,3.9,24,Bright Future GmbH,E,2010s,FIFA,2.4849066497880004,3.218875824868201
PS2,2004,Shooter,SCi,58.0,24,8.1,21,Pivotal Games,M,2000s,Other,3.218875824868201,3.091042453358316
Wii,2009,Racing,Codemasters,69.0,29,7.2,30,Sumo Digital,E,2000s,Other,3.4011973816621555,3.4339872044851463
PC,2015,Action,Warner Bros. Interactive Entertainment,75.0,40,7.9,1295,Techland,M,2010s,Other,3.713572066704308,7.16703787691222
Wii,2006,Sports,Nintendo,72.0,44,7.8,15,"Tecmo, Ntreev Soft",E10+,2000s,Other,3.80666248977032,2.772588722239781
X360,2007,Puzzle,Namco Bandai Games,73.0,52,7.0,40,Now Production,E,2000s,Other,3.970291913552122,3.713572066704308
XB,2004,Action,Electronic Arts,67.0,23,8.8,10,EA Games,E,2000s,Other,3.1780538303479458,2.3978952727983707
PSP,2007,Shooter,Activision,64.0,45,7.5,30,Amaze Entertainment,T,2000s,Call of Duty,3.828641396489095,3.4339872044851463
PS2,2002,Racing,Empire Interactive,31.0,5,5.0,8,Empire Interactive,E,2000s,Other,1.791759469228055,2.19722457733622
X360,2007,Misc,Activision,85.0,69,7.9,165,Neversoft Entertainment,T,2000s,Other,4.248495242049359,5.111987788356544
PS3,2007,Action,Eidos Interactive,88.0,46,7.5,155,Team Ninja,M,2000s,Other,3.8501476017100575,5.049856007249537
X360,2012,Fighting,Capcom,83.0,45,4.4,177,Capcom,T,2010s,Other,3.828641396489095,5.181783550292085
X360,2009,Action,Playlogic Game Factory,51.0,47,6.2,12,"Playlogic, The Game Factory",M,2000s,Other,3.8712010109078903,2.5649493574615367
XB,2004,Action,Eidos Interactive,82.0,61,7.3,12,Ion Storm,M,2000s,Other,4.127134385045092,2.5649493574615367
PC,2008,Simulation,Electronic Arts,75.0,10,7.7,19,Electronic Arts,T,2000s,Other,2.3978952727983707,2.995732273553991
Wii,2008,Role-Playing,Sting,73.0,11,8.3,17,Sting,E10+,2000s,Other,2.4849066497880004,2.8903717578961645
PS3,2010,Shooter,Square Enix,58.0,42,6.0,30,Double Helix Games,T,2010s,Other,3.7612001156935615,3.4339872044851463
PS,2000,Fighting,Midway Games,68.0,5,7.5,27,Point of View,T,2000s,Other,1.791759469228055,3.332204510175204
PSP,2009,Simulation,From Software,43.0,6,6.7,6,From Software,T,2000s,Other,1.9459101490553128,1.9459101490553128
XB,2002,Adventure,Microsoft Game Studios,80.0,31,9.3,96,Sega AM2,T,2000s,Other,3.4657359027997265,4.574710978503383
Wii,2008,Simulation,505 Games,62.0,17,4.9,12,Cooking Mama Limited,E,2000s,Other,2.8903717578961645,2.5649493574615367
X360,2009,Action,Electronic Arts,64.0,38,6.8,11,EA Bright Light,E10+,2000s,Other,3.6635616461296463,2.4849066497880004
PSP,2004,Role-Playing,Namco Bandai Games,63.0,25,6.9,11,Microvision,E10+,2000s,Other,3.258096538021482,2.4849066497880004
XB,2003,Sports,Electronic Arts,89.0,18,8.2,14,EA Sports,E,2000s,Other,2.9444389791664403,2.70805020110221
PS2,2000,Sports,Konami Digital Entertainment,64.0,14,7.9,8,Konami,T,2000s,Other,2.70805020110221,2.19722457733622
XB,2005,Action,Electronic Arts,71.0,34,8.8,12,Electronic Arts,T,2000s,Other,3.555348061489413,2.5649493574615367
XB,2006,Shooter,Eidos Interactive,71.0,37,8.5,11,Rebellion,T,2000s,Other,3.6375861597263857,2.4849066497880004
PS3,2012,Shooter,Take-Two Interactive,79.0,28,7.6,127,Digital Extremes,M,2010s,Other,3.367295829986474,4.852030263919617
XB,2002,Shooter,Atari,83.0,29,8.2,24,Digital Extremes,M,2000s,Other,3.4011973816621555,3.218875824868201
PS2,2002,Shooter,Big Ben Interactive,56.0,17,7.5,27,iRock Interactive,M,2000s,Other,2.8903717578961645,3.332204510175204
GBA,2002,Action,THQ,38.0,14,5.0,6,David A. Palmer Productions,E,2000s,Other,2.70805020110221,1.9459101490553128
XB,2003,Platform,Acclaim Entertainment,70.0,21,8.5,10,Acclaim,T,2000s,Other,3.091042453358316,2.3978952727983707
PC,2014,Role-Playing,Focus Home Interactive,87.0,59,8.7,2089,Larian Studios,M,2010s,Other,4.0943445622221,7.644919344958857
PC,2011,Role-Playing,Unknown,76.0,31,6.5,315,Reality Pump,M,2010s,Other,3.4657359027997265,5.755742213586912
PSP,2004,Action,Tecmo Koei,62.0,26,7.3,24,Koei,T,2000s,Other,3.295836866004329,3.218875824868201
PS4,2014,Action,Square Enix,59.0,60,6.9,310,Airtight Games,M,2010s,Other,4.110873864173311,5.739792912179234
DS,2009,Puzzle,The Adventure Company,43.0,4,7.5,27,Firehazard Studio,E,2000s,Other,1.6094379124341005,3.332204510175204
PS2,2002,Adventure,Sony Computer Entertainment,71.0,17,8.5,11,Appaloosa Interactive,E,2000s,Other,2.8903717578961645,2.4849066497880004
PS3,2008,Action,Sega,65.0,38,7.4,32,Creative Assembly,M,2000s,Other,3.6635616461296463,3.49650756146648
PS2,2005,Role-Playing,Square Enix,74.0,36,9.0,54,Tri-Ace,T,2000s,Other,3.610917912644224,4.007333185232471
PS2,2002,Role-Playing,Sony Computer Entertainment,85.0,46,8.8,597,SquareSoft,E,2000s,Other,3.8501476017100575,6.393590753950631
GBA,2002,Action,Ubisoft,66.0,20,8.8,13,Ubisoft Milan,T,2000s,Other,3.044522437723423,2.639057329615259
PS2,2001,Shooter,Midas Interactive Entertainment,54.0,15,4.6,5,3DO,T,2000s,Other,2.772588722239781,1.791759469228055
PSP,2005,Racing,Konami Digital Entertainment,41.0,31,7.5,27,Genki,E,2000s,Other,3.4657359027997265,3.332204510175204
PS2,2007,Racing,THQ,67.0,4,7.5,27,Rainbow Studios,E,2000s,Other,1.6094379124341005,3.332204510175204
Wii,2008,Action,Eidos Interactive,28.0,5,2.5,11,Collision Studios,T,2000s,Other,1.791759469228055,2.4849066497880004
PS3,2010,Fighting,Namco Bandai Games,76.0,34,8.3,130,CyberConnect2,T,2010s,Other,3.555348061489413,4.875197323201151
PS2,2000,Racing,Electronic Arts,66.0,16,6.6,9,EA Sports,E,2000s,Other,2.833213344056216,2.302585092994046
Wii,2008,Sports,Ubisoft,46.0,7,4.6,7,Destineer,E,2000s,Other,2.079441541679836,2.079441541679836
XB,2003,Shooter,Ubisoft,81.0,33,8.8,17,Red Storm Entertainment,M,2000s,Other,3.5263605246161616,2.8903717578961645
PC,2005,Simulation,Electronic Arts,76.0,31,6.6,71,Maxis,T,2000s,Other,3.4657359027997265,4.276666119016055
PS3,2006,Sports,Electronic Arts,81.0,30,7.5,27,EA Redwood Shores,E,2000s,Other,3.4339872044851463,3.332204510175204
XB,2006,Shooter,Ubisoft,66.0,14,6.0,27,Ubisoft Shanghai,T,2000s,Other,2.70805020110221,3.332204510175204
PS3,2013,Adventure,Konami Digital Entertainment,93.0,4,9.0,255,Konami,M,2010s,Other,1.6094379124341005,5.545177444479562
PS3,2008,Action,Activision,67.0,44,7.9,34,"Treyarch, Shaba Games",T,2000s,Other,3.80666248977032,3.555348061489413
DS,2008,Role-Playing,Nintendo,83.0,46,8.5,203,Game Freak,E,2000s,Pokémon,3.8501476017100575,5.318119993844216
PC,2016,Strategy,Nordic Games,71.0,15,7.1,71,KING Art,Unknown,2010s,Other,2.772588722239781,4.276666119016055
X360,2006,Fighting,Konami Digital Entertainment,62.0,54,6.6,28,Konami,M,2000s,Other,4.007333185232471,3.367295829986474
Wii,2009,Racing,Nintendo,77.0,29,8.6,26,Monster Games Inc.,E,2000s,Other,3.4011973816621555,3.295836866004329
PS3,2013,Action,Konami Digital Entertainment,78.0,39,4.1,303,Konami,E,2010s,Other,3.688879454113936,5.717027701406222
X360,2011,Shooter,505 Games,37.0,12,4.5,14,Zombie Studios,T,2010s,Other,2.5649493574615367,2.70805020110221
DS,2010,Action,Warner Bros. Interactive Entertainment,74.0,14,8.0,8,WayForward,E10+,2010s,Other,2.70805020110221,2.19722457733622
DS,2007,Action,Sega,43.0,7,4.9,8,Artificial Mind and Movement,E10+,2000s,Other,2.079441541679836,2.19722457733622
GBA,2001,Platform,Nintendo,84.0,19,7.8,41,Nintendo,E,2000s,Mario,2.995732273553991,3.737669618283368
XB,2004,Action,Activision,70.0,55,7.0,6,K2 LLC,M,2000s,Other,4.02535169073515,1.9459101490553128
DS,2007,Adventure,Zoo Digital Publishing,38.0,4,7.5,27,Atomic Planet Entertainment,E,2000s,Other,1.6094379124341005,3.332204510175204
X360,2007,Sports,Take-Two Interactive,81.0,21,6.9,16,Visual Concepts,E,2000s,Other,3.091042453358316,2.833213344056216
XB,2005,Racing,Take-Two Interactive,38.0,9,3.6,7,Deibus Studios,T,2000s,Other,2.302585092994046,2.079441541679836
DS,2007,Puzzle,Avanquest,68.0,4,7.5,27,iWin,E,2000s,Other,1.6094379124341005,3.332204510175204
DS,2008,Shooter,Codemasters,75.0,23,7.8,8,Shin'en,E,2000s,Other,3.1780538303479458,2.19722457733622
DS,2007,Misc,Nintendo,59.0,22,4.0,4,"Nintendo, Namco Bandai Games",E,2000s,Other,3.1354942159291497,1.6094379124341005
X360,2007,Adventure,Ubisoft,81.0,77,7.7,1074,Ubisoft Montreal,M,2000s,Other,4.356708826689592,6.980075940561763
PSP,2006,Role-Playing,Tecmo Koei,87.0,37,8.2,69,Nippon Ichi Software,T,2000s,Other,3.6375861597263857,4.248495242049359
XOne,2015,Sports,Konami Digital Entertainment,85.0,14,6.2,144,Konami,E,2010s,Other,2.70805020110221,4.976733742420574
PSP,2008,Sports,Electronic Arts,68.0,8,6.5,4,EA Tiburon,E,2000s,Madden,2.19722457733622,1.6094379124341005
PC,2013,Action,Deep Silver,86.0,45,7.4,1543,Volition Inc.,M,2010s,Other,3.828641396489095,7.342131730584722
PC,2012,Role-Playing,Funcom,74.0,55,8.2,1326,Funcom,M,2010s,Other,4.02535169073515,7.190676034332207
PC,2001,Strategy,Vivendi Games,81.0,23,8.2,126,Stainless Steel Studios,T,2000s,Other,3.1780538303479458,4.844187086458591
Wii,2009,Misc,Warner Bros. Interactive Entertainment,70.0,15,6.8,6,TT Fusion,E10+,2000s,Other,2.772588722239781,1.9459101490553128
PS3,2009,Shooter,Bethesda Softworks,70.0,61,6.4,55,Artificial Mind and Movement,M,2000s,Other,4.127134385045092,4.02535169073515
PC,2009,Strategy,THQ,85.0,67,8.1,1502,Relic,M,2000s,Other,4.219507705176107,7.315218389752975
X360,2007,Racing,Activision,43.0,9,6.4,5,Torus Games,E,2000s,Other,2.302585092994046,1.791759469228055
X360,2011,Adventure,Take-Two Interactive,89.0,83,7.8,893,Team Bondi,M,2010s,Other,4.430816798843313,6.795705775173515
PS4,2015,Action,Tecmo Koei,58.0,33,6.5,21,Omega Force,T,2010s,Other,3.5263605246161616,3.091042453358316
PS2,2002,Shooter,Ubisoft,63.0,18,8.3,22,Ubisoft,M,2000s,Other,2.9444389791664403,3.1354942159291497
PS3,2007,Shooter,Ubisoft,84.0,29,8.1,41,"Red Storm Entertainment, Ubisoft Paris",T,2000s,Other,3.4011973816621555,3.737669618283368
GC,2001,Action,Nintendo,78.0,34,8.5,161,Nintendo,E,2000s,Other,3.555348061489413,5.087596335232384
GBA,2002,Action,THQ,55.0,5,7.5,27,Human Soft,E,2000s,Other,1.791759469228055,3.332204510175204
Wii,2008,Sports,Zoo Digital Publishing,59.0,6,7.5,27,Zeroscale,E,2000s,Other,1.9459101490553128,3.332204510175204
PS3,2013,Role-Playing,Activision,86.0,43,6.4,557,Blizzard Entertainment,M,2010s,Other,3.784189633918261,6.324358962381311
Wii,2009,Sports,Atari,37.0,31,7.5,27,10tacle Studios,T,2000s,Other,3.4657359027997265,3.332204510175204
PS2,2002,Adventure,Ubisoft,57.0,9,7.0,4,Presto Studios,E,2000s,Other,2.302585092994046,1.6094379124341005
PSP,2007,Action,Empire Interactive,58.0,21,7.0,12,Sidhe Interactive,M,2000s,Other,3.091042453358316,2.5649493574615367
PC,2006,Strategy,Take-Two Interactive,57.0,19,7.2,44,FireFly Studios,T,2000s,Other,2.995732273553991,3.80666248977032
WiiU,2014,Action,Nintendo,71.0,34,7.1,133,Indies Zero,E,2010s,Other,3.555348061489413,4.897839799950911
PC,2012,Shooter,Capcom,69.0,18,5.9,868,"Capcom, QLOC",M,2010s,Other,2.9444389791664403,6.767343125265392
PS,1998,Role-Playing,SquareSoft,81.0,17,8.9,89,SquareSoft,M,1990s,Other,2.8903717578961645,4.499809670330265
X360,2009,Strategy,Kalypso Media,75.0,33,6.6,22,Haemimont,T,2000s,Other,3.5263605246161616,3.1354942159291497
PC,2014,Action,Bethesda Softworks,68.0,18,5.9,721,Tango Gameworks,M,2010s,Other,2.9444389791664403,6.582025138892826
DS,2007,Shooter,Eidos Interactive,56.0,31,5.6,5,Secret Stash Games,M,2000s,Other,3.4657359027997265,1.791759469228055
PS3,2010,Action,THQ,82.0,73,7.9,319,Vigil Games,M,2010s,Other,4.304065093204169,5.768320995793772
PS2,2006,Action,Activision,52.0,44,7.5,20,"Z-Axis, Ltd.",T,2000s,Other,3.80666248977032,3.044522437723423
PS2,2002,Racing,THQ,82.0,26,8.9,28,Rainbow Studios,E,2000s,Other,3.295836866004329,3.367295829986474
Wii,2010,Action,Ubisoft,77.0,24,8.1,31,Ubisoft Quebec,T,2010s,Other,3.218875824868201,3.4657359027997265
XB,2002,Sports,Electronic Arts,88.0,11,7.7,11,EA Canada,E,2000s,FIFA,2.4849066497880004,2.4849066497880004
PS3,2011,Action,Disney Interactive Studios,70.0,29,6.9,13,Eurocom Entertainment Software,E10+,2010s,Other,3.4011973816621555,2.639057329615259
PS2,2004,Sports,Sony Computer Entertainment,78.0,36,7.6,9,989 Sports,E,2000s,Other,3.610917912644224,2.302585092994046
PS3,2011,Shooter,Electronic Arts,89.0,78,8.4,535,Visceral Games,M,2010s,Other,4.3694478524670215,6.284134161070802
PC,2009,Strategy,Paradox Interactive,77.0,23,7.1,233,Paradox Development Studio,E10+,2000s,Other,3.1780538303479458,5.455321115357702
3DS,2012,Role-Playing,Nintendo,69.0,53,7.4,50,n-Space,T,2010s,Other,3.9889840465642745,3.9318256327243257
XB,2005,Action,Activision,61.0,44,8.1,54,Double Helix Games,T,2000s,Other,3.80666248977032,4.007333185232471
PSP,2005,Sports,Activision,83.0,49,8.0,34,Shaba Games,T,2000s,Other,3.912023005428146,3.555348061489413
DS,2007,Platform,THQ,53.0,5,7.5,27,THQ,E,2000s,Other,1.791759469228055,3.332204510175204
PS2,2000,Sports,Take-Two Interactive,46.0,15,4.6,8,Opus,E,2000s,Other,2.772588722239781,2.19722457733622
PS2,2005,Action,Activision,67.0,21,9.0,26,Shaba Games,E10+,2000s,Other,3.091042453358316,3.295836866004329
PS2,2004,Adventure,Vivendi Games,67.0,31,8.4,8,Black Ops Entertainment,M,2000s,Other,3.4657359027997265,2.19722457733622
PS2,2002,Racing,Atari,71.0,37,5.7,36,Reflections Interactive,T,2000s,Other,3.6375861597263857,3.610917912644224
X360,2009,Fighting,Namco Bandai Games,80.0,59,7.0,132,"Namco Bandai Games America, Namco Bandai Games",T,2000s,Other,4.0943445622221,4.890349128221754
DS,2006,Misc,505 Games,38.0,4,7.5,27,Astroll,E,2000s,Other,1.6094379124341005,3.332204510175204
XB,2001,Sports,Microsoft Game Studios,78.0,30,9.0,20,Indie Built,E,2000s,Other,3.4339872044851463,3.044522437723423
PS2,2005,Sports,Sony Computer Entertainment,63.0,26,6.3,27,SCEA Sports Studio,E,2000s,Other,3.295836866004329,3.332204510175204
PC,2008,Racing,Empire Interactive,79.0,16,7.7,127,Bugbear,T,2000s,Other,2.833213344056216,4.852030263919617
PSV,2012,Platform,Sony Computer Entertainment,88.0,71,8.6,348,"Tarsier Studios, Double Eleven",E,2010s,Other,4.276666119016055,5.855071922202427
PC,2013,Adventure,Daedalic Entertainment,80.0,34,7.9,171,Daedalic Entertainment,Unknown,2010s,Other,3.555348061489413,5.147494476813453
X360,2008,Role-Playing,Microsoft Game Studios,89.0,95,6.5,2423,Lionhead Studios,M,2000s,Other,4.564348191467836,7.793174347189205
Wii,2009,Adventure,Deep Silver,67.0,51,7.6,33,"Deep Silver, Sproing Interactive Media, Sproing",M,2000s,Other,3.951243718581428,3.5263605246161616
PS2,2001,Sports,Sony Computer Entertainment,52.0,14,6.5,8,989 Sports,E,2000s,Other,2.70805020110221,2.19722457733622
Wii,2008,Sports,Activision,61.0,5,7.5,27,FUN Labs,E,2000s,Other,1.791759469228055,3.332204510175204
XB,2005,Adventure,Electronic Arts,88.0,65,9.1,58,Oddworld Inhabitants,T,2000s,Other,4.189654742026425,4.07753744390572
PS2,2002,Sports,Electronic Arts,61.0,8,7.5,27,Silicon Dreams,E,2000s,Other,2.19722457733622,3.332204510175204
PS2,2002,Sports,Electronic Arts,79.0,20,6.8,18,EA Sports,E,2000s,Other,3.044522437723423,2.9444389791664403
X360,2011,Fighting,Ubisoft,61.0,13,7.5,10,Ubisoft,E10+,2010s,Other,2.639057329615259,2.3978952727983707
XB,2005,Racing,Midway Games,59.0,36,3.0,4,Midway,T,2000s,Other,3.610917912644224,1.6094379124341005
DS,2007,Action,Tecmo Koei,56.0,17,7.5,27,Koei,E10+,2000s,Other,2.8903717578961645,3.332204510175204
DS,2006,Action,505 Games,39.0,11,4.5,4,"Taito Corporation, 505 Games",E,2000s,Other,2.4849066497880004,1.6094379124341005
PS2,2001,Platform,Midas Interactive Entertainment,65.0,14,7.8,4,Treasure,T,2000s,Other,2.70805020110221,1.6094379124341005
XB,2003,Racing,Electronic Arts,85.0,14,9.1,15,EA Games,E,2000s,Other,2.70805020110221,2.772588722239781
PS2,2004,Platform,Take-Two Interactive,70.0,20,8.6,18,Artificial Mind and Movement,E,2000s,Other,3.044522437723423,2.9444389791664403
PS2,2004,Misc,Atari,51.0,11,7.5,27,Artech Studios,T,2000s,Other,2.4849066497880004,3.332204510175204
PC,2011,Sports,Take-Two Interactive,86.0,5,7.1,66,Visual Concepts,E,2010s,Other,1.791759469228055,4.204692619390966
PC,2010,Strategy,Kalypso Media,66.0,18,6.4,34,Gaming Minds Studios,E,2010s,Other,2.9444389791664403,3.555348061489413
PS2,2005,Action,Take-Two Interactive,78.0,46,8.9,58,Tecmo,M,2000s,Other,3.8501476017100575,4.07753744390572
WiiU,2012,Action,Tecmo Koei,64.0,18,7.4,31,Omega Force,T,2010s,Other,2.9444389791664403,3.4657359027997265
DS,2006,Simulation,505 Games,48.0,8,7.5,27,InterActive Vision Games,E10+,2000s,Other,2.19722457733622,3.332204510175204
PS2,2004,Shooter,Empire Interactive,43.0,5,3.4,13,Blitz Games,M,2000s,Other,1.791759469228055,2.639057329615259
Wii,2008,Simulation,Majesco Entertainment,60.0,7,7.5,27,Super X Studios,E,2000s,Other,2.079441541679836,3.332204510175204
X360,2006,Fighting,Ubisoft,60.0,33,6.1,7,G.Rev,T,2000s,Other,3.5263605246161616,2.079441541679836
PS2,2002,Racing,Atari,76.0,9,9.2,9,Atari,E,2000s,Other,2.302585092994046,2.302585092994046
PS2,2004,Racing,Take-Two Interactive,50.0,7,6.6,8,Razorworks Studios,E,2000s,Other,2.079441541679836,2.19722457733622
GC,2003,Sports,Electronic Arts,92.0,27,8.7,45,EA Canada,E,2000s,Other,3.332204510175204,3.828641396489095
X360,2009,Action,Atari,79.0,53,8.5,125,Terminal Reality,T,2000s,Other,3.9889840465642745,4.836281906951478
PSP,2008,Action,LucasArts,76.0,8,7.6,11,Traveller's Tales,E10+,2000s,Other,2.19722457733622,2.4849066497880004
PSP,2010,Role-Playing,Marvelous Interactive,58.0,10,8.1,39,"Image Epoch, Imageepoch",T,2010s,Other,2.3978952727983707,3.688879454113936
PSP,2006,Role-Playing,Namco Bandai Games,58.0,17,6.1,7,Microvision,E10+,2000s,Other,2.8903717578961645,2.079441541679836
X360,2011,Misc,Activision,39.0,5,5.6,8,Activision,E10+,2010s,Other,1.791759469228055,2.19722457733622
Wii,2009,Puzzle,Warner Bros. Interactive Entertainment,37.0,4,7.5,27,Farsight Studios,E,2000s,Other,1.6094379124341005,3.332204510175204
XB,2002,Sports,Sega,90.0,17,7.6,5,Visual Concepts,E,2000s,Other,2.8903717578961645,1.791759469228055
PS3,2010,Role-Playing,Compile Heart,56.0,6,7.2,36,"Idea Factory, Compile Heart",T,2010s,Other,1.9459101490553128,3.610917912644224
PS2,2003,Racing,Acclaim Entertainment,61.0,13,7.8,6,Climax Group,E,2000s,Other,2.639057329615259,1.9459101490553128
X360,2011,Misc,THQ,53.0,4,7.5,27,Page 44 Studios,E,2010s,Other,1.6094379124341005,3.332204510175204
PSP,2006,Strategy,Ubisoft,64.0,15,7.9,10,Quicksilver Software,E,2000s,Other,2.772588722239781,2.3978952727983707
PS2,2004,Action,Tecmo Koei,72.0,17,8.6,13,Omega Force,T,2000s,Other,2.8903717578961645,2.639057329615259
X360,2008,Shooter,Ubisoft,76.0,65,8.3,149,Gearbox Software,M,2000s,Other,4.189654742026425,5.010635294096256
XB,2004,Shooter,Ignition Entertainment,76.0,56,5.1,15,SNK,T,2000s,Other,4.04305126783455,2.772588722239781
PC,2007,Role-Playing,Electronic Arts,70.0,40,6.3,374,Flagship Studios,M,2000s,Other,3.713572066704308,5.926926025970411
PS3,2013,Action,Sony Computer Entertainment,80.0,89,7.5,914,SCE Santa Monica,M,2010s,Other,4.499809670330265,6.818924065275521
XB,2005,Action,Konami Digital Entertainment,30.0,19,3.4,9,Hothouse Creations,M,2000s,Other,2.995732273553991,2.302585092994046
PS2,2002,Simulation,Sega,64.0,18,7.0,8,Sega AM2,E,2000s,Other,2.9444389791664403,2.19722457733622
X360,2007,Sports,Electronic Arts,69.0,22,7.5,27,EA Canada,E,2000s,Other,3.1354942159291497,3.332204510175204
GC,2003,Simulation,Electronic Arts,81.0,30,9.0,15,Maxis,T,2000s,Other,3.4339872044851463,2.772588722239781
X360,2009,Action,Eidos Interactive,92.0,78,8.7,1080,Rocksteady Studios,T,2000s,Other,4.3694478524670215,6.985641817639208
PS2,2004,Shooter,Zoo Digital Publishing,78.0,47,8.3,13,The Behemoth,T,2000s,Other,3.8712010109078903,2.639057329615259
GBA,2002,Action,TDK Mediactive,50.0,8,7.5,27,Taniko,E,2000s,Other,2.19722457733622,3.332204510175204
GC,2002,Shooter,BAM! Entertainment,54.0,9,5.9,7,Kuju Entertainment,T,2000s,Other,2.302585092994046,2.079441541679836
PS2,2000,Shooter,Midas Interactive Entertainment,66.0,11,7.7,20,Omega Force,T,2000s,Other,2.4849066497880004,3.044522437723423
DS,2005,Racing,Electronic Arts,65.0,13,7.0,25,EA Canada,E,2000s,Other,2.639057329615259,3.258096538021482
PS4,2016,Role-Playing,Nippon Ichi Software,87.0,49,8.2,178,Vanillaware,T,2010s,Other,3.912023005428146,5.187385805840755
PSP,2005,Shooter,Konami Digital Entertainment,59.0,42,6.5,61,Konami,T,2000s,Other,3.7612001156935615,4.127134385045092
Wii,2007,Platform,Konami Digital Entertainment,67.0,29,6.3,15,Konami,E,2000s,Other,3.4011973816621555,2.772588722239781
PC,2010,Shooter,Electronic Arts,87.0,46,8.3,1467,EA DICE,M,2010s,Other,3.8501476017100575,7.291656209174461
PS2,2005,Action,Tecmo Koei,57.0,22,9.1,26,Omega Force,T,2000s,Other,3.1354942159291497,3.295836866004329
XB,2003,Sports,Activision,85.0,33,9.1,26,Neversoft Entertainment,T,2000s,Other,3.5263605246161616,3.295836866004329
PS2,2002,Action,Eidos Interactive,85.0,19,7.8,78,Io Interactive,M,2000s,Other,2.995732273553991,4.3694478524670215
PS3,2010,Adventure,Ubisoft,39.0,5,5.6,13,Telltale Games,M,2010s,Other,1.791759469228055,2.639057329615259
X360,2007,Shooter,Activision,94.0,70,8.4,1320,Infinity Ward,M,2000s,Call of Duty,4.262679877041316,7.186144304522325
XB,2003,Fighting,Capcom,80.0,26,8.7,13,Capcom,T,2000s,Other,3.295836866004329,2.639057329615259
X360,2010,Shooter,THQ,77.0,83,7.9,351,4A Games,M,2010s,Other,4.430816798843313,5.863631175598097
XB,2004,Simulation,Konami Digital Entertainment,78.0,16,7.1,7,Konami Computer Entertainment Hawaii,E,2000s,Other,2.833213344056216,2.079441541679836
PS2,2003,Racing,THQ,80.0,25,8.7,16,Rainbow Studios,E,2000s,Other,3.258096538021482,2.833213344056216
DS,2004,Action,Activision,61.0,46,5.0,6,Vicarious Visions,E,2000s,Other,3.8501476017100575,1.9459101490553128
PSP,2007,Sports,Take-Two Interactive,61.0,5,7.5,27,Visual Concepts,E,2000s,Other,1.791759469228055,3.332204510175204
Wii,2007,Fighting,Tomy Corporation,74.0,23,8.0,27,8ing/Raizing,T,2000s,Other,3.1780538303479458,3.332204510175204
XB,2005,Misc,Namco Bandai Games,62.0,23,7.5,27,Backbone Vancouver,E10+,2000s,Other,3.1780538303479458,3.332204510175204
X360,2010,Action,Activision,76.0,68,7.6,96,Beenox,T,2010s,Other,4.23410650459726,4.574710978503383
X360,2009,Misc,PopCap Games,67.0,4,7.5,27,PopCap,E10+,2000s,Other,1.6094379124341005,3.332204510175204
GBA,2002,Racing,THQ,67.0,11,7.5,27,Visual Impact,E,2000s,Other,2.4849066497880004,3.332204510175204
X360,2007,Action,LucasArts,80.0,24,7.4,114,Traveller's Tales,E10+,2000s,Other,3.218875824868201,4.74493212836325
GBA,2002,Sports,Activision,85.0,13,8.8,4,Vicarious Visions,E,2000s,Other,2.639057329615259,1.6094379124341005
PC,2012,Strategy,Kalypso Media,78.0,11,8.0,58,Haemimont,T,2010s,Other,2.4849066497880004,4.07753744390572
PS2,2005,Shooter,Ubisoft,74.0,37,8.4,42,High Moon Studios,M,2000s,Other,3.6375861597263857,3.7612001156935615
PC,2006,Action,Eidos Interactive,75.0,21,7.3,206,Avalanche Studios,M,2000s,Other,3.091042453358316,5.332718793265369
XB,2004,Sports,Activision,83.0,55,7.8,12,Neversoft Entertainment,T,2000s,Other,4.02535169073515,2.5649493574615367
PSV,2013,Sports,Sony Computer Entertainment,75.0,7,7.5,21,SCEA San Diego Studios,E,2010s,Other,2.079441541679836,3.091042453358316
DS,2006,Action,Konami Digital Entertainment,58.0,7,7.5,27,Razorback Developments,E,2000s,Other,2.079441541679836,3.332204510175204
PSP,2008,Role-Playing,Idea Factory,57.0,14,7.8,12,Idea Factory,T,2000s,Other,2.70805020110221,2.5649493574615367
X360,2012,Action,Square Enix ,80.0,47,7.9,468,United Front Games,M,2010s,Other,3.8712010109078903,6.150602768446279
3DS,2012,Role-Playing,Nintendo,92.0,72,9.1,1130,Intelligent Systems,T,2010s,Other,4.290459441148391,7.030857476116121
X360,2008,Misc,MTV Games,63.0,16,4.9,10,Harmonix Music Systems,T,2000s,Other,2.833213344056216,2.3978952727983707
PC,2008,Adventure,DTP Entertainment,63.0,11,7.5,27,DTP Entertainment,T,2000s,Other,2.4849066497880004,3.332204510175204
PS3,2009,Fighting,Namco Bandai Games,57.0,26,7.2,58,Spike,T,2000s,Other,3.295836866004329,4.07753744390572
DS,2005,Misc,Sega,61.0,13,7.5,27,TOSE,T,2000s,Other,2.639057329615259,3.332204510175204
PSP,2008,Role-Playing,Acquire,61.0,12,7.1,12,Zerodiv,T,2000s,Other,2.5649493574615367,2.5649493574615367
PC,2009,Action,Electronic Arts,57.0,24,6.7,42,Pandemic Studios,T,2000s,Other,3.218875824868201,3.7612001156935615
XB,2006,Sports,Electronic Arts,75.0,29,8.6,17,EA Canada,E,2000s,Other,3.4011973816621555,2.8903717578961645
PS3,2008,Shooter,Electronic Arts,74.0,43,7.3,118,EA Montreal,M,2000s,Other,3.784189633918261,4.77912349311153
PS3,2007,Shooter,Midway Games,77.0,22,7.9,48,Midway,M,2000s,Other,3.1354942159291497,3.8918202981106265
X360,2013,Action,Deep Silver,57.0,43,6.3,192,Techland,M,2010s,Other,3.784189633918261,5.262690188904886
GC,2004,Action,Sega,59.0,17,7.5,27,Adrenium,T,2000s,Other,2.8903717578961645,3.332204510175204
PSP,2007,Sports,Electronic Arts,71.0,14,7.5,27,EA Canada,E,2000s,Other,2.70805020110221,3.332204510175204
PS2,2003,Action,Eidos Interactive,52.0,37,6.2,106,Core Design Ltd.,T,2000s,Other,3.6375861597263857,4.672828834461906
PS,2001,Role-Playing,Electronic Arts,58.0,10,8.3,12,Delphine Software International,T,2000s,Other,2.3978952727983707,2.5649493574615367
PC,2011,Shooter,Electronic Arts,82.0,34,7.7,768,"Epic Games, People Can Fly",M,2010s,Other,3.555348061489413,6.645090969505644
X360,2008,Shooter,THQ,75.0,55,7.8,77,Kaos Studios,T,2000s,Other,4.02535169073515,4.356708826689592
GC,2003,Racing,THQ,55.0,14,7.0,5,Pacific Coast Power & Light,T,2000s,Other,2.70805020110221,1.791759469228055
PS2,2004,Role-Playing,Sony Online Entertainment,85.0,51,8.4,57,Snowblind Studios,T,2000s,Other,3.951243718581428,4.060443010546419
X360,2009,Sports,Electronic Arts,83.0,26,6.7,37,EA Tiburon,E,2000s,Other,3.295836866004329,3.6375861597263857
X360,2011,Role-Playing,Square Enix,79.0,50,6.3,268,Square Enix,T,2010s,Final Fantasy,3.9318256327243257,5.594711379601839
PS4,2014,Shooter,Activision,83.0,39,5.7,1443,Sledgehammer Games,M,2010s,Call of Duty,3.688879454113936,7.275172319452771
PS2,2002,Misc,Activision,75.0,13,7.7,6,Contraband Entertainment,E,2000s,Other,2.639057329615259,1.9459101490553128
X360,2006,Sports,Electronic Arts,80.0,54,6.0,148,EA Tiburon,E,2000s,Madden,4.007333185232471,5.003946305945459
PS3,2013,Shooter,Take-Two Interactive,69.0,22,6.7,79,2K Marin,M,2010s,Other,3.1354942159291497,4.382026634673881
PC,2009,Action,Electronic Arts,76.0,20,8.0,236,Pandemic Studios,M,2000s,Other,3.044522437723423,5.468060141135132
Wii,2009,Action,Namco Bandai Games,65.0,25,7.3,15,Media Vision,E10+,2000s,Other,3.258096538021482,2.772588722239781
PS3,2014,Role-Playing,Nippon Ichi Software,71.0,18,7.3,27,FuRyu,T,2010s,Other,2.9444389791664403,3.332204510175204
PC,2005,Shooter,Empire Interactive,46.0,18,6.1,29,Strangelite,M,2000s,Other,2.9444389791664403,3.4011973816621555
WiiU,2015,Misc,Activision,84.0,4,6.1,36,"Activision, FreeStyleGames",T,2010s,Other,1.6094379124341005,3.610917912644224
PS2,2003,Racing,Midway Games,57.0,30,6.4,8,Angel Studios,T,2000s,Other,3.4339872044851463,2.19722457733622
DS,2007,Role-Playing,Square Enix,81.0,44,6.1,60,"Square Enix, Think and Feel",E10+,2000s,Final Fantasy,3.80666248977032,4.110873864173311
PS2,2006,Fighting,THQ,80.0,27,8.6,57,Yuke's,T,2000s,Other,3.332204510175204,4.060443010546419
PS2,2006,Action,Eidos Interactive,83.0,36,8.4,104,Io Interactive,M,2000s,Other,3.610917912644224,4.653960350157523
PS2,2004,Sports,Electronic Arts,75.0,21,8.3,23,EA Sports,E,2000s,Other,3.091042453358316,3.1780538303479458
PSP,2006,Action,Konami Digital Entertainment,87.0,54,8.2,147,Kojima Productions,M,2000s,Other,4.007333185232471,4.997212273764115
GC,2004,Sports,Electronic Arts,75.0,18,5.6,5,EA Sports,E,2000s,Other,2.9444389791664403,1.791759469228055
PC,2014,Role-Playing,Ubisoft,85.0,48,8.6,1739,Obsidian Entertainment,M,2010s,Other,3.8918202981106265,7.461640392208575
PS3,2012,Action,Sega,71.0,35,8.2,106,PlatinumGames,M,2010s,Other,3.58351893845611,4.672828834461906
Wii,2008,Simulation,Konami Digital Entertainment,69.0,8,6.8,6,Konami,E10+,2000s,Other,2.19722457733622,1.9459101490553128
GC,2004,Sports,Electronic Arts,77.0,24,7.5,27,EA Tiburon,E,2000s,Other,3.218875824868201,3.332204510175204
PS4,2015,Action,Ubisoft,69.0,44,6.4,83,"Climax Group, Climax Studios",T,2010s,Other,3.80666248977032,4.430816798843313
X360,2011,Misc,Ubisoft,66.0,17,5.8,8,iNiS,T,2010s,Other,2.8903717578961645,2.19722457733622
X360,2007,Racing,Sega,77.0,42,7.2,30,SEGA Racing Studio,E,2000s,Other,3.7612001156935615,3.4339872044851463
3DS,2015,Role-Playing,Atlus,79.0,32,8.7,82,"Image Epoch, Imageepoch",T,2010s,Other,3.49650756146648,4.418840607796598
3DS,2011,Strategy,Ubisoft,77.0,49,7.9,78,Ubisoft,T,2010s,Other,3.912023005428146,4.3694478524670215
PS2,2003,Sports,Electronic Arts,82.0,16,8.8,12,NuFX,E,2000s,Other,2.833213344056216,2.5649493574615367
PC,2014,Action,Konami Digital Entertainment,58.0,16,7.7,498,Mercury Steam,M,2010s,Other,2.833213344056216,6.212606095751519
PS3,2009,Racing,Black Bean Games,66.0,29,4.9,9,Milestone S.r.l,E,2000s,Other,3.4011973816621555,2.302585092994046
PS2,2000,Racing,Acclaim Entertainment,49.0,13,7.6,7,Acclaim,E,2000s,Other,2.639057329615259,2.079441541679836
Wii,2008,Misc,Disney Interactive Studios,59.0,17,5.5,4,Disney Interactive Studios,E10+,2000s,Other,2.8903717578961645,1.6094379124341005
PS2,2005,Action,Sony Computer Entertainment,91.0,77,9.1,933,SCE Japan Studio,T,2000s,Other,4.356708826689592,6.839476438228843
Wii,2009,Puzzle,Konami Digital Entertainment,74.0,16,7.3,6,Hudson Entertainment,E,2000s,Other,2.833213344056216,1.9459101490553128
PS2,2005,Misc,Activision,46.0,15,8.2,20,Activision,E10+,2000s,Other,2.772588722239781,3.044522437723423
X360,2008,Sports,Electronic Arts,67.0,14,8.4,28,EA Tiburon,E,2000s,Other,2.70805020110221,3.367295829986474
PC,2004,Shooter,Vivendi Games,96.0,81,9.1,8665,Valve Software,M,2000s,Other,4.406719247264253,9.067162602299854
PSV,2015,Role-Playing,Aksys Games,71.0,8,8.3,12,Tri-Ace,T,2010s,Other,2.19722457733622,2.5649493574615367
Wii,2007,Platform,Sega,69.0,47,8.5,55,"Sega, Sonic Team",E,2000s,Other,3.8712010109078903,4.02535169073515
XB,2003,Sports,Acclaim Entertainment,74.0,20,8.4,7,Acclaim,E,2000s,Other,3.044522437723423,2.079441541679836
PS3,2010,Role-Playing,Namco Bandai Games,77.0,55,8.2,336,Namco Bandai Games,T,2010s,Other,4.02535169073515,5.820082930352362
GC,2002,Sports,Sega,84.0,22,7.7,7,Black Box,E,2000s,Other,3.1354942159291497,2.079441541679836
GC,2002,Platform,Atari,61.0,5,7.0,5,Blitz Games,E,2000s,Other,1.791759469228055,1.791759469228055
XB,2005,Role-Playing,Activision,84.0,50,8.7,199,Raven Software,T,2000s,Other,3.9318256327243257,5.298317366548036
GBA,2002,Action,Ubisoft,72.0,6,7.5,27,Ubisoft Milan,E,2000s,Other,1.9459101490553128,3.332204510175204
PS,2001,Role-Playing,Square,89.0,15,9.1,37,TOSE,T,2000s,Final Fantasy,2.772588722239781,3.6375861597263857
Wii,2010,Shooter,Reef Entertainment,71.0,4,7.5,27,Rebellion,M,2010s,Other,1.6094379124341005,3.332204510175204
WiiU,2013,Action,Warner Bros. Interactive Entertainment,77.0,7,7.3,31,TT Games,E10+,2010s,Other,2.079441541679836,3.4657359027997265
PS3,2006,Sports,Activision,76.0,43,7.2,14,Neversoft Entertainment,T,2000s,Other,3.784189633918261,2.70805020110221
PS2,2004,Platform,Capcom,81.0,26,9.0,20,Atomic Planet Entertainment,E,2000s,Other,3.295836866004329,3.044522437723423
PS2,2000,Sports,Electronic Arts,91.0,25,7.7,7,EA Sports,E,2000s,Madden,3.258096538021482,2.079441541679836
GC,2005,Racing,Activision,54.0,4,7.5,27,Creat Studios,T,2000s,Other,1.6094379124341005,3.332204510175204
GBA,2006,Role-Playing,Nintendo,83.0,25,7.2,75,TOSE,E,2000s,Final Fantasy,3.258096538021482,4.330733340286331
X360,2012,Shooter,Take-Two Interactive,86.0,80,7.8,869,Rockstar Studios,M,2010s,Other,4.394449154672439,6.76849321164863
GC,2002,Platform,THQ,66.0,4,8.3,10,Big Sky Software,E,2000s,Other,1.6094379124341005,2.3978952727983707
GBA,2004,Platform,Nintendo,66.0,12,7.5,27,Nintendo,E,2000s,Other,2.5649493574615367,3.332204510175204
DS,2007,Adventure,Rising Star Games,55.0,13,7.5,27,Headlock,E,2000s,Other,2.639057329615259,3.332204510175204
PS3,2013,Action,Deep Silver,80.0,23,8.2,508,4A Games,Unknown,2010s,Other,3.1780538303479458,6.2324480165505225
PS3,2007,Simulation,Ubisoft,70.0,10,7.2,12,Ubisoft Romania,T,2000s,Other,2.3978952727983707,2.5649493574615367
PC,2011,Strategy,DTP Entertainment,75.0,4,4.9,89,FireFly Studios,Unknown,2010s,Other,1.6094379124341005,4.499809670330265
GBA,2004,Sports,Zoo Digital Publishing,35.0,7,8.0,7,Prograph,E,2000s,Other,2.079441541679836,2.079441541679836
PS2,2003,Simulation,Electronic Arts,81.0,26,8.4,42,Maxis,T,2000s,Other,3.295836866004329,3.7612001156935615
PS2,2002,Adventure,Electronic Arts,72.0,24,7.9,8,Westwood Studios,T,2000s,Other,3.218875824868201,2.19722457733622
XOne,2016,Simulation,Focus Home Interactive,65.0,9,7.5,27,Giants Software,E,2010s,Other,2.302585092994046,3.332204510175204
DS,2010,Adventure,City Interactive,53.0,13,7.5,27,City Interactive,T,2010s,Other,2.639057329615259,3.332204510175204
X360,2008,Misc,Activision,85.0,67,6.3,171,Neversoft Entertainment,T,2000s,Other,4.219507705176107,5.147494476813453
PSP,2008,Strategy,Ubisoft,68.0,7,5.9,8,"Funatics Software, Funatics",T,2000s,Other,2.079441541679836,2.19722457733622
X360,2006,Action,Eidos Interactive,80.0,54,7.3,84,Crystal Dynamics,T,2000s,Other,4.007333185232471,4.442651256490317
PC,2008,Shooter,Ubisoft,78.0,20,7.3,185,Ubisoft Montreal,M,2000s,Other,3.044522437723423,5.225746673713202
XB,2001,Racing,Microsoft Game Studios,85.0,35,8.2,28,Bizarre Creations,E,2000s,Other,3.58351893845611,3.367295829986474
PS3,2011,Sports,Electronic Arts,80.0,41,7.3,17,Electronic Arts,E,2010s,Other,3.737669618283368,2.8903717578961645
GC,2002,Platform,THQ,53.0,6,7.5,27,Evolution Games,E,2000s,Other,1.9459101490553128,3.332204510175204
XB,2005,Sports,Electronic Arts,80.0,39,7.5,22,EA Canada,E,2000s,FIFA,3.688879454113936,3.1354942159291497
PS2,2003,Action,Tecmo Koei,72.0,15,9.1,39,Omega Force,T,2000s,Other,2.772588722239781,3.688879454113936
PS3,2010,Action,Square Enix,83.0,66,8.0,291,Avalanche Studios,M,2010s,Other,4.204692619390966,5.676753802268282
DS,2008,Sports,Electronic Arts,56.0,8,7.5,27,"EA Canada, Exient Entertainment",E,2000s,FIFA,2.19722457733622,3.332204510175204
DS,2009,Simulation,Electronic Arts,70.0,10,7.5,4,Electronic Arts,E,2000s,Other,2.3978952727983707,1.6094379124341005
XB,2004,Platform,Activision,70.0,17,7.2,5,Activision,E,2000s,Other,2.8903717578961645,1.791759469228055
PS2,2003,Sports,Zoo Digital Publishing,57.0,4,8.4,37,Sand Grain Studios,T,2000s,Other,1.6094379124341005,3.6375861597263857
PS2,2005,Shooter,Ubisoft,71.0,20,7.9,23,Gearbox Software,M,2000s,Other,3.044522437723423,3.1780538303479458
PS2,2002,Sports,Konami Digital Entertainment,67.0,24,9.0,7,Konami,T,2000s,Other,3.218875824868201,2.079441541679836
XB,2005,Shooter,Electronic Arts,54.0,35,7.4,5,Namco,M,2000s,Other,3.58351893845611,1.791759469228055
Wii,2007,Role-Playing,Tecmo Koei,65.0,33,7.7,14,ArtePiazza,E10+,2000s,Other,3.5263605246161616,2.70805020110221
PSP,2006,Role-Playing,Atari,60.0,33,6.9,16,Hit Maker,E10+,2000s,Other,3.5263605246161616,2.833213344056216
GC,2002,Misc,Namco Bandai Games,62.0,10,7.5,27,Mass Media,E,2000s,Other,2.3978952727983707,3.332204510175204
GBA,2001,Action,Majesco Entertainment,67.0,8,7.5,27,Virtucraft,E,2000s,Other,2.19722457733622,3.332204510175204
X360,2011,Sports,Take-Two Interactive,69.0,27,6.8,24,Visual Concepts,E,2010s,Other,3.332204510175204,3.218875824868201
XB,2001,Simulation,LucasArts,76.0,22,7.5,27,Secret Level,T,2000s,Other,3.1354942159291497,3.332204510175204
GBA,2002,Adventure,BAM! Entertainment,80.0,17,7.8,10,Revolution Software,T,2000s,Other,2.8903717578961645,2.3978952727983707
PS3,2009,Role-Playing,Square Enix,83.0,83,7.3,2483,Square Enix,T,2000s,Final Fantasy,4.430816798843313,7.81762544305337
PS2,2002,Action,Universal Interactive,47.0,12,7.2,6,VU Games,T,2000s,Other,2.5649493574615367,1.9459101490553128
PC,2012,Action,Ubisoft,80.0,21,6.2,1489,Ubisoft,M,2010s,Other,3.091042453358316,7.306531398939505
GC,2001,Racing,Acclaim Entertainment,83.0,21,7.8,14,Acclaim,E,2000s,Other,3.091042453358316,2.70805020110221
3DS,2012,Simulation,Nintendo,76.0,5,8.0,15,syn Sophia,E,2010s,Other,1.791759469228055,2.772588722239781
XB,2004,Fighting,Atari,63.0,22,8.2,6,"Pipeworks Software, Inc.",T,2000s,Other,3.1354942159291497,1.9459101490553128
DS,2007,Strategy,THQ,57.0,21,7.9,16,THQ,T,2000s,Other,3.091042453358316,2.833213344056216
PSP,2010,Shooter,Ubisoft,54.0,15,7.5,27,Virtuos,T,2010s,Other,2.772588722239781,3.332204510175204
X360,2009,Action,Gamebridge,55.0,22,6.8,16,Acquire,M,2000s,Other,3.1354942159291497,2.833213344056216
PS2,2002,Simulation,Sony Computer Entertainment,78.0,17,8.6,10,SCEE,T,2000s,Other,2.8903717578961645,2.3978952727983707
GBA,2002,Misc,Atari,75.0,7,7.5,27,Digital Eclipse,E,2000s,Other,2.079441541679836,3.332204510175204
GC,2003,Action,Eidos Interactive,83.0,17,5.5,8,Io Interactive,M,2000s,Other,2.8903717578961645,2.19722457733622
X360,2011,Racing,Activision,62.0,24,4.1,14,Eutechnyx,E,2010s,Other,3.218875824868201,2.70805020110221
PS2,2000,Role-Playing,Ubisoft,62.0,13,5.3,9,From Software,T,2000s,Other,2.639057329615259,2.302585092994046
PS3,2011,Role-Playing,Namco Bandai Games,78.0,65,8.2,468,Bandai Namco Games,T,2010s,Other,4.189654742026425,6.150602768446279
XB,2002,Racing,Activision,74.0,36,5.2,13,Bunkasha Publishing,T,2000s,Other,3.610917912644224,2.639057329615259
PS2,2007,Action,Sega,46.0,10,5.2,6,Shiny Entertainment,E10+,2000s,Other,2.3978952727983707,1.9459101490553128
PS3,2008,Role-Playing,Square Enix,78.0,51,7.5,150,Nippon Ichi Software,T,2000s,Other,3.951243718581428,5.017279836814924
XB,2002,Action,Activision,54.0,18,5.0,4,Treyarch,T,2000s,Other,2.9444389791664403,1.6094379124341005
PS2,2004,Action,Illusion Softworks,65.0,30,7.6,62,Illusion Softworks,M,2000s,Other,3.4339872044851463,4.143134726391533
DS,2011,Action,Sega,64.0,18,7.2,9,WayForward,E10+,2010s,Other,2.9444389791664403,2.302585092994046
X360,2012,Shooter,Bethesda Softworks,67.0,30,6.5,132,id Software,M,2010s,Other,3.4339872044851463,4.890349128221754
PSP,2006,Platform,Capcom,82.0,28,7.5,36,Capcom,E,2000s,Other,3.367295829986474,3.610917912644224
PS2,2004,Action,Sega,58.0,33,8.0,24,K2 LLC,M,2000s,Other,3.5263605246161616,3.218875824868201
PS3,2014,Adventure,Namco Bandai Games,59.0,11,6.3,4,Vicious Cycle,E10+,2010s,Other,2.4849066497880004,1.6094379124341005
X360,2006,Action,THQ,70.0,52,7.5,48,Relic,M,2000s,Other,3.970291913552122,3.8918202981106265
PS2,2002,Strategy,Tecmo Koei,77.0,14,8.9,17,Koei,E,2000s,Other,2.70805020110221,2.8903717578961645
DS,2008,Action,Activision,77.0,12,7.5,14,Griptonite Games,E10+,2000s,Other,2.5649493574615367,2.70805020110221
3DS,2013,Action,Screenlife,46.0,22,4.5,34,Spike Chunsoft,M,2010s,Other,3.1354942159291497,3.555348061489413
PS2,2005,Misc,Sega,78.0,25,7.7,13,Sega,E,2000s,Other,3.258096538021482,2.639057329615259
Wii,2009,Platform,Majesco Entertainment,80.0,43,8.7,35,WayForward,E,2000s,Other,3.784189633918261,3.58351893845611
PS4,2014,Role-Playing,Compile Heart,58.0,22,7.1,81,Compile Heart,T,2010s,Other,3.1354942159291497,4.406719247264253
PSP,2006,Action,Konami Digital Entertainment,59.0,4,7.5,27,BottleRocket Entertainment,E10+,2000s,Other,1.6094379124341005,3.332204510175204
PSP,2007,Shooter,Konami Digital Entertainment,56.0,20,6.6,28,Creat Studios,T,2000s,Other,3.044522437723423,3.367295829986474
PSV,2011,Sports,Sony Computer Entertainment,76.0,55,8.1,77,Clap Hanz,E,2010s,Other,4.02535169073515,4.356708826689592
X360,2006,Strategy,Electronic Arts,79.0,50,7.5,83,EA LA,T,2000s,Other,3.9318256327243257,4.430816798843313
PS4,2014,Action,Activision,78.0,46,5.6,32,Toys for Bob,E10+,2010s,Other,3.8501476017100575,3.49650756146648
Wii,2010,Action,THQ,53.0,4,6.6,5,THQ,T,2010s,Other,1.6094379124341005,1.791759469228055
PS2,2000,Strategy,Tecmo Koei,72.0,10,8.7,11,Koei,E,2000s,Other,2.3978952727983707,2.4849066497880004
PS2,2005,Misc,Konami Digital Entertainment,78.0,25,7.5,27,Harmonix Music Systems,E10+,2000s,Other,3.258096538021482,3.332204510175204
PS3,2009,Misc,Konami Digital Entertainment,66.0,8,7.5,27,Blitz Games Studios,T,2000s,Other,2.19722457733622,3.332204510175204
DS,2005,Strategy,Ubisoft,64.0,16,7.7,14,Ubisoft Montreal,E10+,2000s,Other,2.833213344056216,2.70805020110221
PC,2005,Strategy,Vivendi Games,79.0,39,7.1,89,Mad Doc Software,T,2000s,Other,3.688879454113936,4.499809670330265
PC,2004,Shooter,Electronic Arts,84.0,48,7.5,133,Digital Illusions,T,2000s,Other,3.8918202981106265,4.897839799950911
PS3,2011,Shooter,Bethesda Softworks,72.0,39,5.8,168,Splash Damage,T,2010s,Other,3.688879454113936,5.1298987149230735
DS,2008,Action,Disney Interactive Studios,54.0,12,7.5,27,Fall Line Studio,E10+,2000s,Other,2.5649493574615367,3.332204510175204
X360,2010,Action,Ubisoft,74.0,69,7.8,112,Ubisoft Montreal,T,2010s,Other,4.248495242049359,4.727387818712341
PS2,2005,Action,Sega,75.0,58,8.2,73,Amusement Vision,M,2000s,Other,4.07753744390572,4.304065093204169
WiiU,2013,Strategy,Nintendo,87.0,79,8.7,664,Nintendo,E10+,2010s,Other,4.382026634673881,6.499787040655854
X360,2009,Action,D3Publisher,61.0,9,8.3,4,Papaya Studios,E10+,2000s,Other,2.302585092994046,1.6094379124341005
X360,2006,Shooter,Ubisoft,88.0,69,8.3,225,Ubisoft Montreal,M,2000s,Other,4.248495242049359,5.420534999272286
PS,1999,Racing,Psygnosis,89.0,14,8.5,15,Psygnosis,E,1990s,Other,2.70805020110221,2.772588722239781
PS2,2003,Misc,Konami Digital Entertainment,83.0,29,9.1,17,Harmonix Music Systems,E,2000s,Other,3.4011973816621555,2.8903717578961645
X360,2005,Action,Microsoft Game Studios,79.0,76,8.1,107,Rare Ltd.,T,2000s,Other,4.343805421853684,4.68213122712422
DC,2000,Shooter,Sega,83.0,12,7.8,12,Smilebit,M,2000s,Other,2.5649493574615367,2.5649493574615367
PS2,2006,Strategy,THQ,71.0,26,8.0,5,Pandemic Studios,M,2000s,Other,3.295836866004329,1.791759469228055
PS3,2009,Action,Codemasters,72.0,42,7.6,24,Triumph Studios,T,2000s,Other,3.7612001156935615,3.218875824868201
PC,2005,Shooter,MC2 Entertainment,76.0,13,8.0,142,Rebellion,M,2000s,Other,2.639057329615259,4.962844630259907
PS3,2008,Racing,Codemasters,87.0,39,8.1,109,Codemasters,E,2000s,Other,3.688879454113936,4.700480365792417
3DS,2011,Action,Sega,55.0,57,5.5,31,Sega,E,2010s,Other,4.060443010546419,3.4657359027997265
XOne,2016,Action,Ubisoft,74.0,13,7.6,24,Ubisoft Montreal,M,2010s,Other,2.639057329615259,3.218875824868201
PS3,2014,Action,Namco Bandai Games,71.0,28,7.3,46,Ganbarion,T,2010s,Other,3.367295829986474,3.8501476017100575
PSP,2009,Role-Playing,Ghostlight,89.0,40,8.3,317,Atlus,M,2000s,Other,3.713572066704308,5.762051382780177
X360,2009,Sports,Konami Digital Entertainment,78.0,34,7.6,29,Konami,E,2000s,Other,3.555348061489413,3.4011973816621555
DS,2007,Puzzle,Sega,61.0,11,7.5,27,Sega,E,2000s,Other,2.4849066497880004,3.332204510175204
PS2,2002,Action,Activision,49.0,21,6.1,14,Mucky Foot Productions,M,2000s,Other,3.091042453358316,2.70805020110221
PS2,2005,Action,Sony Computer Entertainment,94.0,75,8.9,997,SCE Santa Monica,M,2000s,Other,4.330733340286331,6.905753276311464
PC,2010,Sports,Electronic Arts,83.0,16,7.7,102,EA Sports,E,2010s,FIFA,2.833213344056216,4.634728988229636
Wii,2010,Action,Activision,41.0,15,6.5,8,Next Level Games,T,2010s,Other,2.772588722239781,2.19722457733622
PS3,2008,Role-Playing,Sega,86.0,60,8.6,433,Sega,T,2000s,Other,4.110873864173311,6.073044534100405
GBA,2006,Action,Activision,55.0,9,9.3,6,WayForward,E10+,2000s,Other,2.302585092994046,1.9459101490553128
GBA,2001,Racing,Konami Digital Entertainment,78.0,9,7.5,27,KCEK,E,2000s,Other,2.302585092994046,3.332204510175204
PS3,2010,Action,Electronic Arts,62.0,16,7.5,27,Electronic Arts,E10+,2010s,Other,2.833213344056216,3.332204510175204
GBA,2004,Sports,Nintendo,77.0,20,7.8,6,Alphadream Corporation,E,2000s,Other,3.044522437723423,1.9459101490553128
PS2,2000,Fighting,Midway Games,75.0,20,7.5,27,Midway,T,2000s,Other,3.044522437723423,3.332204510175204
PS2,2005,Action,Sega,74.0,33,8.4,65,Creative Assembly,M,2000s,Other,3.5263605246161616,4.189654742026425
PS3,2009,Shooter,Vivendi Games,80.0,45,7.7,40,Starbreeze,M,2000s,Other,3.828641396489095,3.713572066704308
PS2,2004,Role-Playing,Tecmo Koei,81.0,40,7.9,22,Nippon Ichi Software,T,2000s,Other,3.713572066704308,3.1354942159291497
PS4,2015,Action,Ubisoft,76.0,86,6.8,1319,Ubisoft Quebec,M,2010s,Other,4.465908118654584,7.1853870155804165
XB,2003,Sports,Electronic Arts,82.0,18,9.0,9,EA Sports,E,2000s,Other,2.9444389791664403,2.302585092994046
PS3,2011,Role-Playing,Marvelous Interactive,55.0,12,7.9,44,Neverland,E10+,2010s,Other,2.5649493574615367,3.80666248977032
PSP,2005,Sports,Electronic Arts,75.0,23,7.9,16,EA Tiburon,E,2000s,Madden,3.1780538303479458,2.833213344056216
PC,2014,Role-Playing,Deep Silver,57.0,47,1.4,544,Deep Silver,M,2010s,Other,3.8712010109078903,6.300785794663244
PS2,2008,Action,Warner Bros. Interactive Entertainment,77.0,8,8.9,17,Traveller's Tales,E10+,2000s,Other,2.19722457733622,2.8903717578961645
GC,2003,Platform,Konami Digital Entertainment,61.0,4,7.5,27,Konami,E,2000s,Other,1.6094379124341005,3.332204510175204
PS2,2002,Role-Playing,Sony Computer Entertainment,87.0,41,9.1,174,Level 5,T,2000s,Other,3.737669618283368,5.1647859739235145
PS2,2000,Strategy,Konami Digital Entertainment,82.0,15,8.7,11,Konami,T,2000s,Other,2.772588722239781,2.4849066497880004
PC,2010,Action,LucasArts,59.0,14,5.8,162,LucasArts,T,2010s,Other,2.70805020110221,5.093750200806762
XOne,2015,Sports,Nordic Games,45.0,4,7.5,27,Rainbow Studios,Unknown,2010s,Other,1.6094379124341005,3.332204510175204
XB,2003,Action,Interplay,72.0,26,8.6,5,High Voltage Software,M,2000s,Other,3.295836866004329,1.791759469228055
X360,2013,Action,Konami Digital Entertainment,82.0,46,7.8,358,PlatinumGames,M,2010s,Other,3.8501476017100575,5.883322388488279
Wii,2007,Action,Codemasters,62.0,25,6.2,32,IR Gurus,T,2000s,Other,3.258096538021482,3.49650756146648
PS,2001,Shooter,Namco Bandai Games,71.0,13,6.7,6,Flying Tiger Development,T,2000s,Other,2.639057329615259,1.9459101490553128
PS4,2015,Sports,Activision,32.0,43,1.5,427,Robomodo,T,2010s,Other,3.784189633918261,6.059123195581797
XOne,2016,Action,Activision,55.0,14,6.0,38,PlatinumGames,T,2010s,Other,2.70805020110221,3.6635616461296463
GBA,2004,Sports,Activision,70.0,4,7.5,27,Vicarious Visions,E,2000s,Other,1.6094379124341005,3.332204510175204
X360,2008,Action,Ubisoft,55.0,50,6.4,58,Ubisoft Montreal,T,2000s,Other,3.9318256327243257,4.07753744390572
PS3,2014,Fighting,Namco Bandai Games,49.0,12,5.8,32,Prope,E10+,2010s,Other,2.5649493574615367,3.49650756146648
X360,2007,Sports,Ubisoft,61.0,15,6.1,9,Ubisoft,E10+,2000s,Other,2.772588722239781,2.302585092994046
PS3,2013,Adventure,Sony Computer Entertainment,70.0,98,8.1,2652,Quantic Dream,M,2010s,Other,4.59511985013459,7.88344635413774
PS,2000,Adventure,Ubisoft,34.0,4,7.5,27,Revolution Software,E,2000s,Other,1.6094379124341005,3.332204510175204
XOne,2016,Platform,Deep Silver,55.0,13,4.2,94,Inti Creates,E10+,2010s,Other,2.639057329615259,4.553876891600541
PS2,2001,Shooter,Eidos Interactive,65.0,23,4.9,11,Zoom,T,2000s,Other,3.1780538303479458,2.4849066497880004
WiiU,2013,Puzzle,Warner Bros. Interactive Entertainment,71.0,17,6.3,39,5TH Cell,E10+,2010s,Other,2.8903717578961645,3.688879454113936
GC,2001,Adventure,Ubisoft,70.0,17,5.8,16,Ubisoft Montreal,T,2000s,Other,2.8903717578961645,2.833213344056216
Wii,2008,Simulation,Namco Bandai Games,74.0,42,7.9,13,Access Games,T,2000s,Other,3.7612001156935615,2.639057329615259
PSP,2005,Sports,Electronic Arts,67.0,21,7.7,16,EA Canada,E,2000s,Other,3.091042453358316,2.833213344056216
XB,2006,Shooter,Global Star,36.0,6,4.0,5,Team 17,T,2000s,Other,1.9459101490553128,1.791759469228055
Wii,2007,Fighting,Zoo Digital Publishing,35.0,7,4.7,10,Nikitova Games,E10+,2000s,Other,2.079441541679836,2.3978952727983707
PS2,2002,Sports,Zoo Digital Publishing,68.0,16,8.5,15,Tecmo,E,2000s,Other,2.833213344056216,2.772588722239781
XB,2004,Action,SCi,67.0,40,7.0,10,Confounding Factor,T,2000s,Other,3.713572066704308,2.3978952727983707
PSP,2007,Sports,Electronic Arts,72.0,8,7.5,27,EA Salt Lake,E,2000s,Other,2.19722457733622,3.332204510175204
PS2,2003,Misc,Codemasters,41.0,14,4.8,12,Hothouse Creations,E,2000s,Other,2.70805020110221,2.5649493574615367
PS3,2007,Racing,THQ,63.0,8,4.8,4,Rainbow Studios,E,2000s,Other,2.19722457733622,1.6094379124341005
PS2,2006,Adventure,THQ,59.0,27,7.5,27,Artificial Mind and Movement,E10+,2000s,Other,3.332204510175204,3.332204510175204
Wii,2007,Fighting,Atari,44.0,31,7.2,37,"Pipeworks Software, Inc.",E10+,2000s,Other,3.4657359027997265,3.6375861597263857
DS,2010,Role-Playing,Nintendo,68.0,25,8.2,25,Creatures Inc.,E,2010s,Pokemon,3.258096538021482,3.258096538021482
GC,2004,Shooter,Atari,68.0,20,7.5,27,Paradigm Entertainment,T,2000s,Other,3.044522437723423,3.332204510175204
Wii,2008,Sports,Take-Two Interactive,38.0,10,5.7,7,Cat Daddy Games,E,2000s,Other,2.3978952727983707,2.079441541679836
XB,2003,Adventure,THQ,77.0,24,8.3,12,Revolution Software,T,2000s,Other,3.218875824868201,2.5649493574615367
XB,2004,Misc,Crave Entertainment,66.0,7,7.5,27,Coresoft,E,2000s,Other,2.079441541679836,3.332204510175204
GC,2003,Shooter,Taito,40.0,8,7.5,27,Taito Corporation,T,2000s,Other,2.19722457733622,3.332204510175204
X360,2008,Action,Activision,62.0,23,7.5,27,Toys for Bob,E10+,2000s,Other,3.1780538303479458,3.332204510175204
DS,2006,Role-Playing,Ubisoft,68.0,44,8.2,32,Taito Corporation,E,2000s,Other,3.80666248977032,3.49650756146648
Wii,2007,Sports,Electronic Arts,66.0,32,7.6,30,EA Canada,E,2000s,Other,3.49650756146648,3.4339872044851463
PS2,2004,Racing,Ubisoft,52.0,17,6.8,8,Ratbag,E,2000s,Other,2.8903717578961645,2.19722457733622
GBA,2003,Platform,Zoo Digital Publishing,63.0,13,7.5,27,Virtucraft,T,2000s,Other,2.639057329615259,3.332204510175204
DS,2007,Adventure,Unknown,78.0,14,7.5,13,Skip Ltd.,E,2000s,Other,2.70805020110221,2.639057329615259
PS2,2006,Shooter,Tecmo Koei,48.0,21,7.5,27,Cavia Inc.,T,2000s,Other,3.091042453358316,3.332204510175204
XB,2002,Action,Sega,88.0,36,8.2,102,Smilebit,T,2000s,Other,3.610917912644224,4.634728988229636
GC,2004,Sports,Nintendo,80.0,43,8.5,48,Camelot Software Planning,E,2000s,Mario,3.784189633918261,3.8918202981106265
PSP,2005,Sports,Electronic Arts,78.0,25,7.4,14,EA Canada,E,2000s,Other,3.258096538021482,2.70805020110221
PS2,2002,Strategy,Sega,78.0,26,8.9,9,NEC Interchannel,T,2000s,Other,3.295836866004329,2.302585092994046
GC,2002,Puzzle,Ubisoft,65.0,12,7.5,27,Team 17,E,2000s,Other,2.5649493574615367,3.332204510175204
PS2,2000,Simulation,Namco Bandai Games,58.0,16,8.1,49,Bandai,T,2000s,Other,2.833213344056216,3.912023005428146
PS3,2011,Action,Namco Bandai Games,62.0,14,7.3,34,Dimps Corporation,Unknown,2010s,Other,2.70805020110221,3.555348061489413
PC,2004,Role-Playing,Activision,93.0,57,7.3,2182,Blizzard Entertainment,T,2000s,Other,4.060443010546419,7.688455356549944
X360,2012,Action,Ubisoft,84.0,61,6.7,1196,Ubisoft,M,2010s,Other,4.127134385045092,7.087573705557973
PC,2011,Action,Electronic Arts,43.0,12,5.0,56,Unknown,Unknown,2010s,Other,2.5649493574615367,4.04305126783455
X360,2012,Action,Activision,74.0,69,7.0,173,Radical Entertainment,M,2010s,Other,4.248495242049359,5.159055299214529
PS2,2007,Fighting,AQ Interactive,77.0,12,8.1,8,Examu,T,2000s,Other,2.5649493574615367,2.19722457733622
DS,2007,Role-Playing,Disney Interactive Studios,63.0,37,7.9,31,Jupiter Corporation,E,2000s,Other,3.6375861597263857,3.4657359027997265
PS4,2015,Action,Sony Computer Entertainment,92.0,100,8.6,6383,From Software,M,2010s,Other,4.61512051684126,8.761550139129644
PC,2011,Shooter,Electronic Arts,89.0,61,7.5,4926,EA DICE,M,2010s,Other,4.127134385045092,8.502485562543963
PS3,2008,Adventure,Unknown,63.0,12,6.2,34,Rhino Studios,E10+,2000s,Other,2.5649493574615367,3.555348061489413
PS3,2011,Role-Playing,Bethesda Softworks,92.0,16,6.4,2527,Bethesda Game Studios,M,2010s,Other,2.833213344056216,7.835183755266748
PS4,2014,Racing,Sony Computer Entertainment,71.0,85,6.1,1571,Evolution Studios,E,2010s,Other,4.454347296253507,7.360103972989152
PSP,2007,Action,Activision,58.0,7,4.4,9,Artificial Mind and Movement,E10+,2000s,Other,2.079441541679836,2.302585092994046
PSP,2006,Role-Playing,Ubisoft,66.0,27,7.8,25,Alfa System,T,2000s,Other,3.332204510175204,3.258096538021482
PS2,2002,Role-Playing,Ubisoft,71.0,19,8.6,31,Game Arts,T,2000s,Other,2.995732273553991,3.4657359027997265
DS,2007,Sports,Ubisoft,56.0,5,7.0,4,Ubisoft Quebec,E,2000s,Other,1.791759469228055,1.6094379124341005
PC,2009,Shooter,Evolved Games,39.0,11,3.1,61,Atomic Motion,T,2000s,Other,2.4849066497880004,4.127134385045092
GBA,2002,Action,THQ,38.0,12,7.5,27,Creations,E,2000s,Other,2.5649493574615367,3.332204510175204
PS2,2004,Shooter,Atari,75.0,51,8.6,27,Melbourne House,T,2000s,Other,3.951243718581428,3.332204510175204
DS,2008,Shooter,Ignition Entertainment,70.0,38,7.4,13,SNK Playmore,T,2000s,Other,3.6635616461296463,2.639057329615259
GBA,2001,Platform,Interplay,72.0,10,5.7,6,Game Titan,E,2000s,Other,2.3978952727983707,1.9459101490553128
XB,2001,Sports,Midway Games,79.0,20,8.7,11,Black Box,E,2000s,Other,3.044522437723423,2.4849066497880004
PC,2011,Role-Playing,Unknown,84.0,59,7.3,561,Trion Worlds,T,2010s,Other,4.0943445622221,6.331501849893691
GC,2004,Platform,Take-Two Interactive,69.0,11,7.3,8,Artificial Mind and Movement,E,2000s,Other,2.4849066497880004,2.19722457733622
GBA,2003,Role-Playing,THQ,74.0,18,8.3,9,Grasshopper Manufacture,E,2000s,Other,2.9444389791664403,2.302585092994046
X360,2010,Role-Playing,Electronic Arts,96.0,98,8.9,3143,BioWare,M,2010s,Other,4.59511985013459,8.053251153549096
X360,2014,Adventure,Namco Bandai Games,60.0,7,6.5,10,Vicious Cycle,E10+,2010s,Other,2.079441541679836,2.3978952727983707
GBA,2003,Role-Playing,Konami Digital Entertainment,83.0,31,9.6,16,KCEJ,E,2000s,Other,3.4657359027997265,2.833213344056216
Wii,2010,Action,Atari,41.0,6,7.5,27,"Atari, Atari SA",E10+,2010s,Other,1.9459101490553128,3.332204510175204
PS2,2002,Action,Midway Games,51.0,21,7.0,6,7 Studios,M,2000s,Other,3.091042453358316,1.9459101490553128
PS3,2011,Fighting,Capcom,80.0,36,6.2,114,Capcom,T,2010s,Other,3.610917912644224,4.74493212836325
DS,2004,Sports,Electronic Arts,64.0,21,7.4,7,Sensory Sweep,E,2000s,Other,3.091042453358316,2.079441541679836
X360,2011,Action,Disney Interactive Studios,66.0,31,5.3,13,Eurocom Entertainment Software,E10+,2010s,Other,3.4657359027997265,2.639057329615259
PSP,2009,Misc,Take-Two Interactive,80.0,44,7.8,12,Rockstar Leeds,E,2000s,Other,3.80666248977032,2.5649493574615367
PS2,2001,Strategy,THQ,71.0,15,8.3,22,Koei,T,2000s,Other,2.772588722239781,3.1354942159291497
PS3,2011,Sports,Take-Two Interactive,72.0,13,6.3,9,Visual Concepts,E,2010s,Other,2.639057329615259,2.302585092994046
PS3,2010,Misc,Sony Computer Entertainment,56.0,17,4.9,8,SCE Studio Cambridge,E,2010s,Other,2.8903717578961645,2.19722457733622
PC,2011,Racing,Codemasters,86.0,23,6.9,433,Codemasters,T,2010s,Other,3.1780538303479458,6.073044534100405
X360,2007,Strategy,Microsoft Game Studios,75.0,25,6.9,28,Team 17,E10+,2000s,Other,3.258096538021482,3.367295829986474
DS,2005,Platform,Konami Digital Entertainment,69.0,10,7.5,27,Konami Computer Entertainment Hawaii,E,2000s,Other,2.3978952727983707,3.332204510175204
XOne,2014,Shooter,Microsoft Game Studios,85.0,69,7.2,1267,343 Industries,M,2010s,Other,4.248495242049359,7.145196134997171
X360,2014,Shooter,Namco Bandai Games,35.0,8,5.8,78,CI Games,M,2010s,Other,2.19722457733622,4.3694478524670215
PC,2009,Strategy,Electronic Arts,75.0,37,7.0,112,EA Phenomic,T,2000s,Other,3.6375861597263857,4.727387818712341
Wii,2009,Adventure,Knowledge Adventure,68.0,8,7.5,27,Knowledge Adventure Inc.,E,2000s,Other,2.19722457733622,3.332204510175204
PSP,2006,Platform,Konami Digital Entertainment,68.0,34,7.3,9,Backbone Entertainment,T,2000s,Other,3.555348061489413,2.302585092994046
XB,2002,Sports,Midway Games,81.0,19,8.5,13,Black Box,E,2000s,Other,2.995732273553991,2.639057329615259
PS2,2004,Action,Activision,64.0,41,8.5,19,Saffire,T,2000s,Other,3.737669618283368,2.995732273553991
PS3,2011,Fighting,Electronic Arts,84.0,52,7.3,95,EA Canada,M,2010s,Other,3.970291913552122,4.564348191467836
3DS,2011,Puzzle,Ubisoft,51.0,5,7.5,27,Ubisoft,E,2010s,Other,1.791759469228055,3.332204510175204
PS2,2004,Simulation,Global Star,42.0,19,8.3,18,Starsphere Interactive,E,2000s,Other,2.995732273553991,2.9444389791664403
PS3,2009,Action,Ubisoft,91.0,70,8.6,1202,Ubisoft Montreal,M,2000s,Other,4.262679877041316,7.0925737159746784
PS2,2004,Misc,Namco Bandai Games,77.0,35,8.1,8,Namco,E,2000s,Other,3.58351893845611,2.19722457733622
X360,2006,Racing,Electronic Arts,89.0,61,8.1,140,Criterion Games,E10+,2000s,Other,4.127134385045092,4.948759890378168
PS2,2003,Racing,Ubisoft,48.0,9,8.3,13,Ubisoft,E,2000s,Other,2.302585092994046,2.639057329615259
X360,2014,Racing,Deep Silver,65.0,4,5.1,14,Deep Silver,E,2010s,Other,1.6094379124341005,2.70805020110221
DS,2007,Strategy,Sega,61.0,13,8.0,9,Climax Entertainment,E,2000s,Other,2.639057329615259,2.302585092994046
GC,2003,Role-Playing,Sega,71.0,24,8.2,13,Sonic Team,T,2000s,Other,3.218875824868201,2.639057329615259
GC,2006,Racing,THQ,71.0,21,7.0,5,Rainbow Studios,E,2000s,Other,3.091042453358316,1.791759469228055
PSP,2005,Platform,Konami Digital Entertainment,61.0,40,7.3,21,Backbone Entertainment,T,2000s,Other,3.713572066704308,3.091042453358316
X360,2007,Action,Electronic Arts,85.0,44,8.2,44,EA Canada,E10+,2000s,Other,3.80666248977032,3.80666248977032
DS,2008,Puzzle,Midway Games,76.0,8,7.5,27,Midway Studios - San Diego,E,2000s,Other,2.19722457733622,3.332204510175204
Wii,2007,Simulation,Konami Digital Entertainment,73.0,16,7.1,27,Konami,E10+,2000s,Other,2.833213344056216,3.332204510175204
GBA,2001,Role-Playing,Ubisoft,81.0,16,8.8,16,Capcom,E,2000s,Other,2.833213344056216,2.833213344056216
X360,2009,Misc,Konami Digital Entertainment,62.0,5,7.5,27,Blitz Games Studios,T,2000s,Other,1.791759469228055,3.332204510175204
PS3,2009,Action,Tecmo Koei,64.0,27,7.3,15,Omega Force,T,2000s,Other,3.332204510175204,2.772588722239781
PS2,2003,Platform,THQ,68.0,28,9.0,28,Avalanche Software,E,2000s,Other,3.367295829986474,3.367295829986474
XOne,2013,Racing,Electronic Arts,75.0,18,5.8,175,Ghost Games,E10+,2010s,Other,2.9444389791664403,5.170483995038151
GC,2004,Action,THQ,65.0,8,7.5,27,THQ,E,2000s,Other,2.19722457733622,3.332204510175204
Wii,2010,Misc,Ubisoft,74.0,24,7.3,24,Ubisoft,E10+,2010s,Other,3.218875824868201,3.218875824868201
GBA,2004,Fighting,Atari,73.0,26,7.0,21,Arc System Works,T,2000s,Other,3.295836866004329,3.091042453358316
GC,2003,Platform,Ubisoft,77.0,24,8.3,21,Ubisoft Shanghai,E,2000s,Other,3.218875824868201,3.091042453358316
XB,2005,Misc,Mastiff,74.0,9,7.5,4,Andamiro U.S.A. Corp.,T,2000s,Other,2.302585092994046,1.6094379124341005
XOne,2013,Misc,Ubisoft,71.0,6,7.0,58,Ubisoft,E10+,2010s,Other,1.9459101490553128,4.07753744390572
PS3,2009,Shooter,Activision,71.0,58,7.4,77,"id Software, Raven Software",M,2000s,Other,4.07753744390572,4.356708826689592
XB,2003,Racing,Take-Two Interactive,86.0,33,7.6,12,Rockstar San Diego,T,2000s,Other,3.5263605246161616,2.5649493574615367
PC,2012,Fighting,Capcom,79.0,8,6.4,134,"Capcom, QLOC",T,2010s,Other,2.19722457733622,4.90527477843843
GBA,2005,Action,Zoo Digital Publishing,73.0,6,7.5,27,Krome Studios,E10+,2000s,Other,1.9459101490553128,3.332204510175204
PS2,2005,Action,Capcom,84.0,60,9.0,212,Capcom,M,2000s,Other,4.110873864173311,5.3612921657094255
X360,2005,Fighting,Tecmo Koei,85.0,76,8.2,223,Team Ninja,M,2000s,Other,4.343805421853684,5.41164605185504
PS2,2005,Action,Electronic Arts,69.0,29,7.6,36,EA Redwood Shores,T,2000s,Other,3.4011973816621555,3.610917912644224
PSP,2007,Platform,Konami Digital Entertainment,80.0,43,7.8,62,Konami,T,2000s,Other,3.784189633918261,4.143134726391533
X360,2013,Platform,Ubisoft,90.0,35,8.2,217,Ubisoft Montpellier,E10+,2010s,Other,3.58351893845611,5.384495062789089
PS3,2014,Role-Playing,Ubisoft,85.0,31,8.5,575,Obsidian Entertainment,M,2010s,Other,3.4657359027997265,6.356107660695892
PS4,2015,Role-Playing,Bethesda Softworks,87.0,58,6.5,4228,Bethesda Game Studios,M,2010s,Other,4.07753744390572,8.34972083747249
PS2,2003,Action,Interplay,68.0,27,8.8,16,High Voltage Software,M,2000s,Other,3.332204510175204,2.833213344056216
PS2,2004,Action,THQ,65.0,8,7.3,8,THQ,E,2000s,Other,2.19722457733622,2.19722457733622
XB,2003,Simulation,Konami Digital Entertainment,69.0,21,8.8,19,Blue Tongue Entertainment,T,2000s,Other,3.091042453358316,2.995732273553991
PS3,2007,Shooter,Activision,94.0,44,8.4,993,Infinity Ward,M,2000s,Call of Duty,3.80666248977032,6.901737206656574
PSP,2013,Role-Playing,Namco Bandai Games,74.0,7,8.3,6,Felistella,T,2010s,Other,2.079441541679836,1.9459101490553128
GC,2004,Platform,Atari,64.0,9,7.5,27,Paradigm Entertainment,T,2000s,Other,2.302585092994046,3.332204510175204
PSP,2009,Role-Playing,GungHo,45.0,6,5.8,8,GungHo,T,2000s,Other,1.9459101490553128,2.19722457733622
PS3,2013,Action,Ubisoft,84.0,27,7.7,314,Ubisoft Toronto,M,2010s,Other,3.332204510175204,5.752572638825633
XB,2005,Shooter,Majesco Entertainment,71.0,37,8.1,8,Artech Studios,M,2000s,Other,3.6375861597263857,2.19722457733622
PS3,2009,Misc,Activision,59.0,33,4.7,9,Neversoft Entertainment,T,2000s,Other,3.5263605246161616,2.302585092994046
X360,2009,Shooter,Codemasters,36.0,39,5.6,50,Blue Omega,M,2000s,Other,3.688879454113936,3.9318256327243257
PS,1998,Strategy,Human Entertainment,62.0,5,7.4,15,S-Neo,T,1990s,Other,1.791759469228055,2.772588722239781
PS4,2016,Shooter,Nippon Ichi Software,55.0,19,4.7,34,"Mediascape, CUBETYPE",E10+,2010s,Other,2.995732273553991,3.555348061489413
PS2,2006,Role-Playing,Rising Star Games,60.0,7,7.9,9,Career Soft,T,2000s,Other,2.079441541679836,2.302585092994046
XB,2002,Shooter,Universal Interactive,76.0,20,7.5,6,Terminal Reality,M,2000s,Other,3.044522437723423,1.9459101490553128
DS,2008,Platform,Nintendo,75.0,25,8.4,26,TOSE,E,2000s,Other,3.258096538021482,3.295836866004329
PS4,2016,Adventure,Microids,67.0,17,6.2,12,Microids,T,2010s,Other,2.8903717578961645,2.5649493574615367
X360,2011,Role-Playing,Unknown,67.0,50,6.6,140,Reality Pump,M,2010s,Other,3.9318256327243257,4.948759890378168
XB,2003,Action,Activision,77.0,39,7.8,28,"Luxoflux, Inc.",M,2000s,Other,3.688879454113936,3.367295829986474
PS2,2003,Action,Eidos Interactive,75.0,34,9.3,49,Crystal Dynamics,M,2000s,Other,3.555348061489413,3.912023005428146
PS3,2010,Fighting,THQ,74.0,42,6.9,41,Yuke's,T,2010s,Other,3.7612001156935615,3.737669618283368
X360,2014,Racing,Nordic Games,48.0,10,4.8,14,Nordic Games Publishing,E,2010s,Other,2.3978952727983707,2.70805020110221
DS,2009,Adventure,Nobilis,54.0,7,7.5,27,White Birds Productions,M,2000s,Other,2.079441541679836,3.332204510175204
DS,2007,Misc,Ubisoft,73.0,7,7.5,27,"Ubisoft, Sensory Sweep",E,2000s,Other,2.079441541679836,3.332204510175204
GC,2003,Platform,Capcom,65.0,28,7.6,13,Arika,E,2000s,Other,3.367295829986474,2.639057329615259
PS4,2016,Sports,505 Games,85.0,50,8.7,1290,Psyonix,E,2010s,Other,3.9318256327243257,7.1631723908466425
PS3,2010,Action,Ubisoft,90.0,59,8.2,791,Ubisoft Montreal,M,2010s,Other,4.0943445622221,6.674561391814426
3DS,2016,Action,Nintendo,81.0,71,8.7,87,HAL Labs,E,2010s,Other,4.276666119016055,4.477336814478207
XB,2002,Racing,THQ,84.0,18,8.4,16,Climax Group,E,2000s,Other,2.9444389791664403,2.833213344056216
Wii,2008,Fighting,Tomy Corporation,72.0,20,8.4,16,Eighting,T,2000s,Other,3.044522437723423,2.833213344056216
GBA,2006,Racing,THQ,50.0,8,4.7,6,Helixe,E,2000s,Other,2.19722457733622,1.9459101490553128
PSP,2009,Action,Activision,63.0,10,7.8,17,Amaze,T,2000s,Other,2.3978952727983707,2.8903717578961645
X360,2011,Racing,Microsoft Game Studios,91.0,83,8.2,617,Turn 10,E,2010s,Other,4.430816798843313,6.42648845745769
X360,2009,Sports,Electronic Arts,80.0,51,6.9,20,EA Tiburon,E,2000s,Other,3.951243718581428,3.044522437723423
XOne,2016,Action,Microsoft Game Studios,63.0,75,6.6,445,"Armature Studio, comcept",T,2010s,Other,4.330733340286331,6.100318952020064
X360,2011,Role-Playing,Square Enix,72.0,55,5.9,102,Obsidian Entertainment,T,2010s,Other,4.02535169073515,4.634728988229636
PS2,2000,Shooter,Konami Digital Entertainment,64.0,15,7.5,27,KCET,E,2000s,Other,2.772588722239781,3.332204510175204
PS3,2008,Shooter,Eidos Interactive,51.0,28,3.1,25,Pivotal Games,M,2000s,Other,3.367295829986474,3.258096538021482
PC,2010,Action,Square Enix,84.0,33,7.7,838,Avalanche Studios,M,2010s,Other,3.5263605246161616,6.732210706467206
PS2,2002,Racing,Empire Interactive,59.0,7,7.5,27,Razorworks Studios,E,2000s,Other,2.079441541679836,3.332204510175204
Wii,2010,Action,Electronic Arts,67.0,9,5.2,5,Electronic Arts,E10+,2010s,Other,2.302585092994046,1.791759469228055
PS3,2012,Sports,Electronic Arts,73.0,36,5.2,17,EA Sports,E,2010s,Other,3.610917912644224,2.8903717578961645
Wii,2007,Action,Vivendi Games,69.0,16,5.8,22,Radical Entertainment,E10+,2000s,Other,2.833213344056216,3.1354942159291497
XOne,2013,Sports,Electronic Arts,36.0,14,3.1,88,EA Sports,E,2010s,Other,2.70805020110221,4.48863636973214
XB,2003,Racing,Jaleco,24.0,7,2.8,17,Jaleco Entertainment,E,2000s,Other,2.079441541679836,2.8903717578961645
X360,2013,Strategy,Activision,59.0,3,5.6,25,Exient Entertainment,E,2010s,Other,1.3862943611198906,3.258096538021482
PC,2009,Adventure,Focus Home Interactive,79.0,15,8.2,40,Pendulo Studios,T,2000s,Other,2.772588722239781,3.713572066704308
X360,2012,Misc,Ubisoft,77.0,23,7.7,36,Ubisoft,E10+,2010s,Other,3.1780538303479458,3.610917912644224
PS4,2015,Action,Capcom,75.0,30,7.7,284,Capcom,M,2010s,Other,3.4339872044851463,5.652489180268651
PS2,2002,Sports,Electronic Arts,83.0,22,8.3,28,EA Canada,E,2000s,Other,3.1354942159291497,3.367295829986474
Wii,2009,Puzzle,Performance Designed Products,59.0,16,7.5,27,Performance Designed Products,E10+,2000s,Other,2.833213344056216,3.332204510175204
PS,2001,Racing,Take-Two Interactive,34.0,6,5.3,6,Deibus Studios,E,2000s,Other,1.9459101490553128,1.9459101490553128
Wii,2010,Shooter,Activision,80.0,25,5.8,87,Treyarch,M,2010s,Call of Duty,3.258096538021482,4.477336814478207
GBA,2002,Action,Ubisoft,47.0,11,7.5,27,Artificial Mind and Movement,E,2000s,Other,2.4849066497880004,3.332204510175204
PS3,2012,Racing,Unknown,62.0,19,4.9,22,"Atari, Slightly Mad Studios, Atari SA",E,2010s,Other,2.995732273553991,3.1354942159291497
PS2,2003,Action,Electronic Arts,85.0,31,8.7,105,EA Games,T,2000s,Other,3.4657359027997265,4.663439094112067
DS,2008,Role-Playing,Nintendo,70.0,17,7.9,15,RED Entertainment,E,2000s,Other,2.8903717578961645,2.772588722239781
Wii,2011,Action,Namco Bandai Games,45.0,4,7.5,27,Inti Creates,E10+,2010s,Other,1.6094379124341005,3.332204510175204
GC,2006,Action,Eidos Interactive,78.0,6,7.8,8,Crystal Dynamics,T,2000s,Other,1.9459101490553128,2.19722457733622
PS2,2004,Sports,Electronic Arts,88.0,30,8.2,20,EA Sports,E,2000s,Other,3.4339872044851463,3.044522437723423
XB,2005,Shooter,Eidos Interactive,71.0,28,9.2,27,Deadline Games,M,2000s,Other,3.367295829986474,3.332204510175204
PC,2013,Sports,Electronic Arts,87.0,6,4.6,441,EA Canada,E,2010s,FIFA,1.9459101490553128,6.091309882077698
PC,2012,Racing,Namco Bandai Games,72.0,9,6.0,83,Bugbear,T,2010s,Other,2.302585092994046,4.430816798843313
PS3,2009,Action,Sony Computer Entertainment,85.0,98,8.3,1172,Sucker Punch,T,2000s,Other,4.59511985013459,7.067319848653476
DS,2006,Simulation,Namco Bandai Games,66.0,9,7.5,27,NanaOn-Sha,E,2000s,Other,2.302585092994046,3.332204510175204
PS2,2005,Sports,Electronic Arts,78.0,19,9.1,13,EA Canada,E,2000s,Other,2.995732273553991,2.639057329615259
GC,2002,Platform,Universal Interactive,62.0,11,7.3,22,Traveller's Tales,E,2000s,Other,2.4849066497880004,3.1354942159291497
Wii,2010,Misc,MTV Games,91.0,10,6.9,36,Backbone Entertainment,T,2010s,Other,2.3978952727983707,3.610917912644224
PS2,2006,Racing,Namco Bandai Games,54.0,20,7.4,5,Smart Bomb Interactive,E,2000s,Other,3.044522437723423,1.791759469228055
PS3,2007,Shooter,Ubisoft,86.0,32,7.6,81,Ubisoft Montreal,M,2000s,Other,3.49650756146648,4.406719247264253
PS3,2011,Action,Namco Bandai Games,77.0,28,6.7,82,Project Aces,T,2010s,Other,3.367295829986474,4.418840607796598
PSP,2006,Fighting,Namco Bandai Games,70.0,11,6.6,11,Bandai,T,2000s,Other,2.4849066497880004,2.4849066497880004
PC,2011,Racing,1C Company,60.0,10,6.4,17,Avalon Style,Unknown,2010s,Other,2.3978952727983707,2.8903717578961645
X360,2006,Action,Electronic Arts,51.0,48,6.2,49,EA Tiburon,T,2000s,Other,3.8918202981106265,3.912023005428146
Wii,2009,Sports,Ubisoft,72.0,33,8.7,30,Ubisoft,E,2000s,Other,3.5263605246161616,3.4339872044851463
PS3,2009,Action,Activision,67.0,23,7.3,7,Activision,E10+,2000s,Other,3.1780538303479458,2.079441541679836
PC,2016,Adventure,Square Enix,86.0,45,7.9,915,"Crystal Dynamics, Nixxes Software",M,2010s,Other,3.828641396489095,6.82001636467413
DS,2008,Role-Playing,Sega,63.0,20,7.9,18,"Image Epoch, Imageepoch",T,2000s,Other,3.044522437723423,2.9444389791664403
Wii,2009,Action,THQ,72.0,45,8.8,36,Rainbow Studios,T,2000s,Other,3.828641396489095,3.610917912644224
PS2,2006,Platform,Natsume,57.0,8,7.0,7,Playstos Entertainment,E10+,2000s,Other,2.19722457733622,2.079441541679836
PSP,2007,Action,Disney Interactive Studios,61.0,5,7.0,11,Eurocom Entertainment Software,T,2000s,Other,1.791759469228055,2.4849066497880004
3DS,2012,Action,Capcom,82.0,78,8.5,397,Capcom,M,2010s,Other,4.3694478524670215,5.986452005284438
PS3,2010,Misc,Konami Digital Entertainment,75.0,25,6.3,4,"Terminal Reality, 4mm Games",T,2010s,Other,3.258096538021482,1.6094379124341005
GBA,2003,Fighting,Namco Bandai Games,63.0,5,7.5,27,Dimps Corporation,E,2000s,Other,1.791759469228055,3.332204510175204
GC,2002,Racing,Acclaim Entertainment,36.0,14,5.6,5,Acclaim,E,2000s,Other,2.70805020110221,1.791759469228055
PS3,2010,Action,Activision,74.0,57,7.5,96,Beenox,T,2010s,Other,4.060443010546419,4.574710978503383
Wii,2008,Action,THQ,47.0,5,5.4,10,Incinerator Games,E,2000s,Other,1.791759469228055,2.3978952727983707
DS,2010,Shooter,Activision,70.0,10,7.5,27,n-Space,T,2010s,Other,2.3978952727983707,3.332204510175204
X360,2008,Role-Playing,Microsoft Game Studios,65.0,80,7.0,458,Silicon Knights,T,2000s,Other,4.394449154672439,6.129050210060545
DS,2009,Role-Playing,Atlus,80.0,26,8.7,69,Atlus,M,2000s,Other,3.295836866004329,4.248495242049359
GC,2006,Platform,Ubisoft,59.0,6,7.5,27,Ubisoft,E10+,2000s,Other,1.9459101490553128,3.332204510175204
PS3,2011,Strategy,PopCap Games,85.0,8,7.9,60,PopCap,E10+,2010s,Other,2.19722457733622,4.110873864173311
PS3,2013,Action,Deep Silver,62.0,25,5.9,140,Techland,M,2010s,Other,3.258096538021482,4.948759890378168
3DS,2014,Action,Namco Bandai Games,26.0,10,2.4,22,Bandai Namco Games,E10+,2010s,Other,2.3978952727983707,3.1354942159291497
X360,2009,Racing,Black Bean Games,62.0,16,7.5,27,Milestone S.r.l,E,2000s,Other,2.833213344056216,3.332204510175204
PC,2003,Role-Playing,LucasArts,93.0,33,9.0,1497,BioWare,T,2000s,Other,3.5263605246161616,7.311886164077165
GC,2006,Action,Nintendo,96.0,16,9.2,568,Nintendo,T,2000s,Zelda,2.833213344056216,6.343880434126331
X360,2009,Shooter,Warner Bros. Interactive Entertainment,48.0,50,5.0,53,GRIN,T,2000s,Other,3.9318256327243257,3.9889840465642745
GBA,2004,Puzzle,Nintendo,81.0,43,8.0,31,Nintendo,E,2000s,Mario,3.784189633918261,3.4657359027997265
GBA,2003,Action,Atlus,75.0,21,8.4,5,Million,T,2000s,Other,3.091042453358316,1.791759469228055
PSV,2013,Adventure,Sony Computer Entertainment,66.0,7,5.7,16,SCEA,E10+,2010s,Other,2.079441541679836,2.833213344056216
PS2,2006,Action,Eidos Interactive,67.0,23,7.9,41,Avalanche Studios,M,2000s,Other,3.1780538303479458,3.737669618283368
PS2,2000,Role-Playing,Ubisoft,59.0,12,7.8,4,From Software,T,2000s,Other,2.5649493574615367,1.6094379124341005
WiiU,2015,Misc,Ubisoft,73.0,7,6.9,11,Ubisoft,E10+,2010s,Other,2.079441541679836,2.4849066497880004
PS3,2014,Shooter,Take-Two Interactive,77.0,24,6.3,130,2K Australia,M,2010s,Other,3.218875824868201,4.875197323201151
PS2,2001,Sports,Electronic Arts,70.0,16,7.4,8,Electronic Arts,E,2000s,Other,2.833213344056216,2.19722457733622
DS,2007,Puzzle,Mumbo Jumbo,71.0,10,7.5,27,"Mac Play, MacPlay",E,2000s,Other,2.3978952727983707,3.332204510175204
PS3,2012,Role-Playing,Nippon Ichi Software,55.0,24,7.3,35,"Compile Heart, GCREST",T,2010s,Other,3.218875824868201,3.58351893845611
PC,2010,Racing,Codemasters,84.0,15,6.6,99,Codemasters Birmingham,E,2010s,Other,2.772588722239781,4.605170185988092
GBA,2004,Racing,Zoo Digital Publishing,83.0,17,8.9,9,"Orbital Media, Inc.",E,2000s,Other,2.8903717578961645,2.302585092994046
PSP,2006,Strategy,Vivendi Games,58.0,12,3.1,15,Radical Entertainment,M,2000s,Other,2.5649493574615367,2.772588722239781
GBA,2002,Platform,Capcom,82.0,17,8.9,31,Inti,E,2000s,Other,2.8903717578961645,3.4657359027997265
PS3,2009,Action,Activision,79.0,53,7.7,308,Radical Entertainment,M,2000s,Other,3.9889840465642745,5.733341276897746
PS3,2012,Fighting,Aqua Plus,75.0,13,7.8,20,Examu,T,2010s,Other,2.639057329615259,3.044522437723423
WiiU,2012,Action,Ubisoft,85.0,26,7.1,216,Ubisoft Quebec,M,2010s,Other,3.295836866004329,5.37989735354046
PS4,2014,Role-Playing,Ubisoft,82.0,46,8.0,451,Ubisoft Montreal,E10+,2010s,Other,3.8501476017100575,6.113682179832232
X360,2009,Action,Activision,60.0,16,5.2,9,Now Production,E,2000s,Other,2.833213344056216,2.302585092994046
X360,2009,Sports,Electronic Arts,80.0,40,7.7,37,EA Canada,E,2000s,Other,3.713572066704308,3.6375861597263857
Wii,2009,Adventure,Konami Digital Entertainment,49.0,28,6.7,16,Hudson Entertainment,T,2000s,Other,3.367295829986474,2.833213344056216
GBA,2002,Fighting,Acclaim Entertainment,58.0,10,7.5,27,Full-Fat,E,2000s,Other,2.3978952727983707,3.332204510175204
DS,2008,Role-Playing,D3Publisher,68.0,18,6.0,4,Media Vision,E,2000s,Other,2.9444389791664403,1.6094379124341005
PC,2012,Racing,Codemasters,80.0,15,6.9,115,Codemasters,E,2010s,Other,2.772588722239781,4.7535901911063645
PC,2014,Shooter,Sega,81.0,41,8.4,1588,Creative Assembly,M,2010s,Other,3.737669618283368,7.370860166536716
PS3,2014,Role-Playing,Aksys Games,64.0,11,6.4,17,TOYBOX,T,2010s,Other,2.4849066497880004,2.8903717578961645
PS2,2005,Racing,Xplosiv,51.0,26,2.1,9,Eutechnyx,M,2000s,Other,3.295836866004329,2.302585092994046
GBA,2003,Misc,THQ,70.0,12,7.5,27,Bits Studios,E,2000s,Other,2.5649493574615367,3.332204510175204
PS2,2004,Shooter,Atari,68.0,29,8.0,11,Paradigm Entertainment,T,2000s,Other,3.4011973816621555,2.4849066497880004
PS2,2007,Role-Playing,Nippon Ichi Software,69.0,20,7.5,41,Gust,E10+,2000s,Other,3.044522437723423,3.737669618283368
X360,2010,Action,Deep Silver,40.0,37,4.7,19,ZootFly,T,2010s,Other,3.6375861597263857,2.995732273553991
PS3,2013,Fighting,Namco Bandai Games,71.0,53,8.3,55,CyberConnect2,T,2010s,Other,3.9889840465642745,4.02535169073515
XB,2005,Shooter,NovaLogic,61.0,37,6.6,19,Climax Group,T,2000s,Other,3.6375861597263857,2.995732273553991
PS3,2013,Racing,Deep Silver,13.0,4,1.0,218,"Eutechnyx, Deep Silver",M,2010s,Other,1.6094379124341005,5.389071729816501
Wii,2007,Fighting,THQ,59.0,13,5.9,18,Yuke's,T,2000s,Other,2.639057329615259,2.9444389791664403
PS2,2002,Shooter,Konami Digital Entertainment,78.0,33,6.6,25,KCET,T,2000s,Other,3.5263605246161616,3.258096538021482
GC,2002,Racing,BAM! Entertainment,55.0,12,7.5,27,Bam Entertainment,T,2000s,Other,2.5649493574615367,3.332204510175204
PS3,2013,Platform,Activision,83.0,31,5.3,33,Vicarious Visions,E10+,2010s,Other,3.4657359027997265,3.5263605246161616
GC,2005,Misc,Activision Value,44.0,5,7.5,27,Activision,E10+,2000s,Other,1.791759469228055,3.332204510175204
X360,2005,Shooter,Activision,89.0,65,8.1,307,Infinity Ward,T,2000s,Call of Duty,4.189654742026425,5.730099782973575
X360,2012,Action,Electronic Arts,53.0,43,5.4,437,Danger Close,M,2010s,Other,3.784189633918261,6.082218910376446
XB,2001,Sports,Electronic Arts,89.0,17,8.8,5,EA Sports,E,2000s,Other,2.8903717578961645,1.791759469228055
PS2,2004,Action,Activision,80.0,50,8.9,106,Treyarch,T,2000s,Other,3.9318256327243257,4.672828834461906
GBA,2001,Platform,Titus,52.0,8,7.5,27,Titus Software,E,2000s,Other,2.19722457733622,3.332204510175204
DS,2007,Adventure,Capcom,78.0,48,8.1,84,Capcom,T,2000s,Other,3.8918202981106265,4.442651256490317
PS3,2011,Sports,Take-Two Interactive,82.0,37,7.7,55,2K Czech,E,2010s,Other,3.6375861597263857,4.02535169073515
PS2,2002,Puzzle,THQ,44.0,7,6.2,11,Blue Planet Software,E,2000s,Other,2.079441541679836,2.4849066497880004
GBA,2002,Misc,Acclaim Entertainment,75.0,5,7.5,27,Powerhead Games,E,2000s,Other,1.791759469228055,3.332204510175204
PS2,2006,Action,505 Games,59.0,44,8.6,51,"Punchline, Shirogumi",M,2000s,Other,3.80666248977032,3.951243718581428
PC,2003,Action,Eidos Interactive,70.0,11,8.7,67,Nixxes Software,M,2000s,Other,2.4849066497880004,4.219507705176107
XB,2001,Racing,Electronic Arts,61.0,17,8.3,6,Fox Interactive,T,2000s,Other,2.8903717578961645,1.9459101490553128
PC,2014,Action,Konami Digital Entertainment,80.0,20,7.6,412,Kojima Productions,M,2010s,Other,3.044522437723423,6.023447592961033
XB,2001,Sports,Acclaim Entertainment,76.0,18,8.2,6,"Z-Axis, Ltd.",T,2000s,Other,2.9444389791664403,1.9459101490553128
XB,2005,Racing,Take-Two Interactive,55.0,13,7.5,27,Eutechnyx,E,2000s,Other,2.639057329615259,3.332204510175204
PS3,2006,Sports,Electronic Arts,76.0,25,4.2,22,EA Tiburon,E,2000s,Madden,3.258096538021482,3.1354942159291497
PC,2006,Simulation,Microsoft Game Studios,80.0,28,7.6,95,Microsoft Game Studios,E,2000s,Other,3.367295829986474,4.564348191467836
DS,2006,Misc,Zoo Digital Publishing,59.0,5,7.5,27,Black Lantern Studios,E,2000s,Other,1.791759469228055,3.332204510175204
PS2,2004,Sports,Activision,55.0,4,8.4,16,Sand Grain Studios,T,2000s,Other,1.6094379124341005,2.833213344056216
PS3,2009,Action,Sony Computer Entertainment,91.0,50,8.7,529,Bluepoint Games,M,2000s,Other,3.9318256327243257,6.272877006546167
XB,2003,Action,SCi,55.0,24,7.5,27,Pivotal Games,T,2000s,Other,3.218875824868201,3.332204510175204
PS2,2008,Role-Playing,Square Enix,68.0,20,7.2,105,Jupiter Corporation,E10+,2000s,Other,3.044522437723423,4.663439094112067
PSV,2012,Action,Konami Digital Entertainment,58.0,57,5.1,102,WayForward,M,2010s,Other,4.060443010546419,4.634728988229636
GBA,2001,Action,Activision,84.0,8,8.7,11,Vicarious Visions,E,2000s,Other,2.19722457733622,2.4849066497880004
PS2,2002,Role-Playing,Atari,45.0,26,3.0,29,SquareSoft,T,2000s,Other,3.295836866004329,3.4011973816621555
GBA,2005,Action,Ubisoft,73.0,13,7.5,12,Ubisoft,E10+,2000s,Other,2.639057329615259,2.5649493574615367
PS4,2016,Action,Avanquest,52.0,13,7.9,34,"Edge Entertainment, Anima Project",T,2010s,Other,2.639057329615259,3.555348061489413
PS3,2008,Sports,Electronic Arts,87.0,42,7.5,108,EA Canada,E,2000s,FIFA,3.7612001156935615,4.691347882229144
PS,1999,Role-Playing,Sony Computer Entertainment,74.0,12,8.4,248,SCEI,T,1990s,Other,2.5649493574615367,5.517452896464707
DS,2008,Role-Playing,Square Enix,92.0,57,8.9,440,TOSE,E10+,2000s,Other,4.060443010546419,6.089044875446846
PS4,2016,Shooter,Sony Computer Entertainment,66.0,13,6.2,13,Sony Interactive Entertainment,E10+,2010s,Other,2.639057329615259,2.639057329615259
PC,2016,Strategy,Sega,86.0,77,7.3,556,Creative Assembly,T,2010s,Other,4.356708826689592,6.322565239927284
X360,2013,Shooter,Take-Two Interactive,68.0,30,6.7,118,2K Marin,M,2010s,Other,3.4339872044851463,4.77912349311153
XOne,2013,Sports,Electronic Arts,73.0,18,5.9,111,EA Sports,E,2010s,Madden,2.9444389791664403,4.718498871295094
GC,2003,Action,Capcom,93.0,52,8.3,115,Clover Studio,T,2000s,Other,3.970291913552122,4.7535901911063645
X360,2011,Action,Ubisoft,80.0,77,7.2,564,Ubisoft Montreal,M,2010s,Other,4.356708826689592,6.336825731146441
Wii,2007,Action,Popcorn Arcade,20.0,6,1.7,52,Data Design Interactive,E,2000s,Other,1.9459101490553128,3.970291913552122
X360,2009,Racing,Codemasters,87.0,65,8.2,110,Codemasters,T,2000s,Other,4.189654742026425,4.709530201312334
PS2,2007,Racing,Electronic Arts,56.0,9,8.2,9,EA Tiburon,E,2000s,Other,2.302585092994046,2.302585092994046
X360,2006,Racing,Electronic Arts,77.0,52,6.3,82,EA Canada,E10+,2000s,Other,3.970291913552122,4.418840607796598
XB,2005,Role-Playing,Atari,54.0,5,8.8,4,Bandai,E,2000s,Other,1.791759469228055,1.6094379124341005
PS2,2006,Shooter,SouthPeak Games,44.0,36,5.8,15,DC Studios,M,2000s,Other,3.610917912644224,2.772588722239781
DS,2006,Puzzle,Nintendo,62.0,14,7.5,27,AI,E,2000s,Other,2.70805020110221,3.332204510175204
PS2,2003,Action,Universal Interactive,71.0,28,8.3,22,Radical Entertainment,T,2000s,Other,3.367295829986474,3.1354942159291497
GC,2003,Action,Kemco,29.0,14,3.2,19,Kemco,T,2000s,Other,2.70805020110221,2.995732273553991
PS4,2014,Action,Bethesda Softworks,75.0,65,7.3,1223,Tango Gameworks,M,2010s,Other,4.189654742026425,7.109879463072272
XB,2005,Action,Global Star,53.0,34,8.0,8,Vicious Cycle,T,2000s,Other,3.555348061489413,2.19722457733622
X360,2011,Action,Activision,59.0,53,6.7,30,High Moon Studios,T,2010s,Other,3.9889840465642745,3.4339872044851463
X360,2008,Action,Disney Interactive Studios,56.0,24,7.5,13,Traveller's Tales,T,2000s,Other,3.218875824868201,2.639057329615259
X360,2007,Misc,Activision,74.0,10,6.7,6,Left Field Productions,T,2000s,Other,2.3978952727983707,1.9459101490553128
PC,2008,Shooter,Ubisoft,79.0,22,7.9,130,Gearbox Software,M,2000s,Other,3.1354942159291497,4.875197323201151
3DS,2011,Platform,Ubisoft,51.0,15,5.9,14,AQ Interactive,E,2010s,Other,2.772588722239781,2.70805020110221
PS,2000,Sports,Electronic Arts,90.0,14,6.8,4,EA Sports,E,2000s,Madden,2.70805020110221,1.6094379124341005
XOne,2016,Action,Insomniac Games,66.0,12,6.9,20,Insomniac Games,E,2010s,Other,2.5649493574615367,3.044522437723423
XB,2003,Strategy,Capcom,57.0,13,7.5,27,Atomic Planet Entertainment,T,2000s,Other,2.639057329615259,3.332204510175204
PS2,2004,Role-Playing,Sony Computer Entertainment,59.0,24,4.2,10,Cattle Call,T,2000s,Other,3.218875824868201,2.3978952727983707
PC,2006,Sports,Sega,87.0,17,7.5,27,Sports Interactive,E,2000s,Other,2.8903717578961645,3.332204510175204
X360,2011,Racing,Evolved Games,47.0,4,8.6,9,Zoo Games,E10+,2010s,Other,1.6094379124341005,2.302585092994046
Wii,2008,Misc,Ubisoft,73.0,24,7.7,29,"Ubisoft Paris, Ubisoft Montpellier",E10+,2000s,Other,3.218875824868201,3.4011973816621555
Wii,2006,Puzzle,Nintendo,83.0,61,7.4,179,Intelligent Systems,E10+,2000s,Other,4.127134385045092,5.19295685089021
PSP,2005,Action,Electronic Arts,70.0,13,7.4,16,Electronic Arts,E10+,2000s,Other,2.639057329615259,2.833213344056216
PC,2009,Sports,Focus Home Interactive,72.0,34,6.5,57,Cyanide,T,2000s,Other,3.555348061489413,4.060443010546419
Wii,2009,Misc,Zoo Games,56.0,4,5.0,5,Artefacts Studio,E,2000s,Other,1.6094379124341005,1.791759469228055
PS3,2006,Racing,Namco Bandai Games,78.0,45,7.1,52,Namco Bandai Games,E,2000s,Other,3.828641396489095,3.970291913552122
DS,2005,Action,Disney Interactive Studios,65.0,20,7.5,4,Amaze Entertainment,E10+,2000s,Other,3.044522437723423,1.6094379124341005
DS,2007,Action,THQ,73.0,34,8.2,30,5TH Cell,E,2000s,Other,3.555348061489413,3.4339872044851463
3DS,2012,Action,Activision,62.0,7,4.6,20,Exient Entertainment,E,2010s,Other,2.079441541679836,3.044522437723423
PS4,2016,Platform,Deep Silver,52.0,64,3.5,282,Inti Creates,E10+,2010s,Other,4.174387269895637,5.645446897643238
PS2,2004,Fighting,Namco Bandai Games,61.0,12,8.0,5,Aki Corp.,T,2000s,Other,2.5649493574615367,1.791759469228055
Wii,2009,Simulation,Electronic Arts,56.0,16,7.5,27,EA Games,E,2000s,Other,2.833213344056216,3.332204510175204
PC,2011,Strategy,Iceberg Interactive,50.0,14,4.7,57,"Headup Games, Crenetic Studios",Unknown,2010s,Other,2.70805020110221,4.060443010546419
PS3,2009,Fighting,Namco Bandai Games,79.0,63,7.4,211,Namco Bandai Games,T,2000s,Other,4.158883083359672,5.356586274672012
DS,2006,Platform,Game Factory,59.0,7,7.5,27,Two Tribes,E,2000s,Other,2.079441541679836,3.332204510175204
PS2,2003,Sports,Electronic Arts,81.0,22,8.9,17,EA Sports,E,2000s,Other,3.1354942159291497,2.8903717578961645
3DS,2014,Action,Marvelous Entertainment,58.0,28,6.8,56,Tamsoft,M,2010s,Other,3.367295829986474,4.04305126783455
XB,2003,Sports,Microsoft Game Studios,74.0,29,8.8,16,Microsoft Game Studios,E,2000s,Other,3.4011973816621555,2.833213344056216
PS,2001,Action,Activision,74.0,15,8.7,35,Vicarious Visions,E,2000s,Other,2.772588722239781,3.58351893845611
X360,2011,Action,Capcom,72.0,48,7.5,60,Capcom Vancouver,M,2010s,Other,3.8918202981106265,4.110873864173311
GBA,2002,Sports,Activision,82.0,5,7.5,27,HotGen,E,2000s,Other,1.791759469228055,3.332204510175204
PS3,2011,Sports,Take-Two Interactive,90.0,38,6.7,127,Visual Concepts,E,2010s,Other,3.6635616461296463,4.852030263919617
PSV,2012,Action,Warner Bros. Interactive Entertainment,62.0,9,6.7,46,TT Games,E10+,2010s,Other,2.302585092994046,3.8501476017100575
GBA,2003,Misc,Capcom,54.0,25,8.3,8,Capcom,E,2000s,Other,3.258096538021482,2.19722457733622
GC,2003,Fighting,THQ,76.0,26,8.7,47,Yuke's,T,2000s,Other,3.295836866004329,3.8712010109078903
PS2,2008,Puzzle,Empire Interactive,68.0,4,7.5,27,Razorworks Studios,E,2000s,Other,1.6094379124341005,3.332204510175204
PS2,2008,Racing,Sega,56.0,16,8.3,27,Sonic Team,E,2000s,Other,2.833213344056216,3.332204510175204
PS2,2002,Fighting,Enterbrain,58.0,11,7.8,5,Enterbrain,T,2000s,Other,2.4849066497880004,1.791759469228055
WiiU,2014,Action,Sega,32.0,28,3.6,587,Big Red Button Entertainment,E10+,2010s,Other,3.367295829986474,6.376726947898627
GC,2002,Racing,Ubisoft,60.0,10,7.2,6,Ubisoft,E,2000s,Other,2.3978952727983707,1.9459101490553128
3DS,2011,Role-Playing,Namco Bandai Games,75.0,33,7.6,197,Bandai Namco Games,T,2010s,Other,3.5263605246161616,5.288267030694535
PS,1998,Role-Playing,SquareSoft,81.0,12,8.5,17,SquareSoft,E,1990s,Other,2.5649493574615367,2.8903717578961645
Wii,2009,Action,Atari,76.0,29,8.5,28,Red Fly Studio,E10+,2000s,Other,3.4011973816621555,3.367295829986474
PS2,2006,Misc,Empire Interactive,67.0,11,7.5,27,Empire Oxford,T,2000s,Other,2.4849066497880004,3.332204510175204
Wii,2008,Racing,THQ,70.0,7,8.3,9,Rainbow Studios,E,2000s,Other,2.079441541679836,2.302585092994046
XB,2006,Shooter,DreamCatcher Interactive,68.0,33,7.4,16,People Can Fly,M,2000s,Other,3.5263605246161616,2.833213344056216
GC,2002,Racing,Activision,58.0,17,7.5,27,Stealth Studios,T,2000s,Other,2.8903717578961645,3.332204510175204
Wii,2008,Sports,Konami Digital Entertainment,50.0,23,5.4,16,CAProduction,E,2000s,Other,3.1780538303479458,2.833213344056216
XOne,2013,Fighting,Ubisoft,23.0,39,3.0,211,Ubisoft,T,2010s,Other,3.688879454113936,5.356586274672012
Wii,2009,Sports,Take-Two Interactive,79.0,8,6.8,16,Take-Two Interactive,E10+,2000s,Other,2.19722457733622,2.833213344056216
Wii,2010,Sports,Hudson Soft,41.0,7,7.5,27,"Hudson, NATSUME ATARI Inc.",E,2010s,Other,2.079441541679836,3.332204510175204
DS,2006,Sports,Nintendo,69.0,40,8.0,37,Square Enix,E,2000s,Mario,3.713572066704308,3.6375861597263857
DS,2010,Misc,MTV Games,79.0,8,5.5,6,Backbone Entertainment,E10+,2010s,Other,2.19722457733622,1.9459101490553128
PS2,2001,Sports,Sony Computer Entertainment,54.0,12,7.5,27,989 Sports,E,2000s,Other,2.5649493574615367,3.332204510175204
PC,2006,Strategy,THQ,93.0,55,8.8,1128,Relic,M,2000s,Other,4.02535169073515,7.029087564149662
PS2,2006,Simulation,Konami Digital Entertainment,67.0,30,8.9,11,Konami,E10+,2000s,Other,3.4339872044851463,2.4849066497880004
PS,2000,Racing,Electronic Arts,73.0,8,6.1,9,Black Box,E,2000s,Other,2.19722457733622,2.302585092994046
X360,2011,Action,Tecmo Koei,58.0,22,8.0,46,Omega Force,T,2010s,Other,3.1354942159291497,3.8501476017100575
PS3,2013,Shooter,Capcom,61.0,30,5.5,102,Spark Unlimited,T,2010s,Other,3.4339872044851463,4.634728988229636
PS2,2006,Action,Electronic Arts,75.0,56,8.3,99,Electronic Arts,M,2000s,Other,4.04305126783455,4.605170185988092
PSP,2009,Fighting,Namco Bandai Games,61.0,22,6.6,19,CyberConnect2,T,2000s,Other,3.1354942159291497,2.995732273553991
PS3,2012,Sports,Electronic Arts,83.0,22,5.5,101,EA Tiburon,E,2010s,Madden,3.1354942159291497,4.624972813284271
PS2,2005,Action,Ubisoft,87.0,29,8.6,53,Ubisoft Montreal,M,2000s,Other,3.4011973816621555,3.9889840465642745
Wii,2007,Platform,Nintendo,97.0,73,8.9,2147,Nintendo,E,2000s,Mario,4.304065093204169,7.672292455628756
GBA,2004,Action,Hip Interactive,30.0,15,3.0,4,DC Studios,T,2000s,Other,2.772588722239781,1.6094379124341005
PS3,2007,Role-Playing,Ubisoft,93.0,45,8.0,604,4J Studios,M,2000s,Other,3.828641396489095,6.405228458030842
PS2,2006,Fighting,Ignition Entertainment,68.0,22,8.3,4,SNK Playmore,T,2000s,Other,3.1354942159291497,1.6094379124341005
3DS,2011,Action,Ubisoft,56.0,8,5.7,12,Ubisoft Montpellier,E10+,2010s,Other,2.19722457733622,2.5649493574615367
WiiU,2014,Action,Activision,86.0,4,7.1,18,Toys for Bob,E10+,2010s,Other,1.6094379124341005,2.9444389791664403
X360,2007,Misc,Ubisoft,67.0,16,7.3,19,Ubisoft Montpellier,E,2000s,Other,2.833213344056216,2.995732273553991
DS,2007,Role-Playing,Square Enix,80.0,47,6.9,106,Square Enix,E10+,2000s,Final Fantasy,3.8712010109078903,4.672828834461906
PSP,2006,Puzzle,Sony Computer Entertainment,76.0,46,7.9,14,Team 17,E,2000s,Other,3.8501476017100575,2.70805020110221
DS,2007,Simulation,Rising Star Games,65.0,15,7.0,22,TOSE,E,2000s,Other,2.772588722239781,3.1354942159291497
GC,2006,Sports,Electronic Arts,82.0,14,9.2,5,EA Tiburon,E,2000s,Madden,2.70805020110221,1.791759469228055
PSP,2006,Racing,Xplosiv,52.0,19,7.5,27,Razorworks,E,2000s,Other,2.995732273553991,3.332204510175204
PS2,2005,Fighting,SNK,73.0,28,8.8,14,SNK Playmore,T,2000s,Other,3.367295829986474,2.70805020110221
PS2,2002,Adventure,3DO,37.0,12,5.9,8,3DO,T,2000s,Other,2.5649493574615367,2.19722457733622
PC,2011,Simulation,Kalypso Media,57.0,4,5.5,30,Kalypso,E,2010s,Other,1.6094379124341005,3.4339872044851463
XB,2004,Action,Microsoft Game Studios,84.0,37,8.3,16,Tecmo,M,2000s,Other,3.6375861597263857,2.833213344056216
PS3,2012,Action,Activision,66.0,8,3.7,20,"Rovio Mobile, Rovio Entertainment",E,2010s,Other,2.19722457733622,3.044522437723423
PS2,2005,Racing,Electronic Arts,82.0,36,9.1,137,EA Canada,T,2000s,Other,3.610917912644224,4.927253685157205
X360,2007,Sports,Electronic Arts,80.0,45,7.8,26,EA Salt Lake,E,2000s,Other,3.828641396489095,3.295836866004329
PC,2006,Role-Playing,NCSoft,84.0,39,8.5,128,ArenaNet,T,2000s,Other,3.688879454113936,4.859812404361672
Wii,2008,Platform,Sega,66.0,30,7.3,136,Sonic Team,E10+,2000s,Other,3.4339872044851463,4.919980925828125
X360,2008,Shooter,Sega,76.0,63,6.8,43,Bizarre Creations,M,2000s,Other,4.158883083359672,3.784189633918261
XB,2005,Misc,Take-Two Interactive,63.0,17,7.8,4,2K Sports,T,2000s,Other,2.8903717578961645,1.6094379124341005
GC,2004,Sports,Electronic Arts,81.0,30,8.0,4,EA Tiburon,E,2000s,Other,3.4339872044851463,1.6094379124341005
PS2,2004,Platform,Activision,70.0,34,8.9,12,Edge of Reality,E,2000s,Other,3.555348061489413,2.5649493574615367
GBA,2003,Action,Ubisoft,63.0,12,6.8,4,Ubisoft,E,2000s,Other,2.5649493574615367,1.6094379124341005
PS2,2004,Adventure,Microids,65.0,27,8.9,39,Hydravision,M,2000s,Other,3.332204510175204,3.688879454113936
PS2,2007,Misc,Activision,82.0,24,8.2,46,"Neversoft Entertainment, BudCat",T,2000s,Other,3.218875824868201,3.8501476017100575
PC,2015,Role-Playing,Bethesda Softworks,84.0,38,5.4,7512,Bethesda Game Studios,M,2010s,Other,3.6635616461296463,8.92439013236916
PS2,2002,Strategy,Ubisoft,47.0,7,7.4,8,MASA Group,T,2000s,Other,2.079441541679836,2.19722457733622
PSP,2005,Platform,Konami Digital Entertainment,66.0,18,6.4,5,Konami Computer Entertainment Hawaii,E,2000s,Other,2.9444389791664403,1.791759469228055
PS3,2011,Sports,505 Games,50.0,12,5.6,7,HB Studios Multimedia,E,2010s,Other,2.5649493574615367,2.079441541679836
PSP,2006,Misc,Konami Digital Entertainment,60.0,17,6.8,6,Konami,E,2000s,Other,2.8903717578961645,1.9459101490553128
GBA,2002,Racing,Codemasters,80.0,8,7.5,27,Spellbound,E,2000s,Other,2.19722457733622,3.332204510175204
X360,2009,Racing,THQ,75.0,47,6.6,30,Rainbow Studios,E,2000s,Other,3.8712010109078903,3.4339872044851463
PS3,2012,Fighting,Tecmo Koei,49.0,19,7.0,19,"Koei, Omega Force",M,2010s,Other,2.995732273553991,2.995732273553991
PS2,2004,Action,Konami Digital Entertainment,76.0,54,7.8,191,KCET,M,2000s,Other,4.007333185232471,5.2574953720277815
PC,2013,Shooter,City Interactive,52.0,24,5.8,320,City Interactive,M,2010s,Other,3.218875824868201,5.771441123130016
X360,2007,Sports,Electronic Arts,86.0,59,8.4,137,EA Black Box,T,2000s,Other,4.0943445622221,4.927253685157205
XB,2002,Sports,Acclaim Entertainment,85.0,20,7.7,7,"Z-Axis, Ltd.",T,2000s,Other,3.044522437723423,2.079441541679836
DS,2006,Platform,Activision,68.0,13,6.9,8,Torus Games,E10+,2000s,Other,2.639057329615259,2.19722457733622
WiiU,2012,Shooter,Activision,81.0,31,6.9,228,Treyarch,M,2010s,Call of Duty,3.4657359027997265,5.43372200355424
PSP,2010,Misc,Ubisoft Annecy,38.0,34,5.6,37,"Team Ninja, Tecmo",M,2010s,Other,3.555348061489413,3.6375861597263857
Wii,2007,Simulation,Electronic Arts,65.0,15,7.3,4,Maxis,T,2000s,Other,2.772588722239781,1.6094379124341005
DS,2008,Role-Playing,Sting,60.0,16,7.0,8,Suzak,E10+,2000s,Other,2.833213344056216,2.19722457733622
X360,2013,Racing,Electronic Arts,76.0,12,5.4,107,Ghost Games,E10+,2010s,Other,2.5649493574615367,4.68213122712422
Wii,2009,Action,Capcom,66.0,30,6.3,6,Bionic Games,T,2000s,Other,3.4339872044851463,1.9459101490553128
PS2,2002,Sports,Electronic Arts,76.0,23,8.1,12,Electronic Arts,T,2000s,Other,3.1780538303479458,2.5649493574615367
GBA,2005,Adventure,Disney Interactive Studios,52.0,5,7.5,27,Artificial Mind and Movement,E,2000s,Other,1.791759469228055,3.332204510175204
X360,2014,Fighting,Namco Bandai Games,62.0,11,7.3,44,CyberConnect2,T,2010s,Other,2.4849066497880004,3.80666248977032
X360,2009,Shooter,Evolved Games,38.0,22,3.5,37,Atomic Motion,T,2000s,Other,3.1354942159291497,3.6375861597263857
Wii,2008,Sports,Electronic Arts,81.0,18,8.7,34,EA Tiburon,E,2000s,Other,2.9444389791664403,3.555348061489413
GC,2002,Adventure,Nintendo,50.0,9,8.9,10,Capcom,E,2000s,Other,2.302585092994046,2.3978952727983707
PC,2009,Action,THQ,72.0,24,6.8,380,"Volition Inc., CD Projekt Red Studio, CD Projekt, CD Projekt Localisation Centre",M,2000s,Other,3.218875824868201,5.942799375126701
PS2,2001,Racing,Sony Computer Entertainment,95.0,54,8.4,314,Polyphony Digital,E,2000s,Other,4.007333185232471,5.752572638825633
X360,2006,Role-Playing,Ubisoft,69.0,54,6.9,60,From Software,T,2000s,Other,4.007333185232471,4.110873864173311
X360,2008,Sports,Activision,42.0,4,7.5,27,FUN Labs,T,2000s,Other,1.6094379124341005,3.332204510175204
XB,2004,Sports,Electronic Arts,89.0,29,8.0,12,EA Sports,E,2000s,Other,3.4011973816621555,2.5649493574615367
DS,2010,Adventure,City Interactive,50.0,8,7.5,27,City Interactive,E,2010s,Other,2.19722457733622,3.332204510175204
PS3,2008,Sports,Activision Value,39.0,6,1.8,10,FUN Labs,T,2000s,Other,1.9459101490553128,2.3978952727983707
PS2,2006,Fighting,Crave Entertainment,60.0,19,7.0,4,SNK Playmore,T,2000s,Other,2.995732273553991,1.6094379124341005
PS2,2006,Simulation,Electronic Arts,68.0,27,8.0,25,Maxis,T,2000s,Other,3.332204510175204,3.258096538021482
GC,2003,Misc,Nintendo,69.0,33,8.2,57,Hudson,E,2000s,Mario,3.5263605246161616,4.060443010546419
PS2,2007,Fighting,THQ,71.0,11,7.2,31,Yuke's,T,2000s,Other,2.4849066497880004,3.4657359027997265
X360,2009,Sports,Take-Two Interactive,69.0,31,7.9,15,Take-Two Interactive,E10+,2000s,Other,3.4657359027997265,2.772588722239781
PS2,2007,Action,Electronic Arts,68.0,10,8.2,27,Electronic Arts,T,2000s,Other,2.3978952727983707,3.332204510175204
3DS,2011,Sports,Hudson Soft,52.0,6,7.5,27,Hudson Soft,E,2010s,Other,1.9459101490553128,3.332204510175204
3DS,2013,Role-Playing,Screenlife,62.0,11,7.7,44,Spike,M,2010s,Other,2.4849066497880004,3.80666248977032
XB,2004,Action,Ubisoft,67.0,21,5.2,6,Venom Games,T,2000s,Other,3.091042453358316,1.9459101490553128
PC,2006,Strategy,Deep Silver,71.0,29,8.3,23,SEK Ost,T,2000s,Other,3.4011973816621555,3.1780538303479458
PS2,2008,Fighting,Namco Bandai Games,48.0,17,7.9,37,Dimps Corporation,T,2000s,Other,2.8903717578961645,3.6375861597263857
GBA,2001,Platform,THQ,69.0,11,7.5,27,Titus Software,E,2000s,Other,2.4849066497880004,3.332204510175204
PS4,2013,Shooter,Sony Computer Entertainment,73.0,88,6.8,2102,Guerrilla,M,2010s,Other,4.48863636973214,7.6511201757027
3DS,2014,Action,Namco Bandai Games,51.0,4,7.5,27,Little Orbit,E,2010s,Other,1.6094379124341005,3.332204510175204
GBA,2002,Racing,Infogrames,52.0,4,7.5,27,Crawfish Interactive,E,2000s,Other,1.6094379124341005,3.332204510175204
XB,2004,Misc,Konami Digital Entertainment,80.0,13,8.5,4,Secret Level,E,2000s,Other,2.639057329615259,1.6094379124341005
3DS,2013,Action,Warner Bros. Interactive Entertainment,61.0,4,5.2,11,TT Games,E10+,2010s,Other,1.6094379124341005,2.4849066497880004
DS,2007,Puzzle,D3Publisher,82.0,41,8.7,32,1st Playable Productions,E10+,2000s,Other,3.737669618283368,3.49650756146648
PS2,2003,Sports,Konami Digital Entertainment,93.0,28,9.0,45,KCET,E,2000s,Other,3.367295829986474,3.828641396489095
PS2,2000,Role-Playing,Activision,54.0,15,5.8,8,Shade,T,2000s,Other,2.772588722239781,2.19722457733622
PS2,2001,Simulation,Eidos Interactive,65.0,15,8.1,7,Core Design Ltd.,T,2000s,Other,2.772588722239781,2.079441541679836
PS2,2004,Action,Electronic Arts,73.0,37,8.7,23,Omega Force,T,2000s,Other,3.6375861597263857,3.1780538303479458
XOne,2016,Action,Ubisoft,83.0,9,7.7,131,Ubisoft Montreal,M,2010s,Other,2.302585092994046,4.882801922586371
Wii,2010,Misc,Disney Interactive Studios,78.0,13,8.0,4,Wideload Games Inc.,E,2010s,Other,2.639057329615259,1.6094379124341005
PS4,2015,Action,Namco Bandai Games,74.0,34,7.4,118,Omega Force,T,2010s,Other,3.555348061489413,4.77912349311153
PS2,2006,Shooter,Eidos Interactive,71.0,37,8.2,9,Rebellion,T,2000s,Other,3.6375861597263857,2.302585092994046
XB,2006,Action,Namco Bandai Games,57.0,11,7.5,27,Monkey Bar Games,E,2000s,Other,2.4849066497880004,3.332204510175204
PS2,2009,Misc,Sony Computer Entertainment,73.0,9,7.5,27,SCEE London Studio,T,2000s,Other,2.302585092994046,3.332204510175204
GC,2005,Action,Electronic Arts,66.0,38,7.2,10,Eurocom Entertainment Software,T,2000s,Other,3.6635616461296463,2.3978952727983707
PSP,2006,Sports,Sony Computer Entertainment,72.0,44,7.5,27,SCEE London Studio,E,2000s,Other,3.80666248977032,3.332204510175204
PS2,2006,Racing,Sega,55.0,41,7.2,25,Sonic Team,E,2000s,Other,3.737669618283368,3.258096538021482
X360,2011,Action,Sega,54.0,56,7.8,44,Sega,M,2010s,Other,4.04305126783455,3.80666248977032
PS2,2006,Action,LucasArts,84.0,32,9.0,41,Traveller's Tales,E10+,2000s,Other,3.49650756146648,3.737669618283368
Wii,2011,Action,Konami Digital Entertainment,79.0,9,7.0,12,Konami,E,2010s,Other,2.302585092994046,2.5649493574615367
XB,2003,Fighting,Eidos Interactive,50.0,15,5.0,7,Paradox Development,M,2000s,Other,2.772588722239781,2.079441541679836
3DS,2012,Action,Square Enix,75.0,54,8.2,267,Square Enix,E10+,2010s,Other,4.007333185232471,5.5909869805108565
3DS,2015,Action,Nippon Ichi Software,45.0,7,5.6,37,"Prope, Kadokawa",E10+,2010s,Other,2.079441541679836,3.6375861597263857
PS3,2012,Role-Playing,Nippon Ichi Software,68.0,13,6.3,15,System Prisma,T,2010s,Other,2.639057329615259,2.772588722239781
Wii,2009,Misc,505 Games,32.0,4,1.8,4,505 Games,T,2000s,Other,1.6094379124341005,1.6094379124341005
PSP,2007,Shooter,Sony Computer Entertainment,85.0,41,8.8,47,Sony Bend,T,2000s,Other,3.737669618283368,3.8712010109078903
GBA,2002,Misc,Konami Digital Entertainment,78.0,10,7.5,27,KCEA,E,2000s,Other,2.3978952727983707,3.332204510175204
GC,2002,Sports,TDK Mediactive,69.0,14,7.5,27,Hypnotix,T,2000s,Other,2.70805020110221,3.332204510175204
PS2,2002,Sports,Electronic Arts,38.0,21,5.0,26,The Code Monkeys,T,2000s,Other,3.091042453358316,3.295836866004329
PS2,2005,Shooter,Midway Games,75.0,37,8.4,52,Midway Studios - Austin,M,2000s,Other,3.6375861597263857,3.970291913552122
XB,2002,Shooter,Ubisoft,84.0,29,6.1,27,Red Storm Entertainment,M,2000s,Other,3.4011973816621555,3.332204510175204
GC,2002,Action,Activision,53.0,19,7.5,27,Treyarch,T,2000s,Other,2.995732273553991,3.332204510175204
PS3,2013,Misc,Sega,73.0,10,8.4,108,Sega,T,2010s,Other,2.3978952727983707,4.691347882229144
Wii,2008,Simulation,Nintendo,73.0,50,7.6,119,Nintendo,E,2000s,Other,3.9318256327243257,4.787491742782046
PSP,2006,Racing,Activision,67.0,8,7.5,27,Left Field Productions,E,2000s,Other,2.19722457733622,3.332204510175204
DS,2010,Role-Playing,Majesco Entertainment,69.0,4,7.5,27,Wicked Studios,E10+,2010s,Other,1.6094379124341005,3.332204510175204
X360,2009,Strategy,Microsoft Game Studios,82.0,92,7.2,454,Ensemble Studios,T,2000s,Other,4.532599493153256,6.12029741895095
PS2,2003,Misc,Sony Computer Entertainment,73.0,34,8.0,5,SCEE,E,2000s,Other,3.555348061489413,1.791759469228055
PSP,2008,Action,Tecmo Koei,56.0,14,7.5,4,Omega Force,T,2000s,Other,2.70805020110221,1.6094379124341005
XB,2002,Puzzle,Kemco,58.0,7,7.5,27,HotGen,E,2000s,Other,2.079441541679836,3.332204510175204
X360,2011,Misc,THQ,82.0,23,7.9,29,"Jellyvision, Iron Galaxy Studios",T,2010s,Other,3.1780538303479458,3.4011973816621555
XB,2004,Fighting,Acclaim Entertainment,57.0,33,7.5,27,Acclaim,T,2000s,Other,3.5263605246161616,3.332204510175204
GBA,2004,Simulation,Electronic Arts,72.0,6,9.2,25,Griptonite Games,E,2000s,Other,1.9459101490553128,3.258096538021482
XB,2004,Action,Konami Digital Entertainment,48.0,20,5.6,8,Konami,T,2000s,Other,3.044522437723423,2.19722457733622
PSP,2007,Role-Playing,Mercury Games,52.0,6,7.4,12,Platinum Egg,T,2000s,Other,1.9459101490553128,2.5649493574615367
PSP,2006,Fighting,Midway Games,70.0,19,8.8,31,JGI Entertainment,M,2000s,Other,2.995732273553991,3.4657359027997265
DS,2006,Platform,Nintendo,71.0,29,8.1,41,"Flagship, HAL Labs",E,2000s,Other,3.4011973816621555,3.737669618283368
PC,2011,Action,DTP Entertainment,55.0,7,6.0,33,Kylotonn,M,2010s,Other,2.079441541679836,3.5263605246161616
PS3,2013,Role-Playing,Nippon Ichi Software,82.0,62,8.3,288,Vanillaware,T,2010s,Other,4.143134726391533,5.666426688112432
XB,2002,Shooter,BAM! Entertainment,54.0,13,7.5,27,Bam Entertainment,M,2000s,Other,2.639057329615259,3.332204510175204
GC,2004,Shooter,Global Star,56.0,11,6.7,7,3DO,T,2000s,Other,2.4849066497880004,2.079441541679836
PC,2016,Simulation,Astragon,46.0,8,6.1,18,Still Alive Studios,Unknown,2010s,Other,2.19722457733622,2.9444389791664403
PS2,2001,Shooter,3DO,50.0,9,6.4,9,3DO,T,2000s,Other,2.302585092994046,2.302585092994046
DS,2008,Role-Playing,Eidos Interactive,75.0,8,7.5,27,Backbone Entertainment,E10+,2000s,Other,2.19722457733622,3.332204510175204
Wii,2011,Racing,Ubisoft,64.0,7,6.2,10,Ubisoft Reflections,T,2010s,Other,2.079441541679836,2.3978952727983707
X360,2007,Action,Ubisoft,78.0,35,8.6,84,Ubisoft Montreal,T,2000s,Other,3.58351893845611,4.442651256490317
PSV,2013,Role-Playing,Nippon Ichi Software,70.0,38,7.4,129,Experience Inc.,T,2010s,Other,3.6635616461296463,4.867534450455582
Wii,2009,Adventure,Nintendo,66.0,27,7.5,27,Cing,Unknown,2000s,Other,3.332204510175204,3.332204510175204
XB,2003,Shooter,Vivendi Games,82.0,35,8.7,15,Swingin' Ape,T,2000s,Other,3.58351893845611,2.772588722239781
3DS,2011,Puzzle,Square Enix,49.0,30,4.8,13,Arika,E,2010s,Other,3.4339872044851463,2.639057329615259
GC,2006,Sports,Electronic Arts,76.0,17,6.2,5,EA Canada,E,2000s,FIFA,2.8903717578961645,1.791759469228055
XB,2004,Simulation,Electronic Arts,70.0,28,6.5,10,Maxis,T,2000s,Other,3.367295829986474,2.3978952727983707
PSP,2008,Sports,Electronic Arts,53.0,4,5.5,6,Exient Entertainment,E,2000s,Other,1.6094379124341005,1.9459101490553128
PS4,2015,Misc,Harmonix Music Systems,78.0,51,6.3,87,Harmonix Music Systems,T,2010s,Other,3.951243718581428,4.477336814478207
Wii,2009,Action,Oxygen Interactive,53.0,10,7.5,27,Gameinvest,E,2000s,Other,2.3978952727983707,3.332204510175204
PS2,2006,Sports,Spike,70.0,19,5.2,27,Kush Games,E,2000s,Other,2.995732273553991,3.332204510175204
GBA,2002,Shooter,THQ,65.0,17,7.5,27,Graphic State,T,2000s,Other,2.8903717578961645,3.332204510175204
PS2,2001,Shooter,THQ,88.0,25,8.0,69,Volition Inc.,M,2000s,Other,3.258096538021482,4.248495242049359
PS2,2001,Platform,DreamCatcher Interactive,64.0,5,7.4,5,EKO Software,E,2000s,Other,1.791759469228055,1.791759469228055
PSV,2016,Adventure,Nippon Ichi Software,64.0,11,7.3,10,5pb,T,2010s,Other,2.4849066497880004,2.3978952727983707
DS,2009,Role-Playing,Square Enix,71.0,49,7.1,38,Matrix Software,E10+,2000s,Final Fantasy,3.912023005428146,3.6635616461296463
PS3,2013,Action,Sony Computer Entertainment Europe,95.0,98,9.1,8003,Naughty Dog,M,2010s,Other,4.59511985013459,8.987696695703624
3DS,2014,Simulation,Nintendo,76.0,39,8.2,54,Marvelous AQL,E10+,2010s,Other,3.688879454113936,4.007333185232471
PS4,2016,Role-Playing,Namco Bandai Games,69.0,32,7.7,52,Bandai Namco Games,T,2010s,Other,3.49650756146648,3.970291913552122
XB,2005,Fighting,Electronic Arts,58.0,34,7.5,20,"EA Canada, Nihilistic",T,2000s,Other,3.555348061489413,3.044522437723423
XB,2003,Platform,Sega,73.0,28,7.6,34,Sonic Team,E,2000s,Other,3.367295829986474,3.555348061489413
XB,2005,Shooter,Kemco,33.0,9,2.8,4,Touchdown Entertainment,M,2000s,Other,2.302585092994046,1.6094379124341005
PC,2005,Simulation,Codemasters,76.0,18,6.7,19,IR Gurus,T,2000s,Other,2.9444389791664403,2.995732273553991
PSP,2005,Role-Playing,Ignition Entertainment,66.0,41,7.4,17,G-Artists,E,2000s,Other,3.737669618283368,2.8903717578961645
PS3,2010,Action,Ubisoft,75.0,49,7.6,120,Ubisoft Montreal,T,2010s,Other,3.912023005428146,4.795790545596741
XB,2002,Racing,Empire Interactive,59.0,12,4.3,9,Eutechnyx,T,2000s,Other,2.5649493574615367,2.302585092994046
X360,2008,Racing,THQ,65.0,35,7.1,18,2XL Games,E,2000s,Other,3.58351893845611,2.9444389791664403
PSP,2007,Puzzle,D3Publisher,84.0,32,8.0,19,"Vicious Cycle, Infinite Interactive",E10+,2000s,Other,3.49650756146648,2.995732273553991
PC,2015,Simulation,Paradox Interactive,85.0,60,8.9,1404,Colossal Order,E,2010s,Other,4.110873864173311,7.247792581767846
X360,2008,Action,Activision,68.0,57,8.6,87,Shaba Games,T,2000s,Other,4.060443010546419,4.477336814478207
DS,2007,Sports,Electronic Arts,60.0,8,7.6,13,Piranha Games,E,2000s,Other,2.19722457733622,2.639057329615259
XB,2005,Racing,Crave Entertainment,51.0,5,7.5,27,Impulse Games,E,2000s,Other,1.791759469228055,3.332204510175204
PS3,2007,Sports,Take-Two Interactive,81.0,18,6.8,19,Visual Concepts,E,2000s,Other,2.9444389791664403,2.995732273553991
PC,2003,Shooter,Microsoft Game Studios,83.0,40,7.4,396,Gearbox Software,M,2000s,Other,3.713572066704308,5.983936280687191
GBA,2003,Sports,Electronic Arts,82.0,4,7.9,9,Exient Entertainment,E,2000s,FIFA,1.6094379124341005,2.302585092994046
Wii,2009,Role-Playing,Disney Interactive Studios,71.0,22,8.4,16,Genki,E10+,2000s,Other,3.1354942159291497,2.833213344056216
PS3,2009,Strategy,Sega,51.0,28,5.3,20,Creative Assembly,M,2000s,Other,3.367295829986474,3.044522437723423
GBA,2004,Shooter,Zoo Digital Publishing,40.0,5,7.5,27,Torus Games,T,2000s,Other,1.791759469228055,3.332204510175204
DS,2008,Action,Activision,55.0,6,7.5,27,Amaze Entertainment,E,2000s,Other,1.9459101490553128,3.332204510175204
PS2,2005,Sports,Take-Two Interactive,67.0,28,7.8,12,Pam Development,E,2000s,Other,3.367295829986474,2.5649493574615367
DS,2009,Adventure,Sega,65.0,9,7.5,27,Her Interactive,E,2000s,Other,2.302585092994046,3.332204510175204
PS2,2004,Fighting,Ignition Entertainment,64.0,45,6.9,12,SNK Playmore,T,2000s,Other,3.828641396489095,2.5649493574615367
PS2,2005,Shooter,Vivendi Games,73.0,41,8.2,23,Swordfish Studios,M,2000s,Other,3.737669618283368,3.1780538303479458
DS,2008,Action,Gamecock,55.0,23,7.0,5,Creat Studios,E10+,2000s,Other,3.1780538303479458,1.791759469228055
PS3,2013,Shooter,505 Games,74.0,12,6.2,181,Overkill Software,M,2010s,Other,2.5649493574615367,5.204006687076795
PS2,2006,Sports,Sony Computer Entertainment,63.0,24,6.8,5,SCEA,E,2000s,Other,3.218875824868201,1.791759469228055
PC,2011,Shooter,Electronic Arts,87.0,28,8.3,974,Visceral Games,M,2010s,Other,3.367295829986474,6.882437470997847
DS,2009,Adventure,Disney Interactive Studios,45.0,4,7.5,27,Altron,E,2000s,Other,1.6094379124341005,3.332204510175204
3DS,2014,Action,Sega,47.0,21,6.3,160,Sanzaru Games,E,2010s,Other,3.091042453358316,5.081404364984463
PS2,2006,Platform,Activision,58.0,29,8.6,10,Edge of Reality,E10+,2000s,Other,3.4011973816621555,2.3978952727983707
XB,2003,Racing,Capcom,57.0,17,6.0,5,Capcom,E,2000s,Other,2.8903717578961645,1.791759469228055
XB,2004,Racing,THQ,63.0,11,6.2,5,Climax Group,E,2000s,Other,2.4849066497880004,1.791759469228055
DS,2008,Adventure,Rising Star Games,48.0,33,6.2,18,Killaware,T,2000s,Other,3.5263605246161616,2.9444389791664403
PC,2008,Shooter,Electronic Arts,89.0,58,9.2,3717,Valve Software,M,2000s,Other,4.07753744390572,8.220941168281389
PS2,2007,Racing,Capcom,62.0,26,9.1,7,Milestone,E,2000s,Other,3.295836866004329,2.079441541679836
PSP,2008,Platform,THQ,64.0,8,7.5,27,Heavy Iron Studios,E,2000s,Other,2.19722457733622,3.332204510175204
PS2,2003,Racing,Electronic Arts,85.0,33,8.6,171,EA Black Box,E,2000s,Other,3.5263605246161616,5.147494476813453
PC,2009,Sports,Sega,87.0,33,9.0,262,Sports Interactive,E,2000s,Other,3.5263605246161616,5.572154032177765
X360,2011,Action,Activision,57.0,50,6.8,33,Beenox,T,2010s,Other,3.9318256327243257,3.5263605246161616
DS,2009,Action,Oxygen Interactive,45.0,12,7.5,27,Gameinvest,E,2000s,Other,2.5649493574615367,3.332204510175204
PSP,2007,Shooter,Ubisoft,61.0,12,6.4,9,"High Voltage Software, Ubisoft Paris",T,2000s,Other,2.5649493574615367,2.302585092994046
PS4,2014,Role-Playing,Focus Home Interactive,53.0,40,5.9,230,Spiders,M,2010s,Other,3.713572066704308,5.442417710521793
XB,2005,Racing,Wanadoo,45.0,10,7.5,4,Babylon Software,T,2000s,Other,2.3978952727983707,1.6094379124341005
GC,2005,Racing,Electronic Arts,80.0,18,9.1,22,EA Canada,T,2000s,Other,2.9444389791664403,3.1354942159291497
PS2,2006,Sports,Take-Two Interactive,81.0,12,8.4,18,"Kush Games, Visual Concepts",E,2000s,Other,2.5649493574615367,2.9444389791664403
PC,2015,Simulation,Electronic Arts,72.0,16,7.3,117,Maxis,T,2010s,Other,2.833213344056216,4.770684624465665
PS3,2008,Action,Activision,77.0,36,7.7,30,Traveller's Tales,E10+,2000s,Other,3.610917912644224,3.4339872044851463
PSP,2006,Role-Playing,Sony Computer Entertainment,87.0,45,8.2,74,Level 5,T,2000s,Other,3.828641396489095,4.31748811353631
PS3,2014,Misc,Sega,78.0,15,8.6,49,Sega,T,2010s,Other,2.772588722239781,3.912023005428146
PS,1996,Action,Virgin Interactive,91.0,8,9.0,266,Capcom,M,1990s,Other,2.19722457733622,5.58724865840025
GC,2002,Action,Nintendo,74.0,18,8.3,19,Namco,E,2000s,Other,2.9444389791664403,2.995732273553991
XOne,2016,Role-Playing,Focus Home Interactive,68.0,12,7.4,55,Spiders,M,2010s,Other,2.5649493574615367,4.02535169073515
XOne,2015,Sports,Electronic Arts,84.0,23,6.1,124,EA Sports,E,2010s,Madden,3.1780538303479458,4.8283137373023015
GC,2004,Role-Playing,Marvelous Interactive,70.0,12,9.2,60,Marvelous,E,2000s,Other,2.5649493574615367,4.110873864173311
PS3,2007,Racing,Sega,75.0,40,7.0,20,SEGA Racing Studio,E,2000s,Other,3.713572066704308,3.044522437723423
PS3,2011,Misc,Sony Computer Entertainment,66.0,25,5.2,5,Magic Pixel Games,E,2010s,Other,3.258096538021482,1.791759469228055
PC,2003,Simulation,Electronic Arts,79.0,20,8.2,25,Maxis,T,2000s,Other,3.044522437723423,3.258096538021482
X360,2011,Action,Electronic Arts,79.0,75,4.5,2380,BioWare,M,2010s,Other,4.330733340286331,7.7752758464868625
PS3,2006,Shooter,Activision,80.0,43,6.9,92,Treyarch,T,2000s,Call of Duty,3.784189633918261,4.532599493153256
X360,2010,Action,Activision,58.0,23,7.6,10,Etranges Libellules,E10+,2010s,Other,3.1780538303479458,2.3978952727983707
PSV,2012,Sports,Electronic Arts,79.0,45,7.2,79,Electronic Arts,E,2010s,FIFA,3.828641396489095,4.382026634673881
PS4,2015,Sports,Ubisoft,25.0,6,1.9,39,HB Studios Multimedia,E,2010s,Other,1.9459101490553128,3.688879454113936
X360,2010,Strategy,Ubisoft,78.0,45,7.0,38,Eugen Systems,T,2010s,Other,3.828641396489095,3.6635616461296463
PS2,2002,Shooter,Infogrames,50.0,19,7.3,6,Melbourne House,T,2000s,Other,2.995732273553991,1.9459101490553128
3DS,2016,Adventure,Aksys Games,81.0,18,8.5,72,"Spike Chunsoft, Chime",M,2010s,Other,2.9444389791664403,4.290459441148391
PS2,2002,Shooter,Gotham Games,55.0,10,8.6,45,Pivotal Games,T,2000s,Other,2.3978952727983707,3.828641396489095
PS3,2007,Action,Sony Computer Entertainment,53.0,55,6.4,229,"Factor 5, SCE/WWS",T,2000s,Other,4.02535169073515,5.438079308923196
XB,2003,Platform,THQ,70.0,8,8.9,17,Heavy Iron Studios,E,2000s,Other,2.19722457733622,2.8903717578961645
XB,2005,Action,Ubisoft,94.0,70,9.0,160,Ubisoft Montreal,M,2000s,Other,4.262679877041316,5.081404364984463
PS3,2010,Action,Konami Digital Entertainment,72.0,38,7.3,38,FeelPlus,M,2010s,Other,3.6635616461296463,3.6635616461296463
PS,2000,Role-Playing,Capcom,83.0,10,8.9,45,Capcom,T,2000s,Other,2.3978952727983707,3.828641396489095
PS2,2004,Platform,THQ,75.0,5,9.0,54,Heavy Iron Studios,E,2000s,Other,1.791759469228055,4.007333185232471
PS2,2005,Misc,Capcom,78.0,30,8.4,5,Digital Eclipse,T,2000s,Other,3.4339872044851463,1.791759469228055
XB,2006,Shooter,Ubisoft,78.0,15,6.3,32,Ubisoft Montreal,M,2000s,Other,2.772588722239781,3.49650756146648
Wii,2007,Misc,Activision,86.0,36,8.4,87,Vicarious Visions,T,2000s,Other,3.610917912644224,4.477336814478207
PS3,2012,Sports,Electronic Arts,81.0,38,6.8,110,EA Canada,E,2010s,Other,3.6635616461296463,4.709530201312334
Wii,2008,Racing,Codemasters,40.0,21,4.3,4,Supersonic Software,T,2000s,Other,3.091042453358316,1.6094379124341005
PS,1999,Role-Playing,SquareSoft,94.0,16,8.1,297,SquareSoft,T,1990s,Other,2.833213344056216,5.697093486505405
GBA,2004,Action,Disney Interactive Studios,65.0,4,7.5,27,Artificial Mind and Movement,E,2000s,Other,1.6094379124341005,3.332204510175204
PS2,2003,Platform,Vivendi Games,59.0,17,8.6,14,Inevitable Entertainment,E,2000s,Other,2.8903717578961645,2.70805020110221
PC,2004,Simulation,Electronic Arts,90.0,61,8.8,676,Maxis,T,2000s,Other,4.127134385045092,6.517671272912275
PS2,2005,Sports,Global Star,67.0,15,7.5,27,Hypnotix,M,2000s,Other,2.772588722239781,3.332204510175204
XB,2003,Platform,SCi,58.0,21,6.9,14,UDS,T,2000s,Other,3.091042453358316,2.70805020110221
PC,2011,Shooter,Destineer,61.0,12,5.8,43,Atomic Games,T,2010s,Other,2.5649493574615367,3.784189633918261
PS2,2003,Sports,Midway Games,73.0,20,8.5,14,Midway,E,2000s,Other,3.044522437723423,2.70805020110221
PS3,2008,Misc,MTV Games,60.0,12,5.3,14,Harmonix Music Systems,T,2000s,Other,2.5649493574615367,2.70805020110221
PS3,2011,Action,Sony Computer Entertainment,83.0,90,8.4,932,Sucker Punch,T,2010s,Other,4.51085950651685,6.838405200847344
GC,2002,Sports,Midway Games,77.0,9,7.5,27,Point of View,E,2000s,Other,2.302585092994046,3.332204510175204
PS2,2002,Sports,Sony Computer Entertainment,62.0,22,5.9,8,SCEA,E,2000s,Other,3.1354942159291497,2.19722457733622
PS3,2009,Racing,Codemasters,87.0,63,8.2,94,Codemasters,T,2000s,Other,4.158883083359672,4.553876891600541
PS3,2008,Action,Warner Bros. Interactive Entertainment,75.0,24,7.7,33,Traveller's Tales,E10+,2000s,Other,3.218875824868201,3.5263605246161616
Wii,2011,Misc,Ubisoft,66.0,5,7.5,27,Ubisoft,E10+,2010s,Other,1.791759469228055,3.332204510175204
XB,2006,Action,Capcom,42.0,29,4.0,4,Secret Level,M,2000s,Other,3.4011973816621555,1.6094379124341005
PS2,2002,Action,Sega,74.0,24,7.8,19,Amuze,M,2000s,Other,3.218875824868201,2.995732273553991
DS,2010,Action,Activision,73.0,13,7.0,6,Griptonite Games,E10+,2010s,Other,2.639057329615259,1.9459101490553128
PSP,2007,Sports,Electronic Arts,79.0,7,7.4,15,EA Canada,E,2000s,FIFA,2.079441541679836,2.772588722239781
PS2,2002,Racing,Activision,60.0,16,7.5,27,Stealth Studios,T,2000s,Other,2.833213344056216,3.332204510175204
X360,2013,Action,Tecmo Koei,65.0,21,7.5,35,Omega Force,T,2010s,Other,3.091042453358316,3.58351893845611
PS2,2007,Racing,THQ,53.0,13,8.2,5,Rainbow Studios,E,2000s,Other,2.639057329615259,1.791759469228055
PS3,2013,Racing,Codemasters,82.0,20,6.6,173,Codemasters,E,2010s,Other,3.044522437723423,5.159055299214529
PS3,2008,Sports,Midway Games,62.0,25,7.5,15,Unknown,Unknown,2000s,Other,3.258096538021482,2.772588722239781
X360,2008,Action,Take-Two Interactive,80.0,56,8.3,154,"Mad Doc Software, Rockstar Vancouver",T,2000s,Other,4.04305126783455,5.043425116919247
PC,2011,Racing,Codemasters,83.0,10,7.2,83,Codemasters,E,2010s,Other,2.3978952727983707,4.430816798843313
X360,2010,Action,Square Enix,81.0,74,8.0,267,Avalanche Studios,M,2010s,Other,4.31748811353631,5.5909869805108565
PS2,2000,Strategy,Electronic Arts,82.0,11,7.9,17,Bullfrog Productions,E,2000s,Other,2.4849066497880004,2.8903717578961645
XB,2001,Sports,Electronic Arts,88.0,22,8.5,11,EA Sports Big,E,2000s,Other,3.1354942159291497,2.4849066497880004
Wii,2007,Simulation,Ubisoft,57.0,11,6.7,28,Ubisoft,T,2000s,Other,2.4849066497880004,3.367295829986474
GC,2002,Racing,Electronic Arts,67.0,12,6.8,11,Pseudo Interactive,T,2000s,Other,2.5649493574615367,2.4849066497880004
DS,2008,Sports,Ubisoft,63.0,4,7.6,7,Ubisoft Montreal,E,2000s,Other,1.6094379124341005,2.079441541679836
PS3,2011,Shooter,Ubisoft,81.0,21,7.8,25,Q Entertainment,E10+,2010s,Other,3.091042453358316,3.258096538021482
PS3,2010,Misc,Electronic Arts,64.0,11,6.1,9,Electronic Arts,E,2010s,Other,2.4849066497880004,2.302585092994046
PC,2016,Adventure,Bigben Interactive,65.0,18,7.3,72,Frogwares,T,2010s,Other,2.9444389791664403,4.290459441148391
PSP,2008,Fighting,THQ,72.0,9,6.0,9,Yuke's,T,2000s,Other,2.302585092994046,2.302585092994046
PS2,2004,Sports,Electronic Arts,91.0,30,7.9,78,EA Tiburon,E,2000s,Madden,3.4339872044851463,4.3694478524670215
PC,2012,Action,Electronic Arts,86.0,7,6.6,286,Electronic Arts,E,2010s,FIFA,2.079441541679836,5.659482215759621
X360,2008,Strategy,Take-Two Interactive,84.0,55,7.8,171,Firaxis Games,E10+,2000s,Other,4.02535169073515,5.147494476813453
X360,2011,Simulation,bitComposer Games,61.0,14,7.5,27,Games Farm,T,2010s,Other,2.70805020110221,3.332204510175204
PSP,2009,Platform,Sony Computer Entertainment,71.0,47,6.3,28,High Impact Games,E10+,2000s,Other,3.8712010109078903,3.367295829986474
PS3,2013,Action,Ubisoft,88.0,36,8.1,840,Ubisoft,M,2010s,Other,3.610917912644224,6.734591659972948
PSP,2010,Sports,Sega,77.0,5,7.7,6,Sports Interactive,E,2010s,Other,1.791759469228055,1.9459101490553128
DS,2010,Action,Konami Digital Entertainment,65.0,4,7.5,27,Amble,E,2010s,Other,1.6094379124341005,3.332204510175204
PC,2007,Simulation,Microsoft Game Studios,78.0,20,7.8,20,"Climax Group, Climax Studios",E,2000s,Other,3.044522437723423,3.044522437723423
XB,2003,Shooter,Avalon Interactive,55.0,22,8.0,5,Digital Mayhem,M,2000s,Other,3.1354942159291497,1.791759469228055
XB,2004,Racing,Eidos Interactive,65.0,25,6.4,7,Climax Group,T,2000s,Other,3.258096538021482,2.079441541679836
XB,2005,Racing,Electronic Arts,83.0,32,8.8,29,EA Canada,T,2000s,Other,3.49650756146648,3.4011973816621555
X360,2008,Sports,Electronic Arts,88.0,41,8.4,61,EA Canada,E10+,2000s,Other,3.737669618283368,4.127134385045092
GBA,2002,Misc,Ubisoft,76.0,5,7.5,27,Ubisoft,E,2000s,Other,1.791759469228055,3.332204510175204
PS4,2016,Role-Playing,Square Enix,77.0,74,8.3,222,Square Enix,E10+,2010s,Final Fantasy,4.31748811353631,5.407171771460119
PSP,2007,Action,D3Publisher,75.0,30,7.3,23,Vicious Cycle,M,2000s,Other,3.4339872044851463,3.1780538303479458
XB,2003,Racing,Acclaim Entertainment,68.0,17,7.5,27,Climax Group,E,2000s,Other,2.8903717578961645,3.332204510175204
PS4,2016,Shooter,Activision,90.0,31,6.1,1358,Blizzard Entertainment,T,2010s,Other,3.4657359027997265,7.214504414151143
Wii,2009,Action,Capcom,61.0,30,6.5,35,TOSE,M,2000s,Other,3.4339872044851463,3.58351893845611
Wii,2008,Simulation,Electronic Arts,76.0,19,8.1,24,EA Redwood Shores,E,2000s,Other,2.995732273553991,3.218875824868201
DS,2007,Shooter,Majesco Entertainment,65.0,16,6.3,4,Coyote Console,T,2000s,Other,2.833213344056216,1.6094379124341005
GC,2005,Action,Activision,59.0,25,8.8,24,Exakt,M,2000s,Other,3.258096538021482,3.218875824868201
GC,2004,Platform,Activision,70.0,25,6.4,14,"Luxoflux, Inc.",E,2000s,Other,3.258096538021482,2.70805020110221
GBA,2003,Action,Ubisoft,60.0,12,7.5,27,Ubisoft Shanghai,T,2000s,Other,2.5649493574615367,3.332204510175204
PC,2007,Racing,Electronic Arts,70.0,18,5.9,163,EA Games,E10+,2000s,Other,2.9444389791664403,5.099866427824199
PC,2001,Strategy,Virgin Interactive,75.0,8,7.6,68,Team 17,E,2000s,Other,2.19722457733622,4.23410650459726
GBA,2003,Action,THQ,49.0,5,7.5,27,Natsume,E,2000s,Other,1.791759469228055,3.332204510175204
X360,2012,Fighting,Cloud Imperium Games Corporation,37.0,5,6.3,4,"Pipeworks Software, Inc.",M,2010s,Other,1.791759469228055,1.6094379124341005
XB,2002,Sports,Midway Games,79.0,9,7.8,5,Gratuitous Games,E,2000s,Other,2.302585092994046,1.791759469228055
PS2,2001,Shooter,Codemasters,52.0,12,6.4,5,Pipe Dream Interactive,T,2000s,Other,2.5649493574615367,1.791759469228055
DS,2010,Puzzle,Warner Bros. Interactive Entertainment,81.0,53,8.2,46,5TH Cell,E10+,2010s,Other,3.9889840465642745,3.8501476017100575
PC,2012,Role-Playing,Electronic Arts,81.0,25,6.6,1097,Big Huge Games,M,2010s,Other,3.258096538021482,7.001245622069476
GBA,2004,Role-Playing,Ubisoft,65.0,25,7.5,27,Treasure,E,2000s,Other,3.258096538021482,3.332204510175204
DS,2005,Adventure,Nintendo,70.0,51,8.1,42,Cing,T,2000s,Other,3.951243718581428,3.7612001156935615
XOne,2015,Fighting,Warner Bros. Interactive Entertainment,86.0,21,7.3,279,"Warner Bros. Interactive Entertainment, NetherRealm Studios",M,2010s,Other,3.091042453358316,5.634789603169249
PSP,2009,Racing,Electronic Arts,69.0,11,6.5,31,EA Bright Light,E,2000s,Other,2.4849066497880004,3.4657359027997265
PC,2007,Action,Activision,57.0,9,5.3,11,Beenox,E10+,2000s,Other,2.302585092994046,2.4849066497880004
GC,2003,Action,Ubisoft,89.0,19,8.7,25,Ubisoft Shanghai,T,2000s,Other,2.995732273553991,3.258096538021482
Wii,2009,Action,Square Enix,66.0,53,7.6,70,Square Enix,T,2000s,Final Fantasy,3.9889840465642745,4.262679877041316
GC,2006,Adventure,THQ,60.0,18,7.5,27,Artificial Mind and Movement,E10+,2000s,Other,2.9444389791664403,3.332204510175204
XB,2005,Shooter,Take-Two Interactive,72.0,34,6.7,11,Croteam,M,2000s,Other,3.555348061489413,2.4849066497880004
PC,2009,Strategy,Sega,42.0,15,4.9,22,Creative Assembly,M,2000s,Other,2.772588722239781,3.1354942159291497
PSV,2014,Action,Tecmo Koei,67.0,19,7.5,61,Koei Tecmo Games,M,2010s,Other,2.995732273553991,4.127134385045092
GC,2003,Sports,Atari,60.0,11,7.5,27,Bandai,E,2000s,Other,2.4849066497880004,3.332204510175204
DS,2008,Puzzle,Majesco Entertainment,48.0,10,7.5,27,Interchannel-Holon,E,2000s,Other,2.3978952727983707,3.332204510175204
PS3,2011,Action,Deep Silver,71.0,41,6.6,405,Techland,M,2010s,Other,3.737669618283368,6.0063531596017325
PS3,2008,Action,Take-Two Interactive,98.0,64,7.5,2833,Rockstar North,M,2000s,Grand Theft Auto,4.174387269895637,7.949444420250626
PS3,2008,Misc,Electronic Arts,54.0,4,6.7,13,Electronic Arts,E,2000s,Other,1.6094379124341005,2.639057329615259
XB,2003,Shooter,Zoo Digital Publishing,55.0,11,7.5,27,Terminal Reality,T,2000s,Other,2.4849066497880004,3.332204510175204
PS2,2002,Shooter,Empire Interactive,57.0,12,6.8,5,Cunning Developments,T,2000s,Other,2.5649493574615367,1.791759469228055
PS2,2004,Shooter,Namco Bandai Games,57.0,16,8.6,11,Capcom,T,2000s,Other,2.833213344056216,2.4849066497880004
PS2,2005,Misc,Ubisoft,65.0,10,7.5,27,Artificial Mind and Movement,T,2000s,Other,2.3978952727983707,3.332204510175204
PS2,2004,Role-Playing,Konami Digital Entertainment,63.0,44,7.3,47,KCET,T,2000s,Other,3.80666248977032,3.8712010109078903
X360,2011,Action,Kalypso Media,52.0,21,6.3,26,Haemimont,T,2010s,Other,3.091042453358316,3.295836866004329
X360,2010,Action,Rising Star Games,68.0,39,8.2,332,Access Games,M,2010s,Other,3.688879454113936,5.808142489980444
PS,1999,Strategy,Tecmo Koei,73.0,9,7.1,9,Koei,E,1990s,Other,2.302585092994046,2.302585092994046
PC,2002,Simulation,Microsoft Game Studios,69.0,16,6.5,22,Microsoft Game Studios,E,2000s,Other,2.833213344056216,3.1354942159291497
PS2,2005,Role-Playing,Activision,82.0,44,7.3,41,Raven Software,T,2000s,Other,3.80666248977032,3.737669618283368
PSP,2006,Puzzle,Atari,62.0,24,7.5,27,Q Entertainment,E10+,2000s,Other,3.218875824868201,3.332204510175204
GBA,2002,Sports,Acclaim Entertainment,77.0,6,7.5,27,Software Creations,E,2000s,Other,1.9459101490553128,3.332204510175204
GC,2002,Fighting,Midway Games,81.0,20,8.7,43,Midway,M,2000s,Other,3.044522437723423,3.784189633918261
XOne,2014,Sports,Take-Two Interactive,82.0,9,6.3,101,Visual Concepts,E,2010s,Other,2.302585092994046,4.624972813284271
X360,2008,Shooter,Codemasters,43.0,44,6.8,87,Spark Unlimited,T,2000s,Other,3.80666248977032,4.477336814478207
PS2,2005,Racing,Sony Computer Entertainment,76.0,46,7.7,63,Naughty Dog,T,2000s,Other,3.8501476017100575,4.158883083359672
PS2,2004,Adventure,Indie Games,60.0,22,8.8,8,From Software,T,2000s,Other,3.1354942159291497,2.19722457733622
PS3,2009,Sports,Activision,44.0,29,2.1,31,Robomodo,E10+,2000s,Other,3.4011973816621555,3.4657359027997265
PC,2007,Shooter,Vivendi Games,61.0,27,7.3,106,TimeGate Studios,M,2000s,Other,3.332204510175204,4.672828834461906
PS4,2016,Misc,Ubisoft,73.0,12,7.5,27,Ubisoft Paris,E10+,2010s,Other,2.5649493574615367,3.332204510175204
PS3,2013,Racing,Electronic Arts,80.0,6,4.9,123,Ghost Games,E10+,2010s,Other,1.9459101490553128,4.820281565605037
X360,2013,Action,Electronic Arts,78.0,68,6.4,694,Visceral Games,M,2010s,Other,4.23410650459726,6.543911845564792
PS3,2008,Shooter,Activision Value,45.0,9,7.4,10,FUN Labs,E10+,2000s,Other,2.302585092994046,2.3978952727983707
PS2,2004,Sports,Activision,83.0,59,8.8,55,Neversoft Entertainment,T,2000s,Other,4.0943445622221,4.02535169073515
Wii,2007,Platform,Activision,53.0,39,5.3,29,Vicarious Visions,T,2000s,Other,3.688879454113936,3.4011973816621555
Wii,2008,Sports,Electronic Arts,82.0,19,7.2,22,EA Tiburon,E,2000s,Madden,2.995732273553991,3.1354942159291497
PS3,2014,Role-Playing,Deep Silver,36.0,8,3.7,77,Piranha Bytes,M,2010s,Other,2.19722457733622,4.356708826689592
PC,2007,Simulation,Electronic Arts,74.0,9,7.3,24,Maxis,T,2000s,Other,2.302585092994046,3.218875824868201
PC,2007,Role-Playing,Activision,91.0,46,7.9,785,Blizzard Entertainment,T,2000s,Other,3.8501476017100575,6.666956792429207
3DS,2011,Misc,Namco Bandai Games,43.0,11,5.4,11,Namco Bandai Games,E,2010s,Other,2.4849066497880004,2.4849066497880004
PS2,2004,Action,Konami Digital Entertainment,59.0,22,8.0,10,Krome Studios,T,2000s,Other,3.1354942159291497,2.3978952727983707
3DS,2011,Action,Activision,50.0,7,6.4,12,Beenox,T,2010s,Other,2.079441541679836,2.5649493574615367
XOne,2015,Action,Bethesda Softworks,75.0,23,8.0,101,MachineGames,Unknown,2010s,Other,3.1780538303479458,4.624972813284271
PS2,2003,Fighting,Atari,75.0,34,7.7,35,CyberConnect2,T,2000s,Other,3.555348061489413,3.58351893845611
PSP,2005,Action,Tecmo Koei,64.0,30,6.4,8,Omega Force,T,2000s,Other,3.4339872044851463,2.19722457733622
X360,2009,Racing,Codemasters,66.0,45,7.0,45,Asobo Studio,E,2000s,Other,3.828641396489095,3.828641396489095
GC,2004,Sports,Electronic Arts,83.0,17,6.7,7,EA Canada,E,2000s,Other,2.8903717578961645,2.079441541679836
PS2,2006,Simulation,Kando Games,53.0,5,7.5,27,Kando Games,E10+,2000s,Other,1.791759469228055,3.332204510175204
XB,2003,Racing,Electronic Arts,83.0,25,8.7,35,Electronic Arts,E,2000s,Other,3.258096538021482,3.58351893845611
XB,2003,Racing,Acclaim Entertainment,88.0,23,5.1,23,Criterion Games,E,2000s,Other,3.1780538303479458,3.1780538303479458
XB,2002,Shooter,Sega,90.0,41,8.5,64,Smilebit,T,2000s,Other,3.737669618283368,4.174387269895637
Wii,2007,Sports,RTL,52.0,15,6.8,4,49Games,E,2000s,Other,2.772588722239781,1.6094379124341005
WiiU,2016,Action,Nintendo,86.0,74,8.4,329,"Tantalus Interactive, Tantatus, Nintendo",T,2010s,Zelda,4.31748811353631,5.799092654460526
PS2,2002,Adventure,Sony Computer Entertainment,52.0,15,7.2,10,Artificial Mind and Movement,E,2000s,Other,2.772588722239781,2.3978952727983707
PS2,2008,Platform,Vivendi Games,73.0,7,6.5,36,Radical Entertainment,E10+,2000s,Other,2.079441541679836,3.610917912644224
X360,2012,Sports,Take-Two Interactive,68.0,19,6.4,22,Visual Concepts,E,2010s,Other,2.995732273553991,3.1354942159291497
GC,2003,Racing,Electronic Arts,54.0,5,6.6,5,Attention To Detail,E,2000s,Other,1.791759469228055,1.791759469228055
Wii,2009,Shooter,Electronic Arts,82.0,76,8.1,82,"Eurocom Entertainment Software, Visceral Games",M,2000s,Other,4.343805421853684,4.418840607796598
PSV,2015,Action,Warner Bros. Interactive Entertainment,70.0,5,7.5,27,TT Fusion,E10+,2010s,Other,1.791759469228055,3.332204510175204
PS3,2010,Sports,Activision,61.0,4,7.5,27,Now Production,E,2010s,Other,1.6094379124341005,3.332204510175204
DS,2010,Role-Playing,Square Enix,77.0,33,7.3,15,TOSE,E,2010s,Other,3.5263605246161616,2.772588722239781
PS2,2003,Platform,Ubisoft,76.0,21,8.6,38,Ubisoft,E,2000s,Other,3.091042453358316,3.6635616461296463
PS2,2005,Fighting,Ignition Entertainment,66.0,21,8.8,6,SNK Playmore,T,2000s,Other,3.091042453358316,1.9459101490553128
DS,2004,Racing,Nintendo,46.0,28,5.9,34,Ambrella,E,2000s,Pokemon,3.367295829986474,3.555348061489413
PS2,2001,Sports,Electronic Arts,89.0,22,8.6,39,NuFX,E,2000s,Other,3.1354942159291497,3.688879454113936
XB,2006,Platform,Activision,61.0,26,7.5,27,Edge of Reality,E10+,2000s,Other,3.295836866004329,3.332204510175204
PS,2000,Platform,Virgin Interactive,69.0,15,8.1,11,Capcom,E,2000s,Other,2.772588722239781,2.4849066497880004
XB,2002,Racing,Microsoft Game Studios,87.0,32,8.3,19,Digital Illusions,E,2000s,Other,3.49650756146648,2.995732273553991
PS2,2000,Sports,Midas Interactive Entertainment,54.0,15,7.5,27,Takara,E,2000s,Other,2.772588722239781,3.332204510175204
DS,2008,Action,Warner Bros. Interactive Entertainment,70.0,4,7.5,27,TT Fusion,E,2000s,Other,1.6094379124341005,3.332204510175204
3DS,2014,Action,Little Orbit,65.0,5,5.6,8,WayForward,E10+,2010s,Other,1.791759469228055,2.19722457733622
PS2,2006,Action,Midway Games,51.0,34,7.0,15,"Pipeworks Software, Inc.",E10+,2000s,Other,3.555348061489413,2.772588722239781
PS,1999,Racing,Sony Computer Entertainment,93.0,23,9.0,135,Polyphony Digital,T,1990s,Other,3.1780538303479458,4.912654885736052
PS3,2009,Shooter,Take-Two Interactive,83.0,58,7.9,427,Gearbox Software,M,2000s,Other,4.07753744390572,6.059123195581797
3DS,2016,Action,505 Games,71.0,6,7.1,21,Re-Logic,T,2010s,Other,1.9459101490553128,3.091042453358316
PC,2010,Strategy,Team17 Software,79.0,28,6.8,185,Team 17,E10+,2010s,Other,3.367295829986474,5.225746673713202
PS2,2002,Racing,THQ,54.0,7,7.1,16,Beyond Games,E,2000s,Other,2.079441541679836,2.833213344056216
XB,2005,Sports,Electronic Arts,81.0,35,8.1,10,EA Canada,E,2000s,Other,3.58351893845611,2.3978952727983707
DS,2006,Action,SouthPeak Games,70.0,29,8.6,5,"Orbital Media, Inc.",E10+,2000s,Other,3.4011973816621555,1.791759469228055
XB,2002,Misc,Infogrames,19.0,4,4.3,7,Data Design Interactive,E,2000s,Other,1.6094379124341005,2.079441541679836
PS2,2001,Sports,Tecmo Koei,71.0,11,9.1,56,Tecmo,E,2000s,Other,2.4849066497880004,4.04305126783455
PS3,2010,Role-Playing,Ubisoft Annecy,55.0,34,6.2,33,Omega Force,T,2010s,Other,3.555348061489413,3.5263605246161616
PS2,2005,Racing,Take-Two Interactive,58.0,5,7.3,8,Eutechnyx,E,2000s,Other,1.791759469228055,2.19722457733622
X360,2007,Sports,Take-Two Interactive,81.0,33,7.0,28,Visual Concepts,E,2000s,Other,3.5263605246161616,3.367295829986474
PC,2015,Racing,Slightly Mad Studios,83.0,48,7.1,418,Slightly Mad Studios,E,2010s,Other,3.8918202981106265,6.037870919922137
X360,2009,Action,Microsoft Game Studios,68.0,65,6.8,55,From Software,M,2000s,Other,4.189654742026425,4.02535169073515
PS3,2009,Action,Sony Computer Entertainment,77.0,33,6.9,30,SCE Japan Studio,E10+,2000s,Other,3.5263605246161616,3.4339872044851463
Wii,2010,Sports,Electronic Arts,84.0,29,8.3,23,EA Sports,E,2010s,Other,3.4011973816621555,3.1780538303479458
PS3,2010,Role-Playing,Sega,72.0,42,8.0,136,Tri-Ace,T,2010s,Other,3.7612001156935615,4.919980925828125
X360,2009,Sports,Electronic Arts,75.0,22,7.5,27,EA Canada,E,2000s,Other,3.1354942159291497,3.332204510175204
XB,2004,Fighting,Electronic Arts,85.0,47,8.7,20,EA Sports,T,2000s,Other,3.8712010109078903,3.044522437723423
PS3,2012,Shooter,Capcom,74.0,34,5.4,1304,Capcom,M,2010s,Other,3.555348061489413,7.173958319756794
XB,2002,Sports,Activision,75.0,16,7.5,27,Rainbow Studios,T,2000s,Other,2.833213344056216,3.332204510175204
X360,2009,Adventure,Codemasters,25.0,27,2.5,41,Team 17,M,2000s,Other,3.332204510175204,3.737669618283368
X360,2012,Action,Bethesda Softworks,88.0,56,7.9,815,Arkane Studios,M,2010s,Other,4.04305126783455,6.704414354964107
PS4,2014,Sports,Unknown,66.0,11,6.3,67,HB Studios Multimedia,E,2010s,Other,2.4849066497880004,4.219507705176107
XB,2004,Action,Activision,83.0,60,8.3,40,Treyarch,T,2000s,Other,4.110873864173311,3.713572066704308
Wii,2008,Platform,Namco Bandai Games,77.0,37,8.6,39,Paon Corporation,E10+,2000s,Other,3.6375861597263857,3.688879454113936
X360,2011,Action,THQ,84.0,70,7.6,490,Volition Inc.,M,2010s,Other,4.262679877041316,6.19644412779452
XB,2004,Role-Playing,Microsoft Game Studios,85.0,87,8.5,268,Big Blue Box,M,2000s,Other,4.477336814478207,5.594711379601839
DS,2009,Action,Activision,50.0,5,6.8,11,LucasArts,T,2000s,Other,1.791759469228055,2.4849066497880004
Wii,2006,Action,Konami Digital Entertainment,75.0,46,7.4,33,Konami,E,2000s,Other,3.8501476017100575,3.5263605246161616
GBA,2002,Action,LSP Games,71.0,14,7.5,27,LSP,T,2000s,Other,2.70805020110221,3.332204510175204
Wii,2009,Simulation,Nintendo,76.0,42,8.5,26,Arika,E10+,2000s,Other,3.7612001156935615,3.295836866004329
X360,2007,Racing,THQ,68.0,24,7.6,21,Juice Games,T,2000s,Other,3.218875824868201,3.091042453358316
PSP,2005,Platform,Sony Computer Entertainment,66.0,35,6.4,16,"SCEA, Sims",E,2000s,Other,3.58351893845611,2.833213344056216
PC,2015,Strategy,Activision,88.0,62,8.3,833,Blizzard Entertainment,T,2010s,Other,4.143134726391533,6.726233402358747
XB,2003,Shooter,Take-Two Interactive,84.0,34,8.4,49,Remedy Entertainment,M,2000s,Other,3.555348061489413,3.912023005428146
PS2,2002,Role-Playing,Ubisoft,78.0,30,8.4,38,"Media Vision, Contrail",T,2000s,Other,3.4339872044851463,3.6635616461296463
PC,2004,Shooter,Activision,87.0,83,7.6,896,id Software,M,2000s,Other,4.430816798843313,6.799055862058796
GC,2002,Shooter,Electronic Arts,77.0,16,8.7,7,Namco,M,2000s,Other,2.833213344056216,2.079441541679836
PS3,2007,Shooter,Namco Bandai Games,60.0,52,7.4,21,Nex Entertainment,T,2000s,Other,3.970291913552122,3.091042453358316
DS,2006,Simulation,Natsume,46.0,7,7.7,6,Beluga Computer,E10+,2000s,Other,2.079441541679836,1.9459101490553128
PS4,2015,Strategy,Kalypso Media,64.0,10,7.1,12,Gaming Minds Studios,T,2010s,Other,2.3978952727983707,2.5649493574615367
WiiU,2013,Action,Capcom,76.0,10,7.9,100,WayForward,E,2010s,Other,2.3978952727983707,4.61512051684126
X360,2011,Sports,Electronic Arts,78.0,55,5.9,94,EA Tiburon,E,2010s,Madden,4.02535169073515,4.553876891600541
PS,2001,Action,BAM! Entertainment,30.0,6,6.3,4,VIS Entertainment,E,2000s,Other,1.9459101490553128,1.6094379124341005
PS3,2008,Misc,Sony Computer Entertainment,70.0,26,5.5,4,SCEE London Studio,T,2000s,Other,3.295836866004329,1.6094379124341005
PS4,2013,Sports,Electronic Arts,87.0,26,6.3,616,EA Canada,E,2010s,FIFA,3.295836866004329,6.424869023905388
X360,2012,Fighting,Atlus,83.0,21,7.3,60,Arc System Works,T,2010s,Other,3.091042453358316,4.110873864173311
PS3,2011,Action,Sega,39.0,35,4.4,19,Liquid Entertainment,T,2010s,Other,3.58351893845611,2.995732273553991
GBA,2002,Action,Electronic Arts,76.0,11,7.9,14,Eurocom Entertainment Software,E,2000s,Other,2.4849066497880004,2.70805020110221
PSV,2013,Action,Sony Computer Entertainment,69.0,16,6.8,10,Novarama,E10+,2010s,Other,2.833213344056216,2.3978952727983707
X360,2008,Sports,Electronic Arts,83.0,24,7.7,26,EA Tiburon,E,2000s,Other,3.218875824868201,3.295836866004329
PC,2004,Shooter,Ubisoft,89.0,72,8.1,724,Crytek,M,2000s,Other,4.290459441148391,6.586171654854675
3DS,2013,Adventure,Nintendo,71.0,27,7.5,21,h.a.n.d. Inc.,E,2010s,Other,3.332204510175204,3.091042453358316
X360,2010,Action,THQ,33.0,7,4.3,6,THQ Australia,E10+,2010s,Other,2.079441541679836,1.9459101490553128
X360,2007,Strategy,Eidos Interactive,73.0,55,7.1,40,Eidos Interactive,T,2000s,Other,4.02535169073515,3.713572066704308
X360,2012,Action,505 Games,54.0,8,3.5,16,505 Games,T,2010s,Other,2.19722457733622,2.833213344056216
PC,2006,Role-Playing,Take-Two Interactive,94.0,54,8.1,2454,Bethesda Softworks,M,2000s,Other,4.007333185232471,7.805882040228621
PS,1999,Role-Playing,SquareSoft,79.0,14,9.0,77,SquareSoft,M,1990s,Other,2.70805020110221,4.356708826689592
PC,2010,Sports,Konami Digital Entertainment,79.0,9,7.5,27,Konami,Unknown,2010s,Other,2.302585092994046,3.332204510175204
Wii,2011,Misc,THQ,59.0,12,7.5,27,WayForward,E,2010s,Other,2.5649493574615367,3.332204510175204
DS,2007,Action,LucasArts,80.0,9,5.4,46,TT Fusion,E,2000s,Other,2.302585092994046,3.8501476017100575
GBA,2003,Racing,Kemco,78.0,12,7.6,5,Tantalus Interactive,E,2000s,Other,2.5649493574615367,1.791759469228055
X360,2007,Strategy,Takara Tomy,46.0,17,7.3,7,Takara Tomy,T,2000s,Other,2.8903717578961645,2.079441541679836
PC,2009,Sports,Electronic Arts,72.0,14,3.8,59,EA Sports,E,2000s,FIFA,2.70805020110221,4.0943445622221
PS2,2003,Action,Activision,77.0,39,8.0,94,"Luxoflux, Inc.",M,2000s,Other,3.688879454113936,4.553876891600541
PS3,2010,Action,Warner Bros. Interactive Entertainment,79.0,42,8.0,52,Traveller's Tales,E10+,2010s,Other,3.7612001156935615,3.970291913552122
XB,2004,Shooter,Global Star,59.0,41,7.5,27,Vicious Cycle,T,2000s,Other,3.737669618283368,3.332204510175204
GC,2004,Action,Nintendo,86.0,55,7.2,74,Nintendo,E,2000s,Zelda,4.02535169073515,4.31748811353631
X360,2009,Racing,THQ,54.0,8,5.8,5,Incinerator Games,E,2000s,Other,2.19722457733622,1.791759469228055
DS,2009,Adventure,THQ,53.0,8,7.5,27,THQ,T,2000s,Other,2.19722457733622,3.332204510175204
GC,2003,Action,Activision,77.0,29,7.3,29,Exakt,M,2000s,Other,3.4011973816621555,3.4011973816621555
Wii,2010,Racing,Focus Home Interactive,74.0,17,6.8,5,Firebrand Games,E,2010s,Other,2.8903717578961645,1.791759469228055
X360,2008,Action,LucasArts,73.0,74,6.7,389,LucasArts,T,2000s,Other,4.31748811353631,5.966146739123692
PS3,2010,Action,Take-Two Interactive,75.0,61,7.7,297,2K Czech,M,2010s,Other,4.127134385045092,5.697093486505405
Wii,2011,Fighting,THQ,68.0,11,7.0,8,THQ,T,2010s,Other,2.4849066497880004,2.19722457733622
DS,2008,Misc,Ubisoft,59.0,4,6.7,6,"Ubisoft, Sensory Sweep",E,2000s,Other,1.6094379124341005,1.9459101490553128
PSV,2014,Role-Playing,Idea Factory,68.0,24,7.1,36,Sting,T,2010s,Other,3.218875824868201,3.610917912644224
PC,2014,Racing,Ubisoft,71.0,12,6.4,463,"Ubisoft Reflections, Ivory Tower",T,2010s,Other,2.5649493574615367,6.139884552226255
PS2,2004,Shooter,Namco Bandai Games,66.0,38,7.5,27,Namco,T,2000s,Other,3.6635616461296463,3.332204510175204
XB,2005,Fighting,THQ,56.0,48,6.9,47,Studio Gigante,T,2000s,Other,3.8918202981106265,3.8712010109078903
PSP,2008,Action,Sony Computer Entertainment,91.0,79,8.6,565,Ready at Dawn,M,2000s,Other,4.382026634673881,6.338594078203183
XB,2004,Shooter,Vivendi Games,73.0,47,8.0,8,2015,M,2000s,Other,3.8712010109078903,2.19722457733622
PC,2007,Role-Playing,DTP Entertainment,57.0,9,5.8,19,Master Creating,M,2000s,Other,2.302585092994046,2.995732273553991
GC,2002,Sports,Konami Digital Entertainment,68.0,6,7.5,27,KCEA,E,2000s,Other,1.9459101490553128,3.332204510175204
X360,2012,Sports,Electronic Arts,83.0,44,6.6,86,Electronic Arts,E10+,2010s,Other,3.80666248977032,4.465908118654584
PS2,2009,Misc,Activision,69.0,6,8.3,6,Beenox,T,2000s,Other,1.9459101490553128,1.9459101490553128
PS2,2004,Role-Playing,Square Enix,67.0,21,8.4,20,Racjin,T,2000s,Other,3.091042453358316,3.044522437723423
XB,2003,Fighting,Capcom,66.0,14,7.3,4,DreamFactory,T,2000s,Other,2.70805020110221,1.6094379124341005
DS,2008,Platform,Nintendo,76.0,40,8.8,76,HAL Labs,E,2000s,Other,3.713572066704308,4.343805421853684
XB,2002,Shooter,Electronic Arts,81.0,18,6.9,23,EA LA,T,2000s,Other,2.9444389791664403,3.1780538303479458
PC,2012,Simulation,Focus Home Interactive,65.0,12,7.5,111,Giants Software,E,2010s,Other,2.5649493574615367,4.718498871295094
PS2,2002,Misc,TDK Mediactive,30.0,4,5.1,17,Mass Media,E,2000s,Other,1.6094379124341005,2.8903717578961645
PS3,2010,Racing,Deep Silver,66.0,36,6.2,13,Techland,E10+,2010s,Other,3.610917912644224,2.639057329615259
PS2,2002,Role-Playing,Atari,75.0,35,8.5,60,CyberConnect2,T,2000s,Other,3.58351893845611,4.110873864173311
XB,2004,Racing,Take-Two Interactive,58.0,12,7.5,27,Razorworks Studios,E,2000s,Other,2.5649493574615367,3.332204510175204
PSP,2006,Action,THQ,48.0,9,6.4,13,Tantalus Interactive,E,2000s,Other,2.302585092994046,2.639057329615259
3DS,2013,Role-Playing,Rising Star Games,47.0,14,6.0,24,TOYBOX,E10+,2010s,Other,2.70805020110221,3.218875824868201
PC,2003,Adventure,Microids,71.0,25,8.0,28,Microids,M,2000s,Other,3.258096538021482,3.367295829986474
PS2,2000,Sports,Sony Computer Entertainment,57.0,9,7.5,27,989 Sports,E,2000s,Other,2.302585092994046,3.332204510175204
PSV,2014,Role-Playing,Sony Computer Entertainment,78.0,26,8.0,84,Alfa System,T,2010s,Other,3.295836866004329,4.442651256490317
X360,2010,Action,Namco Bandai Games,62.0,51,7.6,60,"Namco Bandai Games America, Namco Bandai Games",M,2010s,Other,3.951243718581428,4.110873864173311
GBA,2001,Platform,TDK Mediactive,73.0,8,7.5,27,RFX Interactive,E,2000s,Other,2.19722457733622,3.332204510175204
XB,2002,Sports,Microids,67.0,10,7.5,27,Microids,E,2000s,Other,2.3978952727983707,3.332204510175204
PS3,2008,Racing,Black Bean Games,59.0,7,6.1,8,Milestone S.r.l,E10+,2000s,Other,2.079441541679836,2.19722457733622
DS,2010,Role-Playing,Square Enix,80.0,8,8.0,13,Neverland,E10+,2010s,Other,2.19722457733622,2.639057329615259
DS,2005,Misc,Atari,51.0,17,3.7,7,Taniko,E,2000s,Other,2.8903717578961645,2.079441541679836
PC,2010,Action,Capcom,57.0,22,5.1,67,Airtight Games,T,2010s,Other,3.1354942159291497,4.219507705176107
PC,2004,Strategy,Activision,92.0,58,9.1,1050,Creative Assembly,T,2000s,Other,4.07753744390572,6.957497370876951
PC,2013,Racing,Electronic Arts,76.0,16,3.3,546,Ghost Games,E10+,2010s,Other,2.833213344056216,6.304448802421981
PC,2008,Strategy,JoWood Productions,58.0,7,2.5,19,Enlight Software,E,2000s,Other,2.079441541679836,2.995732273553991
XB,2004,Racing,Empire Interactive,71.0,39,8.2,21,Bugbear,T,2000s,Other,3.688879454113936,3.091042453358316
Wii,2006,Sports,Electronic Arts,81.0,35,8.0,16,EA Canada,E,2000s,Madden,3.58351893845611,2.833213344056216
PS2,2006,Sports,Activision,69.0,17,7.3,19,Shaba Games,T,2000s,Other,2.8903717578961645,2.995732273553991
XB,2005,Misc,Konami Digital Entertainment,80.0,24,7.5,27,Harmonix Music Systems,E10+,2000s,Other,3.218875824868201,3.332204510175204
XB,2004,Misc,Ubisoft,79.0,12,9.0,6,Ubisoft,E,2000s,Other,2.5649493574615367,1.9459101490553128
X360,2011,Shooter,Take-Two Interactive,49.0,76,4.4,456,"Gearbox Software, 3D Realms",M,2010s,Other,4.343805421853684,6.124683390894205
PC,2013,Strategy,THQ,80.0,82,2.1,6157,Relic,M,2010s,Other,4.418840607796598,8.725507328484445
GC,2002,Sports,Electronic Arts,90.0,10,8.0,5,EA Sports,E,2000s,Other,2.3978952727983707,1.791759469228055
X360,2006,Sports,Electronic Arts,72.0,49,6.6,33,EA Canada,E,2000s,FIFA,3.912023005428146,3.5263605246161616
PSP,2007,Misc,Hudson Entertainment,55.0,14,7.8,4,Racjin,E,2000s,Other,2.70805020110221,1.6094379124341005
X360,2009,Action,Ubisoft,73.0,64,7.3,51,Ubisoft Romania,T,2000s,Other,4.174387269895637,3.951243718581428
PSP,2008,Shooter,Square Enix,84.0,29,6.8,13,Taito Corporation,E,2000s,Other,3.4011973816621555,2.639057329615259
PS,1996,Misc,Sony Computer Entertainment,92.0,15,7.4,48,NanaOn-Sha,K-A,1990s,Other,2.772588722239781,3.8918202981106265
PS3,2011,Action,Sony Computer Entertainment,84.0,58,8.4,208,Ready at Dawn,M,2010s,Other,4.07753744390572,5.342334251964811
PS3,2012,Action,Electronic Arts,55.0,22,6.0,250,Danger Close,M,2010s,Other,3.1354942159291497,5.525452939131784
DS,2008,Misc,Nintendo,83.0,48,9.0,63,Nintendo,E,2000s,Other,3.8918202981106265,4.158883083359672
X360,2010,Misc,MTV Games,82.0,63,7.6,85,Harmonix Music Systems,T,2010s,Other,4.158883083359672,4.454347296253507
PS4,2016,Shooter,Electronic Arts,89.0,56,8.4,704,Respawn Entertainment,M,2010s,Other,4.04305126783455,6.558197802812269
XB,2004,Action,BAM! Entertainment,53.0,7,7.5,27,Artificial Mind and Movement,E,2000s,Other,2.079441541679836,3.332204510175204
PSV,2015,Role-Playing,Nippon Ichi Software,76.0,11,8.8,33,Spike Chunsoft,T,2010s,Other,2.4849066497880004,3.5263605246161616
XB,2003,Racing,Vivendi Games,70.0,14,8.9,16,Vicarious Visions,E,2000s,Other,2.70805020110221,2.833213344056216
XB,2002,Sports,Konami Digital Entertainment,68.0,6,7.5,27,KCEA,E,2000s,Other,1.9459101490553128,3.332204510175204
PS2,2002,Sports,Midway Games,73.0,15,8.6,5,Point of View,E,2000s,Other,2.772588722239781,1.791759469228055
PS2,2004,Shooter,Electronic Arts,60.0,38,7.0,32,EA LA,T,2000s,Other,3.6635616461296463,3.49650756146648
XOne,2014,Role-Playing,Electronic Arts,85.0,28,6.9,703,BioWare,M,2010s,Other,3.367295829986474,6.556778356158042
DS,2006,Action,Electronic Arts,33.0,8,4.9,13,EA Tiburon,E,2000s,Other,2.19722457733622,2.639057329615259
PS3,2012,Action,Namco Bandai Games,64.0,33,6.5,55,"Omega Force, Tecmo Koei Games",T,2010s,Other,3.5263605246161616,4.02535169073515
XB,2005,Racing,Ubisoft,51.0,40,6.9,8,Ubisoft Paris,M,2000s,Other,3.713572066704308,2.19722457733622
PS3,2009,Sports,Electronic Arts,85.0,41,6.8,58,EA Tiburon,E,2000s,Madden,3.737669618283368,4.07753744390572
PC,2007,Misc,Aspyr,79.0,15,7.2,63,Aspyr,T,2000s,Other,2.772588722239781,4.158883083359672
PS2,2003,Role-Playing,Square Enix,56.0,35,8.1,38,Racjin,T,2000s,Other,3.58351893845611,3.6635616461296463
X360,2010,Simulation,505 Games,40.0,11,4.2,5,Artech Studios,T,2010s,Other,2.4849066497880004,1.791759469228055
DS,2008,Simulation,Electronic Arts,65.0,20,6.5,21,Griptonite Games,E,2000s,Other,3.044522437723423,3.091042453358316
X360,2007,Action,Namco Bandai Games,55.0,34,6.8,20,"Koei, Omega Force",T,2000s,Other,3.555348061489413,3.044522437723423
X360,2009,Role-Playing,Electronic Arts,86.0,68,7.9,725,BioWare,M,2000s,Other,4.23410650459726,6.587550014824796
XB,2002,Strategy,Eidos Interactive,67.0,12,8.4,5,Pyro Studios,T,2000s,Other,2.5649493574615367,1.791759469228055
PS2,2004,Action,Sega,62.0,29,6.7,7,Amuze,M,2000s,Other,3.4011973816621555,2.079441541679836
GC,2003,Action,TDK Mediactive,27.0,9,3.1,19,TDK Mediactive,T,2000s,Other,2.302585092994046,2.995732273553991
PS2,2005,Racing,Electronic Arts,90.0,52,8.8,114,Criterion Games,E10+,2000s,Other,3.970291913552122,4.74493212836325
X360,2008,Role-Playing,Ubisoft,52.0,27,7.0,48,Ubisoft Annecy,M,2000s,Other,3.332204510175204,3.8918202981106265
PS3,2011,Fighting,THQ,75.0,51,6.4,36,THQ,T,2010s,Other,3.951243718581428,3.610917912644224
PS2,2006,Adventure,10TACLE Studios,42.0,4,7.0,5,WideScreen Games,T,2000s,Other,1.6094379124341005,1.791759469228055
GBA,2003,Platform,Activision,66.0,13,7.5,27,Torus Games,E,2000s,Other,2.639057329615259,3.332204510175204
PC,2009,Action,Electronic Arts,64.0,14,6.1,35,EA Bright Light,E10+,2000s,Other,2.70805020110221,3.58351893845611
PS4,2015,Role-Playing,Nippon Ichi Software,78.0,33,8.1,63,Spike Chunsoft,T,2010s,Other,3.5263605246161616,4.158883083359672
DS,2007,Strategy,THQ,81.0,25,9.1,22,"Team 17, Two Tribes",E10+,2000s,Other,3.258096538021482,3.1354942159291497
PC,2009,Strategy,THQ,70.0,42,7.2,204,Relic,M,2000s,Other,3.7612001156935615,5.3230099791384085
PS3,2011,Adventure,Telltale Games,66.0,5,6.8,51,Telltale Games,Unknown,2010s,Other,1.791759469228055,3.951243718581428
PS3,2010,Adventure,Sony Computer Entertainment,87.0,107,7.7,2759,Quantic Dream,M,2010s,Other,4.68213122712422,7.9229859587111955
WiiU,2013,Platform,Nintendo,93.0,83,9.0,1607,Nintendo,E,2010s,Mario,4.430816798843313,7.382746449738912
PS3,2008,Shooter,Ubisoft,76.0,48,8.0,70,Gearbox Software,M,2000s,Other,3.8918202981106265,4.262679877041316
PC,2016,Shooter,Take-Two Interactive,69.0,34,6.9,400,Gearbox Software,T,2010s,Other,3.555348061489413,5.993961427306569
X360,2008,Shooter,Eidos Interactive,52.0,35,4.9,22,Pivotal Games,M,2000s,Other,3.58351893845611,3.1354942159291497
PS2,2001,Racing,Eidos Interactive,62.0,17,7.5,27,Opus,E,2000s,Other,2.8903717578961645,3.332204510175204
PS2,2009,Sports,Sony Computer Entertainment,79.0,7,7.5,12,SCEA San Diego Studios,E,2000s,Other,2.079441541679836,2.5649493574615367
PC,2009,Shooter,Activision,74.0,41,7.3,261,"id Software, Raven Software",M,2000s,Other,3.737669618283368,5.568344503761097
DS,2007,Misc,Sega,53.0,17,7.5,27,Sega,E,2000s,Other,2.8903717578961645,3.332204510175204
WiiU,2015,Sports,Nintendo,58.0,58,5.3,133,"Nintendo, Camelot Software Planning",E,2010s,Mario,4.07753744390572,4.897839799950911
DS,2008,Action,Vivendi Games,43.0,5,7.5,27,Artificial Mind and Movement,T,2000s,Other,1.791759469228055,3.332204510175204
Wii,2008,Sports,Electronic Arts,80.0,18,8.4,22,EA Canada,E,2000s,FIFA,2.9444389791664403,3.1354942159291497
PS3,2009,Action,THQ,65.0,5,6.5,4,Heavy Iron Studios,E10+,2000s,Other,1.791759469228055,1.6094379124341005
PSP,2004,Sports,Sony Computer Entertainment,81.0,57,8.7,34,Clap Hanz,E10+,2000s,Other,4.060443010546419,3.555348061489413
PS3,2008,Action,LucasArts,71.0,47,6.6,233,LucasArts,T,2000s,Other,3.8712010109078903,5.455321115357702
DS,2008,Platform,Ubisoft,58.0,30,6.3,30,Gameloft,T,2000s,Other,3.4339872044851463,3.4339872044851463
PS3,2011,Simulation,505 Games,49.0,25,4.4,5,Doublesix,T,2010s,Other,3.258096538021482,1.791759469228055
PSV,2012,Fighting,Warner Bros. Interactive Entertainment,85.0,51,7.8,192,NetherRealm Studios,M,2010s,Other,3.951243718581428,5.262690188904886
PC,2009,Action,Konami Digital Entertainment,55.0,6,6.0,31,Zombie Studios,M,2000s,Other,1.9459101490553128,3.4657359027997265
Wii,2010,Role-Playing,Nintendo,92.0,59,8.9,950,Monolith Soft,T,2010s,Other,4.0943445622221,6.85751406254539
PS4,2015,Action,Namco Bandai Games,70.0,18,7.8,44,"Shift, Bandai Namco Games",T,2010s,Other,2.9444389791664403,3.80666248977032
PS2,2005,Action,Sony Computer Entertainment,68.0,37,8.0,5,BottleRocket Entertainment,M,2000s,Other,3.6375861597263857,1.791759469228055
PSP,2007,Role-Playing,505 Games,64.0,22,6.6,19,Media Vision,E10+,2000s,Other,3.1354942159291497,2.995732273553991
PSP,2011,Fighting,PQube,77.0,8,6.8,10,Arc System Works,T,2010s,Other,2.19722457733622,2.3978952727983707
PC,2007,Shooter,Microsoft Game Studios,72.0,32,5.6,216,Microsoft Game Studios,M,2000s,Other,3.49650756146648,5.37989735354046
X360,2010,Misc,MTV Games,75.0,54,6.6,32,"Harmonix Music Systems, Demiurge Studios",T,2010s,Other,4.007333185232471,3.49650756146648
PS4,2015,Misc,Ubisoft,73.0,10,6.8,20,Ubisoft,E10+,2010s,Other,2.3978952727983707,3.044522437723423
WiiU,2015,Action,Warner Bros. Interactive Entertainment,62.0,5,6.5,29,Traveller's Tales,E10+,2010s,Other,1.791759469228055,3.4011973816621555
DS,2006,Action,D3Publisher,56.0,23,6.5,13,Aspect,E10+,2000s,Other,3.1780538303479458,2.639057329615259
PC,2011,Platform,Sega,77.0,11,8.3,337,Sega,E,2010s,Other,2.4849066497880004,5.823045895483019
GC,2002,Fighting,Konami Digital Entertainment,60.0,15,6.3,4,Konami,T,2000s,Other,2.772588722239781,1.6094379124341005
X360,2010,Shooter,Tecmo Koei,37.0,39,3.6,31,Tecmo,M,2010s,Other,3.688879454113936,3.4657359027997265
X360,2008,Strategy,Ubisoft,77.0,63,7.2,53,Ubisoft Shanghai,T,2000s,Other,4.158883083359672,3.9889840465642745
DS,2005,Platform,Nintendo,86.0,48,8.2,87,HAL Labs,E,2000s,Other,3.8918202981106265,4.477336814478207
X360,2007,Simulation,Konami Digital Entertainment,65.0,10,7.4,5,Konami,E10+,2000s,Other,2.3978952727983707,1.791759469228055
XB,2002,Racing,Acclaim Entertainment,75.0,13,6.6,12,Criterion Games,E,2000s,Other,2.639057329615259,2.5649493574615367
PS2,2004,Fighting,Global Star,54.0,29,7.7,7,Opus,T,2000s,Other,3.4011973816621555,2.079441541679836
GBA,2006,Action,Eidos Interactive,72.0,8,7.4,7,WayForward,E10+,2000s,Other,2.19722457733622,2.079441541679836
DS,2005,Puzzle,Nintendo,88.0,49,7.5,164,Q Entertainment,E,2000s,Other,3.912023005428146,5.10594547390058
DS,2008,Simulation,Nintendo,73.0,4,7.7,7,syn Sophia,E,2000s,Other,1.6094379124341005,2.079441541679836
PS3,2008,Sports,Electronic Arts,64.0,12,7.1,12,EA Tiburon,E,2000s,Other,2.5649493574615367,2.5649493574615367
Wii,2007,Strategy,Nintendo,78.0,36,8.7,180,Intelligent Systems,E10+,2000s,Other,3.610917912644224,5.198497031265826
GBA,2004,Action,Atari,62.0,19,8.9,39,Webfoot Technologies,E,2000s,Other,2.995732273553991,3.688879454113936
GBA,2005,Action,Activision,58.0,4,7.5,27,"Amaze Entertainment, Griptonite Games",E10+,2000s,Other,1.6094379124341005,3.332204510175204
X360,2011,Adventure,Deep Silver,82.0,39,7.9,153,Atlus,M,2010s,Other,3.688879454113936,5.0369526024136295
Wii,2011,Action,Disney Interactive Studios,73.0,14,7.0,13,Traveller's Tales,E10+,2010s,Other,2.70805020110221,2.639057329615259
GC,2003,Action,Ubisoft,23.0,21,3.3,23,Neko Entertainment,T,2000s,Other,3.091042453358316,3.1780538303479458
GC,2004,Sports,Activision,82.0,30,8.9,17,Neversoft Entertainment,T,2000s,Other,3.4339872044851463,2.8903717578961645
X360,2007,Action,Disney Interactive Studios,58.0,42,5.3,21,Eurocom Entertainment Software,T,2000s,Other,3.7612001156935615,3.091042453358316
GBA,2003,Platform,THQ,72.0,21,8.1,18,Rare Ltd.,E,2000s,Other,3.091042453358316,2.9444389791664403
X360,2009,Shooter,Codemasters,77.0,47,7.8,112,Codemasters,M,2000s,Other,3.8712010109078903,4.727387818712341
GBA,2003,Platform,Atari,42.0,16,7.5,27,M4 Limited,T,2000s,Other,2.833213344056216,3.332204510175204
PC,2006,Strategy,Electronic Arts,84.0,36,7.5,366,EA LA,T,2000s,Other,3.610917912644224,5.905361848054571
PSV,2015,Adventure,PQube,86.0,7,9.3,20,5pb,M,2010s,Other,2.079441541679836,3.044522437723423
DS,2009,Racing,Zoo Digital Publishing,26.0,4,7.5,27,Destination Software,E,2000s,Other,1.6094379124341005,3.332204510175204
PS4,2015,Adventure,505 Games,81.0,10,8.6,73,Starbreeze,T,2010s,Other,2.3978952727983707,4.304065093204169
XB,2002,Action,Atari,53.0,19,5.2,5,Paradigm Entertainment,T,2000s,Other,2.995732273553991,1.791759469228055
PS2,2001,Sports,Konami Digital Entertainment,58.0,15,7.8,14,KCEO,E,2000s,Other,2.772588722239781,2.70805020110221
XB,2003,Role-Playing,Mindscape,71.0,31,8.2,6,Arkane Studios,M,2000s,Other,3.4657359027997265,1.9459101490553128
GBA,2002,Role-Playing,Atlus,62.0,8,8.3,15,Multimedia Intelligence Transfer,E,2000s,Other,2.19722457733622,2.772588722239781
DS,2005,Puzzle,Namco Bandai Games,71.0,41,7.1,7,Namco,E,2000s,Other,3.737669618283368,2.079441541679836
PSP,2009,Action,Ubisoft Annecy,63.0,27,8.0,13,Now Production,M,2000s,Other,3.332204510175204,2.639057329615259
PSP,2006,Fighting,Capcom,80.0,35,8.0,27,Capcom,T,2000s,Other,3.58351893845611,3.332204510175204
PS2,2005,Sports,Electronic Arts,87.0,25,8.5,36,EA Sports,E,2000s,Other,3.258096538021482,3.610917912644224
Wii,2008,Sports,THQ,44.0,17,8.0,41,HB Studios Multimedia,E,2000s,Other,2.8903717578961645,3.737669618283368
PS2,2005,Shooter,Ubisoft,70.0,15,6.9,9,"Red Storm Entertainment, Ubisoft Montreal",M,2000s,Other,2.772588722239781,2.302585092994046
Wii,2009,Racing,Electronic Arts,68.0,22,7.4,5,EA Games,E,2000s,Other,3.1354942159291497,1.791759469228055
GBA,2004,Action,Konami Digital Entertainment,65.0,9,7.5,27,Konami,E,2000s,Other,2.302585092994046,3.332204510175204
GBA,2002,Platform,Vivendi Games,76.0,18,7.6,13,Digital Eclipse,E,2000s,Other,2.9444389791664403,2.639057329615259
PS2,2007,Misc,Electronic Arts,52.0,12,7.5,27,"Pipeworks Software, Inc.",E10+,2000s,Other,2.5649493574615367,3.332204510175204
XB,2003,Racing,Atari,74.0,26,9.1,7,Milestone S.r.l,E,2000s,Other,3.295836866004329,2.079441541679836
DS,2008,Role-Playing,Sting,76.0,25,8.6,23,Sting,T,2000s,Other,3.258096538021482,3.1780538303479458
WiiU,2016,Action,Warner Bros. Interactive Entertainment,69.0,4,6.8,15,TT Games,E10+,2010s,Other,1.6094379124341005,2.772588722239781
Wii,2006,Shooter,Ubisoft,38.0,23,5.3,53,Ubisoft Montreal,M,2000s,Other,3.1780538303479458,3.9889840465642745
PS3,2010,Sports,Electronic Arts,88.0,38,7.1,54,Electronic Arts,E10+,2010s,Other,3.6635616461296463,4.007333185232471
GBA,2002,Racing,Konami Digital Entertainment,69.0,11,7.5,27,Konami,E,2000s,Other,2.4849066497880004,3.332204510175204
PS3,2009,Simulation,505 Games,81.0,28,7.3,20,Gaijin Entertainment,T,2000s,Other,3.367295829986474,3.044522437723423
PS2,2002,Sports,Sony Computer Entertainment,78.0,21,8.3,7,SCEE London Studio,E,2000s,Other,3.091042453358316,2.079441541679836
X360,2011,Action,Ignition Entertainment,75.0,44,7.0,47,Ignition Entertainment,T,2010s,Other,3.80666248977032,3.8712010109078903
PSP,2009,Strategy,Deep Silver,68.0,16,8.8,4,Stormregion,T,2000s,Other,2.833213344056216,1.6094379124341005
GBA,2002,Action,Konami Digital Entertainment,55.0,9,7.5,27,KCEA,E,2000s,Other,2.302585092994046,3.332204510175204
GC,2006,Platform,Midway Games,51.0,8,7.5,27,Artificial Mind and Movement,E10+,2000s,Other,2.19722457733622,3.332204510175204
PS2,2003,Shooter,Vivendi Games,81.0,28,8.9,17,Mass Media,T,2000s,Other,3.367295829986474,2.8903717578961645
PS2,2009,Action,Electronic Arts,50.0,4,2.3,6,Double Helix Games,T,2000s,Other,1.6094379124341005,1.9459101490553128
X360,2012,Sports,Electronic Arts,77.0,47,6.7,58,EA Sports,E,2010s,FIFA,3.8712010109078903,4.07753744390572
PS,1998,Platform,GT Interactive,88.0,13,9.1,69,Oddworld Inhabitants,T,1990s,Other,2.639057329615259,4.248495242049359
XB,2004,Adventure,Codemasters,75.0,46,8.0,6,Free Radical Design,T,2000s,Other,3.8501476017100575,1.9459101490553128
DS,2008,Shooter,Zoo Games,35.0,4,7.5,27,Big Blue Entertainment,E,2000s,Other,1.6094379124341005,3.332204510175204
PSP,2007,Role-Playing,Sega,51.0,20,6.0,9,Totally Games,T,2000s,Other,3.044522437723423,2.302585092994046
PS,2000,Racing,Sony Computer Entertainment,85.0,7,8.9,16,Attention To Detail,E,2000s,Other,2.079441541679836,2.833213344056216
PC,2007,Sports,Electronic Arts,77.0,7,6.1,50,EA Canada,E,2000s,FIFA,2.079441541679836,3.9318256327243257
PC,2006,Action,Activision,86.0,20,8.2,64,Traveller's Tales,E10+,2000s,Other,3.044522437723423,4.174387269895637
PC,2007,Strategy,Vivendi Games,89.0,44,8.1,301,Massive Entertainment,T,2000s,Other,3.80666248977032,5.71042701737487
XB,2002,Racing,Midway Games,71.0,19,7.5,27,Point of View,T,2000s,Other,2.995732273553991,3.332204510175204
PS3,2008,Simulation,Ubisoft,62.0,22,7.6,31,From Software,T,2000s,Other,3.1354942159291497,3.4657359027997265
GC,2002,Fighting,Acclaim Entertainment,59.0,14,7.5,27,Acclaim,T,2000s,Other,2.70805020110221,3.332204510175204
PS3,2009,Sports,Sony Computer Entertainment,90.0,27,8.1,61,SCEA San Diego Studios,E,2000s,Other,3.332204510175204,4.127134385045092
PS4,2015,Shooter,Sony Computer Entertainment,63.0,94,6.6,3172,"Ready at Dawn, SCE Santa Monica",M,2010s,Other,4.553876891600541,8.062432791583195
Wii,2008,Shooter,Ubisoft,45.0,13,6.6,17,Gearbox Software,M,2000s,Other,2.639057329615259,2.8903717578961645
PSP,2005,Misc,Midway Games,63.0,24,7.8,8,Digital Eclipse,M,2000s,Other,3.218875824868201,2.19722457733622
X360,2005,Action,Take-Two Interactive,81.0,33,8.6,31,Visual Concepts,E,2000s,Other,3.5263605246161616,3.4657359027997265
PSP,2008,Racing,Take-Two Interactive,79.0,26,8.7,43,Rockstar London,T,2000s,Other,3.295836866004329,3.784189633918261
3DS,2011,Platform,Sega,66.0,29,6.9,108,"Sega, Dimps Corporation",E,2010s,Other,3.4011973816621555,4.691347882229144
Wii,2009,Shooter,Sega,69.0,79,8.2,258,High Voltage Software,T,2000s,Other,4.382026634673881,5.556828061699537
PC,2010,Role-Playing,DTP Entertainment,72.0,4,8.3,15,Larian Studios,M,2010s,Other,1.6094379124341005,2.772588722239781
GC,2002,Platform,THQ,42.0,4,5.1,7,Big Sky Software,E,2000s,Other,1.6094379124341005,2.079441541679836
PS2,2004,Action,Sega,59.0,21,8.4,10,Adrenium,T,2000s,Other,3.091042453358316,2.3978952727983707
PS3,2008,Action,Disney Interactive Studios,56.0,16,5.6,8,Traveller's Tales,T,2000s,Other,2.833213344056216,2.19722457733622
Wii,2008,Sports,Konami Digital Entertainment,79.0,16,8.7,21,Konami,E,2000s,Other,2.833213344056216,3.091042453358316
GC,2004,Role-Playing,Capcom,67.0,21,7.3,12,Capcom,E,2000s,Other,3.091042453358316,2.5649493574615367
Wii,2010,Action,Warner Bros. Interactive Entertainment,54.0,5,7.5,27,Tantatus,E10+,2010s,Other,1.791759469228055,3.332204510175204
DS,2008,Misc,Take-Two Interactive,48.0,11,3.3,4,Cat Daddy Games,E,2000s,Other,2.4849066497880004,1.6094379124341005
PSP,2007,Action,Electronic Arts,52.0,11,7.6,20,EA Games,E10+,2000s,Other,2.4849066497880004,3.044522437723423
GBA,2001,Puzzle,Atari,79.0,13,7.8,4,Mass Media,E,2000s,Other,2.639057329615259,1.6094379124341005
PS4,2015,Role-Playing,Namco Bandai Games,72.0,59,6.8,315,Bandai Namco Games,T,2010s,Other,4.0943445622221,5.755742213586912
PSP,2007,Role-Playing,Square Enix,83.0,67,8.0,463,Square Enix,T,2000s,Final Fantasy,4.219507705176107,6.139884552226255
X360,2009,Sports,Focus Home Interactive,61.0,28,5.1,19,Cyanide,T,2000s,Other,3.367295829986474,2.995732273553991
Wii,2008,Action,Ubisoft,70.0,35,7.8,24,Acquire,M,2000s,Other,3.58351893845611,3.218875824868201
GC,2003,Racing,Acclaim Entertainment,70.0,18,9.0,4,Climax Group,E,2000s,Other,2.9444389791664403,1.6094379124341005
DS,2007,Puzzle,Nintendo,84.0,65,8.8,72,Level 5,E10+,2000s,Other,4.189654742026425,4.290459441148391
DS,2009,Action,D3Publisher,60.0,5,7.5,27,OneNine Studios,E10+,2000s,Other,1.791759469228055,3.332204510175204
PS2,2002,Action,Activision,50.0,26,5.0,14,Treyarch,T,2000s,Other,3.295836866004329,2.70805020110221
DS,2009,Role-Playing,Hudson Soft,36.0,4,7.5,27,Hudson Soft,E,2000s,Other,1.6094379124341005,3.332204510175204
X360,2011,Fighting,505 Games,49.0,17,6.2,11,Kung Fu Factory,M,2010s,Other,2.8903717578961645,2.4849066497880004
X360,2009,Shooter,Activision,72.0,66,7.5,128,"id Software, Raven Software",M,2000s,Other,4.204692619390966,4.859812404361672
PS2,2005,Role-Playing,505 Games,69.0,38,7.3,17,Media Vision,T,2000s,Other,3.6635616461296463,2.8903717578961645
PS2,2001,Sports,THQ,67.0,11,7.5,27,Radical Entertainment,T,2000s,Other,2.4849066497880004,3.332204510175204
PS3,2011,Shooter,Warner Bros. Interactive Entertainment,74.0,48,7.1,103,Day 1 Studios,M,2010s,Other,3.8918202981106265,4.6443908991413725
3DS,2012,Platform,Sega,71.0,32,7.4,16,Zoe Mode,E10+,2010s,Other,3.49650756146648,2.833213344056216
XB,2003,Shooter,Activision,76.0,30,8.7,30,Vicarious Visions,T,2000s,Other,3.4339872044851463,3.4339872044851463
X360,2008,Racing,Electronic Arts,69.0,32,7.8,15,EA Games,E,2000s,Other,3.49650756146648,2.772588722239781
PS2,2008,Action,LucasArts,77.0,12,8.4,16,Traveller's Tales,E10+,2000s,Other,2.5649493574615367,2.833213344056216
GBA,2002,Adventure,Konami Digital Entertainment,75.0,4,7.5,27,Konami,E,2000s,Other,1.6094379124341005,3.332204510175204
Wii,2009,Puzzle,THQ,58.0,22,6.0,8,Planet Moon Studios,E,2000s,Other,3.1354942159291497,2.19722457733622
PS4,2014,Sports,Electronic Arts,70.0,57,6.1,279,EA Sports,T,2010s,Other,4.060443010546419,5.634789603169249
PS2,2003,Simulation,Tecmo Koei,67.0,17,8.9,23,Micro Cabin,T,2000s,Other,2.8903717578961645,3.1780538303479458
PSV,2012,Racing,Sony Computer Entertainment,62.0,51,6.4,69,SCEA,E,2010s,Other,3.951243718581428,4.248495242049359
PSP,2009,Fighting,Namco Bandai Games,80.0,52,6.2,45,Bandai Namco Games,T,2000s,Other,3.970291913552122,3.828641396489095
3DS,2013,Action,Warner Bros. Interactive Entertainment,43.0,4,8.3,4,Hellbent Games,E,2010s,Other,1.6094379124341005,1.6094379124341005
PC,2004,Strategy,Vivendi Games,75.0,51,8.3,106,Elixir Studios,T,2000s,Other,3.951243718581428,4.672828834461906
PS3,2013,Shooter,Activision,34.0,14,3.6,196,Terminal Reality,M,2010s,Other,2.70805020110221,5.2832037287379885
PSP,2007,Action,Take-Two Interactive,69.0,15,8.1,38,Rockstar London,M,2000s,Other,2.772588722239781,3.6635616461296463
PSP,2006,Adventure,Sony Computer Entertainment,52.0,47,6.7,18,SCEE London Studio,M,2000s,Other,3.8712010109078903,2.9444389791664403
X360,2010,Platform,Activision,62.0,22,6.2,9,Xpec,E10+,2010s,Other,3.1354942159291497,2.302585092994046
WiiU,2012,Action,Electronic Arts,69.0,28,6.2,49,Electronic Arts,E,2010s,FIFA,3.367295829986474,3.912023005428146
DS,2009,Adventure,Focus Home Interactive,57.0,8,3.1,9,"Frogwares, Mistic Software",E,2000s,Other,2.19722457733622,2.302585092994046
DS,2010,Role-Playing,Square Enix,66.0,58,7.0,76,"Square Enix, h.a.n.d. Inc.",E10+,2010s,Other,4.07753744390572,4.343805421853684
DS,2007,Racing,THQ,61.0,14,7.5,27,Rainbow Studios,E,2000s,Other,2.70805020110221,3.332204510175204
PS3,2010,Fighting,Namco Bandai Games,60.0,27,7.5,63,Spike,T,2010s,Other,3.332204510175204,4.158883083359672
GBA,2004,Action,Electronic Arts,61.0,7,7.5,27,Magic Pockets,T,2000s,Other,2.079441541679836,3.332204510175204
PC,2002,Shooter,Electronic Arts,89.0,27,8.6,327,Digital Illusions,T,2000s,Other,3.332204510175204,5.793013608384144
PS2,2002,Action,Enix Corporation,79.0,21,8.2,13,Sandlot,T,2000s,Other,3.091042453358316,2.639057329615259
XB,2004,Sports,Konami Digital Entertainment,90.0,25,8.4,11,KCET,E,2000s,Other,3.258096538021482,2.4849066497880004
DS,2009,Adventure,Electronic Arts,60.0,5,7.5,27,TOSE,E,2000s,Other,1.791759469228055,3.332204510175204
Wii,2006,Misc,Nintendo,58.0,41,6.6,129,Nintendo,E,2000s,Other,3.737669618283368,4.867534450455582
GC,2001,Sports,Electronic Arts,89.0,12,7.5,27,EA Sports,E,2000s,Madden,2.5649493574615367,3.332204510175204
XB,2004,Adventure,MC2 Entertainment,66.0,29,8.4,9,Hydravision,M,2000s,Other,3.4011973816621555,2.302585092994046
PS3,2011,Adventure,Electronic Arts,70.0,51,7.9,181,Spicy Horse,M,2010s,Other,3.951243718581428,5.204006687076795
PS2,2007,Misc,RedOctane,69.0,50,6.3,31,Harmonix Music Systems,T,2000s,Other,3.9318256327243257,3.4657359027997265
PS2,2005,Fighting,Atari,49.0,13,5.4,29,Avalanche Software,T,2000s,Other,2.639057329615259,3.4011973816621555
PC,2011,Strategy,Unknown,68.0,19,4.9,35,Best Way,T,2010s,Other,2.995732273553991,3.58351893845611
PS3,2007,Sports,Take-Two Interactive,82.0,18,5.2,6,Visual Concepts,E,2000s,Other,2.9444389791664403,1.9459101490553128
PS4,2013,Action,Ubisoft,83.0,29,7.8,1530,Ubisoft,M,2010s,Other,3.4011973816621555,7.333676395657684
PS4,2015,Sports,Electronic Arts,83.0,37,5.9,180,EA Sports,E,2010s,Madden,3.6375861597263857,5.198497031265826
XB,2005,Shooter,Electronic Arts,80.0,49,8.2,29,Digital Illusions,T,2000s,Other,3.912023005428146,3.4011973816621555
XB,2002,Racing,Activision,69.0,16,7.5,27,Climax Group,E,2000s,Other,2.833213344056216,3.332204510175204
DC,1999,Simulation,Sega,82.0,24,8.4,16,Vivarium,T,1990s,Other,3.218875824868201,2.833213344056216
PSP,2005,Sports,Sony Computer Entertainment,80.0,26,7.9,18,989 Sports,E,2000s,Other,3.295836866004329,2.9444389791664403
X360,2014,Role-Playing,Deep Silver,51.0,11,4.1,42,Deep Silver,M,2010s,Other,2.4849066497880004,3.7612001156935615
GC,2002,Platform,Nintendo,92.0,61,8.6,439,Nintendo,E,2000s,Mario,4.127134385045092,6.0867747269123065
XB,2004,Misc,Atari,58.0,10,8.0,4,Artech Studios,T,2000s,Other,2.3978952727983707,1.6094379124341005
PS2,2002,Platform,Universal Interactive,56.0,20,4.1,95,Check Six Games,E,2000s,Other,3.044522437723423,4.564348191467836
PS3,2011,Action,LucasArts,76.0,36,7.3,34,Traveller's Tales,E10+,2010s,Other,3.610917912644224,3.555348061489413
Wii,2008,Action,Nintendo,69.0,21,7.5,27,Monolith Soft,Unknown,2000s,Other,3.091042453358316,3.332204510175204
GC,2004,Adventure,THQ,40.0,7,4.7,9,Blue Tongue Entertainment,E,2000s,Other,2.079441541679836,2.302585092994046
PS,1999,Racing,Ubisoft,66.0,8,7.5,27,UDS,E,1990s,Other,2.19722457733622,3.332204510175204
X360,2006,Sports,Take-Two Interactive,84.0,46,7.8,67,"Kush Games, Visual Concepts",E,2000s,Other,3.8501476017100575,4.219507705176107
PS3,2011,Action,DTP Entertainment,45.0,17,5.0,26,Kylotonn,M,2010s,Other,2.8903717578961645,3.295836866004329
PS2,2003,Misc,Sony Computer Entertainment,80.0,32,7.5,22,"SCEE, Zoe Mode",E,2000s,Other,3.49650756146648,3.1354942159291497
PS2,2003,Platform,Activision,58.0,24,7.2,13,GenePool,T,2000s,Other,3.218875824868201,2.639057329615259
X360,2006,Shooter,Eidos Interactive,59.0,26,5.9,22,Traveller's Tales,E10+,2000s,Other,3.295836866004329,3.1354942159291497
PS3,2011,Action,Tecmo Koei,44.0,22,7.0,24,Tecmo Koei Canada,M,2010s,Other,3.1354942159291497,3.218875824868201
3DS,2011,Racing,Nintendo,85.0,73,8.2,632,"Retro Studios, Entertainment Analysis & Development Division",E,2010s,Mario,4.304065093204169,6.450470422144176
PSP,2008,Racing,Electronic Arts,52.0,7,6.8,37,Piranha Games,T,2000s,Other,2.079441541679836,3.6375861597263857
PC,2010,Shooter,THQ,81.0,40,8.1,1472,4A Games,M,2010s,Other,3.713572066704308,7.29505641646263
PS2,2008,Action,Namco Bandai Games,52.0,8,6.5,8,Omega Force,T,2000s,Other,2.19722457733622,2.19722457733622
Wii,2008,Misc,Ignition Entertainment,73.0,18,8.0,4,SNK Playmore,T,2000s,Other,2.9444389791664403,1.6094379124341005
PS2,2001,Misc,Namco Bandai Games,72.0,9,6.0,5,Mass Media,E,2000s,Other,2.302585092994046,1.791759469228055
PS2,2000,Action,Sony Computer Entertainment,66.0,20,8.0,35,DreamFactory,T,2000s,Other,3.044522437723423,3.58351893845611
DS,2005,Platform,Namco Bandai Games,44.0,8,7.5,27,"Blitz Games, Human Soft",E,2000s,Other,2.19722457733622,3.332204510175204
GC,2005,Shooter,Ubisoft,54.0,10,1.4,11,Ubisoft Shanghai,T,2000s,Other,2.3978952727983707,2.4849066497880004
DS,2007,Action,Disney Interactive Studios,64.0,6,7.5,27,"Climax Group, Climax Studios",E10+,2000s,Other,1.9459101490553128,3.332204510175204
PS,2001,Sports,Electronic Arts,88.0,9,8.0,7,EA Sports,E,2000s,Madden,2.302585092994046,2.079441541679836
PS2,2004,Strategy,Crave Entertainment,61.0,25,6.0,6,Zed Two Limited,T,2000s,Other,3.258096538021482,1.9459101490553128
GBA,2003,Misc,Telegames,87.0,9,7.5,27,Cosmigo,E,2000s,Other,2.302585092994046,3.332204510175204
Wii,2006,Action,Midway Games,46.0,21,5.6,19,"Pipeworks Software, Inc.",E10+,2000s,Other,3.091042453358316,2.995732273553991
PS2,2002,Fighting,Sammy Corporation,87.0,31,8.7,34,Arc System Works,T,2000s,Other,3.4657359027997265,3.555348061489413
X360,2011,Sports,Ubisoft,21.0,5,5.0,25,Ubisoft,T,2010s,Other,1.791759469228055,3.258096538021482
PSP,2005,Racing,Vivendi Games,68.0,9,7.1,25,Radical Entertainment,E10+,2000s,Other,2.302585092994046,3.258096538021482
X360,2010,Shooter,Take-Two Interactive,88.0,93,8.2,573,2K Marin,M,2010s,Other,4.543294782270004,6.352629396319567
PSP,2008,Platform,Tecmo Koei,72.0,45,7.0,41,Nippon Ichi Software,T,2000s,Other,3.828641396489095,3.737669618283368
PS2,2005,Action,Vivendi Games,47.0,17,5.0,7,Opus,M,2000s,Other,2.8903717578961645,2.079441541679836
X360,2006,Shooter,Sega,70.0,63,7.8,36,Pseudo Interactive,T,2000s,Other,4.158883083359672,3.610917912644224
DS,2006,Fighting,Nintendo,74.0,22,8.3,27,Noise Inc.,E10+,2000s,Other,3.1354942159291497,3.332204510175204
PS2,2001,Platform,Universal Interactive,66.0,22,7.1,156,Traveller's Tales,E,2000s,Other,3.1354942159291497,5.056245805348308
DS,2008,Shooter,Activision,75.0,12,7.8,20,n-Space,T,2000s,Call of Duty,2.5649493574615367,3.044522437723423
DS,2007,Simulation,Lexicon Entertainment,33.0,4,2.5,4,Dreamcatcher,E,2000s,Other,1.6094379124341005,1.6094379124341005
Wii,2007,Fighting,505 Games,75.0,15,8.4,19,Arc System Works,T,2000s,Other,2.772588722239781,2.995732273553991
XB,2005,Racing,Vivendi Games,69.0,17,7.8,11,Radical Entertainment,E10+,2000s,Other,2.8903717578961645,2.4849066497880004
DS,2008,Puzzle,Midway Games,76.0,9,7.5,27,Most Wanted Entertainment,E,2000s,Other,2.302585092994046,3.332204510175204
GC,2002,Sports,Midway Games,71.0,11,7.4,5,Point of View,E,2000s,Other,2.4849066497880004,1.791759469228055
PS3,2014,Role-Playing,Tecmo Koei,67.0,23,7.8,49,Gust,T,2010s,Other,3.1780538303479458,3.912023005428146
DS,2005,Fighting,Atari,66.0,13,7.6,28,Arc System Works,E10+,2000s,Other,2.639057329615259,3.367295829986474
DS,2009,Action,Electronic Arts,61.0,9,7.8,6,Artificial Mind and Movement,E10+,2000s,Other,2.302585092994046,1.9459101490553128
GC,2004,Action,BAM! Entertainment,57.0,9,7.5,27,Artificial Mind and Movement,E,2000s,Other,2.302585092994046,3.332204510175204
X360,2012,Action,Konami Digital Entertainment,68.0,38,7.3,269,Konami,M,2010s,Other,3.6635616461296463,5.598421958998375
PS3,2007,Action,THQ,55.0,8,4.8,4,Heavy Iron Studios,E,2000s,Other,2.19722457733622,1.6094379124341005
PS,2000,Sports,Infogrames,48.0,10,7.5,27,Carapace,E,2000s,Other,2.3978952727983707,3.332204510175204
X360,2011,Shooter,Electronic Arts,84.0,83,7.6,439,"Epic Games, People Can Fly",M,2010s,Other,4.430816798843313,6.0867747269123065
PS2,2000,Puzzle,3DO,79.0,14,7.5,27,Zed Two Limited,E,2000s,Other,2.70805020110221,3.332204510175204
GBA,2002,Action,Vivendi Games,72.0,14,7.5,27,WayForward,E,2000s,Other,2.70805020110221,3.332204510175204
GC,2004,Platform,THQ,75.0,22,8.6,8,Avalanche Software,E,2000s,Other,3.1354942159291497,2.19722457733622
PS2,2008,Role-Playing,Banpresto,65.0,11,8.2,9,Flight-Plan,T,2000s,Other,2.4849066497880004,2.302585092994046
PS2,2006,Misc,Konami Digital Entertainment,71.0,24,7.5,27,Harmonix Music Systems,E10+,2000s,Other,3.218875824868201,3.332204510175204
PS3,2014,Action,Tecmo Koei,43.0,46,4.5,84,"Spark Unlimited, comcept",M,2010s,Other,3.8501476017100575,4.442651256490317
PS,2000,Racing,Acclaim Entertainment,42.0,9,7.5,27,Climax Group,E,2000s,Other,2.302585092994046,3.332204510175204
3DS,2015,Role-Playing,Nintendo,81.0,70,7.4,103,Silicon Studio,T,2010s,Other,4.262679877041316,4.6443908991413725
X360,2006,Sports,Electronic Arts,79.0,43,6.9,20,EA Sports,E,2000s,Other,3.784189633918261,3.044522437723423
PC,2005,Role-Playing,NCSoft,89.0,53,8.4,455,ArenaNet,T,2000s,Other,3.9889840465642745,6.1224928095143865
X360,2014,Role-Playing,Namco Bandai Games,91.0,30,7.9,915,From Software,T,2010s,Other,3.4339872044851463,6.82001636467413
PS3,2013,Action,Electronic Arts,76.0,37,6.4,522,Visceral Games,M,2010s,Other,3.6375861597263857,6.259581464064923
X360,2006,Shooter,Atari,55.0,59,6.1,41,Cavia Inc.,M,2000s,Other,4.0943445622221,3.737669618283368
Wii,2008,Platform,Vivendi Games,70.0,13,6.6,16,Radical Entertainment,E10+,2000s,Other,2.639057329615259,2.833213344056216
XB,2005,Sports,Global Star,66.0,45,7.7,6,Hypnotix,M,2000s,Other,3.828641396489095,1.9459101490553128
PC,2016,Racing,Milestone S.r.l,78.0,4,7.9,14,Milestone S.r.l,E,2010s,Other,1.6094379124341005,2.70805020110221
X360,2006,Shooter,Electronic Arts,77.0,54,7.3,79,Digital Illusions,T,2000s,Other,4.007333185232471,4.382026634673881
XB,2006,Sports,Electronic Arts,83.0,27,8.7,6,EA Tiburon,E,2000s,Madden,3.332204510175204,1.9459101490553128
PC,2005,Shooter,LucasArts,78.0,23,8.8,431,Pandemic Studios,T,2000s,Other,3.1780538303479458,6.068425588244111
X360,2009,Adventure,Disney Interactive Studios,25.0,4,3.8,48,n-Space,E,2000s,Other,1.6094379124341005,3.8918202981106265
PS3,2009,Misc,MTV Games,88.0,60,8.7,59,Harmonix Music Systems,T,2000s,Other,4.110873864173311,4.0943445622221
PS4,2016,Shooter,Sony Computer Entertainment,93.0,113,7.9,7064,Naughty Dog,T,2010s,Other,4.736198448394496,8.862908295118627
XB,2002,Sports,Sega,80.0,15,8.5,10,Black Box,E,2000s,Other,2.772588722239781,2.3978952727983707
PC,2011,Action,Electronic Arts,82.0,45,4.5,4533,BioWare,M,2010s,Other,3.828641396489095,8.419359831067474
X360,2010,Sports,Konami Digital Entertainment,79.0,43,5.9,33,Konami,E,2010s,Other,3.784189633918261,3.5263605246161616
PS2,2002,Role-Playing,Enix Corporation,68.0,16,6.5,15,Game Arts,T,2000s,Other,2.833213344056216,2.772588722239781
PS2,2002,Role-Playing,Taito,74.0,24,7.5,12,Taito Corporation,E,2000s,Other,3.218875824868201,2.5649493574615367
3DS,2013,Puzzle,Warner Bros. Interactive Entertainment,68.0,7,6.2,20,5TH Cell,E10+,2010s,Other,2.079441541679836,3.044522437723423
Wii,2008,Puzzle,Electronic Arts,85.0,61,8.6,105,EA LA,E,2000s,Other,4.127134385045092,4.663439094112067
Wii,2007,Strategy,Bethesda Softworks,49.0,18,4.9,11,4J Studios,E,2000s,Other,2.9444389791664403,2.4849066497880004
PS2,2003,Simulation,Tecmo Koei,77.0,21,9.1,18,Tecmo,E,2000s,Other,3.091042453358316,2.9444389791664403
PS2,2002,Role-Playing,Tecmo Koei,79.0,47,8.5,15,Nippon Ichi Software,T,2000s,Other,3.8712010109078903,2.772588722239781
PS2,2006,Action,Capcom,81.0,45,8.9,62,Capcom,M,2000s,Other,3.828641396489095,4.143134726391533
X360,2008,Role-Playing,Atari,79.0,67,8.2,264,Bandai Namco Games,T,2000s,Other,4.219507705176107,5.579729825986222
PS,1998,Puzzle,Virgin Interactive,79.0,6,8.3,6,Metro,E,1990s,Other,1.9459101490553128,1.9459101490553128
PS2,2007,Simulation,Konami Digital Entertainment,70.0,10,7.5,27,Konami,E10+,2000s,Other,2.3978952727983707,3.332204510175204
PSP,2010,Action,Sega,49.0,8,7.5,27,High Voltage Software,T,2010s,Other,2.19722457733622,3.332204510175204
X360,2006,Sports,Spike,66.0,22,3.9,37,Kush Games,E,2000s,Other,3.1354942159291497,3.6375861597263857
X360,2006,Sports,Take-Two Interactive,75.0,52,6.8,25,Pam Development,E,2000s,Other,3.970291913552122,3.258096538021482
Wii,2007,Sports,Electronic Arts,52.0,11,7.1,21,EA Canada,E,2000s,Other,2.4849066497880004,3.091042453358316
Wii,2010,Fighting,THQ,72.0,7,7.5,27,Yuke's,T,2010s,Other,2.079441541679836,3.332204510175204
PC,2013,Shooter,505 Games,79.0,51,3.4,3558,Overkill Software,M,2010s,Other,3.951243718581428,8.177234885510194
DS,2007,Simulation,Electronic Arts,66.0,8,4.0,5,Full Fat,E,2000s,Other,2.19722457733622,1.791759469228055
PS2,2006,Sports,Electronic Arts,77.0,28,8.1,33,EA Canada,E,2000s,FIFA,3.367295829986474,3.5263605246161616
PS2,2001,Adventure,LucasArts,84.0,21,8.2,11,LucasArts,T,2000s,Other,3.091042453358316,2.4849066497880004
PS3,2012,Shooter,Activision,83.0,21,5.3,922,Treyarch,M,2010s,Call of Duty,3.091042453358316,6.827629234502852
PS2,2002,Racing,Electronic Arts,81.0,11,6.4,10,Visual Sciences,E,2000s,Other,2.4849066497880004,2.3978952727983707
PS3,2014,Racing,Codemasters,75.0,35,6.8,62,Codemasters,E,2010s,Other,3.58351893845611,4.143134726391533
X360,2010,Racing,Disney Interactive Studios,82.0,78,8.1,101,Black Rock Studio,E10+,2010s,Other,4.3694478524670215,4.624972813284271
PSP,2007,Misc,Atari,64.0,17,6.0,4,Stainless Games,E,2000s,Other,2.8903717578961645,1.6094379124341005
DS,2008,Action,Vivendi Games,60.0,8,7.5,27,Stormfront Studios,E10+,2000s,Other,2.19722457733622,3.332204510175204
Wii,2011,Action,Electronic Arts,64.0,6,3.6,21,Firebrand Games,E10+,2010s,Other,1.9459101490553128,3.091042453358316
PS3,2011,Action,Sega,61.0,34,7.3,40,Next Level Games,T,2010s,Other,3.555348061489413,3.713572066704308
XB,2006,Sports,Electronic Arts,76.0,18,7.5,27,Unknown,Unknown,2000s,Other,2.9444389791664403,3.332204510175204
PS3,2010,Role-Playing,Nippon Ichi Software,74.0,19,6.7,109,Gust,T,2010s,Other,2.995732273553991,4.700480365792417
PS2,2006,Fighting,Electronic Arts,84.0,32,8.1,41,EA Chicago,T,2000s,Other,3.49650756146648,3.737669618283368
PS3,2010,Fighting,THQ,85.0,54,7.2,48,Yuke's,T,2010s,Other,4.007333185232471,3.8918202981106265
PSP,2006,Role-Playing,Eidos Interactive,72.0,13,7.8,5,Snowblind Studios,T,2000s,Other,2.639057329615259,1.791759469228055
GC,2002,Racing,Electronic Arts,85.0,12,6.6,5,EA Sports,E,2000s,Other,2.5649493574615367,1.791759469228055
PS2,2001,Shooter,Sony Computer Entertainment,65.0,18,8.0,5,Wow Entertainment,T,2000s,Other,2.9444389791664403,1.791759469228055
PS2,2005,Racing,Vivendi Games,66.0,21,7.0,49,Radical Entertainment,E10+,2000s,Other,3.091042453358316,3.912023005428146
PS,2000,Shooter,Namco Bandai Games,78.0,5,8.4,5,Tose Software,T,2000s,Other,1.791759469228055,1.791759469228055
PS2,2003,Racing,Metro 3D,67.0,15,9.0,5,Creat Studios,E,2000s,Other,2.772588722239781,1.791759469228055
PS2,2003,Role-Playing,Atlus,81.0,19,7.7,19,Career Soft,T,2000s,Other,2.995732273553991,2.995732273553991
XB,2003,Action,Microids,72.0,17,7.0,5,Microids,T,2000s,Other,2.8903717578961645,1.791759469228055
GC,2002,Role-Playing,Virgin Interactive,79.0,10,7.7,22,High Voltage Software,T,2000s,Other,2.3978952727983707,3.1354942159291497
X360,2011,Action,Warner Bros. Interactive Entertainment,59.0,17,7.2,23,Double Helix Games,T,2010s,Other,2.8903717578961645,3.1780538303479458
XB,2003,Shooter,Ubisoft,74.0,38,8.3,15,Southend Interactive,M,2000s,Other,3.6635616461296463,2.772588722239781
X360,2006,Sports,Take-Two Interactive,82.0,22,8.2,12,2K Sports,E,2000s,Other,3.1354942159291497,2.5649493574615367
X360,2011,Sports,505 Games,55.0,14,3.9,13,HB Studios Multimedia,E,2010s,Other,2.70805020110221,2.639057329615259
PS2,2004,Strategy,505 Games,75.0,31,8.0,9,Pinegrow,T,2000s,Other,3.4657359027997265,2.302585092994046
Wii,2008,Misc,Sega,68.0,43,8.1,40,Gearbox Software,E,2000s,Other,3.784189633918261,3.713572066704308
PS,1996,Puzzle,Virgin Interactive,83.0,9,7.4,5,Capcom,E,1990s,Other,2.302585092994046,1.791759469228055
XOne,2016,Shooter,Electronic Arts,87.0,31,8.0,261,Respawn Entertainment,M,2010s,Other,3.4657359027997265,5.568344503761097
PS4,2014,Platform,Ubisoft,90.0,16,8.5,525,Ubisoft Montpellier,E10+,2010s,Other,2.833213344056216,6.26530121273771
PC,2004,Shooter,DreamCatcher Interactive,81.0,62,8.1,284,People Can Fly,M,2000s,Other,4.143134726391533,5.652489180268651
PS2,2002,Strategy,3DO,68.0,14,7.5,27,Pandemic Studios,T,2000s,Other,2.70805020110221,3.332204510175204
PS3,2010,Platform,Sony Computer Entertainment,85.0,46,8.8,172,Sanzaru Games,E10+,2010s,Other,3.8501476017100575,5.153291594497779
GBA,2001,Sports,THQ,76.0,10,7.5,27,Digital Fiction,E,2000s,Other,2.3978952727983707,3.332204510175204
PS,2000,Simulation,Activision,76.0,12,7.5,27,Warthog,E,2000s,Other,2.5649493574615367,3.332204510175204
XB,2004,Platform,Vivendi Games,66.0,30,8.7,29,Traveller's Tales,E,2000s,Other,3.4339872044851463,3.4011973816621555
X360,2009,Sports,Electronic Arts,88.0,52,8.4,71,EA Canada,E10+,2000s,Other,3.970291913552122,4.276666119016055
DS,2009,Puzzle,Rondomedia,60.0,5,7.5,27,MumboJumbo,E,2000s,Other,1.791759469228055,3.332204510175204
PS3,2011,Racing,THQ,61.0,41,6.7,11,THQ Digital Studio Phoenix,E,2010s,Other,3.737669618283368,2.4849066497880004
Wii,2009,Role-Playing,Square Enix,64.0,29,5.6,11,Square Enix,E10+,2000s,Final Fantasy,3.4011973816621555,2.4849066497880004
DS,2011,Simulation,505 Games,51.0,5,7.5,27,Racjin,E,2010s,Other,1.791759469228055,3.332204510175204
PC,2010,Shooter,Square Enix,63.0,13,5.1,48,Double Helix Games,T,2010s,Other,2.639057329615259,3.8918202981106265
X360,2011,Action,Electronic Arts,68.0,25,8.0,9,Behaviour Interactive,E10+,2010s,Other,3.258096538021482,2.302585092994046
PS2,2002,Sports,Konami Digital Entertainment,38.0,9,7.5,27,Konami,T,2000s,Other,2.302585092994046,3.332204510175204
X360,2010,Role-Playing,JoWood Productions,64.0,21,5.2,52,Spellbound,T,2010s,Other,3.091042453358316,3.970291913552122
X360,2010,Sports,Electronic Arts,84.0,47,5.7,120,EA Tiburon,E,2010s,Madden,3.8712010109078903,4.795790545596741
X360,2008,Action,Ubisoft,81.0,73,7.0,189,Ubisoft Montreal,T,2000s,Other,4.304065093204169,5.247024072160486
PSP,2005,Platform,Atari,57.0,6,7.5,27,"Atari, Atari SA",E,2000s,Other,1.9459101490553128,3.332204510175204
3DS,2016,Role-Playing,Namco Bandai Games,68.0,12,7.6,16,Ganbarion,T,2010s,Other,2.5649493574615367,2.833213344056216
PS3,2011,Adventure,Deep Silver,79.0,61,8.1,372,Atlus,M,2010s,Other,4.127134385045092,5.921578419643816
GBA,2006,Platform,Activision,49.0,11,7.5,27,Vicarious Visions,E,2000s,Other,2.4849066497880004,3.332204510175204
XOne,2014,Role-Playing,Square Enix,71.0,13,6.7,166,"City Interactive, Deck 13",M,2010s,Other,2.639057329615259,5.117993812416755
PC,2014,Shooter,Electronic Arts,78.0,11,7.8,186,PopCap,E10+,2010s,Other,2.4849066497880004,5.231108616854587
GBA,2003,Simulation,Ubisoft,82.0,8,9.2,40,TOSE,E,2000s,Other,2.19722457733622,3.713572066704308
DS,2007,Puzzle,Square Enix,61.0,29,7.0,5,Taito Corporation,E,2000s,Other,3.4011973816621555,1.791759469228055
PS2,2004,Sports,Electronic Arts,78.0,19,8.3,13,EA Canada,E,2000s,Other,2.995732273553991,2.639057329615259
PC,1999,Strategy,Microsoft Game Studios,92.0,21,9.0,801,Ensemble Studios,T,1990s,Other,3.091042453358316,6.687108607866515
XB,2004,Simulation,Capcom,70.0,19,8.0,8,Capcom,T,2000s,Other,2.995732273553991,2.19722457733622
PS2,2002,Shooter,TDK Mediactive,72.0,20,8.5,8,Vicious Cycle,T,2000s,Other,3.044522437723423,2.19722457733622
GBA,2004,Adventure,Nintendo,58.0,9,8.6,18,Nintendo,E,2000s,Other,2.302585092994046,2.9444389791664403
DS,2009,Action,Eidos Interactive,61.0,10,5.8,4,Magic Pockets,E10+,2000s,Other,2.3978952727983707,1.6094379124341005
DS,2010,Action,Warner Bros. Interactive Entertainment,72.0,7,7.2,6,TT Fusion,E10+,2010s,Other,2.079441541679836,1.9459101490553128
PC,2012,Adventure,Daedalic,74.0,33,8.2,307,Daedalic Entertainment,Unknown,2010s,Other,3.5263605246161616,5.730099782973575
DS,2007,Simulation,Electronic Arts,72.0,15,7.6,14,EA Japan Studio,E,2000s,Other,2.772588722239781,2.70805020110221
GC,2002,Shooter,NDA Productions,54.0,23,7.0,10,Bits Studios,M,2000s,Other,3.1780538303479458,2.3978952727983707
X360,2012,Fighting,Namco Bandai Games,74.0,35,7.2,47,"CyberConnect2, Racjin",T,2010s,Other,3.58351893845611,3.8712010109078903
PS3,2011,Shooter,Bethesda Softworks,81.0,37,6.2,353,id Software,M,2010s,Other,3.6375861597263857,5.869296913133774
XB,2002,Sports,Activision,58.0,22,8.0,4,Black Ops Entertainment,T,2000s,Other,3.1354942159291497,1.6094379124341005
X360,2008,Action,Electronic Arts,89.0,79,8.7,768,EA Redwood Shores,M,2000s,Other,4.382026634673881,6.645090969505644
XB,2005,Misc,Empire Interactive,74.0,16,7.5,27,Empire Oxford,T,2000s,Other,2.833213344056216,3.332204510175204
XB,2004,Action,Take-Two Interactive,74.0,37,7.9,19,Rockstar North,M,2000s,Other,3.6375861597263857,2.995732273553991
PC,2009,Role-Playing,DTP Entertainment,72.0,43,7.7,125,Larian Studios,M,2000s,Other,3.784189633918261,4.836281906951478
GBA,2004,Sports,"Destination Software, Inc",78.0,13,9.5,4,Inferno Games,T,2000s,Other,2.639057329615259,1.6094379124341005
X360,2009,Misc,Activision,76.0,52,5.0,30,Neversoft Entertainment,E10+,2000s,Other,3.970291913552122,3.4339872044851463
PS4,2016,Action,Bethesda Softworks,88.0,56,7.7,569,Arkane Studios,M,2010s,Other,4.04305126783455,6.345636360828596
X360,2007,Racing,Codemasters,83.0,59,7.4,94,Codemasters,E,2000s,Other,4.0943445622221,4.553876891600541
GC,2005,Action,THQ,67.0,7,6.6,7,Heavy Iron Studios,E10+,2000s,Other,2.079441541679836,2.079441541679836
PSP,2009,Platform,Sony Computer Entertainment,87.0,68,7.8,98,"SCE/WWS, Media Molecule",E10+,2000s,Other,4.23410650459726,4.59511985013459
GC,2005,Action,Vivendi Games,56.0,4,7.5,27,Eurocom Entertainment Software,E,2000s,Other,1.6094379124341005,3.332204510175204
X360,2012,Strategy,Take-Two Interactive,90.0,35,8.3,366,Firaxis Games,M,2010s,Other,3.58351893845611,5.905361848054571
XB,2004,Adventure,Ubisoft,71.0,7,8.7,6,Microids,T,2000s,Other,2.079441541679836,1.9459101490553128
PS2,2002,Action,Black Label Games,59.0,19,5.1,20,Surreal Software,T,2000s,Other,2.995732273553991,3.044522437723423
PC,2012,Action,Warner Bros. Interactive Entertainment,80.0,6,8.2,127,TT Games,E10+,2010s,Other,1.9459101490553128,4.852030263919617
DS,2005,Puzzle,Atari,65.0,24,7.5,27,Bullets,E,2000s,Other,3.218875824868201,3.332204510175204
PC,2012,Role-Playing,Electronic Arts,89.0,23,5.5,5926,BioWare,M,2010s,Other,3.1780538303479458,8.687273461787838
PS2,2001,Sports,Ubisoft,61.0,11,7.9,7,Krome Studios,E,2000s,Other,2.4849066497880004,2.079441541679836
PS3,2007,Sports,Electronic Arts,81.0,28,7.1,47,EA Canada,E,2000s,FIFA,3.367295829986474,3.8712010109078903
PS3,2009,Shooter,Activision,94.0,67,6.3,2073,Infinity Ward,M,2000s,Call of Duty,4.219507705176107,7.637234388789473
GC,2003,Platform,Nintendo,71.0,30,7.2,44,Treasure,E,2000s,Other,3.4339872044851463,3.80666248977032
XOne,2015,Shooter,Microsoft Game Studios,82.0,74,7.5,563,"Splash Damage, The Coalition",M,2010s,Other,4.31748811353631,6.335054251498059
XOne,2016,Shooter,Activision,91.0,18,5.6,668,Blizzard Entertainment,T,2010s,Other,2.9444389791664403,6.505784060128229
PSP,2005,Sports,Electronic Arts,77.0,17,7.7,20,EA Sports,E,2000s,FIFA,2.8903717578961645,3.044522437723423
PSP,2009,Role-Playing,Atlus,78.0,30,8.0,47,ITL,T,2000s,Other,3.4339872044851463,3.8712010109078903
Wii,2008,Action,D3Publisher,55.0,24,8.0,20,Tamsoft,M,2000s,Other,3.218875824868201,3.044522437723423
DS,2010,Role-Playing,Nintendo,79.0,63,8.1,86,Camelot Software Planning,E10+,2010s,Other,4.158883083359672,4.465908118654584
WiiU,2015,Platform,Nintendo,73.0,72,8.0,227,HAL Labs,E,2010s,Other,4.290459441148391,5.429345628954441
PS2,2001,Adventure,3DO,49.0,12,4.5,6,3DO,T,2000s,Other,2.5649493574615367,1.9459101490553128
GC,2002,Sports,Midway Games,80.0,10,7.5,4,Gratuitous Games,E,2000s,Other,2.3978952727983707,1.6094379124341005
GBA,2002,Sports,Acclaim Entertainment,49.0,11,7.5,27,DC Studios,E,2000s,Other,2.4849066497880004,3.332204510175204
X360,2009,Misc,Microsoft Game Studios,70.0,22,7.6,7,iNiS,T,2000s,Other,3.1354942159291497,2.079441541679836
PS,1997,Simulation,Sony Computer Entertainment,83.0,10,8.2,22,Namco,T,1990s,Other,2.3978952727983707,3.1354942159291497
X360,2010,Sports,Electronic Arts,68.0,21,5.4,9,EA Canada,E,2010s,Other,3.091042453358316,2.302585092994046
XB,2002,Racing,BAM! Entertainment,60.0,14,7.4,5,I-Imagine,T,2000s,Other,2.70805020110221,1.791759469228055
PC,2007,Strategy,Codemasters,51.0,8,3.8,29,Big Red Software,E10+,2000s,Other,2.19722457733622,3.4011973816621555
GBA,2004,Platform,THQ,79.0,30,8.4,34,Dimps Corporation,E,2000s,Other,3.4339872044851463,3.555348061489413
XOne,2016,Action,Introversion Software,74.0,13,6.7,7,"Introversion, Double Eleven",Unknown,2010s,Other,2.639057329615259,2.079441541679836
GBA,2005,Misc,Zoo Digital Publishing,52.0,6,7.5,27,Human Soft,E,2000s,Other,1.9459101490553128,3.332204510175204
PS3,2012,Action,Activision,77.0,32,8.2,87,High Moon Studios,T,2010s,Other,3.49650756146648,4.477336814478207
PSP,2007,Action,Activision,60.0,6,7.5,27,Raylight Studios,E,2000s,Other,1.9459101490553128,3.332204510175204
PC,2012,Sports,Konami Digital Entertainment,80.0,8,6.9,182,Konami,E,2010s,Other,2.19722457733622,5.209486152841421
PC,2003,Shooter,Gathering of Developers,74.0,22,8.7,76,Pterodon,T,2000s,Other,3.1354942159291497,4.343805421853684
XB,2004,Adventure,Electronic Arts,71.0,62,8.2,17,Namco,M,2000s,Other,4.143134726391533,2.8903717578961645
PSV,2013,Role-Playing,GungHo,59.0,13,6.0,72,Zerodiv,T,2010s,Other,2.639057329615259,4.290459441148391
PSP,2007,Puzzle,Atari,55.0,35,6.5,6,zSlide,T,2000s,Other,3.58351893845611,1.9459101490553128
PC,2008,Sports,Electronic Arts,77.0,15,6.8,36,EA Canada,E,2000s,FIFA,2.772588722239781,3.610917912644224
PS4,2014,Action,Warner Bros. Interactive Entertainment,72.0,47,6.6,88,TT Games,E10+,2010s,Other,3.8712010109078903,4.48863636973214
GBA,2003,Racing,THQ,73.0,9,7.5,27,Mobius Entertainment,E,2000s,Other,2.302585092994046,3.332204510175204
XOne,2016,Racing,Microsoft Game Studios,91.0,90,7.4,594,Playground Games,E,2010s,Other,4.51085950651685,6.38856140554563
3DS,2011,Racing,Ubisoft,48.0,13,5.0,20,Ubisoft,M,2010s,Other,2.639057329615259,3.044522437723423
PS2,2002,Action,Sony Computer Entertainment,59.0,17,7.8,4,High Voltage Software,E,2000s,Other,2.8903717578961645,1.6094379124341005
PS3,2011,Action,Ubisoft Annecy,70.0,17,7.9,35,Omega Force,T,2010s,Other,2.8903717578961645,3.58351893845611
GBA,2004,Racing,Zoo Digital Publishing,62.0,4,7.8,8,Pocketeers,E,2000s,Other,1.6094379124341005,2.19722457733622
XB,2003,Strategy,Activision,79.0,31,8.5,22,LucasArts,T,2000s,Other,3.4657359027997265,3.1354942159291497
Wii,2008,Misc,Electronic Arts,70.0,11,7.8,17,Electronic Arts,E,2000s,Other,2.4849066497880004,2.8903717578961645
PC,2008,Shooter,Activision,83.0,36,7.5,721,Treyarch,M,2000s,Call of Duty,3.610917912644224,6.582025138892826
X360,2011,Shooter,Activision,88.0,81,3.4,8713,"Infinity Ward, Sledgehammer Games",M,2010s,Call of Duty,4.406719247264253,9.072686206677387
GC,2005,Fighting,Midway Games,77.0,14,8.9,15,Midway,M,2000s,Other,2.70805020110221,2.772588722239781
GC,2002,Misc,Take-Two Interactive,79.0,23,6.9,11,Rockstar San Diego,T,2000s,Other,3.1780538303479458,2.4849066497880004
PS2,2002,Sports,Electronic Arts,80.0,23,7.6,5,EA Sports,E,2000s,Other,3.1780538303479458,1.791759469228055
X360,2009,Action,Konami Digital Entertainment,62.0,12,8.0,6,Loose Cannon Studios,E10+,2000s,Other,2.5649493574615367,1.9459101490553128
PS2,2006,Sports,Electronic Arts,70.0,6,7.8,27,EA Canada,E,2000s,Other,1.9459101490553128,3.332204510175204
PS3,2011,Sports,Electronic Arts,82.0,17,5.8,41,EA Sports,E,2010s,Other,2.8903717578961645,3.737669618283368
PS2,2002,Action,Tecmo Koei,67.0,7,8.6,14,Koei,T,2000s,Other,2.079441541679836,2.70805020110221
X360,2007,Misc,Microsoft Game Studios,49.0,47,5.2,31,Hudson Soft,E10+,2000s,Other,3.8712010109078903,3.4657359027997265
X360,2013,Sports,Take-Two Interactive,75.0,43,7.7,100,Yuke's,T,2010s,Other,3.784189633918261,4.61512051684126
DS,2004,Puzzle,Nintendo,70.0,35,8.9,9,Namco,E,2000s,Other,3.58351893845611,2.302585092994046
GBA,2002,Platform,THQ,71.0,4,7.7,7,Vicarious Visions,E,2000s,Other,1.6094379124341005,2.079441541679836
GC,2004,Action,THQ,49.0,6,7.5,27,Pacific Coast Power & Light,E,2000s,Other,1.9459101490553128,3.332204510175204
XB,2006,Racing,Empire Interactive,73.0,38,7.3,8,Bugbear,T,2000s,Other,3.6635616461296463,2.19722457733622
XOne,2015,Action,Konami Digital Entertainment,95.0,10,7.3,900,"Kojima Productions, Moby Dick Studio",M,2010s,Other,2.3978952727983707,6.803505257608338
DS,2007,Sports,Electronic Arts,71.0,11,7.5,27,Exient Entertainment,E,2000s,Madden,2.4849066497880004,3.332204510175204
XB,2003,Sports,Microsoft Game Studios,65.0,39,8.8,20,Microsoft Game Studios,E,2000s,Other,3.688879454113936,3.044522437723423
Wii,2009,Misc,MTV Games,89.0,25,8.9,43,Harmonix Music Systems,T,2000s,Other,3.258096538021482,3.784189633918261
3DS,2011,Fighting,Deep Silver,58.0,16,5.9,28,Papaya Studios,E10+,2010s,Other,2.833213344056216,3.367295829986474
DS,2007,Puzzle,Jaleco,73.0,17,4.2,5,Jaleco Entertainment,E,2000s,Other,2.8903717578961645,1.791759469228055
GBA,2003,Role-Playing,Nintendo,72.0,31,8.3,25,Brownie Brown,E,2000s,Other,3.4657359027997265,3.258096538021482
PS2,2008,Misc,Konami Digital Entertainment,76.0,4,7.5,27,Blitz Games,E,2000s,Other,1.6094379124341005,3.332204510175204
PS3,2007,Sports,Electronic Arts,67.0,15,3.8,4,EA Canada,E,2000s,Other,2.772588722239781,1.6094379124341005
PS4,2016,Action,Nordic Games,79.0,9,8.5,15,Nordic Games Publishing,M,2010s,Other,2.302585092994046,2.772588722239781
PS2,2009,Platform,Sony Computer Entertainment,72.0,8,4.6,32,High Impact Games,E10+,2000s,Other,2.19722457733622,3.49650756146648
PC,2015,Action,Konami Digital Entertainment,91.0,13,7.7,1963,Kojima Productions,M,2010s,Other,2.639057329615259,7.582738488914411
PS,1999,Role-Playing,Square EA,80.0,14,8.1,28,SquareSoft,T,1990s,Final Fantasy,2.70805020110221,3.367295829986474
GBA,2003,Platform,Nintendo,78.0,26,8.9,53,Rare Ltd.,E,2000s,Other,3.295836866004329,3.9889840465642745
PSP,2007,Misc,Sony Computer Entertainment,86.0,60,8.7,102,SCE Japan Studio,E,2000s,Other,4.110873864173311,4.634728988229636
GC,2003,Racing,Capcom,62.0,7,7.5,27,Capcom,E,2000s,Other,2.079441541679836,3.332204510175204
XB,2003,Shooter,Electronic Arts,82.0,23,8.2,23,Io Interactive,T,2000s,Other,3.1780538303479458,3.1780538303479458
XB,2005,Action,Eidos Interactive,79.0,44,7.0,10,Crystal Dynamics,T,2000s,Other,3.80666248977032,2.3978952727983707
X360,2009,Action,Activision,71.0,41,7.4,25,Traveller's Tales,E10+,2000s,Other,3.737669618283368,3.258096538021482
GC,2003,Action,Capcom,62.0,14,8.3,44,Capcom,M,2000s,Other,2.70805020110221,3.80666248977032
PS,1997,Shooter,Sony Computer Entertainment,76.0,11,7.5,27,Alfa System,T,1990s,Other,2.4849066497880004,3.332204510175204
Wii,2010,Sports,Take-Two Interactive,53.0,4,7.5,27,Visual Concepts,E,2010s,Other,1.6094379124341005,3.332204510175204
X360,2010,Misc,Electronic Arts,66.0,18,6.6,16,Electronic Arts,E,2010s,Other,2.9444389791664403,2.833213344056216
DS,2007,Strategy,LucasArts,59.0,6,6.2,5,DC Studios,E,2000s,Other,1.9459101490553128,1.791759469228055
PS,1997,Platform,GT Interactive,85.0,10,9.0,96,Oddworld Inhabitants,T,1990s,Other,2.3978952727983707,4.574710978503383
PC,2009,Strategy,Sega,90.0,62,6.9,2981,Creative Assembly,T,2000s,Other,4.143134726391533,8.000349495324684
Wii,2006,Shooter,Ubisoft,63.0,54,6.8,121,Ubisoft Paris,T,2000s,Other,4.007333185232471,4.804021044733257
GBA,2006,Platform,Konami Digital Entertainment,86.0,4,8.4,12,KCET,T,2000s,Other,1.6094379124341005,2.5649493574615367
X360,2006,Action,Eidos Interactive,82.0,53,8.7,102,Io Interactive,M,2000s,Other,3.9889840465642745,4.634728988229636
GC,2003,Action,Electronic Arts,62.0,11,8.3,6,Warthog,E,2000s,Other,2.4849066497880004,1.9459101490553128
DS,2010,Action,Level 5,34.0,4,7.5,27,Teyon,T,2010s,Other,1.6094379124341005,3.332204510175204
PS,2000,Action,Take-Two Interactive,51.0,8,7.5,27,Vingt-et-un Systems,E,2000s,Other,2.19722457733622,3.332204510175204
XB,2006,Misc,Myelin Media,61.0,20,7.5,27,5000ft,T,2000s,Other,3.044522437723423,3.332204510175204
DS,2007,Racing,Nintendo,63.0,39,7.5,27,Rare Ltd.,E,2000s,Other,3.688879454113936,3.332204510175204
DS,2007,Puzzle,Eidos Interactive,73.0,21,7.5,27,Game Sauce,E,2000s,Other,3.091042453358316,3.332204510175204
XOne,2016,Platform,Activision,78.0,14,6.0,8,Toys for Bob,E10+,2010s,Other,2.70805020110221,2.19722457733622
PS4,2016,Strategy,Take-Two Interactive,88.0,28,8.0,116,Firaxis Games,T,2010s,Other,3.367295829986474,4.762173934797756
XB,2004,Strategy,Deep Silver,81.0,50,7.9,31,Phantagram,M,2000s,Other,3.9318256327243257,3.4657359027997265
X360,2009,Misc,MTV Games,89.0,76,8.6,127,Harmonix Music Systems,T,2000s,Other,4.343805421853684,4.852030263919617
PS3,2011,Action,Electronic Arts,82.0,52,4.3,1197,BioWare,M,2010s,Other,3.970291913552122,7.088408778675395
PS3,2011,Shooter,Codemasters,50.0,40,3.5,28,Guildford Studio,M,2010s,Other,3.713572066704308,3.367295829986474
X360,2007,Misc,Microsoft Game Studios,56.0,42,6.2,18,Krome Studios,E,2000s,Other,3.7612001156935615,2.9444389791664403
GBA,2003,Role-Playing,Nintendo,76.0,29,8.1,24,Namco,E10+,2000s,Other,3.4011973816621555,3.218875824868201
PS,2000,Platform,Activision,54.0,10,5.3,4,Traveller's Tales,E,2000s,Other,2.3978952727983707,1.6094379124341005
PC,2012,Shooter,Take-Two Interactive,87.0,30,7.6,2202,Rockstar Studios,M,2010s,Other,3.4339872044851463,7.697575346802343
PSP,2008,Action,Sega,44.0,7,6.5,16,Artificial Mind and Movement,T,2000s,Other,2.079441541679836,2.833213344056216
Wii,2011,Misc,Ubisoft,74.0,15,7.8,16,Ubisoft,E10+,2010s,Other,2.772588722239781,2.833213344056216
PS2,2002,Action,3DO,27.0,10,3.8,19,3DO,T,2000s,Other,2.3978952727983707,2.995732273553991
X360,2011,Misc,Warner Bros. Interactive Entertainment,79.0,26,6.9,22,Double Fine Productions,E,2010s,Other,3.295836866004329,3.1354942159291497
PS3,2011,Shooter,THQ,70.0,60,5.7,174,Kaos Studios,M,2010s,Other,4.110873864173311,5.1647859739235145
PS4,2016,Action,Warner Bros. Interactive Entertainment,71.0,70,7.0,87,TT Games,E10+,2010s,Other,4.262679877041316,4.477336814478207
GC,2002,Action,Atari,33.0,6,7.5,18,Takara,E,2000s,Other,1.9459101490553128,2.9444389791664403
GBA,2001,Role-Playing,Nintendo,88.0,20,9.1,26,Quest,E,2000s,Other,3.044522437723423,3.295836866004329
GBA,2003,Racing,Zoo Digital Publishing,78.0,15,9.3,23,Magic Pockets,T,2000s,Other,2.772588722239781,3.1780538303479458
Wii,2009,Fighting,Nintendo,74.0,23,8.1,21,8ing/Raizing,T,2000s,Other,3.1780538303479458,3.091042453358316
XB,2004,Simulation,Microsoft Game Studios,81.0,66,7.5,23,Day 1 Studios,T,2000s,Other,4.204692619390966,3.1780538303479458
GBA,2002,Platform,Namco Bandai Games,78.0,20,9.3,6,Namco,E,2000s,Other,3.044522437723423,1.9459101490553128
Wii,2008,Action,Tecmo Koei,42.0,16,4.5,6,EKO Software,E10+,2000s,Other,2.833213344056216,1.9459101490553128
Wii,2009,Action,LucasArts,48.0,10,6.4,5,Krome Studios,T,2000s,Other,2.3978952727983707,1.791759469228055
PS3,2010,Racing,Capcom,70.0,42,5.4,28,Monumental Games,E,2010s,Other,3.7612001156935615,3.367295829986474
PSP,2011,Adventure,5pb,67.0,23,8.2,50,5pb,M,2010s,Other,3.1780538303479458,3.9318256327243257
Wii,2011,Racing,Activision,42.0,5,3.1,9,Eutechnyx,E,2010s,Other,1.791759469228055,2.302585092994046
PS3,2013,Action,Warner Bros. Interactive Entertainment,76.0,46,7.7,668,WB Games Montreal,T,2010s,Other,3.8501476017100575,6.505784060128229
GC,2005,Fighting,Konami Digital Entertainment,44.0,16,2.8,4,Konami Computer Entertainment Hawaii,T,2000s,Other,2.833213344056216,1.6094379124341005
DS,2007,Misc,Ubisoft,56.0,13,6.1,8,Ubisoft Bulgaria,E,2000s,Other,2.639057329615259,2.19722457733622
GC,2002,Action,Universal Interactive,49.0,7,7.5,27,Point of View,T,2000s,Other,2.079441541679836,3.332204510175204
Wii,2012,Misc,Ubisoft,74.0,10,7.3,28,Ubisoft,E10+,2010s,Other,2.3978952727983707,3.367295829986474
XOne,2014,Racing,Microsoft Game Studios,86.0,85,8.2,977,Playground Games,E10+,2010s,Other,4.454347296253507,6.885509670034818
X360,2010,Shooter,Activision,87.0,89,6.3,1454,Treyarch,M,2010s,Call of Duty,4.499809670330265,7.282761179605593
Wii,2009,Puzzle,Zoo Games,75.0,13,8.5,6,Empty Clip Studios,E,2000s,Other,2.639057329615259,1.9459101490553128
DS,2007,Platform,Sega,78.0,32,8.2,66,Dimps Corporation,E,2000s,Other,3.49650756146648,4.204692619390966
XB,2002,Action,Namco Bandai Games,66.0,7,7.5,27,Namco,E,2000s,Other,2.079441541679836,3.332204510175204
PC,2009,Role-Playing,Deep Silver,77.0,32,8.1,676,Piranha Bytes,M,2000s,Other,3.49650756146648,6.517671272912275
PS3,2009,Sports,Electronic Arts,91.0,56,7.6,203,EA Sports,E,2000s,FIFA,4.04305126783455,5.318119993844216
PS3,2014,Sports,Tru Blu Entertainment,73.0,5,6.9,55,Big Ant Studios,E,2010s,Other,1.791759469228055,4.02535169073515
PS3,2007,Action,Ubisoft,51.0,18,5.2,17,Ubisoft,M,2000s,Other,2.9444389791664403,2.8903717578961645
X360,2012,Shooter,Ubisoft,79.0,75,7.2,334,Ubisoft Paris,M,2010s,Other,4.330733340286331,5.814130531825066
GC,2003,Shooter,Vivendi Games,83.0,30,9.3,19,Swingin' Ape,T,2000s,Other,3.4339872044851463,2.995732273553991
XB,2005,Shooter,Electronic Arts,83.0,54,8.9,35,Free Radical Design,M,2000s,Other,4.007333185232471,3.58351893845611
WiiU,2012,Sports,Ubisoft,31.0,13,2.7,18,Ubisoft,E,2010s,Other,2.639057329615259,2.9444389791664403
PS3,2010,Sports,Konami Digital Entertainment,77.0,40,6.8,85,Konami,E,2010s,Other,3.713572066704308,4.454347296253507
PC,2011,Strategy,Unknown,60.0,12,7.2,13,SimBin,E10+,2010s,Other,2.5649493574615367,2.639057329615259
PS3,2008,Action,THQ,82.0,50,7.9,135,Volition Inc.,M,2000s,Other,3.9318256327243257,4.912654885736052
PC,2009,Action,Codemasters,79.0,32,8.1,159,Triumph Studios,T,2000s,Other,3.49650756146648,5.075173815233827
PS2,2007,Sports,Sony Computer Entertainment,83.0,25,8.6,19,SCEA,E,2000s,Other,3.258096538021482,2.995732273553991
XB,2001,Shooter,Konami Digital Entertainment,61.0,21,7.1,7,KCE Studios,E,2000s,Other,3.091042453358316,2.079441541679836
GC,2003,Racing,Vivendi Games,66.0,10,7.4,8,Vicarious Visions,E,2000s,Other,2.3978952727983707,2.19722457733622
Wii,2008,Role-Playing,Rising Star Games,50.0,22,8.1,24,Sting,T,2000s,Other,3.1354942159291497,3.218875824868201
X360,2011,Shooter,Electronic Arts,84.0,57,7.4,2142,EA DICE,M,2010s,Other,4.060443010546419,7.669961995473577
PS3,2008,Racing,Take-Two Interactive,82.0,50,8.2,100,Rockstar San Diego,T,2000s,Other,3.9318256327243257,4.61512051684126
XOne,2016,Sports,Electronic Arts,83.0,30,5.9,39,EA Sports,E,2010s,Madden,3.4339872044851463,3.688879454113936
PS3,2013,Misc,Ubisoft,77.0,6,7.1,25,Ubisoft,E10+,2010s,Other,1.9459101490553128,3.258096538021482
Wii,2007,Misc,Ubisoft,68.0,8,7.5,27,Ubisoft,E,2000s,Other,2.19722457733622,3.332204510175204
DS,2008,Simulation,Destineer,49.0,10,7.5,27,Big John Games,E10+,2000s,Other,2.3978952727983707,3.332204510175204
PS3,2012,Fighting,Namco Bandai Games,74.0,23,7.1,83,"CyberConnect2, Racjin",T,2010s,Other,3.1780538303479458,4.430816798843313
GBA,2002,Puzzle,Acclaim Entertainment,71.0,11,7.5,27,PuzzleKings,E,2000s,Other,2.4849066497880004,3.332204510175204
PS2,2004,Fighting,Atari,77.0,32,8.9,137,Dimps Corporation,T,2000s,Other,3.49650756146648,4.927253685157205
PS,2001,Action,Electronic Arts,64.0,11,7.5,41,Argonaut Games,E,2000s,Other,2.4849066497880004,3.737669618283368
Wii,2007,Sports,Nintendo,80.0,63,7.7,146,Nintendo,E,2000s,Other,4.158883083359672,4.990432586778736
X360,2008,Action,Activision,77.0,60,7.5,66,Traveller's Tales,E10+,2000s,Other,4.110873864173311,4.204692619390966
PS4,2013,Misc,Ubisoft,75.0,4,5.5,51,Ubisoft,E10+,2010s,Other,1.6094379124341005,3.951243718581428
PSP,2009,Sports,Konami Digital Entertainment,72.0,9,4.6,5,Konami,E,2000s,Other,2.302585092994046,1.791759469228055
GC,2003,Misc,Nintendo,76.0,55,8.3,21,Namco,E,2000s,Other,4.02535169073515,3.091042453358316
PS2,2006,Platform,Vivendi Games,68.0,19,8.0,6,Eurocom Entertainment Software,E10+,2000s,Other,2.995732273553991,1.9459101490553128
Wii,2006,Racing,Nintendo,72.0,57,8.4,83,Monster Games Inc.,E,2000s,Other,4.060443010546419,4.430816798843313
PC,2011,Action,Bethesda Softworks,61.0,21,6.6,127,InXile Entertainment,M,2010s,Other,3.091042453358316,4.852030263919617
GC,2003,Sports,Nintendo,81.0,49,8.0,56,Camelot Software Planning,E,2000s,Mario,3.912023005428146,4.04305126783455
GBA,2003,Misc,Telegames,80.0,9,8.3,7,Cosmigo,E,2000s,Other,2.302585092994046,2.079441541679836
XB,2003,Racing,Microsoft Game Studios,76.0,41,8.3,30,Digital Illusions,E,2000s,Other,3.737669618283368,3.4339872044851463
WiiU,2013,Platform,Activision,89.0,7,6.0,96,Vicarious Visions,E10+,2010s,Other,2.079441541679836,4.574710978503383
GBA,2003,Racing,THQ,75.0,10,7.5,27,Tantalus Interactive,E,2000s,Other,2.3978952727983707,3.332204510175204
PS2,2003,Strategy,Tecmo Koei,78.0,18,9.1,13,Koei,T,2000s,Other,2.9444389791664403,2.639057329615259
PS3,2011,Role-Playing,Nippon Ichi Software,80.0,39,7.8,126,Nippon Ichi Software,T,2010s,Other,3.688879454113936,4.844187086458591
PSP,2005,Racing,Take-Two Interactive,74.0,34,8.4,31,Rockstar Leeds,E10+,2000s,Other,3.555348061489413,3.4657359027997265
PC,2002,Strategy,Atari,74.0,22,8.5,135,Chris Sawyer,E,2000s,Other,3.1354942159291497,4.912654885736052
PC,2008,Adventure,Kalypso Media,69.0,25,7.0,21,Legacy Interactive,T,2000s,Other,3.258096538021482,3.091042453358316
XB,2005,Shooter,Zoo Digital Publishing,44.0,9,8.5,4,Direct Action Games,M,2000s,Other,2.302585092994046,1.6094379124341005
DS,2009,Misc,Activision,70.0,30,6.3,7,Activision,E10+,2000s,Other,3.4339872044851463,2.079441541679836
PS,1999,Adventure,Namco Bandai Games,41.0,6,7.5,27,K2 LLC,M,1990s,Other,1.9459101490553128,3.332204510175204
X360,2009,Shooter,Eidos Interactive,30.0,21,5.9,33,Rebellion,M,2000s,Other,3.091042453358316,3.5263605246161616
3DS,2013,Action,Namco Bandai Games,75.0,5,7.6,26,Ganbarion,T,2010s,Other,1.791759469228055,3.295836866004329
DS,2008,Adventure,Konami Digital Entertainment,75.0,15,8.3,4,Konami,E,2000s,Other,2.772588722239781,1.6094379124341005
3DS,2012,Adventure,Rising Star Games,88.0,15,8.8,188,ChunSoft,M,2010s,Other,2.772588722239781,5.241747015059643
PSP,2008,Fighting,Irem Software Engineering,54.0,14,6.3,8,Irem,E10+,2000s,Other,2.70805020110221,2.19722457733622
GC,2006,Platform,Vivendi Games,67.0,13,7.3,11,Krome Studios,E10+,2000s,Other,2.639057329615259,2.4849066497880004
X360,2007,Sports,Konami Digital Entertainment,76.0,29,7.8,36,Konami,E,2000s,Other,3.4011973816621555,3.610917912644224
PSP,2005,Action,Activision,67.0,43,6.9,8,Vicarious Visions,T,2000s,Other,3.784189633918261,2.19722457733622
DS,2007,Shooter,Vivendi Games,79.0,36,7.9,26,Kuju Entertainment,E,2000s,Other,3.610917912644224,3.295836866004329
XB,2005,Platform,Disney Interactive Studios,68.0,15,7.5,27,Avalanche Software,E10+,2000s,Other,2.772588722239781,3.332204510175204
PS4,2014,Adventure,Telltale Games,83.0,6,8.4,259,Telltale Games,M,2010s,Other,1.9459101490553128,5.560681631015528
PS2,2002,Sports,Electronic Arts,72.0,10,8.3,7,T&E Soft,E,2000s,Other,2.3978952727983707,2.079441541679836
PSP,2006,Puzzle,Konami Digital Entertainment,73.0,30,7.0,7,Hudson,E,2000s,Other,3.4339872044851463,2.079441541679836
PC,2011,Action,Namco Bandai Games,88.0,76,8.5,4378,CD Projekt Red Studio,M,2010s,Other,4.343805421853684,8.384575666801398
PC,2009,Role-Playing,1C Company,82.0,25,8.6,158,Katauri Interactive,T,2000s,Other,3.258096538021482,5.068904202220232
PC,2007,Racing,Atari,79.0,18,8.1,124,Eden Studios,T,2000s,Other,2.9444389791664403,4.8283137373023015
PC,2004,Shooter,Vivendi Games,88.0,9,8.9,9851,Valve Software,M,2000s,Other,2.302585092994046,9.195429759240428
XB,2004,Fighting,Capcom,79.0,33,6.4,9,Capcom,T,2000s,Other,3.5263605246161616,2.302585092994046
X360,2013,Shooter,Electronic Arts,79.0,21,5.6,542,EA DICE,M,2010s,Other,3.091042453358316,6.297109319933935
PS2,2001,Shooter,Codemasters,59.0,14,6.8,17,Pipe Dream Interactive,M,2000s,Other,2.70805020110221,2.8903717578961645
PS2,2002,Racing,BAM! Entertainment,59.0,14,9.0,17,Spike,E,2000s,Other,2.70805020110221,2.8903717578961645
PS2,2003,Action,SCi,57.0,19,8.0,21,Pivotal Games,T,2000s,Other,2.995732273553991,3.091042453358316
PSV,2013,Action,Screenlife,85.0,17,7.8,112,Engine Software,T,2010s,Other,2.8903717578961645,4.727387818712341
Wii,2008,Puzzle,Electronic Arts,63.0,12,7.5,11,EA Bright Light,E,2000s,Other,2.5649493574615367,2.4849066497880004
XB,2004,Sports,Electronic Arts,88.0,26,8.9,14,EA Sports,E,2000s,Other,3.295836866004329,2.70805020110221
GC,2004,Puzzle,Sega,72.0,18,7.5,27,Sonic Team,E,2000s,Other,2.9444389791664403,3.332204510175204
PS2,2006,Sports,Midway Games,69.0,19,8.5,8,Midway,E,2000s,Other,2.995732273553991,2.19722457733622
XB,2003,Action,Atari,35.0,24,2.0,10,Black Ops Entertainment,T,2000s,Other,3.218875824868201,2.3978952727983707
PS2,2003,Simulation,Konami Digital Entertainment,75.0,13,8.9,21,Blue Tongue Entertainment,T,2000s,Other,2.639057329615259,3.091042453358316
PS3,2010,Action,LucasArts,63.0,41,6.8,121,LucasArts,T,2010s,Other,3.737669618283368,4.804021044733257
PS2,2004,Strategy,Tecmo Koei,73.0,26,8.1,20,Koei,T,2000s,Other,3.295836866004329,3.044522437723423
PSP,2005,Racing,SouthPeak Games,63.0,32,7.8,16,Climax Group,E,2000s,Other,3.49650756146648,2.833213344056216
XB,2002,Fighting,Midway Games,81.0,27,8.4,24,Midway,M,2000s,Other,3.332204510175204,3.218875824868201
XB,2005,Action,Disney Interactive Studios,72.0,31,6.0,6,Traveller's Tales,T,2000s,Other,3.4657359027997265,1.9459101490553128
X360,2007,Sports,Activision Value,51.0,5,7.5,27,FUN Labs,T,2000s,Other,1.791759469228055,3.332204510175204
PS2,2001,Racing,Infogrames,81.0,14,7.5,27,Monster Games Inc.,E,2000s,Other,2.70805020110221,3.332204510175204
GC,2004,Misc,Mad Catz,42.0,8,6.8,9,Mad Catz,E,2000s,Other,2.19722457733622,2.302585092994046
PS2,2002,Sports,Crave Entertainment,58.0,9,7.0,5,Papaya Studios,E,2000s,Other,2.302585092994046,1.791759469228055
PSP,2006,Shooter,Activision,63.0,36,7.0,12,Rebellion,M,2000s,Other,3.610917912644224,2.5649493574615367
PS2,2002,Fighting,Sega,94.0,36,8.0,84,Sega AM2,T,2000s,Other,3.610917912644224,4.442651256490317
PS2,2002,Fighting,Ubisoft,68.0,19,8.0,8,Opus,T,2000s,Other,2.995732273553991,2.19722457733622
XB,2003,Shooter,Titus,30.0,9,3.6,12,Titus Software,M,2000s,Other,2.302585092994046,2.5649493574615367
XB,2005,Fighting,Atari,51.0,11,6.1,8,Avalanche Software,T,2000s,Other,2.4849066497880004,2.19722457733622
PS2,2003,Shooter,Electronic Arts,68.0,30,7.6,100,EA LA,T,2000s,Other,3.4339872044851463,4.61512051684126
PS3,2011,Shooter,Square Enix,44.0,31,1.7,46,FeelPlus,M,2010s,Other,3.4657359027997265,3.8501476017100575
PC,2014,Sports,Konami Digital Entertainment,82.0,8,5.8,173,Konami,Unknown,2010s,Other,2.19722457733622,5.159055299214529
PS3,2009,Action,Tecmo Koei,62.0,22,7.0,26,Omega Force,T,2000s,Other,3.1354942159291497,3.295836866004329
WiiU,2013,Fighting,Tecmo Koei,40.0,4,5.8,18,Koei,M,2010s,Other,1.6094379124341005,2.9444389791664403
PS2,2004,Shooter,LucasArts,82.0,36,8.7,142,Pandemic Studios,T,2000s,Other,3.610917912644224,4.962844630259907
PS2,2003,Action,Konami Digital Entertainment,79.0,45,8.4,74,KCET,M,2000s,Other,3.828641396489095,4.31748811353631
PC,2015,Strategy,Kalypso Media,63.0,11,5.4,52,Gaming Minds Studios,T,2010s,Other,2.4849066497880004,3.970291913552122
PS2,2005,Shooter,Capcom,45.0,25,6.5,8,CiRCLE,M,2000s,Other,3.258096538021482,2.19722457733622
Wii,2009,Sports,Hudson Soft,49.0,7,7.5,27,CAProduction,E,2000s,Other,2.079441541679836,3.332204510175204
PS2,2003,Fighting,THQ,73.0,19,8.6,7,Anchor,M,2000s,Other,2.995732273553991,2.079441541679836
WiiU,2014,Action,Nintendo,67.0,58,7.6,226,Koei Tecmo Games,M,2010s,Other,4.07753744390572,5.424950017481403
XOne,2015,Role-Playing,Deep Silver,77.0,13,7.1,56,InXile Entertainment,M,2010s,Other,2.639057329615259,4.04305126783455
PC,2013,Shooter,Bohemia Interactive,74.0,38,7.4,866,Bohemia Interactive,M,2010s,Other,3.6635616461296463,6.765038976780541
PS2,2004,Racing,Atari,73.0,34,9.1,23,Monster Games Inc.,T,2000s,Other,3.555348061489413,3.1780538303479458
GBA,2002,Misc,Sega,79.0,20,7.5,27,Sega,T,2000s,Other,3.044522437723423,3.332204510175204
DS,2008,Simulation,Electronic Arts,58.0,9,7.5,27,TOSE,E,2000s,Other,2.302585092994046,3.332204510175204
Wii,2009,Adventure,The Adventure Company,50.0,5,7.5,27,XPEC Entertainment Inc.,E10+,2000s,Other,1.791759469228055,3.332204510175204
PSP,2010,Action,Sony Computer Entertainment,74.0,33,8.7,25,SuperVillain Studios,T,2010s,Other,3.5263605246161616,3.258096538021482
PS3,2013,Shooter,Take-Two Interactive,94.0,27,8.5,1863,Irrational Games,M,2010s,Other,3.332204510175204,7.530479995245536
XB,2003,Simulation,Microsoft Game Studios,88.0,49,8.8,45,FASA Studio,T,2000s,Other,3.912023005428146,3.828641396489095
GC,2002,Fighting,Capcom,68.0,20,8.9,27,Capcom,T,2000s,Other,3.044522437723423,3.332204510175204
Wii,2009,Puzzle,Zoo Digital Publishing,63.0,11,7.5,27,Infinite Interactive,E,2000s,Other,2.4849066497880004,3.332204510175204
DS,2006,Action,Activision,50.0,17,7.8,6,Amaze Entertainment,E10+,2000s,Other,2.8903717578961645,1.9459101490553128
XB,2005,Platform,Microsoft Game Studios,62.0,21,6.2,6,Tiwak,E,2000s,Other,3.091042453358316,1.9459101490553128
PSP,2007,Action,THQ,64.0,7,7.1,7,Locomotive Games,E,2000s,Other,2.079441541679836,2.079441541679836
DS,2008,Fighting,THQ,58.0,15,7.8,6,TOSE,T,2000s,Other,2.772588722239781,1.9459101490553128
Wii,2009,Racing,Bethesda Softworks,37.0,14,3.8,11,Awesome Play Ltd.,E,2000s,Other,2.70805020110221,2.4849066497880004
X360,2008,Fighting,Atari,72.0,50,7.6,41,"Dimps Corporation, Namco Bandai Games",T,2000s,Other,3.9318256327243257,3.737669618283368
PC,2010,Sports,Sega,85.0,23,8.4,77,Sports Interactive,E,2010s,Other,3.1780538303479458,4.356708826689592
PSV,2011,Racing,Namco Bandai Games,44.0,39,3.7,59,"Namco Bandai Games, Cellius",E10+,2010s,Other,3.688879454113936,4.0943445622221
PS2,2002,Simulation,Metro 3D,71.0,14,7.5,27,Racjin,T,2000s,Other,2.70805020110221,3.332204510175204
GC,2003,Action,Ubisoft,92.0,33,8.4,41,Ubisoft,T,2000s,Other,3.5263605246161616,3.737669618283368
Wii,2009,Racing,Codemasters,51.0,10,5.5,22,Codemasters,E10+,2000s,Other,2.3978952727983707,3.1354942159291497
Wii,2008,Misc,SouthPeak Games,54.0,8,7.6,7,TopWare Interactive,E10+,2000s,Other,2.19722457733622,2.079441541679836
PS2,2004,Platform,Activision,63.0,25,5.7,12,Adrenium,E,2000s,Other,3.258096538021482,2.5649493574615367
GC,2003,Sports,Activision,76.0,18,7.6,5,Toys for Bob,E,2000s,Other,2.9444389791664403,1.791759469228055
XOne,2016,Platform,Electronic Arts,72.0,46,4.4,266,EA DICE,T,2010s,Other,3.8501476017100575,5.58724865840025
PS,2001,Racing,Activision,54.0,16,6.3,4,UDS,T,2000s,Other,2.833213344056216,1.6094379124341005
PS4,2015,Racing,Codemasters,65.0,46,6.3,43,Codemasters,E,2010s,Other,3.8501476017100575,3.784189633918261
X360,2009,Sports,Electronic Arts,90.0,63,7.5,133,EA Sports,E,2000s,FIFA,4.158883083359672,4.897839799950911
PC,2011,Simulation,Electronic Arts,70.0,22,3.6,81,The Sims Studio,T,2010s,Other,3.1354942159291497,4.406719247264253
Wii,2007,Role-Playing,Square Enix,76.0,34,8.0,20,h.a.n.d. Inc.,E10+,2000s,Final Fantasy,3.555348061489413,3.044522437723423
GBA,2002,Action,Ubisoft,63.0,5,2.8,6,Ubisoft,E,2000s,Other,1.791759469228055,1.9459101490553128
PS2,2001,Misc,Sony Computer Entertainment,67.0,26,6.6,26,NanaOn-Sha,E,2000s,Other,3.295836866004329,3.295836866004329
PC,2009,Racing,Codemasters,67.0,16,6.7,86,Asobo Studio,E,2000s,Other,2.833213344056216,4.465908118654584
GC,2005,Misc,Namco Bandai Games,60.0,23,7.5,27,Backbone Vancouver,E10+,2000s,Other,3.1780538303479458,3.332204510175204
PS3,2011,Role-Playing,Namco Bandai Games,85.0,89,8.6,984,Level 5,E10+,2010s,Other,4.499809670330265,6.892641641172089
DS,2007,Action,Electronic Arts,51.0,15,4.9,19,Visual Impact,E,2000s,Other,2.772588722239781,2.995732273553991
GBA,2003,Platform,TDK Mediactive,49.0,10,6.2,5,Pocket Studios,E,2000s,Other,2.3978952727983707,1.791759469228055
PS3,2010,Action,Capcom,61.0,37,7.9,29,Capcom,T,2010s,Other,3.6375861597263857,3.4011973816621555
X360,2006,Racing,THQ,65.0,16,6.1,8,Rainbow Studios,E,2000s,Other,2.833213344056216,2.19722457733622
X360,2008,Misc,Microsoft Game Studios,71.0,43,7.4,34,iNiS,T,2000s,Other,3.784189633918261,3.555348061489413
GC,2002,Adventure,Nintendo,71.0,12,8.5,21,Nintendo,E,2000s,Other,2.5649493574615367,3.091042453358316
PS2,2003,Strategy,Electronic Arts,66.0,17,8.4,30,Zono Inc.,T,2000s,Other,2.8903717578961645,3.4339872044851463
PC,2014,Simulation,Electronic Arts,70.0,74,3.9,2057,Maxis,T,2010s,Other,4.31748811353631,7.629489916393995
PSP,2007,Action,Ubisoft,44.0,4,5.4,7,Virtuos,M,2000s,Other,1.6094379124341005,2.079441541679836
PSP,2006,Misc,Capcom,75.0,27,7.5,27,"Capcom, Klein Computer Entertainment",T,2000s,Other,3.332204510175204,3.332204510175204
PS2,2005,Action,THQ,68.0,44,8.2,56,Volition Inc.,M,2000s,Other,3.80666248977032,4.04305126783455
DS,2009,Puzzle,Electronic Arts,82.0,46,8.0,38,EA Tiburon,E,2000s,Other,3.8501476017100575,3.6635616461296463
X360,2012,Racing,Codemasters,75.0,53,6.4,53,Codemasters,E10+,2010s,Other,3.9889840465642745,3.9889840465642745
PSP,2005,Racing,Sony Computer Entertainment,67.0,18,7.8,19,Traveller's Tales,E,2000s,Other,2.9444389791664403,2.995732273553991
XB,2003,Strategy,Sega,69.0,20,8.4,10,Team 17,T,2000s,Other,3.044522437723423,2.3978952727983707
PC,2008,Puzzle,2D Boy,90.0,26,8.5,607,2D Boy,E,2000s,Other,3.295836866004329,6.410174881966167
PS2,2007,Sports,Take-Two Interactive,72.0,7,6.0,9,Visual Concepts,E,2000s,Other,2.079441541679836,2.302585092994046
X360,2007,Simulation,Atari,80.0,54,7.9,101,Project Aces,T,2000s,Other,4.007333185232471,4.624972813284271
PC,2010,Simulation,Focus Home Interactive,70.0,17,5.7,39,Monte Cristo Multimedia,E,2010s,Other,2.8903717578961645,3.688879454113936
GC,2001,Sports,Acclaim Entertainment,66.0,17,5.6,9,Acclaim,E,2000s,Other,2.8903717578961645,2.302585092994046
PS3,2010,Strategy,Ubisoft,76.0,37,7.3,50,Eugen Systems,T,2010s,Other,3.6375861597263857,3.9318256327243257
PSP,2010,Fighting,THQ,74.0,27,7.0,13,Yuke's,T,2010s,Other,3.332204510175204,2.639057329615259
PSP,2005,Sports,Electronic Arts,75.0,25,8.5,15,EA Canada,E,2000s,Other,3.258096538021482,2.772588722239781
XOne,2015,Adventure,Square Enix,86.0,102,8.0,1288,Crystal Dynamics,M,2010s,Other,4.634728988229636,7.161622002939187
PC,2010,Action,THQ,83.0,18,7.8,603,Vigil Games,M,2010s,Other,2.9444389791664403,6.403574197934815
GBA,2002,Shooter,Ubisoft,69.0,8,7.5,27,Red Storm Entertainment,T,2000s,Other,2.19722457733622,3.332204510175204
X360,2005,Sports,Electronic Arts,62.0,39,6.0,34,EA Canada,E,2000s,FIFA,3.688879454113936,3.555348061489413
PS2,2007,Role-Playing,Rising Star Games,60.0,6,8.8,44,Sting,T,2000s,Other,1.9459101490553128,3.80666248977032
WiiU,2013,Action,Ubisoft,75.0,5,7.8,148,Ubisoft Toronto,M,2010s,Other,1.791759469228055,5.003946305945459
Wii,2007,Misc,Electronic Arts,57.0,37,5.3,54,EA Montreal,E10+,2000s,Other,3.6375861597263857,4.007333185232471
PS4,2015,Shooter,Take-Two Interactive,82.0,49,7.8,345,Gearbox Software,M,2010s,Other,3.912023005428146,5.846438775057724
PS4,2016,Action,Rebellion Developments,66.0,39,7.0,31,Rebellion,T,2010s,Other,3.688879454113936,3.4657359027997265
PS3,2012,Shooter,505 Games,70.0,21,6.9,92,Rebellion,M,2010s,Other,3.091042453358316,4.532599493153256
Wii,2009,Platform,Nintendo,87.0,80,8.4,594,Nintendo,E,2000s,Mario,4.394449154672439,6.38856140554563
PS3,2012,Action,Konami Digital Entertainment,53.0,19,7.2,22,Gaijin Entertainment,M,2010s,Other,2.995732273553991,3.1354942159291497
PS,2001,Misc,Activision,63.0,7,7.2,6,"Activision, Traveller's Tales",E,2000s,Other,2.079441541679836,1.9459101490553128
PSP,2007,Sports,Sony Computer Entertainment,82.0,42,8.6,12,Clap Hanz,E,2000s,Other,3.7612001156935615,2.5649493574615367
PS2,2001,Racing,Midway Games,45.0,23,5.3,10,Inland Productions,T,2000s,Other,3.1780538303479458,2.3978952727983707
PS3,2012,Action,THQ,76.0,24,8.1,99,THQ,T,2010s,Other,3.218875824868201,4.605170185988092
PSP,2008,Role-Playing,Capcom,81.0,48,8.7,124,Capcom,T,2000s,Other,3.8918202981106265,4.8283137373023015
Wii,2007,Sports,Electronic Arts,76.0,29,6.8,27,EA Tiburon,E,2000s,Madden,3.4011973816621555,3.332204510175204
PS4,2015,Fighting,Namco Bandai Games,61.0,35,7.4,44,CyberConnect2,T,2010s,Other,3.58351893845611,3.80666248977032
PS,2000,Strategy,Infogrames,62.0,10,8.8,31,Infogrames Sheffield,T,2000s,Other,2.3978952727983707,3.4657359027997265
PS3,2011,Fighting,PQube,73.0,6,7.5,27,Arc System Works,T,2010s,Other,1.9459101490553128,3.332204510175204
X360,2011,Misc,Ubisoft,63.0,31,6.8,29,Ubisoft Montreal,E10+,2010s,Other,3.4657359027997265,3.4011973816621555
PS2,2004,Simulation,Indie Games,73.0,19,8.7,7,From Software,T,2000s,Other,2.995732273553991,2.079441541679836
PS4,2014,Sports,Konami Digital Entertainment,82.0,56,7.2,386,Konami,E,2010s,Other,4.04305126783455,5.958424693029782
Wii,2009,Adventure,Nintendo,62.0,22,7.2,36,Creatures Inc.,E,2000s,Other,3.1354942159291497,3.610917912644224
GBA,2006,Adventure,THQ,69.0,10,9.0,4,Artificial Mind and Movement,E,2000s,Other,2.3978952727983707,1.6094379124341005
3DS,2013,Misc,Nintendo,57.0,47,6.3,117,"Nintendo, Nd Cube",E,2010s,Mario,3.8712010109078903,4.770684624465665
XB,2004,Action,Activision,67.0,28,7.5,27,Edge of Reality,E,2000s,Other,3.367295829986474,3.332204510175204
PS2,2008,Role-Playing,Atlus,90.0,47,8.9,634,Atlus Co.,M,2000s,Other,3.8712010109078903,6.453624998892692
PS4,2015,Shooter,Take-Two Interactive,76.0,46,4.3,894,Turtle Rock Studios,M,2010s,Other,3.8501476017100575,6.796823718274855
GBA,2002,Misc,Atari,60.0,14,7.5,27,CodeFire,E,2000s,Other,2.70805020110221,3.332204510175204
PS4,2015,Action,Bethesda Softworks,76.0,54,8.0,267,MachineGames,Unknown,2010s,Other,4.007333185232471,5.5909869805108565
GC,2006,Misc,Capcom,75.0,23,9.2,12,Capcom,E,2000s,Other,3.1780538303479458,2.5649493574615367
PSP,2007,Role-Playing,Square Enix,88.0,41,8.0,238,TOSE,T,2000s,Final Fantasy,3.737669618283368,5.476463551931511
DS,2005,Strategy,Namco Bandai Games,35.0,6,5.6,11,Box Clever Interactive,E10+,2000s,Other,1.9459101490553128,2.4849066497880004
PS2,2002,Adventure,Eidos Interactive,69.0,24,5.0,12,Core Design Ltd.,E,2000s,Other,3.218875824868201,2.5649493574615367
GC,2002,Sports,Activision,70.0,12,7.5,27,Rainbow Studios,T,2000s,Other,2.5649493574615367,3.332204510175204
PS3,2010,Role-Playing,Nippon Ichi Software,44.0,30,4.6,34,Hit Maker,T,2010s,Other,3.4339872044851463,3.555348061489413
XB,2004,Racing,Microsoft Game Studios,87.0,69,9.1,33,Digital Illusions,E,2000s,Other,4.248495242049359,3.5263605246161616
Wii,2009,Sports,Electronic Arts,77.0,23,7.2,24,EA Tiburon,E,2000s,Madden,3.1780538303479458,3.218875824868201
DS,2008,Puzzle,Deep Silver,59.0,23,5.6,5,InXile Entertainment,E,2000s,Other,3.1780538303479458,1.791759469228055
PS3,2008,Fighting,Midway Games,76.0,44,7.1,107,Midway,T,2000s,Other,3.80666248977032,4.68213122712422
Wii,2010,Misc,Ubisoft,56.0,37,8.3,31,"Ubisoft Paris, Ubisoft Montpellier",E10+,2010s,Other,3.6375861597263857,3.4657359027997265
PC,2002,Role-Playing,Atari,91.0,34,8.2,490,BioWare,T,2000s,Other,3.555348061489413,6.19644412779452
Wii,2011,Misc,Nintendo,60.0,34,6.1,16,Nintendo,E10+,2010s,Other,3.555348061489413,2.833213344056216
X360,2013,Platform,Activision,83.0,37,5.7,45,Vicarious Visions,E10+,2010s,Other,3.6375861597263857,3.828641396489095
PS3,2007,Action,Sony Computer Entertainment,88.0,66,8.1,2306,"Naughty Dog, SCE/WWS",T,2000s,Other,4.204692619390966,7.7437032581737535
PS3,2011,Action,Activision,50.0,33,4.8,37,Silicon Knights,T,2010s,Other,3.5263605246161616,3.6375861597263857
XB,2005,Shooter,Midway Games,72.0,43,8.1,16,Midway Studios - Austin,M,2000s,Other,3.784189633918261,2.833213344056216
PS4,2015,Role-Playing,Idea Factory International,71.0,21,6.2,34,Compile Heart,T,2010s,Other,3.091042453358316,3.555348061489413
PSP,2006,Action,Electronic Arts,61.0,33,6.9,12,Rebellion,T,2000s,Other,3.5263605246161616,2.5649493574615367
WiiU,2014,Action,Warner Bros. Interactive Entertainment,68.0,5,7.7,25,TT Games,E10+,2010s,Other,1.791759469228055,3.258096538021482
X360,2007,Shooter,Microsoft Game Studios,83.0,75,8.0,340,Realtime Worlds,M,2000s,Other,4.330733340286331,5.831882477283517
DS,2010,Adventure,Capcom,82.0,48,7.9,53,Capcom,E10+,2010s,Other,3.8918202981106265,3.9889840465642745
Wii,2008,Fighting,Nintendo,93.0,81,8.9,1662,Game Arts,T,2000s,Other,4.406719247264253,7.416378479192928
XB,2004,Shooter,Eidos Interactive,78.0,44,8.8,15,Io Interactive,M,2000s,Other,3.80666248977032,2.772588722239781
X360,2007,Shooter,Take-Two Interactive,96.0,88,8.9,2249,"Irrational Games, 2K Marin",M,2000s,Other,4.48863636973214,7.718685495198466
PS3,2010,Role-Playing,Sega,64.0,49,6.9,117,Obsidian Entertainment,M,2010s,Other,3.912023005428146,4.770684624465665
PC,2001,Simulation,Microsoft Game Studios,84.0,16,8.4,21,Kuju Entertainment,E,2000s,Other,2.833213344056216,3.091042453358316
XOne,2014,Sports,Unknown,64.0,15,5.4,59,HB Studios Multimedia,E,2010s,Other,2.772588722239781,4.0943445622221
PSP,2007,Racing,Ubisoft,57.0,28,7.9,18,Sumo Digital,M,2000s,Other,3.367295829986474,2.9444389791664403
GC,2004,Role-Playing,Nintendo,65.0,31,8.1,27,Noise Inc.,T,2000s,Other,3.4657359027997265,3.332204510175204
Wii,2009,Strategy,Playlogic Game Factory,66.0,4,7.5,27,Icon Games,E,2000s,Other,1.6094379124341005,3.332204510175204
PSV,2014,Sports,Sony Computer Entertainment America,68.0,6,7.0,25,SCEA San Diego Studios,E,2010s,Other,1.9459101490553128,3.258096538021482
PS3,2011,Action,Konami Digital Entertainment,80.0,41,6.6,132,Konami,E,2010s,Other,3.737669618283368,4.890349128221754
DC,2001,Role-Playing,Sega,80.0,10,8.9,18,Sonic Team,T,2000s,Other,2.3978952727983707,2.9444389791664403
X360,2009,Platform,Ubisoft,62.0,12,6.5,11,Ubisoft Shanghai,E,2000s,Other,2.5649493574615367,2.4849066497880004
PS4,2015,Sports,Bigben Interactive,19.0,5,3.4,65,HB Studios Multimedia,E,2010s,Other,1.791759469228055,4.189654742026425
XB,2003,Sports,Sega,87.0,18,8.2,25,Visual Concepts,E,2000s,Other,2.9444389791664403,3.258096538021482
XB,2002,Puzzle,Jaleco,42.0,6,7.5,27,Runecraft,E,2000s,Other,1.9459101490553128,3.332204510175204
GBA,2003,Racing,Nintendo,77.0,31,8.5,18,Suzak,E,2000s,Other,3.4657359027997265,2.9444389791664403
X360,2010,Fighting,Konami Digital Entertainment,49.0,11,6.3,12,Immersion Software & Graphics,T,2010s,Other,2.4849066497880004,2.5649493574615367
PS3,2011,Shooter,Codemasters,67.0,36,6.3,18,Codemasters,M,2010s,Other,3.610917912644224,2.9444389791664403
PS2,2006,Sports,Electronic Arts,59.0,27,7.7,42,EA Canada,E,2000s,FIFA,3.332204510175204,3.7612001156935615
PC,2006,Action,Vivendi Games,73.0,18,7.5,57,Radical Entertainment,M,2000s,Other,2.9444389791664403,4.060443010546419
PS3,2007,Racing,Codemasters,83.0,32,8.0,32,Codemasters,E,2000s,Other,3.49650756146648,3.49650756146648
PC,2010,Strategy,Take-Two Interactive,90.0,70,7.9,2280,Firaxis Games,E10+,2010s,Other,4.262679877041316,7.732369222284388
X360,2008,Sports,Take-Two Interactive,69.0,33,6.7,7,Visual Concepts,E10+,2000s,Other,3.5263605246161616,2.079441541679836
XB,2005,Sports,Electronic Arts,75.0,20,7.7,11,HB Studios Multimedia,E,2000s,Other,3.044522437723423,2.4849066497880004
PS3,2011,Role-Playing,Electronic Arts,94.0,62,8.5,1081,BioWare,M,2010s,Other,4.143134726391533,6.9865664594064265
DS,2009,Sports,THQ,63.0,5,7.5,27,Webfoot Technologies,E,2000s,Other,1.791759469228055,3.332204510175204
GC,2002,Sports,Electronic Arts,86.0,12,7.8,10,EA Canada,E,2000s,FIFA,2.5649493574615367,2.3978952727983707
PS3,2010,Action,Konami Digital Entertainment,85.0,62,8.0,468,Mercury Steam,M,2010s,Other,4.143134726391533,6.150602768446279
PS3,2011,Shooter,THQ,71.0,52,7.3,58,Volition Inc.,M,2010s,Other,3.970291913552122,4.07753744390572
PS2,2002,Racing,Sony Computer Entertainment,70.0,14,4.4,5,Sega AM2,E,2000s,Other,2.70805020110221,1.791759469228055
XB,2003,Misc,Midway Games,74.0,22,7.5,27,Midway,T,2000s,Other,3.1354942159291497,3.332204510175204
X360,2009,Shooter,SouthPeak Games,69.0,49,7.3,59,TimeGate Studios,T,2000s,Other,3.912023005428146,4.0943445622221
PS4,2016,Action,Telltale Games,45.0,16,5.9,140,The Fun Pimps Entertainment LLC,M,2010s,Other,2.833213344056216,4.948759890378168
X360,2009,Fighting,Ignition Entertainment,63.0,57,4.2,33,SNK Playmore,T,2000s,Other,4.060443010546419,3.5263605246161616
XB,2003,Sports,3DO,83.0,14,8.4,8,3DO,E,2000s,Other,2.70805020110221,2.19722457733622
PS3,2009,Action,Disney Interactive Studios,68.0,22,7.6,7,Eurocom Entertainment Software,E10+,2000s,Other,3.1354942159291497,2.079441541679836
PS3,2009,Strategy,Sony Computer Entertainment,76.0,9,6.9,18,Team 17,E10+,2000s,Other,2.302585092994046,2.9444389791664403
PSP,2008,Racing,Electronic Arts,57.0,14,7.1,19,EA Games,E,2000s,Other,2.70805020110221,2.995732273553991
GC,2005,Sports,Electronic Arts,76.0,14,7.5,27,EA Canada,E,2000s,Other,2.70805020110221,3.332204510175204
PS2,2003,Racing,THQ,55.0,5,7.7,9,Climax Group,E,2000s,Other,1.791759469228055,2.302585092994046
PS2,2000,Racing,Take-Two Interactive,79.0,21,6.8,18,Rockstar San Diego,T,2000s,Other,3.091042453358316,2.9444389791664403
PC,2016,Racing,Codemasters,86.0,33,8.7,288,Codemasters,E,2010s,Other,3.5263605246161616,5.666426688112432
PS,2001,Platform,Sony Computer Entertainment,73.0,7,8.5,6,Eurocom Entertainment Software,E,2000s,Other,2.079441541679836,1.9459101490553128
PC,2016,Adventure,Microids,66.0,15,8.5,144,Artefacts Studio,Unknown,2010s,Other,2.772588722239781,4.976733742420574
PC,2011,Shooter,Bethesda Softworks,79.0,32,5.2,1618,id Software,M,2010s,Other,3.49650756146648,7.389563953677635
PSV,2014,Fighting,Namco Bandai Games,74.0,5,7.9,29,Bandai Namco Games,T,2010s,Other,1.791759469228055,3.4011973816621555
XOne,2015,Shooter,Activision,89.0,11,5.2,393,"Bungie Software, Bungie",T,2010s,Other,2.4849066497880004,5.976350909297934
X360,2008,Shooter,Activision,84.0,84,7.6,580,Treyarch,M,2000s,Call of Duty,4.442651256490317,6.364750756851911
XB,2004,Sports,Global Star,88.0,32,8.5,14,Kush Games,E,2000s,Other,3.49650756146648,2.70805020110221
WiiU,2012,Misc,Ubisoft,52.0,26,5.2,29,Ubisoft Paris,E10+,2010s,Other,3.295836866004329,3.4011973816621555
GBA,2002,Role-Playing,Nintendo,86.0,29,9.5,150,Camelot Software Planning,E,2000s,Other,3.4011973816621555,5.017279836814924
GBA,2006,Role-Playing,Nintendo,92.0,25,8.4,190,TOSE,E10+,2000s,Final Fantasy,3.258096538021482,5.25227342804663
PS,1999,Racing,Electronic Arts,86.0,14,8.5,28,EA Canada,E,1990s,Other,2.70805020110221,3.367295829986474
DS,2008,Action,Atari,78.0,18,7.5,15,Game Republic,T,2000s,Other,2.9444389791664403,2.772588722239781
DS,2010,Adventure,Disney Interactive Studios,78.0,24,7.5,27,Etranges Libellules,E10+,2010s,Other,3.218875824868201,3.332204510175204
PS,2000,Action,Activision,30.0,5,6.9,9,Paradox Development,E,2000s,Other,1.791759469228055,2.302585092994046
Wii,2009,Platform,Oxygen Interactive,31.0,7,7.5,27,Twelve Games,E10+,2000s,Other,2.079441541679836,3.332204510175204
GC,2002,Sports,Nintendo,71.0,18,7.4,7,Left Field Productions,E,2000s,Other,2.9444389791664403,2.079441541679836
PS2,2005,Action,Vivendi Games,53.0,6,6.0,8,Eurocom Entertainment Software,E,2000s,Other,1.9459101490553128,2.19722457733622
GBA,2003,Platform,Capcom,81.0,17,8.6,18,Inti,E,2000s,Other,2.8903717578961645,2.9444389791664403
GBA,2002,Action,Zoo Digital Publishing,70.0,7,7.0,4,Naps Team,T,2000s,Other,2.079441541679836,1.6094379124341005
DS,2005,Role-Playing,Nintendo,62.0,34,8.1,97,ChunSoft,E,2000s,Pokémon,3.555348061489413,4.584967478670572
XB,2004,Action,Take-Two Interactive,66.0,33,7.7,22,Illusion Softworks,M,2000s,Other,3.5263605246161616,3.1354942159291497
PS,1996,Racing,Psygnosis,93.0,8,8.7,20,Psygnosis,Unknown,1990s,Other,2.19722457733622,3.044522437723423
PS3,2008,Shooter,Capcom,67.0,34,7.0,36,Capcom,T,2000s,Other,3.555348061489413,3.610917912644224
Wii,2009,Racing,Zoo Digital Publishing,33.0,4,7.5,27,Beyond Reality,E,2000s,Other,1.6094379124341005,3.332204510175204
PS2,2004,Role-Playing,Tecmo Koei,74.0,38,7.7,38,Gust,T,2000s,Other,3.6635616461296463,3.6635616461296463
PS2,2002,Sports,Sony Computer Entertainment,57.0,16,6.0,4,989 Sports,E,2000s,Other,2.833213344056216,1.6094379124341005
PSP,2009,Adventure,Konami Digital Entertainment,54.0,6,8.2,5,Konami,T,2000s,Other,1.9459101490553128,1.791759469228055
DS,2007,Role-Playing,Nintendo,75.0,30,8.5,37,"Lancarse, Atlus",T,2000s,Other,3.4339872044851463,3.6375861597263857
PS,2000,Role-Playing,Atlus,83.0,11,8.4,25,Atlus Co.,T,2000s,Other,2.4849066497880004,3.258096538021482
X360,2013,Action,Warner Bros. Interactive Entertainment,74.0,46,7.5,685,WB Games Montreal,T,2010s,Other,3.8501476017100575,6.530877627725885
3DS,2012,Action,Nintendo,81.0,14,7.6,22,"Nintendo, Headstrong Games",E,2010s,Other,2.70805020110221,3.1354942159291497
XB,2004,Racing,Global Star,64.0,34,7.5,27,Argonaut Games,E,2000s,Other,3.555348061489413,3.332204510175204
PC,2008,Action,Activision,58.0,6,8.0,4,Aspyr,E10+,2000s,Other,1.9459101490553128,1.6094379124341005
PS,2001,Action,Eidos Interactive,84.0,15,8.9,17,Kronos Digital Entertainment,M,2000s,Other,2.772588722239781,2.8903717578961645
PS2,2006,Action,THQ,56.0,12,8.6,17,Artificial Mind and Movement,E10+,2000s,Other,2.5649493574615367,2.8903717578961645
PC,2012,Role-Playing,Focus Home Interactive,58.0,23,6.5,345,"Cyanide, Cyanide Studios",M,2010s,Other,3.1780538303479458,5.846438775057724
PS2,2003,Action,Capcom,59.0,32,9.0,24,Acquire,M,2000s,Other,3.49650756146648,3.218875824868201
PS4,2016,Action,Activision,44.0,49,5.5,163,PlatinumGames,T,2010s,Other,3.912023005428146,5.099866427824199
Wii,2007,Puzzle,D3Publisher,71.0,17,6.2,5,Vicious Cycle,E10+,2000s,Other,2.8903717578961645,1.791759469228055
PS3,2012,Adventure,Focus Home Interactive,65.0,16,7.4,34,Frogwares,M,2010s,Other,2.833213344056216,3.555348061489413
XB,2005,Action,Take-Two Interactive,85.0,55,8.2,21,Rockstar Toronto,M,2000s,Other,4.02535169073515,3.091042453358316
PS3,2011,Action,Ignition Entertainment,78.0,46,7.5,40,Ignition Entertainment,T,2010s,Other,3.8501476017100575,3.713572066704308
XOne,2014,Sports,Take-Two Interactive,56.0,25,5.7,63,Yuke's,T,2010s,Other,3.258096538021482,4.158883083359672
GC,2002,Action,Activision,76.0,14,7.3,11,Treyarch,E,2000s,Other,2.70805020110221,2.4849066497880004
DS,2006,Simulation,Electronic Arts,49.0,5,5.2,24,Full Fat,E,2000s,Other,1.791759469228055,3.218875824868201
PSP,2008,Puzzle,Sony Computer Entertainment,79.0,28,7.7,13,"SCE/WWS, SCE Japan Studio",E,2000s,Other,3.367295829986474,2.639057329615259
PS3,2010,Role-Playing,Bethesda Softworks,82.0,57,7.8,492,Obsidian Entertainment,M,2010s,Other,4.060443010546419,6.20050917404269
Wii,2010,Action,Activision,59.0,11,7.0,4,Etranges Libellules,E10+,2010s,Other,2.4849066497880004,1.6094379124341005
GC,2004,Platform,THQ,73.0,9,7.8,13,Heavy Iron Studios,E,2000s,Other,2.302585092994046,2.639057329615259
DS,2007,Strategy,Square Enix,66.0,32,7.5,27,Brownie Brown,E10+,2000s,Other,3.49650756146648,3.332204510175204
3DS,2014,Action,Namco Bandai Games,43.0,7,7.5,27,Bandai Namco Games,E10+,2010s,Other,2.079441541679836,3.332204510175204
PC,2007,Simulation,Ubisoft,79.0,22,6.9,40,Ubisoft Romania,T,2000s,Other,3.1354942159291497,3.713572066704308
PS2,2007,Shooter,Sony Computer Entertainment,70.0,24,7.8,12,Sony Bend,T,2000s,Other,3.218875824868201,2.5649493574615367
DS,2008,Action,Activision,69.0,15,7.5,27,Artificial Mind and Movement,E,2000s,Other,2.772588722239781,3.332204510175204
DS,2007,Adventure,Midway Games,43.0,25,3.5,6,Hoplite Research,E,2000s,Other,3.258096538021482,1.9459101490553128
PS3,2012,Shooter,EA Games,75.0,29,6.5,106,Starbreeze,M,2010s,Other,3.4011973816621555,4.672828834461906
GC,2002,Misc,Midway Games,66.0,14,7.5,27,Inevitable Entertainment,T,2000s,Other,2.70805020110221,3.332204510175204
3DS,2013,Action,Rising Star Games,49.0,7,6.3,4,Rising Star Games,E,2010s,Other,2.079441541679836,1.6094379124341005
X360,2007,Shooter,Midway Games,37.0,33,3.0,40,Nfusion,T,2000s,Other,3.5263605246161616,3.713572066704308
GBA,2005,Platform,Ubisoft,61.0,12,7.5,27,Backbone Entertainment,E,2000s,Other,2.5649493574615367,3.332204510175204
PS3,2014,Action,Deep Silver,40.0,25,3.5,51,Fatshark AB,M,2010s,Other,3.258096538021482,3.951243718581428
PSP,2006,Fighting,Atari,70.0,21,8.1,19,Dimps Corporation,T,2000s,Other,3.091042453358316,2.995732273553991
PC,2010,Shooter,Sega,68.0,35,7.4,985,Rebellion,M,2010s,Other,3.58351893845611,6.893656354602635
PC,2008,Action,Activision,52.0,11,7.8,57,"Treyarch, Shaba Games",T,2000s,Other,2.4849066497880004,4.060443010546419
PS2,2009,Action,D3Publisher,39.0,5,2.0,6,Papaya Studios,E10+,2000s,Other,1.791759469228055,1.9459101490553128
DS,2009,Adventure,Capcom,78.0,51,8.4,79,Capcom,T,2000s,Other,3.951243718581428,4.382026634673881
Wii,2006,Racing,THQ,65.0,13,7.5,27,Rainbow Studios,E,2000s,Other,2.639057329615259,3.332204510175204
PC,2006,Role-Playing,Atari,82.0,46,6.5,565,Obsidian Entertainment,T,2000s,Other,3.8501476017100575,6.338594078203183
PS2,2004,Misc,Konami Digital Entertainment,82.0,25,7.8,10,Harmonix Music Systems,E,2000s,Other,3.258096538021482,2.3978952727983707
PSV,2014,Role-Playing,Nippon Ichi Software,72.0,28,8.3,35,FuRyu,T,2010s,Other,3.367295829986474,3.58351893845611
GBA,2005,Action,Atari,69.0,12,8.2,26,Webfoot Technologies,E10+,2000s,Other,2.5649493574615367,3.295836866004329
PS3,2008,Misc,MTV Games,91.0,24,7.9,88,Harmonix Music Systems,T,2000s,Other,3.218875824868201,4.48863636973214
DS,2006,Shooter,Activision,39.0,4,7.4,10,Nightlight Studios,E10+,2000s,Other,1.6094379124341005,2.3978952727983707
DS,2008,Action,LucasArts,68.0,10,7.8,32,LucasArts,E10+,2000s,Other,2.3978952727983707,3.49650756146648
GBA,2005,Platform,Activision,71.0,6,7.5,27,Vicarious Visions,E,2000s,Other,1.9459101490553128,3.332204510175204
X360,2008,Shooter,Activision Value,44.0,9,7.3,9,FUN Labs,E10+,2000s,Other,2.302585092994046,2.302585092994046
X360,2009,Action,Disney Interactive Studios,68.0,33,7.0,9,Eurocom Entertainment Software,E10+,2000s,Other,3.5263605246161616,2.302585092994046
PS2,2000,Platform,Ubisoft,73.0,10,7.3,7,Disney Interactive,E,2000s,Other,2.3978952727983707,2.079441541679836
DS,2011,Action,Electronic Arts,55.0,5,7.5,27,Full Fat,E10+,2010s,Other,1.791759469228055,3.332204510175204
PS2,2006,Role-Playing,Activision,81.0,29,8.2,33,Raven Software,T,2000s,Other,3.4011973816621555,3.5263605246161616
PS,1999,Racing,Electronic Arts,78.0,13,8.5,24,Eden Studios,E,1990s,Other,2.639057329615259,3.218875824868201
PSV,2014,Action,Namco Bandai Games,67.0,4,7.8,25,Ganbarion,T,2010s,Other,1.6094379124341005,3.258096538021482
PS2,2005,Action,Eidos Interactive,78.0,54,8.3,23,Crystal Dynamics,T,2000s,Other,4.007333185232471,3.1780538303479458
GC,2002,Shooter,TDK Mediactive,74.0,11,8.4,5,Vicious Cycle,T,2000s,Other,2.4849066497880004,1.791759469228055
XOne,2016,Action,Warner Bros. Interactive Entertainment,77.0,6,8.2,43,"Rocksteady Studios, Virtuos",T,2010s,Other,1.9459101490553128,3.784189633918261
XB,2003,Sports,Electronic Arts,85.0,19,8.2,11,EA Sports,E,2000s,Other,2.995732273553991,2.4849066497880004
PSP,2006,Action,Konami Digital Entertainment,51.0,24,7.6,14,Neverland,T,2000s,Other,3.218875824868201,2.70805020110221
GBA,2004,Role-Playing,Konami Digital Entertainment,78.0,20,8.5,11,KCEJ,T,2000s,Other,3.044522437723423,2.4849066497880004
DS,2008,Puzzle,Empire Interactive,71.0,13,7.5,27,Razorworks,E,2000s,Other,2.639057329615259,3.332204510175204
Wii,2007,Simulation,Electronic Arts,73.0,19,8.2,10,Maxis,T,2000s,Other,2.995732273553991,2.3978952727983707
X360,2010,Racing,Black Bean Games,74.0,13,8.3,8,Milestone S.r.l,E10+,2010s,Other,2.639057329615259,2.19722457733622
DS,2009,Action,D3Publisher,34.0,9,7.5,27,Art,E,2000s,Other,2.302585092994046,3.332204510175204
PC,2008,Platform,THQ,58.0,6,6.8,17,Heavy Iron Studios,E,2000s,Other,1.9459101490553128,2.8903717578961645
DS,2007,Action,THQ,31.0,4,7.5,27,THQ,E,2000s,Other,1.6094379124341005,3.332204510175204
3DS,2011,Puzzle,Hudson Soft,61.0,7,7.5,27,NATSUME ATARI Inc.,E,2010s,Other,2.079441541679836,3.332204510175204
Wii,2010,Fighting,Sega,45.0,38,6.9,11,High Voltage Software,T,2010s,Other,3.6635616461296463,2.4849066497880004
GC,2003,Role-Playing,Nintendo,86.0,60,8.5,176,Namco,T,2000s,Other,4.110873864173311,5.176149732573829
X360,2014,Action,Little Orbit,58.0,5,7.5,4,WayForward,E10+,2010s,Other,1.791759469228055,1.6094379124341005
GC,2003,Action,THQ,79.0,22,8.8,12,Eurocom Entertainment Software,T,2000s,Other,3.1354942159291497,2.5649493574615367
Wii,2008,Shooter,Konami Digital Entertainment,33.0,19,2.7,16,Leviathan Games,M,2000s,Other,2.995732273553991,2.833213344056216
PSP,2008,Puzzle,Ivolgamus,62.0,13,7.5,27,Ivolgamus,E,2000s,Other,2.639057329615259,3.332204510175204
GBA,2003,Shooter,Electronic Arts,80.0,19,7.2,12,Netherock Ltd.,T,2000s,Other,2.995732273553991,2.5649493574615367
GC,2004,Role-Playing,Activision,81.0,36,8.5,11,Raven Software,T,2000s,Other,3.610917912644224,2.4849066497880004
PC,2012,Action,Nordic Games,81.0,23,7.8,653,Vigil Games,M,2010s,Other,3.1780538303479458,6.483107351457199
PC,2015,Action,Square Enix,74.0,50,5.3,529,Avalanche Studios,M,2010s,Other,3.9318256327243257,6.272877006546167
DS,2009,Shooter,LucasArts,61.0,12,5.0,8,n-Space,E10+,2000s,Other,2.5649493574615367,2.19722457733622
3DS,2013,Action,Nintendo,91.0,81,8.9,1057,Nintendo,E,2010s,Zelda,4.406719247264253,6.964135612418245
PS,2000,Fighting,Ubisoft,53.0,6,7.4,16,Opus,T,2000s,Other,1.9459101490553128,2.833213344056216
Wii,2010,Misc,Majesco Entertainment,56.0,7,8.2,5,G1M2,T,2010s,Other,2.079441541679836,1.791759469228055
X360,2010,Sports,505 Games,42.0,10,5.5,16,"Pipeworks Software, Inc.",E,2010s,Other,2.3978952727983707,2.833213344056216
X360,2008,Action,Namco Bandai Games,49.0,30,7.0,18,Omega Force,T,2000s,Other,3.4339872044851463,2.9444389791664403
PS4,2016,Adventure,Ubisoft,72.0,31,7.8,22,"Ubisoft, FunHouse",E10+,2010s,Other,3.4657359027997265,3.1354942159291497
PC,2016,Simulation,Sega,81.0,41,4.3,57,Sports Interactive,E,2010s,Other,3.737669618283368,4.060443010546419
Wii,2008,Misc,Activision,73.0,16,7.2,19,Vicarious Visions,T,2000s,Other,2.833213344056216,2.995732273553991
XB,2002,Shooter,TDK Mediactive,48.0,11,7.5,27,Simon & Schuster,T,2000s,Other,2.4849066497880004,3.332204510175204
X360,2010,Action,Konami Digital Entertainment,83.0,70,7.8,237,Mercury Steam,M,2010s,Other,4.262679877041316,5.472270673671475
PC,2011,Action,Unknown,83.0,29,8.5,1613,Re-Logic,T,2010s,Other,3.4011973816621555,7.3864708488298945
PS2,2005,Sports,Electronic Arts,89.0,36,8.7,37,EA Canada,E,2000s,Other,3.610917912644224,3.6375861597263857
PS2,2007,Role-Playing,Sting,61.0,8,6.5,8,Sting,E10+,2000s,Other,2.19722457733622,2.19722457733622
X360,2011,Simulation,THQ,66.0,11,7.5,4,Blitz Games Studios,E,2010s,Other,2.4849066497880004,1.6094379124341005
X360,2011,Shooter,Bethesda Softworks,81.0,77,6.7,559,id Software,M,2010s,Other,4.356708826689592,6.327936783729195
PS2,2006,Role-Playing,Square Enix,92.0,64,7.6,972,Square Enix,T,2000s,Final Fantasy,4.174387269895637,6.880384082186005
Wii,2011,Adventure,Telltale Games,66.0,7,4.1,9,Iron Galaxy Studios,T,2010s,Other,2.079441541679836,2.302585092994046
X360,2008,Sports,Electronic Arts,84.0,41,7.8,29,EA Tiburon,E,2000s,Other,3.737669618283368,3.4011973816621555
3DS,2015,Platform,Yacht Club Games,90.0,9,8.2,225,Yacht Club Games,E,2010s,Other,2.302585092994046,5.420534999272286
PS2,2003,Action,Acclaim Entertainment,65.0,19,5.8,8,Acclaim Studios Manchester,M,2000s,Other,2.995732273553991,2.19722457733622
PSP,2005,Puzzle,Ubisoft,77.0,36,7.7,13,Taito Corporation,E,2000s,Other,3.610917912644224,2.639057329615259
PS2,2003,Fighting,Namco Bandai Games,92.0,41,8.8,120,Namco,T,2000s,Other,3.737669618283368,4.795790545596741
PC,2014,Role-Playing,Electronic Arts,85.0,45,5.9,3926,BioWare,M,2010s,Other,3.828641396489095,8.27563105457801
X360,2010,Sports,Electronic Arts,86.0,29,7.1,70,EA Tiburon,E,2010s,Other,3.4011973816621555,4.262679877041316
PS4,2016,Action,Stainless Games,51.0,28,5.5,39,Stainless Games,M,2010s,Other,3.367295829986474,3.688879454113936
PS2,2004,Role-Playing,Ghostlight,78.0,42,8.2,48,Atlus Co.,M,2000s,Other,3.7612001156935615,3.8918202981106265
PSP,2005,Platform,Capcom,79.0,34,8.3,44,Capcom,E10+,2000s,Other,3.555348061489413,3.80666248977032
PS4,2015,Action,Marvelous Interactive,67.0,25,8.0,96,Marvelous Inc.,M,2010s,Other,3.258096538021482,4.574710978503383
X360,2013,Shooter,Capcom,58.0,43,5.8,142,Spark Unlimited,T,2010s,Other,3.784189633918261,4.962844630259907
Wii,2008,Action,Eidos Interactive,70.0,12,7.2,20,Crystal Dynamics,T,2000s,Other,2.5649493574615367,3.044522437723423
XB,2005,Racing,Electronic Arts,79.0,25,5.9,7,EA Sports,E,2000s,Other,3.258096538021482,2.079441541679836
PC,2010,Action,Ubisoft,83.0,20,5.2,672,Ubisoft Montreal,M,2010s,Other,3.044522437723423,6.511745329644728
PS2,2001,Shooter,Sony Computer Entertainment,78.0,34,8.3,28,UGA,E,2000s,Other,3.555348061489413,3.367295829986474
PS2,2004,Adventure,Konami Digital Entertainment,54.0,9,8.2,17,WinkySoft,T,2000s,Other,2.302585092994046,2.8903717578961645
PS2,2004,Fighting,Acclaim Entertainment,55.0,24,6.1,7,Acclaim,T,2000s,Other,3.218875824868201,2.079441541679836
GBA,2003,Strategy,Nintendo,89.0,34,9.4,97,Intelligent Systems,E,2000s,Other,3.555348061489413,4.584967478670572
X360,2007,Action,Activision,71.0,25,5.8,13,Beenox,E,2000s,Other,3.258096538021482,2.639057329615259
PS,2001,Racing,THQ,70.0,8,7.5,27,Funcom,T,2000s,Other,2.19722457733622,3.332204510175204
PS3,2010,Sports,O-Games,58.0,23,4.1,8,Gusto Games,E,2010s,Other,3.1780538303479458,2.19722457733622
PS2,2001,Simulation,Namco Bandai Games,71.0,12,8.8,23,Sunrise Interactive,T,2000s,Other,2.5649493574615367,3.1780538303479458
GC,2005,Shooter,Nintendo,67.0,59,8.1,106,Namco,T,2000s,Other,4.0943445622221,4.672828834461906
PS2,2005,Sports,Electronic Arts,59.0,29,7.9,52,EA Canada,E,2000s,FIFA,3.4011973816621555,3.970291913552122
PS3,2010,Shooter,Sony Computer Entertainment,60.0,39,6.2,11,Cohort Studios,T,2010s,Other,3.688879454113936,2.4849066497880004
WiiU,2012,Sports,Electronic Arts,75.0,9,6.7,30,EA Tiburon,E,2010s,Madden,2.302585092994046,3.4339872044851463
PS2,2007,Puzzle,D3Publisher,78.0,11,7.0,6,Infinite Interactive,E10+,2000s,Other,2.4849066497880004,1.9459101490553128
PC,2011,Strategy,Focus Home Interactive,53.0,40,4.0,110,Cyanide,Unknown,2010s,Other,3.713572066704308,4.709530201312334
PS2,2005,Platform,Midway Games,50.0,5,7.6,16,Artificial Mind and Movement,E,2000s,Other,1.791759469228055,2.833213344056216
X360,2006,Sports,Activision,81.0,65,7.6,38,Neversoft Entertainment,T,2000s,Other,4.189654742026425,3.6635616461296463
DS,2008,Misc,Activision,72.0,40,8.0,5,Vicarious Visions,E10+,2000s,Other,3.713572066704308,1.791759469228055
PC,2011,Strategy,Paradox Interactive,70.0,13,6.8,86,Paradox Development Studio,T,2010s,Other,2.639057329615259,4.465908118654584
X360,2009,Action,Electronic Arts,42.0,59,4.7,22,Double Helix Games,T,2000s,Other,4.0943445622221,3.1354942159291497
PS2,2006,Fighting,Ignition Entertainment,66.0,23,8.6,17,SNK Playmore,T,2000s,Other,3.1780538303479458,2.8903717578961645
GBA,2005,Misc,Namco Bandai Games,60.0,7,7.5,27,Backbone Vancouver,E,2000s,Other,2.079441541679836,3.332204510175204
DS,2008,Role-Playing,Majesco Entertainment,65.0,17,7.5,27,"Mistwalker, Artoon",E10+,2000s,Other,2.8903717578961645,3.332204510175204
GBA,2003,Platform,Activision,72.0,8,7.2,5,Vicarious Visions,E,2000s,Other,2.19722457733622,1.791759469228055
GC,2004,Strategy,Sega,59.0,22,6.6,7,Hitmaker,E,2000s,Other,3.1354942159291497,2.079441541679836
X360,2010,Action,Take-Two Interactive,89.0,50,8.1,100,Visual Concepts,E,2010s,Other,3.9318256327243257,4.61512051684126
XB,2004,Misc,Codemasters,79.0,26,5.4,10,Mix Max,T,2000s,Other,3.295836866004329,2.3978952727983707
PS3,2010,Role-Playing,Tecmo Koei,45.0,31,7.0,148,"Idea Factory, Compile Heart",T,2010s,Other,3.4657359027997265,5.003946305945459
XB,2001,Shooter,Take-Two Interactive,89.0,24,8.3,61,neo Software,M,2000s,Other,3.218875824868201,4.127134385045092
PS2,2005,Misc,Empire Interactive,68.0,18,7.5,27,Empire Oxford,T,2000s,Other,2.9444389791664403,3.332204510175204
PS4,2016,Platform,Capcom,77.0,22,6.1,55,Digital Eclipse,E,2010s,Other,3.1354942159291497,4.02535169073515
DS,2010,Action,THQ,69.0,6,7.0,4,THQ,E10+,2010s,Other,1.9459101490553128,1.6094379124341005
DS,2007,Action,Vivendi Games,73.0,8,5.9,10,Amaze Entertainment,E,2000s,Other,2.19722457733622,2.3978952727983707
PS3,2008,Shooter,Sega,72.0,42,6.5,15,Bizarre Creations,M,2000s,Other,3.7612001156935615,2.772588722239781
PSP,2007,Puzzle,Crave Entertainment,37.0,14,4.6,7,7 Studios,E10+,2000s,Other,2.70805020110221,2.079441541679836
Wii,2008,Shooter,Eidos Interactive,78.0,30,7.7,17,BudCat,E,2000s,Other,3.4339872044851463,2.8903717578961645
PC,2009,Racing,Electronic Arts,87.0,26,7.5,435,Criterion Games,E10+,2000s,Other,3.295836866004329,6.077642243349034
X360,2010,Racing,Sega,47.0,52,2.1,98,Sega,E,2010s,Other,3.970291913552122,4.59511985013459
XB,2004,Simulation,Microsoft Game Studios,55.0,21,7.5,27,Game Arts,T,2000s,Other,3.091042453358316,3.332204510175204
XB,2002,Shooter,SCi,65.0,14,8.1,17,SCi,T,2000s,Other,2.70805020110221,2.8903717578961645
X360,2008,Action,Activision,75.0,42,7.4,32,"Luxoflux, Inc.",E10+,2000s,Other,3.7612001156935615,3.49650756146648
DS,2010,Action,Disney Interactive Studios,58.0,5,7.5,27,n-Space,E10+,2010s,Other,1.791759469228055,3.332204510175204
PS2,2007,Sports,Spike,71.0,5,7.5,27,Kush Games,E,2000s,Other,1.791759469228055,3.332204510175204
DS,2009,Puzzle,PopCap Games,84.0,17,8.2,21,Q Entertainment,E,2000s,Other,2.8903717578961645,3.091042453358316
XB,2005,Action,THQ,68.0,50,7.5,68,GlyphX Games,T,2000s,Other,3.9318256327243257,4.23410650459726
GC,2003,Simulation,LucasArts,75.0,36,7.6,50,Factor 5,T,2000s,Other,3.610917912644224,3.9318256327243257
PSP,2006,Misc,Sony Computer Entertainment,67.0,43,5.2,16,Epics,E,2000s,Other,3.784189633918261,2.833213344056216
PS3,2009,Adventure,Codemasters,17.0,11,1.7,37,Team 17,M,2000s,Other,2.4849066497880004,3.6375861597263857
GBA,2002,Action,TDK Mediactive,71.0,7,7.4,5,TOSE,E,2000s,Other,2.079441541679836,1.791759469228055
DS,2008,Adventure,Nintendo,65.0,28,7.5,27,Griptonite Games,E,2000s,Other,3.367295829986474,3.332204510175204
PS2,2008,Shooter,Electronic Arts,49.0,10,7.4,31,Artificial Mind and Movement,T,2000s,Other,2.3978952727983707,3.4657359027997265
DS,2011,Action,Activision,33.0,6,5.6,7,Silicon Knights,E10+,2010s,Other,1.9459101490553128,2.079441541679836
Wii,2011,Action,Warner Bros. Interactive Entertainment,46.0,4,7.5,27,Double Helix Games,E10+,2010s,Other,1.6094379124341005,3.332204510175204
PS2,2003,Adventure,Sony Computer Entertainment,64.0,19,3.1,157,Frontier Developments,T,2000s,Other,2.995732273553991,5.062595033026967
PS2,2007,Role-Playing,Square Enix,83.0,49,8.6,59,Vanilla Ware,T,2000s,Other,3.912023005428146,4.0943445622221
X360,2005,Shooter,Microsoft Game Studios,81.0,75,7.3,229,Rare Ltd.,M,2000s,Other,4.330733340286331,5.438079308923196
DS,2005,Action,Vivendi Games,50.0,18,5.7,16,Amaze Entertainment,E,2000s,Other,2.9444389791664403,2.833213344056216
PS2,2002,Action,Tecmo Koei,72.0,16,9.3,54,Omega Force,T,2000s,Other,2.833213344056216,4.007333185232471
PS3,2010,Action,Warner Bros. Interactive Entertainment,58.0,12,6.0,8,TT Fusion,T,2010s,Other,2.5649493574615367,2.19722457733622
XB,2005,Misc,Sega,81.0,25,8.2,9,Sega,E,2000s,Other,3.258096538021482,2.302585092994046
PSP,2006,Action,Capcom,63.0,24,6.3,6,Clover Studio,T,2000s,Other,3.218875824868201,1.9459101490553128
PS2,2002,Sports,Sony Computer Entertainment,55.0,20,7.5,27,989 Sports,E,2000s,Other,3.044522437723423,3.332204510175204
PC,2014,Racing,Ubisoft,80.0,12,6.8,97,RedLynx,E10+,2010s,Other,2.5649493574615367,4.584967478670572
PS2,2007,Misc,Sony Computer Entertainment,73.0,13,7.5,8,SCEE London Studio,E10+,2000s,Other,2.639057329615259,2.19722457733622
PS3,2014,Role-Playing,Deep Silver,56.0,13,3.4,46,"Deep Silver, Keen Games",M,2010s,Other,2.639057329615259,3.8501476017100575
PS2,2001,Action,Konami Digital Entertainment,96.0,42,8.7,1026,KCEJ,M,2000s,Other,3.7612001156935615,6.934397209928558
PS2,2005,Misc,THQ,60.0,7,5.1,7,Blitz Games,E,2000s,Other,2.079441541679836,2.079441541679836
XB,2002,Platform,Universal Interactive,70.0,16,8.1,19,Traveller's Tales,E,2000s,Other,2.833213344056216,2.995732273553991
PC,2011,Shooter,Square Enix,90.0,52,8.5,3069,Nixxes Software,M,2010s,Other,3.970291913552122,8.029432840581244
X360,2013,Action,Warner Bros. Interactive Entertainment,80.0,37,7.6,127,TT Games,E10+,2010s,Other,3.6375861597263857,4.852030263919617
PS,2000,Shooter,3DO,48.0,8,7.3,7,3DO,T,2000s,Other,2.19722457733622,2.079441541679836
PS,1998,Fighting,Namco Bandai Games,61.0,4,7.8,4,Natsume,T,1990s,Other,1.6094379124341005,1.6094379124341005
XB,2003,Sports,Acclaim Entertainment,68.0,17,9.1,7,Acclaim,E,2000s,Other,2.8903717578961645,2.079441541679836
GC,2003,Platform,Acclaim Entertainment,71.0,22,7.3,6,Acclaim,T,2000s,Other,3.1354942159291497,1.9459101490553128
X360,2010,Racing,Microsoft Game Studios,52.0,46,5.0,20,BigPark,E,2010s,Other,3.8501476017100575,3.044522437723423
PSP,2006,Sports,Electronic Arts,58.0,6,6.9,17,EA Canada,E,2000s,FIFA,1.9459101490553128,2.8903717578961645
Wii,2008,Puzzle,Game Factory,64.0,9,7.5,27,Two Tribes,E,2000s,Other,2.302585092994046,3.332204510175204
PC,2016,Action,Bethesda Softworks,86.0,37,6.0,383,Arkane Studios,M,2010s,Other,3.6375861597263857,5.950642552587727
PS2,2004,Shooter,Ubisoft,70.0,34,8.2,17,Ubisoft Shanghai,M,2000s,Other,3.555348061489413,2.8903717578961645
Wii,2008,Fighting,Konami Digital Entertainment,49.0,33,5.9,56,Eighting,T,2000s,Other,3.5263605246161616,4.04305126783455
DS,2006,Role-Playing,Eidos Interactive,43.0,9,5.7,7,Sensory Sweep,E10+,2000s,Other,2.302585092994046,2.079441541679836
GC,2003,Sports,Electronic Arts,83.0,17,6.2,12,EA Canada,E,2000s,FIFA,2.8903717578961645,2.5649493574615367
3DS,2012,Role-Playing,Nintendo,73.0,51,8.6,209,"Level 5, Brownie Brown",E10+,2010s,Other,3.951243718581428,5.3471075307174685
GC,2005,Shooter,Ubisoft,72.0,8,7.8,5,"Red Storm Entertainment, Ubisoft Montreal",M,2000s,Other,2.19722457733622,1.791759469228055
DS,2008,Role-Playing,Rising Star Games,77.0,14,7.9,30,Neverland,E,2000s,Other,2.70805020110221,3.4339872044851463
DS,2007,Puzzle,White Park Bay Software,77.0,9,7.7,9,Magellan Interactive,E,2000s,Other,2.302585092994046,2.302585092994046
PS2,2004,Sports,Global Star,63.0,20,7.5,27,Hypnotix,M,2000s,Other,3.044522437723423,3.332204510175204
WiiU,2014,Platform,Nintendo,83.0,77,8.9,712,Retro Studios,E,2010s,Other,4.356708826689592,6.569481420414296
PS2,2001,Sports,Sony Computer Entertainment,85.0,30,8.9,16,Clap Hanz,E,2000s,Other,3.4339872044851463,2.833213344056216
PC,2010,Action,Disney Interactive Studios,57.0,11,6.0,25,Propaganda Games,T,2010s,Other,2.4849066497880004,3.258096538021482
XOne,2014,Misc,Microsoft Game Studios,74.0,19,7.0,47,Harmonix Music Systems,T,2010s,Other,2.995732273553991,3.8712010109078903
PC,2016,Platform,Electronic Arts,74.0,24,4.4,606,EA DICE,T,2010s,Other,3.218875824868201,6.408528791059498
Wii,2007,Racing,Destineer,47.0,10,6.7,7,Torus Games,E,2000s,Other,2.3978952727983707,2.079441541679836
XB,2004,Racing,Electronic Arts,94.0,76,7.2,139,Criterion Games,T,2000s,Other,4.343805421853684,4.941642422609304
PS3,2013,Action,Capcom,75.0,31,7.4,135,WayForward,E,2010s,Other,3.4657359027997265,4.912654885736052
X360,2012,Role-Playing,Capcom,75.0,59,7.8,320,Capcom,M,2010s,Other,4.0943445622221,5.771441123130016
X360,2011,Fighting,Warner Bros. Interactive Entertainment,86.0,66,8.3,382,NetherRealm Studios,M,2010s,Other,4.204692619390966,5.948034989180646
GC,2002,Platform,THQ,39.0,7,4.7,14,Radical Entertainment,E,2000s,Other,2.079441541679836,2.70805020110221
PS3,2009,Action,Sega,50.0,11,7.5,27,Pyro Studios,E,2000s,Other,2.4849066497880004,3.332204510175204
GC,2002,Sports,Sega,66.0,18,7.5,27,Wow Entertainment,E,2000s,Other,2.9444389791664403,3.332204510175204
DS,2008,Sports,Arc System Works,65.0,12,7.5,27,Million,E,2000s,Other,2.5649493574615367,3.332204510175204
GBA,2001,Action,NewKidCo,46.0,4,2.4,21,Fluid Studios,E,2000s,Other,1.6094379124341005,3.091042453358316
PS2,2006,Adventure,Sega,77.0,34,8.1,52,Amusement Vision,M,2000s,Other,3.555348061489413,3.970291913552122
XB,2002,Shooter,Electronic Arts,71.0,16,7.5,15,Electronic Arts,T,2000s,Other,2.833213344056216,2.772588722239781
PSP,2007,Role-Playing,Square Enix,63.0,31,7.1,24,TOSE,T,2000s,Final Fantasy,3.4657359027997265,3.218875824868201
PS3,2006,Fighting,Electronic Arts,83.0,37,7.9,24,EA Chicago,T,2000s,Other,3.6375861597263857,3.218875824868201
PS2,2001,Role-Playing,From Software,64.0,13,7.8,6,From Software,T,2000s,Other,2.639057329615259,1.9459101490553128
PS,1997,Simulation,Psygnosis,91.0,12,7.8,12,Psygnosis,E,1990s,Other,2.5649493574615367,2.5649493574615367
GBA,2001,Role-Playing,Nintendo,91.0,29,9.3,198,Camelot Software Planning,E,2000s,Other,3.4011973816621555,5.293304824724492
XB,2005,Adventure,Microids,70.0,29,8.2,5,Microids,M,2000s,Other,3.4011973816621555,1.791759469228055
3DS,2014,Adventure,Capcom,81.0,34,9.0,76,NATSUME ATARI Inc.,T,2010s,Other,3.555348061489413,4.343805421853684
PS,2001,Sports,Activision,80.0,15,8.6,16,Shaba Games,E,2000s,Other,2.772588722239781,2.833213344056216
XB,2007,Sports,Electronic Arts,82.0,4,8.1,8,EA Sports,E,2000s,Other,1.6094379124341005,2.19722457733622
PS2,2005,Shooter,Playlogic Game Factory,39.0,4,8.1,9,WideScreen Games,T,2000s,Other,1.6094379124341005,2.302585092994046
PS3,2013,Action,505 Games,81.0,12,7.9,70,Engine Software,T,2010s,Other,2.5649493574615367,4.262679877041316
PS2,2005,Shooter,Sony Computer Entertainment,81.0,51,8.9,155,Insomniac Games,T,2000s,Other,3.951243718581428,5.049856007249537
XB,2002,Sports,Electronic Arts,92.0,16,8.3,16,EA Tiburon,E,2000s,Madden,2.833213344056216,2.833213344056216
PC,2008,Simulation,Deep Silver,73.0,16,7.9,222,Egosoft,T,2000s,Other,2.833213344056216,5.407171771460119
PS2,2003,Sports,Electronic Arts,90.0,31,8.8,70,Electronic Arts,E,2000s,Other,3.4657359027997265,4.262679877041316
PS2,2002,Shooter,Electronic Arts,73.0,20,8.9,36,Namco,M,2000s,Other,3.044522437723423,3.610917912644224
XOne,2016,Misc,Ubisoft,75.0,5,8.0,6,Ubisoft Paris,E10+,2010s,Other,1.791759469228055,1.9459101490553128
X360,2011,Action,Electronic Arts,84.0,72,7.5,533,Crytek,M,2010s,Other,4.290459441148391,6.280395838960195
GC,2002,Action,Electronic Arts,82.0,13,8.7,23,Stormfront Studios,T,2000s,Other,2.639057329615259,3.1780538303479458
PS2,2004,Shooter,Sony Computer Entertainment,65.0,47,6.9,30,Sony Bend,M,2000s,Other,3.8712010109078903,3.4339872044851463
Wii,2011,Role-Playing,Nintendo,80.0,61,8.4,179,"Mistwalker, Artoon",T,2010s,Other,4.127134385045092,5.19295685089021
PS3,2011,Action,Ubisoft,67.0,21,6.8,29,Ubisoft,M,2010s,Other,3.091042453358316,3.4011973816621555
X360,2010,Sports,Hudson Soft,26.0,16,3.7,9,AI,E10+,2010s,Other,2.833213344056216,2.302585092994046
PSV,2013,Adventure,PQube,83.0,16,9.2,87,5pb,M,2010s,Other,2.833213344056216,4.477336814478207
WiiU,2014,Puzzle,Nintendo,81.0,78,8.6,377,Nintendo EAD Tokyo,E,2010s,Other,4.3694478524670215,5.934894195619588
DS,2005,Simulation,Nintendo,81.0,45,8.7,45,ITL,T,2000s,Other,3.828641396489095,3.828641396489095
PS2,2003,Shooter,Atari,73.0,17,9.0,5,Lost Toys,T,2000s,Other,2.8903717578961645,1.791759469228055
WiiU,2013,Fighting,Warner Bros. Interactive Entertainment,82.0,5,7.9,112,NetherRealm Studios,T,2010s,Other,1.791759469228055,4.727387818712341
PS2,2002,Action,Eidos Interactive,67.0,18,8.8,19,Crystal Dynamics,M,2000s,Other,2.9444389791664403,2.995732273553991
PS2,2003,Strategy,Capcom,59.0,18,5.6,5,Cinemaware,T,2000s,Other,2.9444389791664403,1.791759469228055
PS4,2014,Action,Sony Computer Entertainment,80.0,90,7.9,2944,Sucker Punch,T,2010s,Other,4.51085950651685,7.987864096085687
PC,1992,Shooter,id Software,85.0,44,8.2,1796,id Software,M,1990s,Other,3.80666248977032,7.493873886783559
PSP,2006,Platform,Activision,58.0,7,7.5,27,Amaze Entertainment,E,2000s,Other,2.079441541679836,3.332204510175204
X360,2012,Action,Sega,73.0,38,7.9,105,PlatinumGames,M,2010s,Other,3.6635616461296463,4.663439094112067
PS2,2004,Action,Namco Bandai Games,48.0,9,8.7,7,Natsume,T,2000s,Other,2.302585092994046,2.079441541679836
PS3,2009,Fighting,Ignition Entertainment,57.0,48,5.3,46,SNK Playmore,T,2000s,Other,3.8918202981106265,3.8501476017100575
XB,2003,Sports,Midway Games,71.0,14,6.6,8,Midway,E,2000s,Other,2.70805020110221,2.19722457733622
PC,1998,Strategy,Activision,88.0,15,9.1,813,Blizzard Entertainment,T,1990s,Other,2.772588722239781,6.70196036600254
PS2,2004,Action,Konami Digital Entertainment,53.0,28,8.8,4,KCEJ,M,2000s,Other,3.367295829986474,1.6094379124341005
3DS,2011,Sports,Marvelous Interactive,57.0,5,7.5,27,Natsume,E,2010s,Other,1.791759469228055,3.332204510175204
PS4,2016,Fighting,Capcom,77.0,80,3.4,1221,Capcom,T,2010s,Other,4.394449154672439,7.108244139731541
XOne,2015,Action,Warner Bros. Interactive Entertainment,70.0,17,6.7,44,TT Games,E10+,2010s,Other,2.8903717578961645,3.80666248977032
PS2,2001,Sports,Codemasters,64.0,17,8.7,13,Dearsoft,E,2000s,Other,2.8903717578961645,2.639057329615259
3DS,2013,Role-Playing,Atlus,83.0,48,8.3,251,Atlus,M,2010s,Other,3.8918202981106265,5.529429087511423
PS2,2002,Shooter,Taito,59.0,9,7.5,27,Alfa System,E,2000s,Other,2.302585092994046,3.332204510175204
PS3,2009,Shooter,THQ,85.0,56,8.1,136,Volition Inc.,M,2000s,Other,4.04305126783455,4.919980925828125
PC,2016,Simulation,Electronic Arts,77.0,10,5.7,30,Maxis,T,2010s,Other,2.3978952727983707,3.4339872044851463
XB,2002,Sports,Activision,93.0,22,8.4,17,Neversoft Entertainment,T,2000s,Other,3.1354942159291497,2.8903717578961645
PSP,2008,Misc,Ignition Entertainment,68.0,13,7.5,27,Terminal Reality,T,2000s,Other,2.639057329615259,3.332204510175204
X360,2010,Sports,Electronic Arts,88.0,66,7.5,155,EA Sports,E,2010s,FIFA,4.204692619390966,5.049856007249537
PS4,2015,Action,Nordic Games,62.0,22,6.4,11,"Neon Studios, Kaiko",E10+,2010s,Other,3.1354942159291497,2.4849066497880004
X360,2007,Action,Vivendi Games,65.0,25,6.3,39,Radical Entertainment,E10+,2000s,Other,3.258096538021482,3.688879454113936
PC,2011,Shooter,Warner Bros. Interactive Entertainment,74.0,34,5.9,420,Day 1 Studios,M,2010s,Other,3.555348061489413,6.042632833682381
PS4,2014,Sports,Take-Two Interactive,62.0,44,5.1,164,Yuke's,T,2010s,Other,3.80666248977032,5.10594547390058
DS,2008,Simulation,Electronic Arts,50.0,12,3.3,4,Full Fat,E,2000s,Other,2.5649493574615367,1.6094379124341005
PS3,2008,Role-Playing,Atari,80.0,34,7.8,117,Tri-Crescendo,T,2000s,Other,3.555348061489413,4.770684624465665
PS2,2004,Simulation,Tecmo Koei,65.0,12,7.5,27,Micro Cabin,T,2000s,Other,2.5649493574615367,3.332204510175204
XB,2006,Action,THQ,51.0,29,6.2,9,Appaloosa Interactive,M,2000s,Other,3.4011973816621555,2.302585092994046
PS4,2016,Simulation,Focus Home Interactive,69.0,17,8.7,12,Maximum Games,E,2010s,Other,2.8903717578961645,2.5649493574615367
3DS,2013,Platform,Sega,59.0,34,6.5,144,Dimps Corporation,E10+,2010s,Other,3.555348061489413,4.976733742420574
GBA,2004,Puzzle,Nintendo,66.0,10,7.5,6,Nintendo,E,2000s,Mario,2.3978952727983707,1.9459101490553128
XB,2004,Racing,THQ,81.0,18,9.3,12,Rainbow Studios,E,2000s,Other,2.9444389791664403,2.5649493574615367
DS,2007,Shooter,Phoenix Games,39.0,5,7.5,27,Phenomedia,E10+,2000s,Other,1.791759469228055,3.332204510175204
PS2,2001,Racing,BAM! Entertainment,38.0,10,3.4,5,Bam Entertainment,T,2000s,Other,2.3978952727983707,1.791759469228055
PC,2016,Shooter,Ubisoft,79.0,33,5.8,1188,Massive Entertainment,M,2010s,Other,3.5263605246161616,7.080867896690782
WiiU,2013,Misc,Nintendo,65.0,38,6.8,135,Nd Cube,E,2010s,Other,3.6635616461296463,4.912654885736052
DS,2007,Platform,THQ,54.0,4,7.5,27,Natsume,E,2000s,Other,1.6094379124341005,3.332204510175204
PSV,2012,Misc,Ubisoft,83.0,65,7.8,85,Q Entertainment,E,2010s,Other,4.189654742026425,4.454347296253507
PS3,2011,Shooter,Electronic Arts,85.0,38,7.5,1761,EA DICE,M,2010s,Other,3.6635616461296463,7.474204806496124
GBA,2003,Action,THQ,85.0,37,8.6,18,Hitmaker,E,2000s,Other,3.6375861597263857,2.9444389791664403
Wii,2007,Action,Game Factory,58.0,15,8.5,8,The Game Factory,E10+,2000s,Other,2.772588722239781,2.19722457733622
PC,2008,Role-Playing,Atari,86.0,30,8.5,1660,CD Projekt Red Studio,M,2000s,Other,3.4339872044851463,7.415175109613295
3DS,2013,Role-Playing,Atlus,80.0,41,8.2,89,Atlus,T,2010s,Other,3.737669618283368,4.499809670330265
GC,2005,Platform,THQ,75.0,17,9.3,4,Avalanche Software,E,2000s,Other,2.8903717578961645,1.6094379124341005
PSV,2012,Action,Warner Bros. Interactive Entertainment,64.0,19,6.8,21,Traveller's Tales,E10+,2010s,Other,2.995732273553991,3.091042453358316
PSP,2007,Sports,Namco Bandai Games,68.0,30,6.3,4,"Namco Bandai Games America, Namco Bandai Games",E,2000s,Other,3.4339872044851463,1.6094379124341005
PC,2005,Role-Playing,Microsoft Game Studios,80.0,51,7.9,159,Gas Powered Games,M,2000s,Other,3.951243718581428,5.075173815233827
PS2,2002,Sports,Activision,94.0,27,8.5,128,Neversoft Entertainment,T,2000s,Other,3.332204510175204,4.859812404361672
Wii,2007,Racing,Midway Games,25.0,7,3.7,18,Midway Studios - San Diego,E,2000s,Other,2.079441541679836,2.9444389791664403
PC,2010,Action,Take-Two Interactive,77.0,46,7.9,1238,2K Czech,M,2010s,Other,3.8501476017100575,7.122059881629142
PS3,2010,Shooter,Activision,88.0,58,6.4,1094,Treyarch,M,2010s,Call of Duty,4.07753744390572,6.9985096422506015
GBA,2001,Misc,Midway Games,48.0,9,7.5,27,Midway,E,2000s,Other,2.302585092994046,3.332204510175204
PS2,2002,Sports,Atari,76.0,15,8.5,6,Rockstar San Diego,T,2000s,Other,2.772588722239781,1.9459101490553128
PC,2014,Role-Playing,NCSoft,82.0,52,7.4,965,Carbine Studios,T,2010s,Other,3.970291913552122,6.873163834212518
PS3,2008,Fighting,Electronic Arts,53.0,37,3.8,20,EA Canada,T,2000s,Other,3.6375861597263857,3.044522437723423
PC,2012,Shooter,Take-Two Interactive,76.0,16,8.2,1237,Yager,M,2010s,Other,2.833213344056216,7.121252453244542
XB,2004,Fighting,Vivendi Games,37.0,29,4.7,13,Genuine Games,M,2000s,Other,3.4011973816621555,2.639057329615259
PS2,2005,Misc,RedOctane,91.0,65,8.7,173,Harmonix Music Systems,T,2000s,Other,4.189654742026425,5.159055299214529
X360,2009,Action,Electronic Arts,65.0,72,6.9,60,EA Redwood Shores,M,2000s,Other,4.290459441148391,4.110873864173311
PSP,2005,Puzzle,Ignition Entertainment,75.0,39,6.6,21,Awesome Studios,E,2000s,Other,3.688879454113936,3.091042453358316
PSV,2014,Role-Playing,Namco Bandai Games,67.0,28,7.6,131,Bandai Namco Games,T,2010s,Other,3.367295829986474,4.882801922586371
DC,2001,Adventure,Sega,88.0,9,9.4,201,Sega AM2,T,2000s,Other,2.302585092994046,5.308267697401205
PS2,2007,Action,Activision,65.0,11,7.5,4,Beenox,E,2000s,Other,2.4849066497880004,1.6094379124341005
PC,2003,Simulation,Microsoft Game Studios,88.0,22,8.2,49,Microsoft Game Studios,E,2000s,Other,3.1354942159291497,3.912023005428146
PS2,2004,Action,Ubisoft,83.0,51,8.5,120,Ubisoft Montreal,M,2000s,Other,3.951243718581428,4.795790545596741
DC,2000,Racing,Sega,84.0,25,7.7,11,TOSE,E,2000s,Other,3.258096538021482,2.4849066497880004
PS3,2008,Action,Sega,44.0,30,5.6,23,Secret Level,M,2000s,Other,3.4339872044851463,3.1780538303479458
XB,2004,Racing,Zoo Digital Publishing,44.0,6,5.9,9,Creat Studios,T,2000s,Other,1.9459101490553128,2.302585092994046
PS4,2015,Fighting,Namco Bandai Games,69.0,50,7.7,598,Dimps Corporation,T,2010s,Other,3.9318256327243257,6.395261598115449
PSP,2005,Racing,Sony Computer Entertainment,88.0,56,7.9,102,Studio Liverpool,E,2000s,Other,4.04305126783455,4.634728988229636
PC,2006,Role-Playing,Activision,82.0,22,8.0,52,Raven Software,T,2000s,Other,3.1354942159291497,3.970291913552122
X360,2009,Fighting,Electronic Arts,87.0,76,8.1,86,EA Canada,T,2000s,Other,4.343805421853684,4.465908118654584
PS,1999,Racing,Konami Digital Entertainment,46.0,4,7.5,27,VU Games,E,1990s,Other,1.6094379124341005,3.332204510175204
GBA,2002,Racing,TDK Mediactive,27.0,5,8.9,19,Prolific,E,2000s,Other,1.791759469228055,2.995732273553991
WiiU,2014,Sports,Nintendo,68.0,21,7.0,106,Nintendo,E10+,2010s,Wii Sports,3.091042453358316,4.672828834461906
DS,2009,Adventure,Konami Digital Entertainment,56.0,14,8.8,4,Hudson Entertainment,T,2000s,Other,2.70805020110221,1.6094379124341005
XB,2002,Misc,Midway Games,69.0,15,7.5,27,7 Studios,T,2000s,Other,2.772588722239781,3.332204510175204
PC,2009,Shooter,THQ,82.0,29,7.5,308,"Volition Inc., Reactor Zero",M,2000s,Other,3.4011973816621555,5.733341276897746
PS2,2005,Strategy,Tecmo Koei,71.0,13,8.5,10,Koei,T,2000s,Other,2.639057329615259,2.3978952727983707
XOne,2015,Misc,Ubisoft,66.0,10,6.1,18,Ubisoft,E10+,2010s,Other,2.3978952727983707,2.9444389791664403
DS,2007,Action,Atlus,71.0,9,7.5,27,Noise Factory,E,2000s,Other,2.302585092994046,3.332204510175204
PSP,2006,Simulation,Namco Bandai Games,75.0,26,8.3,30,Project Aces,T,2000s,Other,3.295836866004329,3.4339872044851463
XB,2006,Action,LucasArts,85.0,27,8.6,15,Traveller's Tales,E10+,2000s,Other,3.332204510175204,2.772588722239781
GC,2002,Platform,Universal Interactive,48.0,13,5.1,24,Equinoxe,E,2000s,Other,2.639057329615259,3.218875824868201
X360,2012,Role-Playing,Electronic Arts,80.0,71,7.7,446,Big Huge Games,M,2010s,Other,4.276666119016055,6.102558594613569
DS,2005,Platform,THQ,66.0,13,7.5,27,Altron,E,2000s,Other,2.639057329615259,3.332204510175204
X360,2010,Fighting,PQube,85.0,32,8.7,26,Arc System Works,T,2010s,Other,3.49650756146648,3.295836866004329
DS,2008,Shooter,Destineer,68.0,15,7.3,8,EnjoyUp Games,T,2000s,Other,2.772588722239781,2.19722457733622
PC,2009,Shooter,Take-Two Interactive,81.0,37,7.8,1363,Gearbox Software,M,2000s,Other,3.6375861597263857,7.218176838403408
X360,2007,Sports,Electronic Arts,80.0,42,8.2,30,EA Canada,E,2000s,Other,3.7612001156935615,3.4339872044851463
DS,2005,Puzzle,Atari,38.0,19,6.2,6,Taito Corporation,E,2000s,Other,2.995732273553991,1.9459101490553128
X360,2011,Action,Warner Bros. Interactive Entertainment,94.0,87,8.7,1472,Rocksteady Studios,T,2010s,Other,4.477336814478207,7.29505641646263
PC,2015,Shooter,Take-Two Interactive,77.0,39,4.3,969,Turtle Rock Studios,M,2010s,Other,3.688879454113936,6.877296071497429
GBA,2002,Action,Activision,54.0,8,7.5,27,Torus Games,T,2000s,Other,2.19722457733622,3.332204510175204
XOne,2014,Sports,Electronic Arts,80.0,19,6.4,138,EA Sports,E,2010s,Madden,2.995732273553991,4.934473933130692
GBA,2006,Action,LucasArts,55.0,5,7.0,6,Amaze Entertainment,E,2000s,Other,1.791759469228055,1.9459101490553128
PC,2003,Strategy,Microsoft Game Studios,84.0,25,8.7,119,Ensemble Studios,T,2000s,Other,3.258096538021482,4.787491742782046
PC,2007,Simulation,Electronic Arts,72.0,13,6.9,24,Kuju Entertainment,E,2000s,Other,2.639057329615259,3.218875824868201
DS,2008,Sports,Nintendo,69.0,6,7.5,27,Nintendo,E,2000s,Other,1.9459101490553128,3.332204510175204
WiiU,2016,Action,Warner Bros. Interactive Entertainment,74.0,6,8.0,11,TT Games,E10+,2010s,Other,1.9459101490553128,2.4849066497880004
PSP,2006,Role-Playing,Konami Digital Entertainment,64.0,29,7.3,13,Konami Software Shanghai,E10+,2000s,Other,3.4011973816621555,2.639057329615259
GC,2002,Sports,Konami Digital Entertainment,44.0,5,7.5,27,KCEO,T,2000s,Other,1.791759469228055,3.332204510175204
PS3,2014,Fighting,Namco Bandai Games,54.0,32,5.3,103,Artdink,T,2010s,Other,3.49650756146648,4.6443908991413725
XB,2005,Sports,Activision,63.0,4,7.5,27,Sand Grain Studios,T,2000s,Other,1.6094379124341005,3.332204510175204
PC,2011,Strategy,THQ,80.0,52,7.8,235,Relic,M,2010s,Other,3.970291913552122,5.4638318050256105
PS3,2008,Action,Ubisoft,54.0,30,6.9,28,Ubisoft Montreal,T,2000s,Other,3.4339872044851463,3.367295829986474
XB,2004,Shooter,SCi,60.0,40,7.3,9,Pivotal Games,M,2000s,Other,3.713572066704308,2.302585092994046
XB,2005,Platform,Midway Games,56.0,6,7.7,6,Artificial Mind and Movement,E,2000s,Other,1.9459101490553128,1.9459101490553128
X360,2010,Shooter,Majesco Entertainment,38.0,8,1.7,10,Panic Button,T,2010s,Other,2.19722457733622,2.3978952727983707
X360,2010,Fighting,THQ,84.0,70,6.7,80,Yuke's,T,2010s,Other,4.262679877041316,4.394449154672439
PC,2008,Role-Playing,Bethesda Softworks,91.0,48,7.9,3450,Bethesda Game Studios,M,2000s,Other,3.8918202981106265,8.146419323098003
GC,2005,Adventure,Nintendo,66.0,43,8.5,23,n-Space,M,2000s,Other,3.784189633918261,3.1780538303479458
PS2,2004,Platform,Electronic Arts,71.0,24,8.2,22,Krome Studios,E,2000s,Other,3.218875824868201,3.1354942159291497
DS,2006,Strategy,Ignition Entertainment,48.0,19,4.8,6,SNK Playmore,T,2000s,Other,2.995732273553991,1.9459101490553128
GC,2001,Sports,Acclaim Entertainment,53.0,10,7.5,27,Acclaim,E,2000s,Other,2.3978952727983707,3.332204510175204
PS2,2004,Sports,Sega,90.0,37,8.2,84,Visual Concepts,E,2000s,Other,3.6375861597263857,4.442651256490317
PSP,2006,Platform,Sega,56.0,23,5.9,7,TT Games,E,2000s,Other,3.1780538303479458,2.079441541679836
XB,2003,Action,Universal Interactive,69.0,25,7.7,9,Radical Entertainment,T,2000s,Other,3.258096538021482,2.302585092994046
PS2,2001,Sports,Activision,97.0,34,7.5,298,Neversoft Entertainment,T,2000s,Other,3.555348061489413,5.700443573390686
XOne,2014,Shooter,505 Games,63.0,12,6.6,68,Rebellion,M,2010s,Other,2.5649493574615367,4.23410650459726
PS2,2004,Shooter,Play It,67.0,4,7.4,8,Alfa System,E,2000s,Other,1.6094379124341005,2.19722457733622
Wii,2007,Misc,Take-Two Interactive,56.0,27,6.0,44,Cat Daddy Games,E,2000s,Other,3.332204510175204,3.80666248977032
Wii,2008,Puzzle,Deep Silver,62.0,12,6.4,5,InXile Entertainment,E,2000s,Other,2.5649493574615367,1.791759469228055
Wii,2008,Sports,Electronic Arts,49.0,5,5.8,32,EA Canada,E,2000s,Other,1.791759469228055,3.49650756146648
GC,2002,Racing,THQ,55.0,4,6.4,5,Beyond Games,E,2000s,Other,1.6094379124341005,1.791759469228055
X360,2007,Role-Playing,Microsoft Game Studios,78.0,68,8.3,432,Mistwalker,T,2000s,Other,4.23410650459726,6.07073772800249
XB,2003,Racing,Midway Games,64.0,22,7.5,27,Midway,T,2000s,Other,3.1354942159291497,3.332204510175204
PC,2010,Puzzle,PopCap Games,82.0,27,8.1,86,PopCap,E,2010s,Other,3.332204510175204,4.465908118654584
DS,2006,Shooter,Disney Interactive Studios,66.0,13,7.5,27,DC Studios,E,2000s,Other,2.639057329615259,3.332204510175204
XB,2003,Sports,TDK Mediactive,77.0,33,8.4,7,Hypnotix,M,2000s,Other,3.5263605246161616,2.079441541679836
WiiU,2016,Shooter,Nintendo,69.0,82,7.4,662,PlatinumGames,E10+,2010s,Other,4.418840607796598,6.496774990185863
XB,2002,Sports,Electronic Arts,80.0,12,7.9,12,EA Sports,E,2000s,Other,2.5649493574615367,2.5649493574615367
DS,2004,Puzzle,Ignition Entertainment,74.0,40,7.5,13,"Buddiez, Inc.",E,2000s,Other,3.713572066704308,2.639057329615259
PS3,2012,Action,Sega,83.0,34,8.5,180,Ryu ga Gotoku Studios,M,2010s,Other,3.555348061489413,5.198497031265826
PS2,2004,Action,Sega,52.0,31,7.0,6,Dimps Corporation,T,2000s,Other,3.4657359027997265,1.9459101490553128
X360,2010,Action,Namco Bandai Games,42.0,31,4.1,17,Game Republic,T,2010s,Other,3.4657359027997265,2.8903717578961645
PSP,2006,Misc,Myelin Media,63.0,13,7.5,27,3G Studios,T,2000s,Other,2.639057329615259,3.332204510175204
X360,2012,Shooter,Capcom,67.0,71,5.0,1407,Capcom,M,2010s,Other,4.276666119016055,7.249925536717988
GC,2005,Platform,Activision,70.0,21,7.5,27,Toys for Bob,E10+,2000s,Other,3.091042453358316,3.332204510175204
DS,2007,Role-Playing,Rising Star Games,56.0,8,7.5,27,Global A,E10+,2000s,Other,2.19722457733622,3.332204510175204
Wii,2007,Action,Tecmo Koei,53.0,30,6.8,6,"Koei, Omega Force",T,2000s,Other,3.4339872044851463,1.9459101490553128
X360,2008,Sports,Navarre Corp,56.0,14,5.9,15,Liquid Dragon Studios,T,2000s,Other,2.70805020110221,2.772588722239781
XB,2002,Sports,Midway Games,77.0,17,7.5,27,Point of View,E,2000s,Other,2.8903717578961645,3.332204510175204
XB,2004,Shooter,Activision,80.0,55,9.1,57,Pandemic Studios,T,2000s,Other,4.02535169073515,4.060443010546419
PS3,2008,Sports,Sega,67.0,31,7.4,7,Sumo Digital,E10+,2000s,Other,3.4657359027997265,2.079441541679836
PS4,2014,Action,Ubisoft,70.0,40,4.9,2050,"Ubisoft, Ubisoft Montreal",M,2010s,Other,3.713572066704308,7.62608275807238
3DS,2011,Puzzle,Sunsoft,67.0,11,5.3,4,SunSoft,E,2010s,Other,2.4849066497880004,1.6094379124341005
DS,2006,Misc,Nintendo,87.0,51,8.6,105,iNiS,E10+,2000s,Other,3.951243718581428,4.663439094112067
PC,2014,Action,Warner Bros. Interactive Entertainment,84.0,17,8.0,1671,Monolith Productions,M,2010s,Other,2.8903717578961645,7.421775793644647
PS2,2004,Fighting,Capcom,57.0,33,4.8,5,Capcom,T,2000s,Other,3.5263605246161616,1.791759469228055
X360,2006,Shooter,Vivendi Games,85.0,44,7.3,131,Day 1 Studios,M,2000s,Other,3.80666248977032,4.882801922586371
DS,2006,Puzzle,O3 Entertainment,60.0,14,7.5,27,oeFun,E,2000s,Other,2.70805020110221,3.332204510175204
X360,2012,Shooter,Take-Two Interactive,76.0,59,8.2,319,Yager,M,2010s,Other,4.0943445622221,5.768320995793772
GBA,2002,Action,Electronic Arts,53.0,5,7.5,27,Tiertex Design Studios,E,2000s,Other,1.791759469228055,3.332204510175204
PSP,2005,Shooter,Sony Computer Entertainment,82.0,44,8.6,63,Zipper Interactive,M,2000s,Other,3.80666248977032,4.158883083359672
WiiU,2015,Role-Playing,Nintendo,84.0,87,8.9,1548,Monolith Soft,T,2010s,Other,4.477336814478207,7.345364840416867
PS,1998,Adventure,Human Entertainment,49.0,5,5.7,7,Human Entertainment,M,1990s,Other,1.791759469228055,2.079441541679836
PS3,2014,Role-Playing,Nippon Ichi Software,90.0,4,7.8,71,Falcom,T,2010s,Other,1.6094379124341005,4.276666119016055
PS3,2006,Racing,Sega,67.0,43,7.6,25,Pseudo Interactive,T,2000s,Other,3.784189633918261,3.258096538021482
DS,2009,Racing,Tecmo Koei,70.0,5,9.0,5,Koei,E,2000s,Other,1.791759469228055,1.791759469228055
PS3,2013,Platform,Sony Computer Entertainment Europe,80.0,75,8.5,236,SCE Japan Studio,E10+,2010s,Other,4.330733340286331,5.468060141135132
Wii,2009,Shooter,Electronic Arts,67.0,12,4.5,6,EA Salt Lake,E10+,2000s,Other,2.5649493574615367,1.9459101490553128
PS3,2012,Adventure,Sony Computer Entertainment Europe,92.0,78,8.8,1381,ThatGameCompany,E,2010s,Other,4.3694478524670215,7.231287004327616
PSP,2011,Fighting,Namco Bandai Games,59.0,16,7.2,26,Racjin,T,2010s,Other,2.833213344056216,3.295836866004329
DS,2008,Adventure,Ignition Entertainment,67.0,30,8.2,29,InLight Entertainment,E10+,2000s,Other,3.4339872044851463,3.4011973816621555
PS2,2002,Simulation,Metro 3D,74.0,23,9.0,33,From Software,T,2000s,Other,3.1780538303479458,3.5263605246161616
X360,2008,Sports,Midway Games,68.0,34,7.2,13,Midway,M,2000s,Other,3.555348061489413,2.639057329615259
PS2,2005,Role-Playing,Ghostlight,76.0,42,8.2,33,Nautilus,T,2000s,Other,3.7612001156935615,3.5263605246161616
XOne,2014,Shooter,Bethesda Softworks,79.0,18,7.8,397,MachineGames,M,2010s,Other,2.9444389791664403,5.986452005284438
X360,2014,Racing,Codemasters,75.0,15,6.0,56,Codemasters,E,2010s,Other,2.772588722239781,4.04305126783455
PS3,2013,Sports,Electronic Arts,80.0,22,6.0,79,Electronic Arts,E10+,2010s,Other,3.1354942159291497,4.382026634673881
PSP,2007,Misc,Xplosiv,57.0,6,7.5,27,Jack of All Games,E,2000s,Other,1.9459101490553128,3.332204510175204
PS3,2010,Misc,MTV Games,91.0,34,8.0,95,Harmonix Music Systems,T,2010s,Other,3.555348061489413,4.564348191467836
DS,2008,Platform,Konami Digital Entertainment,85.0,46,8.7,111,Konami,T,2000s,Other,3.8501476017100575,4.718498871295094
X360,2012,Simulation,Konami Digital Entertainment,75.0,21,8.8,20,High Voltage Software,M,2010s,Other,3.091042453358316,3.044522437723423
PS3,2013,Shooter,D3Publisher,69.0,28,7.5,52,Sandlot,M,2010s,Other,3.367295829986474,3.970291913552122
PSP,2009,Sports,Electronic Arts,70.0,7,7.5,27,EA Tiburon,E,2000s,Other,2.079441541679836,3.332204510175204
X360,2007,Action,Activision,60.0,51,6.3,26,Next Level Games,E10+,2000s,Other,3.951243718581428,3.295836866004329
PSP,2009,Action,Ubisoft,68.0,18,7.4,18,From Software,M,2000s,Other,2.9444389791664403,2.9444389791664403
PS2,2005,Shooter,Ubisoft,76.0,21,8.9,36,Rebellion,M,2000s,Other,3.091042453358316,3.610917912644224
X360,2010,Shooter,Square Enix,58.0,52,6.1,24,Double Helix Games,T,2010s,Other,3.970291913552122,3.218875824868201
WiiU,2014,Racing,Nintendo,88.0,82,9.1,1599,Nintendo,E,2010s,Mario,4.418840607796598,7.377758908227872
GBA,2002,Platform,Activision,59.0,10,7.5,27,Creations,E,2000s,Other,2.3978952727983707,3.332204510175204
XB,2002,Action,Microsoft Game Studios,61.0,27,5.7,7,Jaleco Entertainment,T,2000s,Other,3.332204510175204,2.079441541679836
PSP,2007,Racing,Sega,74.0,14,7.2,9,Bugbear,E,2000s,Other,2.70805020110221,2.302585092994046
PS4,2015,Action,Activision,77.0,50,7.5,160,PlatinumGames,T,2010s,Other,3.9318256327243257,5.081404364984463
XB,2002,Racing,Konami Digital Entertainment,58.0,4,7.5,27,Konami,T,2000s,Other,1.6094379124341005,3.332204510175204
GC,2002,Simulation,Titus,59.0,10,7.1,7,Titus Software,E,2000s,Other,2.3978952727983707,2.079441541679836
PS3,2011,Sports,THQ,65.0,8,2.4,5,THQ,E,2010s,Other,2.19722457733622,1.791759469228055
XB,2002,Sports,Codemasters,37.0,13,7.5,27,Atomic Planet Entertainment,T,2000s,Other,2.639057329615259,3.332204510175204
PS2,2005,Role-Playing,Tecmo Koei,56.0,35,8.3,17,Goshow,M,2000s,Other,3.58351893845611,2.8903717578961645
GBA,2001,Adventure,Konami Digital Entertainment,57.0,6,7.5,27,Konami,E,2000s,Other,1.9459101490553128,3.332204510175204
X360,2010,Shooter,Sega,84.0,70,8.4,182,PlatinumGames,M,2010s,Other,4.262679877041316,5.209486152841421
PS2,2001,Racing,Sony Computer Entertainment,82.0,16,8.4,53,Rainbow Studios,E,2000s,Other,2.833213344056216,3.9889840465642745
X360,2013,Shooter,D3Publisher,68.0,25,8.1,63,Sandlot,M,2010s,Other,3.258096538021482,4.158883083359672
Wii,2009,Misc,Konami Digital Entertainment,63.0,4,7.5,27,Blitz Games Studios,T,2000s,Other,1.6094379124341005,3.332204510175204
PS3,2011,Fighting,Namco Bandai Games,58.0,26,5.4,77,Spike,T,2010s,Other,3.295836866004329,4.356708826689592
PS2,2008,Role-Playing,Gust,70.0,12,8.2,17,Gust,T,2000s,Other,2.5649493574615367,2.8903717578961645
XOne,2013,Action,Microsoft Game Studios,78.0,69,6.8,908,Capcom Vancouver,M,2010s,Other,4.248495242049359,6.812345094177479
XB,2004,Sports,Electronic Arts,81.0,34,8.7,23,EA Canada,E,2000s,FIFA,3.555348061489413,3.1780538303479458
3DS,2011,Fighting,THQ,71.0,12,7.4,7,THQ,T,2010s,Other,2.5649493574615367,2.079441541679836
PC,2005,Racing,Electronic Arts,82.0,19,8.5,525,Black Box,T,2000s,Other,2.995732273553991,6.26530121273771
PC,2014,Racing,Codemasters,78.0,35,6.2,257,Codemasters,E,2010s,Other,3.58351893845611,5.552959584921617
PS2,2003,Sports,Sega,83.0,14,8.5,8,Visual Concepts,E,2000s,Other,2.70805020110221,2.19722457733622
X360,2009,Shooter,DTP Entertainment,56.0,46,7.1,55,"Replay Studios, ML Enterprises",M,2000s,Other,3.8501476017100575,4.02535169073515
PC,2003,Shooter,Activision,81.0,34,8.6,293,Raven Software,T,2000s,Other,3.555348061489413,5.683579767338681
PS4,2016,Role-Playing,Kalypso Media,61.0,9,7.9,14,Kalypso,T,2010s,Other,2.302585092994046,2.70805020110221
PS2,2004,Role-Playing,Square Enix,77.0,13,8.0,10,Square Enix,T,2000s,Final Fantasy,2.639057329615259,2.3978952727983707
XB,2001,Sports,Activision,78.0,24,8.8,5,Treyarch,T,2000s,Other,3.218875824868201,1.791759469228055
GBA,2005,Puzzle,Atari,62.0,10,7.5,6,"Big Blue Bubble Inc., Breakthrough New Media",E,2000s,Other,2.3978952727983707,1.9459101490553128
PC,2001,Action,Electronic Arts,65.0,11,7.8,76,KnowWonder,E,2000s,Other,2.4849066497880004,4.343805421853684
PS3,2009,Misc,Warner Bros. Interactive Entertainment,75.0,36,7.6,18,TT Fusion,E10+,2000s,Other,3.610917912644224,2.9444389791664403
PS4,2015,Action,Square Enix,86.0,20,7.6,225,Square Enix,T,2010s,Final Fantasy,3.044522437723423,5.420534999272286
PC,2010,Simulation,Electronic Arts,74.0,25,7.3,51,EA Redwood Shores,T,2010s,Other,3.258096538021482,3.951243718581428
GBA,2003,Racing,Atari,77.0,8,7.5,27,Atari,E,2000s,Other,2.19722457733622,3.332204510175204
PS2,2006,Racing,Codemasters,64.0,35,6.8,8,Supersonic Software,E,2000s,Other,3.58351893845611,2.19722457733622
GC,2006,Misc,Nintendo,62.0,42,8.0,17,Vivarium,E10+,2000s,Other,3.7612001156935615,2.8903717578961645
PS3,2009,Sports,Electronic Arts,84.0,50,7.8,53,EA Black Box,T,2000s,Other,3.9318256327243257,3.9889840465642745
PS2,2001,Platform,Konami Digital Entertainment,32.0,6,4.6,29,Konami,E,2000s,Other,1.9459101490553128,3.4011973816621555
PS2,2001,Shooter,Konami Digital Entertainment,64.0,17,7.5,27,KCET,M,2000s,Other,2.8903717578961645,3.332204510175204
DS,2007,Simulation,Game Factory,61.0,11,4.8,5,Neko Entertainment,E,2000s,Other,2.4849066497880004,1.791759469228055
XB,2002,Sports,Activision,80.0,15,8.0,5,Treyarch,E,2000s,Other,2.772588722239781,1.791759469228055
XB,2003,Strategy,Kool Kizz,74.0,11,8.8,6,SystemSoft,E,2000s,Other,2.4849066497880004,1.9459101490553128
PS4,2016,Action,Ubisoft,76.0,91,6.3,635,Ubisoft Montreal,M,2010s,Other,4.5217885770490405,6.455198563340122
DS,2005,Strategy,Nintendo,90.0,49,9.0,163,Intelligent Systems,E,2000s,Other,3.912023005428146,5.099866427824199
X360,2008,Action,Capcom,84.0,61,8.0,248,Capcom,M,2000s,Other,4.127134385045092,5.517452896464707
PS3,2013,Action,Capcom,74.0,30,7.2,204,Capcom,M,2010s,Other,3.4339872044851463,5.3230099791384085
XB,2002,Racing,Sega,82.0,24,8.2,24,Wow Entertainment,E,2000s,Other,3.218875824868201,3.218875824868201
DS,2007,Simulation,Ertain,66.0,8,7.5,27,Sonic Powered,E,2000s,Other,2.19722457733622,3.332204510175204
PS3,2011,Misc,THQ,62.0,4,7.5,27,Page 44 Studios,E,2010s,Other,1.6094379124341005,3.332204510175204
GBA,2001,Sports,BAM! Entertainment,39.0,4,7.5,27,Sennari Interactive,E,2000s,Other,1.6094379124341005,3.332204510175204
DS,2008,Action,Activision,73.0,7,7.5,27,Artificial Mind and Movement,E10+,2000s,Other,2.079441541679836,3.332204510175204
DS,2009,Strategy,Warner Bros. Interactive Entertainment,65.0,29,8.9,51,Hellbent Games,E,2000s,Other,3.4011973816621555,3.951243718581428
3DS,2015,Action,Nintendo,58.0,16,6.4,69,"Ambrella, The Pokemon Company",E10+,2010s,Pokemon,2.833213344056216,4.248495242049359
X360,2011,Sports,Sega,70.0,37,6.2,12,Sega,E,2010s,Other,3.6375861597263857,2.5649493574615367
PC,2010,Role-Playing,Activision,90.0,53,5.6,953,Blizzard Entertainment,T,2010s,Other,3.9889840465642745,6.860663671448287
PS,1996,Fighting,Sony Computer Entertainment,89.0,8,8.9,102,Namco,T,1990s,Other,2.19722457733622,4.634728988229636
X360,2010,Action,Warner Bros. Interactive Entertainment,79.0,58,8.0,62,Traveller's Tales,E10+,2010s,Other,4.07753744390572,4.143134726391533
3DS,2011,Simulation,505 Games,56.0,6,6.0,7,Cooking Mama Limited,E,2010s,Other,1.9459101490553128,2.079441541679836
PS4,2015,Adventure,Nordic Games,63.0,9,8.6,7,KING Art,Unknown,2010s,Other,2.302585092994046,2.079441541679836
XOne,2015,Sports,Electronic Arts,80.0,18,6.0,81,"EA Sports, EA Canada",E10+,2010s,Other,2.9444389791664403,4.406719247264253
Wii,2009,Action,Nintendo,55.0,26,7.2,22,Omega Force,T,2000s,Other,3.295836866004329,3.1354942159291497
GC,2002,Sports,Sega,89.0,11,7.0,6,Treyarch,E,2000s,Other,2.4849066497880004,1.9459101490553128
PS,1998,Action,Konami Digital Entertainment,94.0,20,9.4,918,KCEJ,M,1990s,Other,3.044522437723423,6.823286122355687
PSP,2005,Platform,Namco Bandai Games,61.0,9,6.0,4,Blitz Games,E,2000s,Other,2.302585092994046,1.6094379124341005
PS4,2015,Action,Ubisoft,73.0,13,6.8,50,Ivory Tower,T,2010s,Other,2.639057329615259,3.9318256327243257
PS2,2005,Fighting,Namco Bandai Games,88.0,62,8.6,229,Namco,T,2000s,Other,4.143134726391533,5.438079308923196
DS,2011,Action,Electronic Arts,55.0,4,7.5,27,Behavior Studios,E,2010s,Other,1.6094379124341005,3.332204510175204
X360,2011,Shooter,Square Enix,89.0,70,8.3,684,Eidos Montreal,M,2010s,Other,4.262679877041316,6.529418838262226
PS,1999,Shooter,JVC,67.0,8,7.5,27,Taito Corporation,E,1990s,Other,2.19722457733622,3.332204510175204
Wii,2006,Misc,Ubisoft,76.0,54,7.9,116,Ubisoft Montpellier,E,2000s,Other,4.007333185232471,4.762173934797756
XB,2002,Adventure,Electronic Arts,74.0,16,7.5,27,Westwood Studios,T,2000s,Other,2.833213344056216,3.332204510175204
PS2,2002,Racing,Play It,63.0,9,8.8,10,Barnhouse Effect,T,2000s,Other,2.302585092994046,2.3978952727983707
XOne,2014,Shooter,Electronic Arts,76.0,65,7.4,438,PopCap,E10+,2010s,Other,4.189654742026425,6.084499413075172
GBA,2002,Fighting,Capcom,83.0,17,7.8,10,Crawfish Interactive,T,2000s,Other,2.8903717578961645,2.3978952727983707
PS2,2001,Simulation,Tecmo Koei,77.0,13,8.5,23,Tecmo,E,2000s,Other,2.639057329615259,3.1780538303479458
PS4,2016,Misc,Sony Computer Entertainment,59.0,48,7.1,73,Sony Interactive Entertainment,M,2010s,Other,3.8918202981106265,4.304065093204169
PS3,2011,Role-Playing,Square Enix,79.0,53,6.6,707,Square Enix,T,2010s,Final Fantasy,3.9889840465642745,6.56244409369372
WiiU,2015,Action,Nippon Ichi Software,45.0,31,6.5,81,"Prope, Kadokawa",E10+,2010s,Other,3.4657359027997265,4.406719247264253
PS3,2010,Shooter,Tecmo Koei,43.0,34,5.3,21,Tecmo,M,2010s,Other,3.555348061489413,3.091042453358316
PS3,2009,Sports,Take-Two Interactive,83.0,30,7.8,39,Visual Concepts,E,2000s,Other,3.4339872044851463,3.688879454113936
PSP,2007,Action,Destineer,41.0,9,7.5,27,Empire Oxford,E,2000s,Other,2.302585092994046,3.332204510175204
PC,2003,Simulation,Ubisoft,76.0,20,7.5,549,Eagle Dynamics,E,2000s,Other,3.044522437723423,6.309918278226516
XB,2002,Platform,Atari,62.0,8,7.5,27,Blitz Games,E,2000s,Other,2.19722457733622,3.332204510175204
PS2,2001,Shooter,3DO,59.0,9,5.5,4,3DO,T,2000s,Other,2.302585092994046,1.6094379124341005
PS4,2014,Action,Ubisoft,80.0,80,6.3,2996,Ubisoft Montreal,M,2010s,Other,4.394449154672439,8.005367067316664
PS2,2005,Fighting,Electronic Arts,88.0,37,9.0,37,EA Sports,T,2000s,Other,3.6375861597263857,3.6375861597263857
XOne,2015,Racing,Milestone S.r.l.,54.0,9,5.3,17,Milestone S.r.l,E,2010s,Other,2.302585092994046,2.8903717578961645
DS,2007,Platform,Konami Digital Entertainment,47.0,23,7.5,6,Foundation 9 Entertainment,E10+,2000s,Other,3.1780538303479458,1.9459101490553128
PC,2008,Strategy,Gamecock,45.0,11,6.8,45,FireFly Studios,T,2000s,Other,2.4849066497880004,3.828641396489095
PC,2012,Adventure,Focus Home Interactive,73.0,18,8.0,128,Frogwares,M,2010s,Other,2.9444389791664403,4.859812404361672
PS3,2013,Role-Playing,Square Enix,66.0,62,5.9,552,Square Enix,T,2010s,Final Fantasy,4.143134726391533,6.315358001522335
PSV,2016,Adventure,PQube,78.0,6,7.8,6,Kadokawa,M,2010s,Other,1.9459101490553128,1.9459101490553128
PC,2007,Shooter,THQ,82.0,44,8.4,1088,GSC Game World,M,2000s,Other,3.80666248977032,6.9930151229329605
GBA,2001,Puzzle,Activision,88.0,16,7.5,27,AI,E,2000s,Other,2.833213344056216,3.332204510175204
PS2,2005,Shooter,LucasArts,84.0,30,9.0,268,Pandemic Studios,T,2000s,Other,3.4339872044851463,5.594711379601839
PS3,2010,Action,Namco Bandai Games,41.0,28,1.7,17,Game Republic,T,2010s,Other,3.367295829986474,2.8903717578961645
PS3,2007,Action,Ubisoft,78.0,17,6.5,41,Ubisoft Shanghai,M,2000s,Other,2.8903717578961645,3.737669618283368
PS2,2003,Fighting,Sega,93.0,30,9.0,48,Sega,T,2000s,Other,3.4339872044851463,3.8918202981106265
3DS,2011,Action,THQ,54.0,4,7.5,27,THQ,E10+,2010s,Other,1.6094379124341005,3.332204510175204
X360,2008,Action,Touchstone,69.0,63,7.1,120,Propaganda Games,M,2000s,Other,4.158883083359672,4.795790545596741
Wii,2007,Misc,Atari,49.0,18,6.3,4,TOSE,E,2000s,Other,2.9444389791664403,1.6094379124341005
PS2,2005,Action,THQ,68.0,26,8.5,8,Cranky Pants Games,M,2000s,Other,3.295836866004329,2.19722457733622
3DS,2013,Action,Nintendo,86.0,74,8.4,458,Next Level Games,E,2010s,Other,4.31748811353631,6.129050210060545
PS3,2011,Fighting,THQ,72.0,28,6.9,80,Yuke's,T,2010s,Other,3.367295829986474,4.394449154672439
PS2,2004,Action,Sony Computer Entertainment,57.0,53,7.6,47,SCEE London Studio,M,2000s,Other,3.9889840465642745,3.8712010109078903
DS,2010,Action,Sega,54.0,7,7.5,27,Sega Studios San Francisco,E10+,2010s,Other,2.079441541679836,3.332204510175204
PS3,2011,Shooter,Valve,95.0,54,8.4,937,Valve Software,E10+,2010s,Other,4.007333185232471,6.843749949006225
3DS,2011,Puzzle,Tetris Online,74.0,33,6.8,28,Hudson Soft,E,2010s,Other,3.5263605246161616,3.367295829986474
XB,2002,Sports,Acclaim Entertainment,58.0,26,7.8,9,"Z-Axis, Ltd.",M,2000s,Other,3.295836866004329,2.302585092994046
PC,2007,Simulation,Lighthouse Interactive,62.0,9,6.6,8,VSTEP,E,2000s,Other,2.302585092994046,2.19722457733622
DS,2005,Sports,Nintendo,66.0,32,7.7,11,T&E Soft,E,2000s,Other,3.49650756146648,2.4849066497880004
PS2,2004,Shooter,Eidos Interactive,80.0,39,8.3,43,Io Interactive,M,2000s,Other,3.688879454113936,3.784189633918261
3DS,2011,Adventure,Ubisoft,60.0,22,6.6,5,Ubisoft,T,2010s,Other,3.1354942159291497,1.791759469228055
PS2,2007,Action,Take-Two Interactive,36.0,7,6.4,17,7 Studios,T,2000s,Other,2.079441541679836,2.8903717578961645
PC,2012,Action,Capcom,48.0,8,3.8,188,Slant Six,M,2010s,Other,2.19722457733622,5.241747015059643
PS3,2010,Sports,Electronic Arts,85.0,22,7.4,25,EA Tiburon,E,2010s,Other,3.1354942159291497,3.258096538021482
Wii,2009,Role-Playing,Nintendo,84.0,70,8.6,219,Capcom,T,2000s,Other,4.262679877041316,5.393627546352361
DS,2008,Role-Playing,GungHo,62.0,10,7.5,27,GungHo,T,2000s,Other,2.3978952727983707,3.332204510175204
PSP,2006,Shooter,Ubisoft,58.0,37,7.5,39,Ubisoft,M,2000s,Other,3.6375861597263857,3.688879454113936
PS,1998,Shooter,Electronic Arts,92.0,17,8.6,80,Dreamworks Interactive,T,1990s,Other,2.8903717578961645,4.394449154672439
Wii,2007,Sports,Electronic Arts,72.0,24,7.0,22,EA Salt Lake,E,2000s,Other,3.218875824868201,3.1354942159291497
PS,1999,Role-Playing,Ubisoft,89.0,14,6.6,77,Game Arts,E,1990s,Other,2.70805020110221,4.356708826689592
PS3,2007,Shooter,Midway Games,86.0,42,7.7,127,Epic Games,M,2000s,Other,3.7612001156935615,4.852030263919617
DS,2008,Action,Sega,56.0,10,7.0,4,Artificial Mind and Movement,E10+,2000s,Other,2.3978952727983707,1.6094379124341005
PC,2012,Action,Electronic Arts,55.0,30,5.4,599,Danger Close,M,2010s,Other,3.4339872044851463,6.396929655216146
PSV,2012,Sports,Sony Computer Entertainment,76.0,15,7.8,42,SCEA San Diego Studios,E,2010s,Other,2.772588722239781,3.7612001156935615
Wii,2009,Action,Activision,69.0,12,7.5,27,Beenox,E10+,2000s,Other,2.5649493574615367,3.332204510175204
PS2,2004,Fighting,505 Games,73.0,39,7.5,13,Arc System Works,T,2000s,Other,3.688879454113936,2.639057329615259
PS2,2001,Shooter,Take-Two Interactive,80.0,21,8.5,86,Rockstar Toronto,M,2000s,Other,3.091042453358316,4.465908118654584
PS2,2007,Strategy,Tecmo Koei,79.0,39,7.9,17,Vanilla Ware,E10+,2000s,Other,3.688879454113936,2.8903717578961645
GBA,2003,Sports,Activision,86.0,9,7.7,9,Vicarious Visions,E,2000s,Other,2.302585092994046,2.302585092994046
PC,2015,Shooter,Ubisoft,79.0,37,6.9,734,Ubisoft Montreal,M,2010s,Other,3.6375861597263857,6.5998704992128365
GC,2004,Action,Capcom,86.0,39,8.3,19,Clover Studio,T,2000s,Other,3.688879454113936,2.995732273553991
PS,2000,Action,Take-Two Interactive,68.0,10,5.3,4,Lost Toys,E,2000s,Other,2.3978952727983707,1.6094379124341005
Wii,2008,Fighting,Ignition Entertainment,70.0,15,7.5,27,SNK Playmore,T,2000s,Other,2.772588722239781,3.332204510175204
PS2,2005,Shooter,Electronic Arts,51.0,32,5.3,7,WideScreen Games,M,2000s,Other,3.49650756146648,2.079441541679836
PS2,2003,Action,Capcom,65.0,34,8.2,58,Capcom,T,2000s,Other,3.555348061489413,4.07753744390572
PC,2000,Misc,Electronic Arts,82.0,23,6.6,20,Maxis,T,2000s,Other,3.1780538303479458,3.044522437723423
XB,2004,Sports,Electronic Arts,78.0,44,6.5,11,EA Tiburon,E,2000s,Other,3.80666248977032,2.4849066497880004
PS2,2008,Action,Sega,50.0,4,6.0,5,Edge of Reality,T,2000s,Other,1.6094379124341005,1.791759469228055
Wii,2011,Action,Activision,81.0,11,5.6,31,Toys for Bob,E10+,2010s,Other,2.4849066497880004,3.4657359027997265
PS4,2013,Shooter,Electronic Arts,85.0,18,6.9,1580,EA DICE,M,2010s,Other,2.9444389791664403,7.365812837209471
GBA,2004,Action,Nintendo,89.0,56,9.0,203,Flagship,E,2000s,Zelda,4.04305126783455,5.318119993844216
DS,2010,Sports,Electronic Arts,63.0,5,7.5,27,EA Sports,E,2010s,FIFA,1.791759469228055,3.332204510175204
DC,2000,Role-Playing,Ubisoft,90.0,17,8.8,57,Game Arts,T,2000s,Other,2.8903717578961645,4.060443010546419
GC,2001,Strategy,Nintendo,89.0,39,8.7,121,Nintendo,E,2000s,Other,3.688879454113936,4.804021044733257
GC,2003,Racing,Namco Bandai Games,67.0,35,7.5,27,Namco,T,2000s,Other,3.58351893845611,3.332204510175204
XB,2006,Sports,Activision,52.0,4,7.5,27,Blade Interactive,T,2000s,Other,1.6094379124341005,3.332204510175204
3DS,2012,Role-Playing,Namco Bandai Games,70.0,53,7.3,146,"Monolith Soft, Banpresto",T,2010s,Other,3.9889840465642745,4.990432586778736
GC,2003,Strategy,Jaleco,71.0,19,7.8,6,Jaleco Entertainment,T,2000s,Other,2.995732273553991,1.9459101490553128
X360,2009,Shooter,Electronic Arts,89.0,76,8.6,681,Valve Software,M,2000s,Other,4.343805421853684,6.525029657843462
PC,2004,Strategy,Microsoft Game Studios,72.0,34,8.1,43,Blue Fang Games,E,2000s,Other,3.555348061489413,3.784189633918261
PSV,2012,Action,Sony Computer Entertainment,75.0,15,7.5,221,Bluepoint Games,T,2010s,Other,2.772588722239781,5.402677381872279
PS3,2008,Fighting,THQ,78.0,37,7.0,49,Yuke's,T,2000s,Other,3.6375861597263857,3.912023005428146
PS,2001,Shooter,TalonSoft,48.0,4,6.6,16,Runecraft,T,2000s,Other,1.6094379124341005,2.833213344056216
PS2,2005,Platform,Disney Interactive Studios,60.0,20,8.9,7,Avalanche Software,E10+,2000s,Other,3.044522437723423,2.079441541679836
XB,2003,Sports,Electronic Arts,81.0,16,7.5,27,EA Sports,E,2000s,Other,2.833213344056216,3.332204510175204
XB,2004,Fighting,Eidos Interactive,43.0,17,7.5,27,Paradox Development,M,2000s,Other,2.8903717578961645,3.332204510175204
X360,2014,Action,Warner Bros. Interactive Entertainment,70.0,4,8.7,11,TT Games,E10+,2010s,Other,1.6094379124341005,2.4849066497880004
PSP,2010,Action,Warner Bros. Interactive Entertainment,71.0,4,7.5,27,TT Fusion,E10+,2010s,Other,1.6094379124341005,3.332204510175204
GBA,2003,Simulation,Zoo Digital Publishing,62.0,9,7.8,11,Full-Fat,E,2000s,Other,2.302585092994046,2.4849066497880004
XB,2003,Action,Vivendi Games,73.0,26,8.4,14,Eurocom Entertainment Software,T,2000s,Other,3.295836866004329,2.70805020110221
PSP,2009,Fighting,THQ,51.0,7,7.5,27,THQ,E10+,2000s,Other,2.079441541679836,3.332204510175204
DS,2006,Role-Playing,Square Enix,75.0,30,7.4,27,TOSE,E10+,2000s,Other,3.4339872044851463,3.332204510175204
DS,2005,Shooter,Electronic Arts,58.0,25,7.5,18,"EA Tiburon, n-Space",T,2000s,Other,3.258096538021482,2.9444389791664403
PS,2000,Racing,Vatical Entertainment,57.0,6,7.5,27,Vicarious Visions,E,2000s,Other,1.9459101490553128,3.332204510175204
PSP,2005,Fighting,Sony Computer Entertainment,63.0,37,7.3,16,"SCEA, Think and Feel",T,2000s,Other,3.6375861597263857,2.833213344056216
DS,2007,Puzzle,Majesco Entertainment,79.0,15,6.7,6,BudCat,T,2000s,Other,2.772588722239781,1.9459101490553128
DS,2006,Platform,THQ,56.0,7,7.3,4,WayForward,E,2000s,Other,2.079441541679836,1.6094379124341005
PC,2009,Strategy,Kalypso Media,79.0,48,8.1,184,Haemimont,T,2000s,Other,3.8918202981106265,5.220355825078325
PS3,2015,Adventure,Arc System Works,63.0,4,6.2,5,Arc System Works,M,2010s,Other,1.6094379124341005,1.791759469228055
PS4,2014,Misc,Sony Computer Entertainment Europe,47.0,19,4.1,18,SCEE,Unknown,2010s,Other,2.995732273553991,2.9444389791664403
DS,2008,Misc,Brash Entertainment,34.0,4,7.0,4,Brash Entertainment,E,2000s,Other,1.6094379124341005,1.6094379124341005
PS2,2000,Fighting,Ubisoft,62.0,13,8.4,8,Light Weight,M,2000s,Other,2.639057329615259,2.19722457733622
X360,2011,Fighting,Capcom,79.0,44,6.2,85,Capcom,T,2010s,Other,3.80666248977032,4.454347296253507
XB,2004,Simulation,Take-Two Interactive,62.0,29,5.0,5,Silver Wish Games,T,2000s,Other,3.4011973816621555,1.791759469228055
Wii,2011,Misc,THQ,81.0,5,7.7,6,"Jellyvision, Iron Galaxy Studios",T,2010s,Other,1.791759469228055,1.9459101490553128
DS,2005,Misc,505 Games,67.0,8,7.5,27,Sensory Sweep,E,2000s,Other,2.19722457733622,3.332204510175204
DS,2008,Platform,Vivendi Games,57.0,9,6.8,10,Etranges Libellules,E,2000s,Other,2.302585092994046,2.3978952727983707
PC,2008,Strategy,Electronic Arts,84.0,75,5.3,1711,Maxis,E10+,2000s,Other,4.330733340286331,7.445417556701687
X360,2013,Racing,Codemasters,78.0,51,5.8,156,Codemasters,E,2010s,Other,3.951243718581428,5.056245805348308
XB,2003,Racing,Codemasters,71.0,8,7.8,5,Codemasters,E,2000s,Other,2.19722457733622,1.791759469228055
XB,2003,Action,Acclaim Entertainment,65.0,25,7.1,7,Acclaim Studios Manchester,M,2000s,Other,3.258096538021482,2.079441541679836
PS,2000,Action,3DO,35.0,4,1.2,6,3DO,T,2000s,Other,1.6094379124341005,1.9459101490553128
XB,2006,Sports,Electronic Arts,69.0,14,6.8,13,EA Sports,E,2000s,Other,2.70805020110221,2.639057329615259
PSP,2007,Shooter,LucasArts,73.0,35,7.9,46,Rebellion,T,2000s,Other,3.58351893845611,3.8501476017100575
XB,2003,Platform,Atari,67.0,27,6.8,4,Paradigm Entertainment,T,2000s,Other,3.332204510175204,1.6094379124341005
PS3,2007,Shooter,Activision,50.0,14,5.4,13,Cauldron Ltd.,M,2000s,Other,2.70805020110221,2.639057329615259
X360,2013,Action,Ubisoft,86.0,35,7.9,701,Ubisoft,M,2010s,Other,3.58351893845611,6.553933404025811
DS,2007,Puzzle,Eidos Interactive,70.0,21,7.5,11,Arkedo Studio,E,2000s,Other,3.091042453358316,2.4849066497880004
PS3,2011,Action,Electronic Arts,85.0,54,7.2,406,Crytek,M,2010s,Other,4.007333185232471,6.008813185442595
GBA,2004,Racing,Namco Bandai Games,62.0,10,7.5,27,Griptonite Games,E,2000s,Other,2.3978952727983707,3.332204510175204
PS2,2004,Action,Capcom,85.0,53,8.6,73,Capcom,M,2000s,Other,3.9889840465642745,4.304065093204169
XB,2005,Role-Playing,Microsoft Game Studios,89.0,84,8.6,113,BioWare,M,2000s,Other,4.442651256490317,4.736198448394496
PS,1998,Racing,Namco Bandai Games,88.0,18,9.2,21,Namco,Unknown,1990s,Other,2.9444389791664403,3.091042453358316
X360,2006,Shooter,Take-Two Interactive,79.0,80,7.3,117,Venom Games,M,2000s,Other,4.394449154672439,4.770684624465665
DS,2009,Puzzle,Electronic Arts,57.0,6,7.5,27,Electronic Arts,E,2000s,Other,1.9459101490553128,3.332204510175204
PS3,2012,Sports,Sony Computer Entertainment,87.0,23,7.5,75,SCEA San Diego Studios,E,2010s,Other,3.1780538303479458,4.330733340286331
PS2,2005,Role-Playing,Sony Online Entertainment,77.0,48,8.8,43,Snowblind Studios,T,2000s,Other,3.8918202981106265,3.784189633918261
XB,2005,Sports,Take-Two Interactive,83.0,32,7.5,26,2K Sports,E10+,2000s,Other,3.49650756146648,3.295836866004329
Wii,2007,Misc,Eidos Interactive,30.0,4,3.6,20,Sensory Sweep,E,2000s,Other,1.6094379124341005,3.044522437723423
XB,2004,Sports,Midway Games,77.0,34,7.5,27,Point of View,T,2000s,Other,3.555348061489413,3.332204510175204
X360,2010,Sports,Electronic Arts,83.0,61,8.1,58,Electronic Arts,E,2010s,FIFA,4.127134385045092,4.07753744390572
PS2,2002,Sports,Sega,83.0,17,8.0,6,Kush Games,E,2000s,Other,2.8903717578961645,1.9459101490553128
GBA,2002,Action,Vivendi Games,53.0,7,7.5,27,Cave Barn,E,2000s,Other,2.079441541679836,3.332204510175204
Wii,2011,Action,Activision,62.0,9,5.2,6,Beenox,T,2010s,Other,2.302585092994046,1.9459101490553128
Wii,2010,Platform,Flashpoint Games,70.0,10,8.6,7,Snap Dragon Games,E10+,2010s,Other,2.3978952727983707,2.079441541679836
PSP,2006,Fighting,THQ,78.0,13,8.1,21,Yuke's,T,2000s,Other,2.639057329615259,3.091042453358316
PSP,2008,Sports,Electronic Arts,84.0,8,8.9,21,EA Canada,E,2000s,FIFA,2.19722457733622,3.091042453358316
PS,2000,Fighting,Midway Games,28.0,7,2.4,17,Midway,M,2000s,Other,2.079441541679836,2.8903717578961645
Wii,2008,Shooter,Electronic Arts,66.0,13,4.4,7,"EA Redwood Shores, EA Salt Lake",E10+,2000s,Other,2.639057329615259,2.079441541679836
X360,2010,Action,THQ,55.0,10,6.3,6,THQ,E10+,2010s,Other,2.3978952727983707,1.9459101490553128
PSP,2010,Sports,Konami Digital Entertainment,74.0,10,5.8,5,Konami,E,2010s,Other,2.3978952727983707,1.791759469228055
GC,2002,Action,Tecmo Koei,67.0,13,8.5,26,Koei,T,2000s,Other,2.639057329615259,3.295836866004329
PS,2001,Sports,Sony Computer Entertainment,76.0,5,8.1,8,989 Sports,E,2000s,Other,1.791759469228055,2.19722457733622
PS,2000,Platform,Sony Computer Entertainment,66.0,8,7.2,6,Disney Interactive,E,2000s,Other,2.19722457733622,1.9459101490553128
PSV,2016,Role-Playing,Square Enix,77.0,5,8.6,46,Square Enix,E10+,2010s,Final Fantasy,1.791759469228055,3.8501476017100575
PSV,2013,Action,Warner Bros. Interactive Entertainment,61.0,38,6.8,106,Armature Studio,T,2010s,Other,3.6635616461296463,4.672828834461906
XB,2003,Platform,Activision,58.0,27,6.4,9,GenePool,T,2000s,Other,3.332204510175204,2.302585092994046
DS,2006,Action,THQ,59.0,6,7.5,27,Natsume,E,2000s,Other,1.9459101490553128,3.332204510175204
Wii,2009,Adventure,Ubisoft,74.0,29,8.1,14,Revolution Software,T,2000s,Other,3.4011973816621555,2.70805020110221
PC,2011,Action,Konami Digital Entertainment,77.0,13,6.4,88,Konami,Unknown,2010s,Other,2.639057329615259,4.48863636973214
XB,2002,Sports,Sega,85.0,20,8.8,6,Blueshift,E,2000s,Other,3.044522437723423,1.9459101490553128
DS,2007,Misc,Destineer,61.0,7,7.5,4,Magellan Interactive,T,2000s,Other,2.079441541679836,1.6094379124341005
X360,2008,Adventure,Atari,58.0,53,5.7,162,Eden Studios,M,2000s,Other,3.9889840465642745,5.093750200806762
Wii,2008,Fighting,Electronic Arts,61.0,15,5.6,7,EA Canada,T,2000s,Other,2.772588722239781,2.079441541679836
PSP,2007,Action,Conspiracy Entertainment,37.0,19,7.5,27,Conspiracy Entertainment,M,2000s,Other,2.995732273553991,3.332204510175204
XB,2001,Action,Konami Digital Entertainment,84.0,23,8.3,39,KCET,M,2000s,Other,3.1780538303479458,3.688879454113936
X360,2011,Action,Namco Bandai Games,78.0,71,6.2,82,Project Aces,T,2010s,Other,4.276666119016055,4.418840607796598
X360,2011,Sports,505 Games,48.0,10,3.5,6,Blitz Games,E,2010s,Other,2.3978952727983707,1.9459101490553128
XB,2004,Role-Playing,Acclaim Entertainment,77.0,44,7.9,16,Black Isle Studios,T,2000s,Other,3.80666248977032,2.833213344056216
GC,2006,Racing,Sega,59.0,32,8.0,46,Sonic Team,E,2000s,Other,3.49650756146648,3.8501476017100575
Wii,2008,Puzzle,Deep Silver,63.0,12,7.7,7,Deep Silver,E,2000s,Other,2.5649493574615367,2.079441541679836
X360,2011,Racing,Capcom,72.0,31,7.5,27,Monumental Games,E,2010s,Other,3.4657359027997265,3.332204510175204
Wii,2010,Misc,Electronic Arts,65.0,9,5.2,5,Electronic Arts,E,2010s,Other,2.302585092994046,1.791759469228055
GBA,2002,Role-Playing,Media Rings,79.0,20,7.8,8,Magic Rings,E,2000s,Other,3.044522437723423,2.19722457733622
X360,2009,Action,Activision,63.0,31,6.6,7,Beenox,E10+,2000s,Other,3.4657359027997265,2.079441541679836
PS4,2013,Platform,Activision,79.0,7,5.2,45,Vicarious Visions,E10+,2010s,Other,2.079441541679836,3.828641396489095
PS2,2006,Racing,Midway Games,51.0,21,6.0,6,Terminal Reality,T,2000s,Other,3.091042453358316,1.9459101490553128
DS,2008,Racing,Focus Home Interactive,75.0,38,6.9,12,Firebrand Games,E,2000s,Other,3.6635616461296463,2.5649493574615367
GC,2005,Simulation,Electronic Arts,73.0,22,8.3,8,Maxis,T,2000s,Other,3.1354942159291497,2.19722457733622
DS,2007,Shooter,SouthPeak Games,72.0,48,7.9,37,Renegade Kid,M,2000s,Other,3.8918202981106265,3.6375861597263857
GBA,2002,Simulation,Electronic Arts,66.0,6,7.5,27,BudCat,E,2000s,Other,1.9459101490553128,3.332204510175204
DS,2007,Puzzle,Scholastic Inc.,53.0,6,7.5,27,Big Blue Bubble Inc.,E,2000s,Other,1.9459101490553128,3.332204510175204
XB,2006,Racing,THQ,70.0,22,7.5,27,Rainbow Studios,E,2000s,Other,3.1354942159291497,3.332204510175204
PS2,2006,Action,Take-Two Interactive,87.0,69,9.1,293,Rockstar Vancouver,T,2000s,Other,4.248495242049359,5.683579767338681
X360,2011,Fighting,Rising Star Games,79.0,31,8.2,51,SNK Playmore,T,2010s,Other,3.4657359027997265,3.951243718581428
X360,2010,Fighting,THQ,75.0,49,7.6,45,Yuke's,T,2010s,Other,3.912023005428146,3.828641396489095
PS2,2000,Sports,Sony Computer Entertainment,49.0,10,7.5,27,989 Sports,E,2000s,Other,2.3978952727983707,3.332204510175204
X360,2008,Platform,Microsoft Game Studios,77.0,17,8.2,70,4J Studios,E,2000s,Other,2.8903717578961645,4.262679877041316
PS2,2006,Strategy,Tecmo Koei,76.0,8,8.0,7,Koei,E10+,2000s,Other,2.19722457733622,2.079441541679836
XB,2003,Action,Microsoft Game Studios,66.0,42,7.3,28,Rare Ltd.,E,2000s,Other,3.7612001156935615,3.367295829986474
XB,2002,Sports,Electronic Arts,64.0,17,7.5,27,Pandemic Studios,E,2000s,Other,2.8903717578961645,3.332204510175204
PS4,2014,Racing,Ubisoft,61.0,60,5.4,575,"Ubisoft Reflections, Ivory Tower",T,2010s,Other,4.110873864173311,6.356107660695892
GC,2005,Shooter,Electronic Arts,71.0,22,7.9,14,EA LA,T,2000s,Other,3.1354942159291497,2.70805020110221
GBA,2005,Adventure,Global Star,36.0,5,3.8,6,"High Voltage Software, Backbone Entertainment",E,2000s,Other,1.791759469228055,1.9459101490553128
Wii,2007,Misc,Ubisoft,64.0,9,5.4,13,Ubisoft Quebec,E,2000s,Other,2.302585092994046,2.639057329615259
DS,2009,Puzzle,Nintendo,83.0,35,8.4,33,HAL Labs,E,2000s,Other,3.58351893845611,3.5263605246161616
XB,2003,Racing,TDK Mediactive,56.0,14,8.1,8,Synetic,E,2000s,Other,2.70805020110221,2.19722457733622
PC,2003,Strategy,Microsoft Game Studios,89.0,30,9.0,274,Big Huge Games,T,2000s,Other,3.4339872044851463,5.616771097666572
PC,2009,Simulation,Ubisoft,82.0,32,8.8,132,"Blue Byte, Related Designs",T,2000s,Other,3.49650756146648,4.890349128221754
PS3,2007,Sports,Sony Computer Entertainment,77.0,30,7.5,17,SCEA San Diego Studios,E,2000s,Other,3.4339872044851463,2.8903717578961645
PS2,2005,Platform,Namco Bandai Games,63.0,22,5.2,13,Blitz Games,E,2000s,Other,3.1354942159291497,2.639057329615259
PS2,2005,Action,Vivendi Games,83.0,41,8.7,38,Radical Entertainment,T,2000s,Other,3.737669618283368,3.6635616461296463
XB,2003,Sports,Sega,91.0,25,8.9,45,Visual Concepts,E,2000s,Other,3.258096538021482,3.828641396489095
GBA,2004,Shooter,Zoo Digital Publishing,46.0,11,7.5,27,Raylight Studios,E,2000s,Other,2.4849066497880004,3.332204510175204
DS,2005,Puzzle,Zoo Digital Publishing,46.0,4,7.5,27,Gravity-I,E,2000s,Other,1.6094379124341005,3.332204510175204
X360,2008,Fighting,Midway Games,72.0,61,7.5,87,Midway,T,2000s,Other,4.127134385045092,4.477336814478207
PS2,2001,Fighting,Virgin Interactive,71.0,20,8.6,34,Eighting/Raizing,T,2000s,Other,3.044522437723423,3.555348061489413
GBA,2005,Sports,Electronic Arts,71.0,7,7.5,27,Exient Entertainment,E,2000s,Madden,2.079441541679836,3.332204510175204
Wii,2008,Sports,Deep Silver,30.0,4,2.0,23,3G Studios,E,2000s,Other,1.6094379124341005,3.1780538303479458
X360,2010,Action,Namco Bandai Games,82.0,72,7.8,295,Ninja Theory,T,2010s,Other,4.290459441148391,5.69035945432406
PS3,2009,Misc,Activision,86.0,54,5.7,87,Neversoft Entertainment,T,2000s,Other,4.007333185232471,4.477336814478207
X360,2007,Action,Electronic Arts,71.0,52,7.7,71,"Electronic Arts, EA Redwood Shores",T,2000s,Other,3.970291913552122,4.276666119016055
PS2,2002,Racing,Atari,73.0,19,7.4,23,Pitbull Syndicate,T,2000s,Other,2.995732273553991,3.1780538303479458
PC,2016,Sports,Electronic Arts,84.0,12,4.2,160,"EA Sports, EA Vancouver",E,2010s,FIFA,2.5649493574615367,5.081404364984463
XB,2003,Racing,Encore,45.0,9,7.3,8,King of the Jungle,E,2000s,Other,2.302585092994046,2.19722457733622
PC,2008,Shooter,Eidos Interactive,58.0,18,4.8,54,Pivotal Games,M,2000s,Other,2.9444389791664403,4.007333185232471
GC,2005,Fighting,Electronic Arts,87.0,32,7.9,7,EA Sports,T,2000s,Other,3.49650756146648,2.079441541679836
XB,2003,Action,Electronic Arts,59.0,11,6.0,5,Warthog,E,2000s,Other,2.4849066497880004,1.791759469228055
DS,2010,Puzzle,PopCap Games,77.0,10,7.5,27,Griptonite Games,E,2010s,Other,2.3978952727983707,3.332204510175204
PS4,2015,Racing,Milestone S.r.l.,66.0,30,7.0,47,Milestone S.r.l,E,2010s,Other,3.4339872044851463,3.8712010109078903
PSP,2010,Action,Namco Bandai Games,57.0,22,5.0,6,Premium Agency,T,2010s,Other,3.1354942159291497,1.9459101490553128
PC,2005,Shooter,Vivendi Games,85.0,49,8.6,224,Irrational Games,M,2000s,Other,3.912023005428146,5.41610040220442
X360,2010,Shooter,Microsoft Game Studios,70.0,91,6.0,202,Ruffian Games,M,2010s,Other,4.5217885770490405,5.313205979041787
PSP,2009,Fighting,Namco Bandai Games,60.0,15,6.2,10,Racjin,T,2000s,Other,2.772588722239781,2.3978952727983707
X360,2011,Role-Playing,Namco Bandai Games,89.0,66,8.4,1106,From Software,M,2010s,Other,4.204692619390966,7.009408932708637
GC,2005,Action,Activision,68.0,11,8.0,9,Krome Studios,E10+,2000s,Other,2.4849066497880004,2.302585092994046
Wii,2009,Action,Activision,72.0,13,6.1,14,Traveller's Tales,E10+,2000s,Other,2.639057329615259,2.70805020110221
PS2,2002,Racing,Ignition Entertainment,80.0,10,9.1,10,Ratbag,E,2000s,Other,2.3978952727983707,2.3978952727983707
XOne,2016,Fighting,Namco Bandai Games,60.0,10,5.8,12,Spike Chunsoft,T,2010s,Other,2.3978952727983707,2.5649493574615367
PS2,2001,Action,Acclaim Entertainment,64.0,15,7.3,37,Bizarre Creations,T,2000s,Other,2.772588722239781,3.6375861597263857
GBA,2001,Racing,Rebellion,50.0,5,5.3,6,Angel Studios,E,2000s,Other,1.791759469228055,1.9459101490553128
Wii,2007,Sports,SouthPeak Games,32.0,13,0.7,6,SouthPeak Games,E,2000s,Other,2.639057329615259,1.9459101490553128
PS3,2011,Sports,Sony Computer Entertainment,90.0,30,7.8,87,SCEA San Diego Studios,E,2010s,Other,3.4339872044851463,4.477336814478207
DS,2009,Puzzle,Nintendo,83.0,58,8.7,52,Level 5,E10+,2000s,Other,4.07753744390572,3.970291913552122
PS2,2005,Strategy,THQ,74.0,24,8.0,13,Pandemic Studios,M,2000s,Other,3.218875824868201,2.639057329615259
PSP,2007,Strategy,Rising Star Games,69.0,29,6.5,6,Irem,E10+,2000s,Other,3.4011973816621555,1.9459101490553128
PS3,2009,Sports,Electronic Arts,75.0,17,7.8,6,EA Canada,E,2000s,Other,2.8903717578961645,1.9459101490553128
XB,2006,Sports,Electronic Arts,75.0,14,7.7,6,EA Sports,E10+,2000s,Other,2.70805020110221,1.9459101490553128
PSV,2012,Action,Ubisoft,70.0,71,7.2,318,Ubisoft,M,2010s,Other,4.276666119016055,5.765191102784844
X360,2009,Shooter,Atari,82.0,67,8.2,73,Starbreeze,M,2000s,Other,4.219507705176107,4.304065093204169
3DS,2011,Action,Nintendo,56.0,36,7.1,50,Ambrella,E10+,2010s,Pokemon,3.610917912644224,3.9318256327243257
DS,2005,Adventure,Konami Digital Entertainment,69.0,33,7.8,21,Konami Computer Entertainment Hawaii,E10+,2000s,Other,3.5263605246161616,3.091042453358316
PS2,2005,Racing,Jester Interactive,71.0,7,8.5,8,Jester Interactive,E,2000s,Other,2.079441541679836,2.19722457733622
PS2,2001,Action,Wanadoo,74.0,22,8.9,72,Tecmo,T,2000s,Other,3.1354942159291497,4.290459441148391
XOne,2015,Action,Capcom,75.0,22,7.5,106,Capcom,M,2010s,Other,3.1354942159291497,4.672828834461906
PSV,2014,Action,Tecmo Koei,70.0,9,7.9,14,Omega Force,T,2010s,Other,2.302585092994046,2.70805020110221
PS2,2001,Shooter,Konami Digital Entertainment,78.0,21,7.4,49,KCEJ,M,2000s,Other,3.091042453358316,3.912023005428146
3DS,2014,Action,Tecmo Koei,63.0,13,6.1,10,Omega Force,T,2010s,Other,2.639057329615259,2.3978952727983707
3DS,2015,Action,Ubisoft,46.0,4,5.8,10,Ubisoft Osaka,E,2010s,Other,1.6094379124341005,2.3978952727983707
PC,2002,Action,Take-Two Interactive,88.0,27,9.1,863,Illusion Softworks,M,2000s,Other,3.332204510175204,6.761572768804055
DS,2007,Action,Atari,28.0,18,4.9,8,Santa Cruz Games,E,2000s,Other,2.9444389791664403,2.19722457733622
PS4,2014,Shooter,Sega,79.0,50,8.1,795,Creative Assembly,M,2010s,Other,3.9318256327243257,6.679599185844383
PS3,2007,Adventure,Ubisoft,81.0,40,7.3,769,Ubisoft Montreal,M,2000s,Other,3.713572066704308,6.646390514847729
X360,2011,Action,Electronic Arts,44.0,31,5.4,24,EA Bright Light,T,2010s,Other,3.4657359027997265,3.218875824868201
PS2,2002,Racing,Acclaim Entertainment,86.0,31,8.2,48,Criterion Games,E,2000s,Other,3.4657359027997265,3.8918202981106265
GC,2001,Simulation,LucasArts,90.0,45,8.6,80,Factor 5,T,2000s,Other,3.828641396489095,4.394449154672439
Wii,2010,Puzzle,Rising Star Games,74.0,30,7.2,12,Prope,E,2010s,Other,3.4339872044851463,2.5649493574615367
Wii,2008,Role-Playing,Eidos Interactive,73.0,11,8.4,14,Backbone Entertainment,E10+,2000s,Other,2.4849066497880004,2.70805020110221
PSV,2012,Role-Playing,GungHo,66.0,21,7.8,111,Game Arts,T,2010s,Other,3.091042453358316,4.718498871295094
Wii,2011,Misc,Rising Star Games,84.0,19,8.7,18,Gaijin Games,E,2010s,Other,2.995732273553991,2.9444389791664403
PS2,2005,Strategy,Konami Digital Entertainment,68.0,31,8.6,17,Konami,T,2000s,Other,3.4657359027997265,2.8903717578961645
XB,2004,Sports,Electronic Arts,81.0,38,8.8,9,EA Tiburon,E,2000s,Other,3.6635616461296463,2.302585092994046
DS,2009,Action,Playlogic Game Factory,58.0,7,6.0,5,Engine Software,E10+,2000s,Other,2.079441541679836,1.791759469228055
DS,2009,Adventure,Disney Interactive Studios,66.0,7,6.5,4,Sumo Digital,E,2000s,Other,2.079441541679836,1.6094379124341005
PSP,2005,Misc,Sony Computer Entertainment,73.0,28,7.2,9,TOSE,E10+,2000s,Other,3.367295829986474,2.302585092994046
PS3,2011,Shooter,Sega,64.0,55,7.4,69,Ryu ga Gotoku Studios,M,2010s,Other,4.02535169073515,4.248495242049359
DS,2006,Role-Playing,Square Enix,77.0,45,7.1,136,Matrix Software,E10+,2000s,Final Fantasy,3.828641396489095,4.919980925828125
XB,2002,Racing,Sega,69.0,33,8.5,13,Hitmaker,T,2000s,Other,3.5263605246161616,2.639057329615259
PC,1998,Strategy,Vivendi Games,93.0,20,9.0,326,Relic,E,1990s,Other,3.044522437723423,5.7899601708972535
DS,2008,Puzzle,Eidos Interactive,52.0,12,7.5,27,Razorback Developments,E,2000s,Other,2.5649493574615367,3.332204510175204
DS,2007,Puzzle,Nintendo,85.0,72,8.6,147,Level 5,E,2000s,Other,4.290459441148391,4.997212273764115
PS2,2006,Shooter,Sony Computer Entertainment,72.0,38,9.0,34,Zipper Interactive,T,2000s,Other,3.6635616461296463,3.555348061489413
DS,2009,Puzzle,505 Games,60.0,17,9.3,4,Taito Corporation,E,2000s,Other,2.8903717578961645,1.6094379124341005
GC,2002,Racing,Electronic Arts,72.0,7,7.8,4,EA Sports,E,2000s,Other,2.079441541679836,1.6094379124341005
PS4,2016,Action,Ubisoft,83.0,88,7.8,621,Ubisoft Montreal,M,2010s,Other,4.48863636973214,6.432940092739179
PS2,2001,Sports,Konami Digital Entertainment,50.0,9,7.5,27,Konami,E,2000s,Other,2.302585092994046,3.332204510175204
PS,1998,Sports,Konami Digital Entertainment,94.0,4,8.7,40,KCET,E,1990s,Other,1.6094379124341005,3.713572066704308
DS,2006,Shooter,Nintendo,76.0,56,7.3,56,Q-Games,E10+,2000s,Other,4.04305126783455,4.04305126783455
PS3,2009,Action,Electronic Arts,66.0,35,7.1,17,EA Bright Light,E10+,2000s,Other,3.58351893845611,2.8903717578961645
X360,2008,Platform,Vivendi Games,60.0,42,6.5,23,Radical Entertainment,E10+,2000s,Other,3.7612001156935615,3.1780538303479458
XB,2006,Action,Vivendi Games,76.0,41,8.4,46,Radical Entertainment,M,2000s,Other,3.737669618283368,3.8501476017100575
DS,2006,Simulation,505 Games,67.0,35,7.2,21,Taito Corporation,E,2000s,Other,3.58351893845611,3.091042453358316
DS,2008,Action,SouthPeak Games,45.0,16,7.3,4,Red Fly Studio,E,2000s,Other,2.833213344056216,1.6094379124341005
XB,2003,Racing,Eidos Interactive,54.0,22,5.8,5,Climax Group,T,2000s,Other,3.1354942159291497,1.791759469228055
XB,2003,Racing,Bethesda Softworks,40.0,5,7.4,7,Bethesda Softworks,E,2000s,Other,1.791759469228055,2.079441541679836
X360,2007,Shooter,Electronic Arts,73.0,54,6.7,77,Electronic Arts,T,2000s,Other,4.007333185232471,4.356708826689592
DS,2009,Role-Playing,Aspyr,45.0,10,8.1,31,Big Blue Bubble Inc.,T,2000s,Other,2.3978952727983707,3.4657359027997265
DS,2006,Sports,Electronic Arts,70.0,9,6.5,10,Exient Entertainment,E,2000s,Madden,2.302585092994046,2.3978952727983707
GBA,2005,Action,Activision,62.0,4,7.3,12,Vicarious Visions,E10+,2000s,Other,1.6094379124341005,2.5649493574615367
Wii,2009,Sports,Ubisoft,64.0,20,6.8,14,Ubisoft Vancouver,E,2000s,Other,3.044522437723423,2.70805020110221
XOne,2014,Sports,Electronic Arts,59.0,22,3.2,180,EA Sports,E10+,2010s,Other,3.1354942159291497,5.198497031265826
PS3,2011,Platform,Sony Computer Entertainment,53.0,39,6.1,16,Nihilistic,E10+,2010s,Other,3.688879454113936,2.833213344056216
X360,2007,Sports,Sega,80.0,34,6.8,26,Sumo Digital,E,2000s,Other,3.555348061489413,3.295836866004329
DS,2004,Racing,Namco Bandai Games,63.0,35,6.7,7,Namco,E,2000s,Other,3.58351893845611,2.079441541679836
GBA,2003,Puzzle,Activision,75.0,16,9.1,15,Mass Media,E,2000s,Other,2.833213344056216,2.772588722239781
DS,2006,Sports,Take-Two Interactive,51.0,8,7.5,27,Indie Built,E,2000s,Other,2.19722457733622,3.332204510175204
XB,2001,Action,Genki,32.0,15,2.5,12,Light Weight,M,2000s,Other,2.772588722239781,2.5649493574615367
PS2,2005,Shooter,Eidos Interactive,62.0,15,8.5,10,Pivotal Games,M,2000s,Other,2.772588722239781,2.3978952727983707
PSP,2006,Action,Electronic Arts,59.0,34,7.9,16,Page 44 Studios,M,2000s,Other,3.555348061489413,2.833213344056216
XB,2003,Sports,Microsoft Game Studios,73.0,42,7.8,47,Team Ninja,M,2000s,Other,3.7612001156935615,3.8712010109078903
PS2,2006,Role-Playing,505 Games,71.0,30,7.7,43,Gust,T,2000s,Other,3.4339872044851463,3.784189633918261
PS3,2008,Action,Sega,55.0,26,6.8,20,Edge of Reality,T,2000s,Other,3.295836866004329,3.044522437723423
3DS,2011,Sports,Electronic Arts,49.0,18,5.3,16,EA Tiburon,E,2010s,Madden,2.9444389791664403,2.833213344056216
GC,2003,Action,Atari,66.0,7,7.3,8,Atari,E,2000s,Other,2.079441541679836,2.19722457733622
PC,1996,Action,Eidos Interactive,86.0,18,8.5,3552,"Crystal Dynamics, Nixxes Software",M,1990s,Other,2.9444389791664403,8.175547596021026
GBA,2001,Puzzle,"Destination Software, Inc",68.0,4,7.5,27,Rebellion,E,2000s,Other,1.6094379124341005,3.332204510175204
PS2,2005,Action,Disney Interactive Studios,68.0,36,8.4,17,Traveller's Tales,T,2000s,Other,3.610917912644224,2.8903717578961645
Wii,2011,Adventure,Nintendo,65.0,26,8.2,5,Sanzaru Games,E,2010s,Other,3.295836866004329,1.791759469228055
PS3,2008,Action,Activision,58.0,13,6.8,4,Toys for Bob,E10+,2000s,Other,2.639057329615259,1.6094379124341005
PS2,2003,Racing,Acclaim Entertainment,68.0,19,7.5,27,Acclaim,E,2000s,Other,2.995732273553991,3.332204510175204
PSV,2015,Role-Playing,Namco Bandai Games,72.0,14,8.1,25,Bandai Namco Games,T,2010s,Other,2.70805020110221,3.258096538021482
PS3,2009,Role-Playing,Deep Silver,70.0,45,7.1,51,"Ascaron Entertainment GmbH, Ascaron Entertainment",M,2000s,Other,3.828641396489095,3.951243718581428
X360,2009,Strategy,Eidos Interactive,76.0,48,7.4,41,Eidos Interactive,T,2000s,Other,3.8918202981106265,3.737669618283368
X360,2013,Sports,Electronic Arts,77.0,28,6.2,26,EA Tiburon,E,2010s,Other,3.367295829986474,3.295836866004329
PS3,2009,Simulation,Ubisoft,62.0,34,7.0,16,"Atari, Transmission Games, Atari SA",T,2000s,Other,3.555348061489413,2.833213344056216
PS3,2007,Sports,Activision,73.0,36,6.6,17,Neversoft Entertainment,T,2000s,Other,3.610917912644224,2.8903717578961645
PS4,2016,Sports,Take-Two Interactive,88.0,47,6.7,162,Visual Concepts,E,2010s,Other,3.8712010109078903,5.093750200806762
PSV,2012,Action,Nihon Falcom Corporation,82.0,56,8.8,237,Falcom,T,2010s,Other,4.04305126783455,5.472270673671475
XB,2006,Sports,Take-Two Interactive,71.0,21,5.7,12,Kush Games,E,2000s,Other,3.091042453358316,2.5649493574615367
Wii,2008,Action,Rising Star Games,52.0,29,7.0,4,Tecmo,T,2000s,Other,3.4011973816621555,1.6094379124341005
X360,2013,Action,Deep Silver,81.0,42,6.5,325,Volition Inc.,M,2010s,Other,3.7612001156935615,5.786897381366708
PS2,2000,Sports,Electronic Arts,85.0,22,8.1,9,EA Sports,E,2000s,Other,3.1354942159291497,2.302585092994046
PS4,2014,Action,Warner Bros. Interactive Entertainment,84.0,85,8.1,1886,Monolith Productions,M,2010s,Other,4.454347296253507,7.54274354536855
XOne,2016,Shooter,Capcom,63.0,12,6.3,34,Capcom,M,2010s,Other,2.5649493574615367,3.555348061489413
XB,2002,Adventure,Swing! Entertainment,66.0,28,8.4,13,Starbreeze,M,2000s,Other,3.367295829986474,2.639057329615259
3DS,2014,Role-Playing,Square Enix,69.0,57,7.0,87,Racjin,E10+,2010s,Final Fantasy,4.060443010546419,4.477336814478207
GC,2002,Shooter,Electronic Arts,80.0,17,8.6,46,Eurocom Entertainment Software,T,2000s,Other,2.8903717578961645,3.8501476017100575
PS3,2013,Shooter,Trion Worlds,59.0,21,6.9,145,Trion Worlds,M,2010s,Other,3.091042453358316,4.983606621708336
PSP,2006,Action,Vivendi Games,59.0,15,7.5,27,"Amaze Entertainment, Vivendi Games",T,2000s,Other,2.772588722239781,3.332204510175204
X360,2010,Fighting,Namco Bandai Games,57.0,33,7.4,30,Spike,T,2010s,Other,3.5263605246161616,3.4339872044851463
PS3,2012,Action,Ubisoft,85.0,41,6.9,1307,Ubisoft,M,2010s,Other,3.737669618283368,7.176254532017144
PS2,2007,Role-Playing,Tecmo Koei,89.0,25,8.3,296,Atlus Co.,M,2000s,Other,3.258096538021482,5.6937321388027
PSV,2013,Role-Playing,Nippon Ichi Software,77.0,20,7.5,132,Falcom,T,2010s,Other,3.044522437723423,4.890349128221754
PS,2000,Platform,Sony Computer Entertainment,91.0,15,8.8,207,Insomniac Games,E,2000s,Other,2.772588722239781,5.337538079701318
XB,2005,Racing,THQ,80.0,21,8.3,13,Rainbow Studios,E,2000s,Other,3.091042453358316,2.639057329615259
DS,2007,Adventure,505 Games,67.0,13,7.5,27,BeeWorks,E,2000s,Other,2.639057329615259,3.332204510175204
PSV,2015,Action,Marvelous Interactive,71.0,4,7.4,34,Marvelous Inc.,M,2010s,Other,1.6094379124341005,3.555348061489413
PS2,2005,Misc,Sega,46.0,18,6.7,6,Sega,T,2000s,Other,2.9444389791664403,1.9459101490553128
PS2,2001,Sports,Midway Games,63.0,10,7.5,27,Eurocom Entertainment Software,E,2000s,Other,2.3978952727983707,3.332204510175204
DS,2006,Action,Sega,60.0,4,7.5,27,Backbone Entertainment,E,2000s,Other,1.6094379124341005,3.332204510175204
3DS,2015,Role-Playing,FuRyu,67.0,31,7.1,54,FuRyu,E10+,2010s,Other,3.4657359027997265,4.007333185232471
XB,2004,Shooter,Activision,73.0,55,7.8,22,Spark Unlimited,T,2000s,Call of Duty,4.02535169073515,3.1354942159291497
PS2,2002,Sports,Midway Games,76.0,22,8.9,15,Midway,E,2000s,Other,3.1354942159291497,2.772588722239781
PS2,2004,Action,Atari,71.0,40,6.8,18,Stormfront Studios,T,2000s,Other,3.713572066704308,2.9444389791664403
PSP,2010,Puzzle,Konami Digital Entertainment,62.0,19,7.5,27,Konami,E10+,2010s,Other,2.995732273553991,3.332204510175204
X360,2010,Action,505 Games,43.0,51,5.6,70,Artificial Mind and Movement,T,2010s,Other,3.951243718581428,4.262679877041316
PS3,2009,Racing,Sony Computer Entertainment,89.0,15,8.4,115,Studio Liverpool,E10+,2000s,Other,2.772588722239781,4.7535901911063645
GBA,2001,Action,Ubisoft,54.0,6,7.5,27,Torus Games,E,2000s,Other,1.9459101490553128,3.332204510175204
PS2,2000,Simulation,Ubisoft,78.0,23,8.4,19,From Software,T,2000s,Other,3.1780538303479458,2.995732273553991
PS2,2000,Action,3DO,65.0,16,5.9,7,3DO,T,2000s,Other,2.833213344056216,2.079441541679836
PS3,2010,Shooter,Sega,84.0,61,8.1,304,PlatinumGames,M,2010s,Other,4.127134385045092,5.720311776607412
Wii,2009,Misc,THQ,49.0,6,7.5,27,Jet Black Games,E,2000s,Other,1.9459101490553128,3.332204510175204
X360,2010,Role-Playing,Microsoft Game Studios,80.0,88,6.5,604,Lionhead Studios,M,2010s,Other,4.48863636973214,6.405228458030842
PC,2014,Shooter,Bethesda Softworks,81.0,23,8.2,1647,MachineGames,M,2010s,Other,3.1780538303479458,7.4073177104694174
Wii,2008,Action,THQ,63.0,5,8.0,5,THQ,E10+,2000s,Other,1.791759469228055,1.791759469228055
GC,2002,Puzzle,Kemco,64.0,7,8.0,4,Kemco,E,2000s,Other,2.079441541679836,1.6094379124341005
PS4,2015,Action,Electronic Arts,61.0,33,3.7,78,EA Tiburon,E,2010s,Other,3.5263605246161616,4.3694478524670215
PSP,2006,Fighting,Majesco Entertainment,77.0,17,6.6,8,Arc System Works,T,2000s,Other,2.8903717578961645,2.19722457733622
PC,2010,Shooter,Activision,63.0,17,7.1,72,Bizarre Creations,T,2010s,Other,2.8903717578961645,4.290459441148391
PS2,2006,Action,Namco Bandai Games,66.0,26,7.2,6,Grasshopper Manufacture,T,2000s,Other,3.295836866004329,1.9459101490553128
GC,2004,Strategy,JoWood Productions,63.0,19,7.5,27,Zed Two Limited,T,2000s,Other,2.995732273553991,3.332204510175204
PS3,2008,Sports,Sony Computer Entertainment,85.0,33,8.7,76,SCEA San Diego Studios,E,2000s,Other,3.5263605246161616,4.343805421853684
PS2,2000,Sports,Take-Two Interactive,65.0,9,7.5,27,Ornith,E,2000s,Other,2.302585092994046,3.332204510175204
GC,2002,Sports,Sega,84.0,11,7.5,27,Visual Concepts,E,2000s,Other,2.4849066497880004,3.332204510175204
XB,2003,Role-Playing,Activision,94.0,72,9.2,317,BioWare,T,2000s,Other,4.290459441148391,5.762051382780177
GBA,2002,Sports,Activision,72.0,4,7.5,27,HotGen,E,2000s,Other,1.6094379124341005,3.332204510175204
PC,2008,Adventure,Atari,55.0,19,5.7,148,Eden Studios,M,2000s,Other,2.995732273553991,5.003946305945459
PSP,2009,Action,Atari,54.0,13,4.7,13,Red Fly Studio,E10+,2000s,Other,2.639057329615259,2.639057329615259
DS,2005,Misc,Nintendo,79.0,51,7.9,32,Fuse Games Limited,E,2000s,Other,3.951243718581428,3.49650756146648
DS,2007,Simulation,Eidos Interactive,53.0,6,7.5,27,Torus Games,E,2000s,Other,1.9459101490553128,3.332204510175204
DS,2007,Misc,Ubisoft,71.0,7,6.8,5,Ubisoft,E,2000s,Other,2.079441541679836,1.791759469228055
PC,2004,Racing,Electronic Arts,82.0,31,8.5,407,EA Canada,T,2000s,Other,3.4657359027997265,6.0112671744041615
DS,2006,Strategy,THQ,80.0,38,7.9,59,Backbone Entertainment,E10+,2000s,Other,3.6635616461296463,4.0943445622221
GC,2006,Platform,Activision,61.0,21,9.3,6,Edge of Reality,E10+,2000s,Other,3.091042453358316,1.9459101490553128
PS3,2010,Sports,Electronic Arts,78.0,40,6.7,17,EA Sports,E,2010s,Other,3.713572066704308,2.8903717578961645
GC,2005,Action,Vivendi Games,84.0,30,9.1,14,Radical Entertainment,T,2000s,Other,3.4339872044851463,2.70805020110221
PS2,2004,Action,THQ,49.0,6,6.2,5,Pacific Coast Power & Light,E,2000s,Other,1.9459101490553128,1.791759469228055
DS,2008,Action,Tecmo Koei,66.0,12,7.5,27,Koei Canada,E,2000s,Other,2.5649493574615367,3.332204510175204
PS2,2009,Racing,Sony Computer Entertainment,72.0,10,8.3,6,Virtuos,T,2000s,Other,2.3978952727983707,1.9459101490553128
PS2,2003,Role-Playing,Sony Online Entertainment,77.0,16,8.5,17,Sony Online Entertainment,T,2000s,Other,2.833213344056216,2.8903717578961645
DS,2009,Role-Playing,Square Enix,75.0,37,7.3,21,Square Enix,E10+,2000s,Final Fantasy,3.6375861597263857,3.091042453358316
X360,2010,Action,Activision,62.0,10,7.5,27,Now Production,E10+,2010s,Other,2.3978952727983707,3.332204510175204
X360,2006,Role-Playing,Idea Factory,59.0,16,7.5,19,Xpec,T,2000s,Other,2.833213344056216,2.995732273553991
PS2,2003,Shooter,Take-Two Interactive,73.0,27,8.2,63,Rockstar Vienna,M,2000s,Other,3.332204510175204,4.158883083359672
PC,2010,Role-Playing,Electronic Arts,94.0,55,8.8,3559,BioWare,M,2010s,Other,4.02535169073515,8.177515823846075
PS2,2005,Fighting,Electronic Arts,53.0,30,6.3,46,"EA Canada, Nihilistic",T,2000s,Other,3.4339872044851463,3.8501476017100575
X360,2007,Action,THQ,56.0,14,7.5,27,Heavy Iron Studios,E,2000s,Other,2.70805020110221,3.332204510175204
DS,2008,Sports,Activision,39.0,11,7.5,27,Creat Studios,E,2000s,Other,2.4849066497880004,3.332204510175204
GC,2003,Sports,Electronic Arts,94.0,19,7.7,17,EA Tiburon,E,2000s,Madden,2.995732273553991,2.8903717578961645
PS3,2008,Role-Playing,Nippon Ichi Software,52.0,32,7.2,82,Compile Heart,T,2000s,Other,3.49650756146648,4.418840607796598
PS2,2002,Role-Playing,Atari,70.0,23,8.7,19,CyberConnect2,T,2000s,Other,3.1780538303479458,2.995732273553991
X360,2008,Racing,Disney Interactive Studios,85.0,55,7.7,83,Black Rock Studio,E,2000s,Other,4.02535169073515,4.430816798843313
PS4,2013,Sports,Take-Two Interactive,85.0,20,6.5,368,Visual Concepts,E,2010s,Other,3.044522437723423,5.910796644040527
XOne,2014,Action,505 Games,84.0,5,7.7,29,Engine Software,T,2010s,Other,1.791759469228055,3.4011973816621555
DS,2009,Action,Zushi Games,39.0,4,7.5,27,PAWS,E,2000s,Other,1.6094379124341005,3.332204510175204
X360,2010,Misc,MTV Games,93.0,57,8.2,137,Harmonix Music Systems,T,2010s,Other,4.060443010546419,4.927253685157205
Wii,2007,Action,THQ,62.0,16,6.7,12,Asobo Studio,E,2000s,Other,2.833213344056216,2.5649493574615367
PS2,2006,Action,THQ,52.0,29,7.5,39,Appaloosa Interactive,M,2000s,Other,3.4011973816621555,3.688879454113936
GC,2006,Platform,THQ,74.0,5,7.7,12,Blitz Games,E,2000s,Other,1.791759469228055,2.5649493574615367
Wii,2009,Adventure,Oxygen Interactive,65.0,8,7.5,27,Destineer,E10+,2000s,Other,2.19722457733622,3.332204510175204
DS,2006,Puzzle,Zoo Digital Publishing,25.0,4,3.5,4,FrontLine Studios,E,2000s,Other,1.6094379124341005,1.6094379124341005
PS4,2014,Action,Sony Computer Entertainment,73.0,70,7.5,580,Sucker Punch,T,2010s,Other,4.262679877041316,6.364750756851911
Wii,2007,Action,Rising Star Games,83.0,64,8.4,259,Grasshopper Manufacture,M,2000s,Other,4.174387269895637,5.560681631015528
GBA,2002,Sports,Electronic Arts,76.0,5,7.5,27,BudCat,E,2000s,Madden,1.791759469228055,3.332204510175204
DS,2008,Sports,THQ,49.0,4,7.5,27,THQ,E,2000s,Other,1.6094379124341005,3.332204510175204
X360,2007,Sports,Spike,79.0,31,7.1,34,Kush Games,E,2000s,Other,3.4657359027997265,3.555348061489413
X360,2008,Sports,Electronic Arts,77.0,32,7.4,14,EA Canada,E,2000s,Other,3.49650756146648,2.70805020110221
PS3,2008,Shooter,Activision,85.0,45,7.6,409,Treyarch,M,2000s,Call of Duty,3.828641396489095,6.016157159698354
X360,2007,Racing,THQ,75.0,38,7.3,31,Paradigm Entertainment,T,2000s,Other,3.6635616461296463,3.4657359027997265
PS3,2013,Sports,D3Publisher,38.0,5,7.5,27,Monkey Bar Games,E,2010s,Other,1.791759469228055,3.332204510175204
PC,2013,Action,Warner Bros. Interactive Entertainment,74.0,17,7.5,1170,Iron Galaxy Studios,T,2010s,Other,2.8903717578961645,7.065613363597717
PS2,2001,Strategy,Natsume,63.0,5,7.1,16,Indi,T,2000s,Other,1.791759469228055,2.833213344056216
PS2,2001,Racing,Titus,49.0,8,8.1,9,Team 17,E,2000s,Other,2.19722457733622,2.302585092994046
XB,2003,Racing,Eidos Interactive,68.0,28,7.5,27,Crystal Dynamics,T,2000s,Other,3.367295829986474,3.332204510175204
PC,2016,Shooter,Electronic Arts,88.0,54,7.6,1137,EA DICE,M,2010s,Other,4.007333185232471,7.037027614686276
XB,2004,Simulation,Global Star,41.0,21,4.0,10,Starsphere Interactive,E,2000s,Other,3.091042453358316,2.3978952727983707
X360,2013,Action,Activision,62.0,49,7.4,368,High Moon Studios,M,2010s,Other,3.912023005428146,5.910796644040527
PC,2011,Shooter,Mastertronic,72.0,53,8.2,586,Croteam,Unknown,2010s,Other,3.9889840465642745,6.375024819828097
DS,2006,Shooter,Nintendo,85.0,54,8.0,188,Nintendo,T,2000s,Other,4.007333185232471,5.241747015059643
Wii,2007,Simulation,505 Games,61.0,37,5.3,23,OfficeCreate,E,2000s,Other,3.6375861597263857,3.1780538303479458
3DS,2011,Simulation,Electronic Arts,52.0,29,3.3,31,EA Games,T,2010s,Other,3.4011973816621555,3.4657359027997265
PS3,2012,Action,THQ,84.0,39,7.1,422,Vigil Games,M,2010s,Other,3.688879454113936,6.0473721790462776
3DS,2015,Platform,Rising Star Games,82.0,18,8.5,86,WayForward,E10+,2010s,Other,2.9444389791664403,4.465908118654584
DS,2005,Puzzle,505 Games,40.0,12,7.5,27,Interchannel,E,2000s,Other,2.5649493574615367,3.332204510175204
PS2,2002,Action,Eidos Interactive,74.0,22,8.2,19,Acquire,M,2000s,Other,3.1354942159291497,2.995732273553991
PSP,2007,Strategy,THQ,67.0,25,7.6,26,RedLynx,T,2000s,Other,3.258096538021482,3.295836866004329
PS3,2009,Fighting,THQ,81.0,38,8.1,55,Yuke's,T,2000s,Other,3.6635616461296463,4.02535169073515
PS3,2010,Action,THQ,54.0,6,7.5,27,THQ,E10+,2010s,Other,1.9459101490553128,3.332204510175204
DS,2009,Shooter,Graffiti,44.0,16,6.9,19,NoWay Studio,M,2000s,Other,2.833213344056216,2.995732273553991
3DS,2012,Action,Agatsuma Entertainment,67.0,38,7.6,73,Studio Saizensen,T,2010s,Other,3.6635616461296463,4.304065093204169
GBA,2001,Platform,Konami Digital Entertainment,91.0,22,8.5,59,KCEK,T,2000s,Other,3.1354942159291497,4.0943445622221
Wii,2008,Adventure,Sega,67.0,9,7.5,27,Her Interactive,E,2000s,Other,2.302585092994046,3.332204510175204
PSP,2009,Sports,Electronic Arts,83.0,9,7.9,14,EA Sports,E,2000s,FIFA,2.302585092994046,2.70805020110221
PS2,2000,Puzzle,Sony Computer Entertainment,72.0,18,6.3,9,SCEJ,E,2000s,Other,2.9444389791664403,2.302585092994046
Wii,2008,Action,Capcom,76.0,11,8.9,41,Capcom,M,2000s,Other,2.4849066497880004,3.737669618283368
3DS,2011,Action,Disney Interactive Studios,71.0,16,7.3,20,Traveller's Tales,E10+,2010s,Other,2.833213344056216,3.044522437723423
X360,2007,Action,Tecmo Koei,53.0,29,8.5,13,Omega Force,T,2000s,Other,3.4011973816621555,2.639057329615259
GC,2003,Misc,TDK Mediactive,40.0,6,7.3,7,Mass Media,E,2000s,Other,1.9459101490553128,2.079441541679836
PS2,2002,Racing,Electronic Arts,78.0,16,7.5,27,Electronic Arts,E,2000s,Other,2.833213344056216,3.332204510175204
PSP,2007,Racing,Sony Computer Entertainment,82.0,40,8.6,31,Studio Liverpool,E10+,2000s,Other,3.713572066704308,3.4657359027997265
XB,2003,Action,Kemco,25.0,13,3.6,18,HotGen,T,2000s,Other,2.639057329615259,2.9444389791664403
PC,2006,Strategy,LucasArts,79.0,45,8.4,240,Petroglyph,T,2000s,Other,3.828641396489095,5.484796933490655
PS2,2006,Platform,Midway Games,52.0,19,4.2,6,Artificial Mind and Movement,E10+,2000s,Other,2.995732273553991,1.9459101490553128
X360,2012,Role-Playing,Focus Home Interactive,52.0,35,5.2,126,"Cyanide, Cyanide Studios",M,2010s,Other,3.58351893845611,4.844187086458591
PS4,2016,Platform,Activision,80.0,47,5.5,17,Toys for Bob,E10+,2010s,Other,3.8712010109078903,2.8903717578961645
Wii,2008,Action,LucasArts,56.0,24,6.7,18,Krome Studios,T,2000s,Other,3.218875824868201,2.9444389791664403
PS,2000,Sports,Sony Computer Entertainment,71.0,10,7.5,27,989 Sports,E,2000s,Other,2.3978952727983707,3.332204510175204
DS,2009,Role-Playing,Gust,70.0,11,6.7,15,Gust,E10+,2000s,Other,2.4849066497880004,2.772588722239781
PS4,2013,Platform,System 3,38.0,8,2.9,52,System 3,E10+,2010s,Other,2.19722457733622,3.970291913552122
XB,2003,Strategy,Atari,62.0,8,8.3,12,Atari,E,2000s,Other,2.19722457733622,2.5649493574615367
XOne,2014,Action,Ubisoft,78.0,15,5.8,712,Ubisoft Montreal,M,2010s,Other,2.772588722239781,6.569481420414296
PS2,2006,Strategy,Atari,69.0,32,2.9,52,Frontier Developments,E10+,2000s,Other,3.49650756146648,3.970291913552122
XB,2005,Sports,Take-Two Interactive,81.0,25,8.2,17,Kush Games,E,2000s,Other,3.258096538021482,2.8903717578961645
PS3,2009,Role-Playing,Nippon Ichi Software,62.0,25,7.2,28,"Gust, Idea Factory",T,2000s,Other,3.258096538021482,3.367295829986474
PS3,2010,Action,Sony Computer Entertainment,92.0,101,8.7,2633,SCE Santa Monica,M,2010s,Other,4.624972813284271,7.876258882303226
XB,2004,Sports,Global Star,85.0,28,8.7,22,Visual Concepts,E,2000s,Other,3.367295829986474,3.1354942159291497
PS2,2003,Platform,Atari,64.0,30,7.8,10,Paradigm Entertainment,T,2000s,Other,3.4339872044851463,2.3978952727983707
XOne,2014,Misc,Ubisoft,70.0,17,7.5,20,Ubisoft,E10+,2010s,Other,2.8903717578961645,3.044522437723423
DS,2009,Platform,Ubisoft,70.0,7,7.5,27,Ubisoft Montpellier,E,2000s,Other,2.079441541679836,3.332204510175204
X360,2008,Action,Eidos Interactive,29.0,16,3.3,30,Red Tribe,T,2000s,Other,2.833213344056216,3.4339872044851463
Wii,2007,Sports,Electronic Arts,65.0,13,6.1,26,EA Canada,E,2000s,FIFA,2.639057329615259,3.295836866004329
PSP,2005,Sports,Electronic Arts,73.0,23,7.7,22,EA Canada,E,2000s,FIFA,3.1780538303479458,3.1354942159291497
X360,2010,Action,Electronic Arts,56.0,15,5.5,4,Behaviour Interactive,E10+,2010s,Other,2.772588722239781,1.6094379124341005
PS3,2009,Role-Playing,Namco Bandai Games,89.0,81,8.9,1441,From Software,M,2000s,Other,4.406719247264253,7.273786317844895
GC,2005,Platform,Sega,51.0,22,6.6,120,Sonic Team,E10+,2000s,Other,3.1354942159291497,4.795790545596741
Wii,2009,Sports,Electronic Arts,88.0,44,8.8,57,EA Tiburon,E,2000s,Other,3.80666248977032,4.060443010546419
PS2,2003,Platform,Acclaim Entertainment,63.0,20,7.6,11,Acclaim Studios Austin,T,2000s,Other,3.044522437723423,2.4849066497880004
XB,2002,Racing,Atari,78.0,15,7.5,27,Rainbow Studios,E,2000s,Other,2.772588722239781,3.332204510175204
Wii,2007,Misc,Nintendo,62.0,41,6.3,190,Hudson,E,2000s,Mario,3.737669618283368,5.25227342804663
PS2,2006,Sports,Electronic Arts,66.0,22,6.9,15,EA Tiburon,E,2000s,Other,3.1354942159291497,2.772588722239781
GC,2003,Role-Playing,Activision,68.0,25,9.1,14,From Software,T,2000s,Other,3.258096538021482,2.70805020110221
WiiU,2012,Action,Activision,80.0,8,6.9,22,Vicarious Visions,E10+,2010s,Other,2.19722457733622,3.1354942159291497
PS3,2013,Role-Playing,Square Enix,61.0,33,7.7,237,Access Games,M,2010s,Other,3.5263605246161616,5.472270673671475
PS2,2008,Misc,Ignition Entertainment,69.0,16,7.5,27,SNK Playmore,T,2000s,Other,2.833213344056216,3.332204510175204
PS4,2013,Shooter,Activision,78.0,49,3.7,1564,Infinity Ward,M,2010s,Call of Duty,3.912023005428146,7.355641102974253
XB,2003,Racing,THQ,87.0,23,8.5,14,Climax Group,E,2000s,Other,3.1780538303479458,2.70805020110221
PS2,2005,Sports,Unknown,76.0,25,8.0,20,Midway,M,2000s,Other,3.258096538021482,3.044522437723423
PS2,2005,Misc,Sony Computer Entertainment,78.0,22,8.3,6,SCEA,T,2000s,Other,3.1354942159291497,1.9459101490553128
X360,2012,Fighting,Tecmo Koei,55.0,18,7.1,20,Koei,M,2010s,Other,2.9444389791664403,3.044522437723423
DS,2010,Role-Playing,Nintendo,76.0,40,7.9,23,CyberConnect2,E10+,2010s,Other,3.713572066704308,3.1780538303479458
Wii,2010,Action,Warner Bros. Interactive Entertainment,79.0,13,8.0,34,Traveller's Tales,E10+,2010s,Other,2.639057329615259,3.555348061489413
Wii,2009,Action,Namco Bandai Games,71.0,33,8.2,5,Now Production,E,2000s,Other,3.5263605246161616,1.791759469228055
PS2,2004,Racing,Sony Computer Entertainment,89.0,74,8.5,272,Polyphony Digital,E,2000s,Other,4.31748811353631,5.60947179518496
PSP,2007,Sports,Ubisoft,58.0,17,6.6,11,Ubisoft,T,2000s,Other,2.8903717578961645,2.4849066497880004
X360,2013,Shooter,Trion Worlds,60.0,27,7.2,249,Trion Worlds,M,2010s,Other,3.332204510175204,5.521460917862246
GBA,2001,Puzzle,Conspiracy Entertainment,58.0,5,7.5,27,Warthog,E,2000s,Other,1.791759469228055,3.332204510175204
GC,2003,Shooter,Ubisoft,73.0,27,7.7,20,Ubisoft Paris,M,2000s,Other,3.332204510175204,3.044522437723423
X360,2007,Misc,Microsoft Game Studios,73.0,41,8.1,21,"Screenlife Games, WXP",T,2000s,Other,3.737669618283368,3.091042453358316
PS3,2009,Misc,Electronic Arts,66.0,13,7.1,7,EA Bright Light,E,2000s,Other,2.639057329615259,2.079441541679836
PS3,2011,Action,Activision,77.0,18,4.8,42,Toys for Bob,E10+,2010s,Other,2.9444389791664403,3.7612001156935615
3DS,2012,Puzzle,Nintendo,71.0,11,7.9,17,Nintendo,E,2010s,Other,2.4849066497880004,2.8903717578961645
PS2,2005,Action,THQ,60.0,12,7.1,8,Heavy Iron Studios,E10+,2000s,Other,2.5649493574615367,2.19722457733622
DS,2006,Platform,Ubisoft,72.0,4,7.5,27,Ubisoft Quebec,E,2000s,Other,1.6094379124341005,3.332204510175204
PS2,2010,Action,Konami Digital Entertainment,77.0,8,6.8,82,Climax Group,M,2010s,Other,2.19722457733622,4.418840607796598
PS3,2013,Action,Capcom,85.0,40,5.3,1471,Ninja Theory,M,2010s,Other,3.713572066704308,7.294377299288821
PC,2015,Sports,Konami Digital Entertainment,76.0,12,4.3,286,Konami,E,2010s,Other,2.5649493574615367,5.659482215759621
GC,2004,Shooter,Empire Interactive,35.0,11,2.0,9,Blitz Games,M,2000s,Other,2.4849066497880004,2.302585092994046
X360,2009,Misc,Warner Bros. Interactive Entertainment,71.0,50,7.2,31,TT Fusion,E10+,2000s,Other,3.9318256327243257,3.4657359027997265
Wii,2008,Sports,Oxygen Interactive,51.0,18,5.4,7,Oxygen Interactive,E10+,2000s,Other,2.9444389791664403,2.079441541679836
GBA,2002,Sports,Ubisoft,59.0,9,7.5,27,Hokus Pokus,E,2000s,Other,2.302585092994046,3.332204510175204
PS2,2003,Simulation,Electronic Arts,83.0,33,7.7,46,Edge of Reality,T,2000s,Other,3.5263605246161616,3.8501476017100575
GBA,2002,Simulation,Tecmo Koei,79.0,5,9.4,9,"Tecmo, Graphic Research",E,2000s,Other,1.791759469228055,2.302585092994046
GC,2006,Action,Activision,50.0,31,6.3,8,Hypnos,T,2000s,Other,3.4657359027997265,2.19722457733622
PS3,2012,Action,Warner Bros. Interactive Entertainment,67.0,37,7.1,199,Grasshopper Manufacture,M,2010s,Other,3.6375861597263857,5.298317366548036
PS2,2007,Misc,Sony Computer Entertainment,76.0,20,7.5,27,SCEE London Studio,T,2000s,Other,3.044522437723423,3.332204510175204
X360,2012,Sports,Electronic Arts,71.0,45,5.1,14,EA Sports,E,2010s,Other,3.828641396489095,2.70805020110221
XB,2005,Fighting,Electronic Arts,88.0,48,8.8,27,EA Sports,T,2000s,Other,3.8918202981106265,3.332204510175204
GC,2003,Action,Electronic Arts,61.0,19,7.2,9,Point of View,M,2000s,Other,2.995732273553991,2.302585092994046
X360,2008,Simulation,Microsoft Game Studios,82.0,64,7.9,61,Rare Ltd.,E,2000s,Other,4.174387269895637,4.127134385045092
DS,2007,Puzzle,Eidos Interactive,68.0,13,7.5,27,Zoonami Ltd.,E,2000s,Other,2.639057329615259,3.332204510175204
GBA,2004,Action,Hip Interactive,40.0,9,7.5,27,Saffire,E,2000s,Other,2.302585092994046,3.332204510175204
Wii,2007,Shooter,Electronic Arts,73.0,37,7.6,82,EA Canada,T,2000s,Other,3.6375861597263857,4.418840607796598
PS2,2001,Adventure,Ubisoft,68.0,19,6.7,12,Ubisoft,T,2000s,Other,2.995732273553991,2.5649493574615367
PSV,2014,Role-Playing,Nippon Ichi Software,66.0,25,7.3,24,Experience Inc.,M,2010s,Other,3.258096538021482,3.218875824868201
DS,2008,Role-Playing,Success,69.0,23,7.7,21,Success,E10+,2000s,Other,3.1780538303479458,3.091042453358316
PS2,2000,Role-Playing,THQ,74.0,16,7.8,12,Volition Inc.,T,2000s,Other,2.833213344056216,2.5649493574615367
GBA,2002,Puzzle,Atari,82.0,20,8.6,11,Realism Ltd,E,2000s,Other,3.044522437723423,2.4849066497880004
X360,2011,Adventure,Ubisoft,35.0,11,4.7,7,Ubisoft,T,2010s,Other,2.4849066497880004,2.079441541679836
PC,2016,Sports,505 Games,86.0,20,8.2,580,Psyonix,E,2010s,Other,3.044522437723423,6.364750756851911
XB,2002,Action,THQ,70.0,11,8.9,20,Omega Force,T,2000s,Other,2.4849066497880004,3.044522437723423
X360,2010,Sports,Activision,51.0,5,9.0,4,FUN Labs,T,2010s,Other,1.791759469228055,1.6094379124341005
X360,2009,Shooter,Microsoft Game Studios,83.0,94,7.1,1163,"Bungie Software, Bungie",M,2000s,Other,4.553876891600541,7.059617628291383
PC,2009,Role-Playing,Square Enix,66.0,23,8.3,240,Square Enix,M,2000s,Other,3.1780538303479458,5.484796933490655
PSP,2006,Misc,Capcom,72.0,37,7.0,5,Digital Eclipse,T,2000s,Other,3.6375861597263857,1.791759469228055
PSP,2006,Adventure,Namco Bandai Games,76.0,7,7.8,4,Smart Bomb Interactive,E10+,2000s,Other,2.079441541679836,1.6094379124341005
Wii,2006,Sports,Nintendo,76.0,51,8.0,322,Nintendo,E,2000s,Wii Sports,3.951243718581428,5.777652323222656
PS3,2012,Adventure,PQube,83.0,8,8.7,51,Nitro+,M,2010s,Other,2.19722457733622,3.951243718581428
DS,2009,Role-Playing,Nintendo,54.0,26,9.0,133,ChunSoft,E,2000s,Pokemon,3.295836866004329,4.897839799950911
PSP,2009,Action,Playlogic Game Factory,66.0,25,8.2,20,Hydravision,M,2000s,Other,3.258096538021482,3.044522437723423
XB,2004,Shooter,Gathering of Developers,57.0,32,8.4,11,Coyote Developments,M,2000s,Other,3.49650756146648,2.4849066497880004
X360,2009,Action,Ubisoft,90.0,82,8.8,1305,Ubisoft Montreal,M,2000s,Other,4.418840607796598,7.174724309836376
PSP,2007,Action,Vivendi Games,49.0,34,5.6,19,Rebellion,T,2000s,Other,3.555348061489413,2.995732273553991
PS2,2001,Action,Sony Computer Entertainment,67.0,19,7.8,19,Deep Space,M,2000s,Other,2.995732273553991,2.995732273553991
DS,2011,Strategy,Warner Bros. Interactive Entertainment,59.0,14,6.9,11,Hellbent Games,E,2010s,Other,2.70805020110221,2.4849066497880004
Wii,2010,Sports,Electronic Arts,79.0,8,8.1,22,EA Canada,E,2010s,Other,2.19722457733622,3.1354942159291497
DS,2009,Action,Ubisoft,69.0,20,7.3,22,Griptonite Games,T,2000s,Other,3.044522437723423,3.1354942159291497
PSP,2009,Strategy,Sony Computer Entertainment,69.0,32,7.3,19,Novarama,E10+,2000s,Other,3.49650756146648,2.995732273553991
GC,2005,Sports,Nintendo,76.0,38,8.6,41,Namco,E,2000s,Mario,3.6635616461296463,3.737669618283368
GBA,2002,Sports,Sega,80.0,16,7.8,5,Smilebit,E,2000s,Other,2.833213344056216,1.791759469228055
X360,2012,Action,Konami Digital Entertainment,52.0,23,6.5,30,Gaijin Entertainment,M,2010s,Other,3.1780538303479458,3.4339872044851463
PS2,2004,Action,Konami Digital Entertainment,91.0,68,9.3,955,KCEJ,M,2000s,Other,4.23410650459726,6.862757913051401
PS3,2007,Action,Electronic Arts,86.0,23,6.9,23,EA Canada,E10+,2000s,Other,3.1780538303479458,3.1780538303479458
GC,2003,Platform,Sega,72.0,49,7.8,125,Sonic Team,E,2000s,Other,3.912023005428146,4.836281906951478
GC,2002,Fighting,Ubisoft,67.0,8,7.5,27,Crave,T,2000s,Other,2.19722457733622,3.332204510175204
PS,2000,Platform,Ubisoft,65.0,4,7.0,10,Ubisoft Shanghai,E,2000s,Other,1.6094379124341005,2.3978952727983707
PS3,2011,Fighting,505 Games,47.0,17,6.5,4,Kung Fu Factory,M,2010s,Other,2.8903717578961645,1.6094379124341005
PS,2001,Fighting,Activision,72.0,12,8.4,18,Paradox Development,T,2000s,Other,2.5649493574615367,2.9444389791664403
PS2,2002,Shooter,Virgin Interactive,58.0,27,8.2,9,Digital Mayhem,M,2000s,Other,3.332204510175204,2.302585092994046
DS,2008,Sports,Sega,65.0,19,7.5,27,Sumo Digital,E,2000s,Other,2.995732273553991,3.332204510175204
GBA,2001,Platform,Sega,87.0,22,8.1,48,Sonic Team,E,2000s,Other,3.1354942159291497,3.8918202981106265
PS,1999,Adventure,Konami Digital Entertainment,55.0,8,7.5,27,VU Games,E,1990s,Other,2.19722457733622,3.332204510175204
PC,2003,Role-Playing,CCP,69.0,22,7.5,280,CCP,T,2000s,Other,3.1354942159291497,5.638354669333745
DS,2006,Puzzle,Konami Digital Entertainment,61.0,28,7.5,27,Hudson,E,2000s,Other,3.367295829986474,3.332204510175204
PS2,2004,Fighting,Atari,63.0,9,7.3,23,Black Ship Games,T,2000s,Other,2.302585092994046,3.1780538303479458
PS2,2006,Racing,Sega,81.0,42,8.8,17,Sumo Digital,E,2000s,Other,3.7612001156935615,2.8903717578961645
GBA,2002,Shooter,TDK Mediactive,61.0,8,6.5,4,Lucky Chicken,E,2000s,Other,2.19722457733622,1.6094379124341005
Wii,2007,Shooter,Eidos Interactive,52.0,7,5.8,5,Traveller's Tales,E10+,2000s,Other,2.079441541679836,1.791759469228055
PS3,2010,Role-Playing,Square Enix,74.0,45,6.7,155,"Square Enix, Tri-Ace",T,2010s,Other,3.828641396489095,5.049856007249537
PC,2006,Shooter,Electronic Arts,80.0,48,6.8,326,EA DICE,T,2000s,Other,3.8918202981106265,5.7899601708972535
Wii,2007,Sports,Activision,57.0,8,6.2,19,Page 44 Studios,T,2000s,Other,2.19722457733622,2.995732273553991
PSP,2007,Platform,Activision,52.0,7,7.4,9,Treyarch,T,2000s,Other,2.079441541679836,2.302585092994046
PSP,2007,Platform,Atari,79.0,21,7.8,18,"Metanet Software Inc., SilverBirch Studios",E,2000s,Other,3.091042453358316,2.9444389791664403
XB,2005,Action,THQ,69.0,27,3.0,4,Terminal Reality,T,2000s,Other,3.332204510175204,1.6094379124341005
WiiU,2015,Action,Warner Bros. Interactive Entertainment,71.0,5,8.1,14,TT Games,E10+,2010s,Other,1.791759469228055,2.70805020110221
XB,2005,Action,Vivendi Games,50.0,14,5.9,21,Genuine Games,M,2000s,Other,2.70805020110221,3.091042453358316
GC,2003,Action,Midway Games,64.0,12,7.5,27,Terminal Reality,M,2000s,Other,2.5649493574615367,3.332204510175204
PSP,2006,Sports,Oxygen Interactive,32.0,11,4.6,10,Left Field Productions,E,2000s,Other,2.4849066497880004,2.3978952727983707
XOne,2015,Shooter,Take-Two Interactive,80.0,11,7.8,119,Gearbox Software,M,2010s,Other,2.4849066497880004,4.787491742782046
PS3,2011,Misc,Sony Computer Entertainment,66.0,5,6.8,8,SCEE,T,2010s,Other,1.791759469228055,2.19722457733622
PS2,2005,Simulation,Codemasters,76.0,31,8.4,15,IR Gurus,T,2000s,Other,3.4657359027997265,2.772588722239781
XB,2005,Misc,Capcom,81.0,23,7.5,27,Digital Eclipse,T,2000s,Other,3.1780538303479458,3.332204510175204
PS2,2003,Action,Ubisoft,81.0,40,9.2,100,Tecmo,M,2000s,Other,3.713572066704308,4.61512051684126
DS,2009,Adventure,JoWood Productions,53.0,11,6.5,4,Dreamcatcher,T,2000s,Other,2.4849066497880004,1.6094379124341005
PS3,2008,Racing,Electronic Arts,87.0,55,7.7,455,Criterion Games,E10+,2000s,Other,4.02535169073515,6.1224928095143865
PS2,2002,Shooter,Electronic Arts,67.0,23,8.0,16,Monolith Productions,T,2000s,Other,3.1780538303479458,2.833213344056216
PSP,2006,Racing,Electronic Arts,73.0,14,7.9,39,EA Canada,E10+,2000s,Other,2.70805020110221,3.688879454113936
XB,2002,Sports,Atari,74.0,14,9.2,14,Housemarque,T,2000s,Other,2.70805020110221,2.70805020110221
PS,1997,Shooter,Sony Computer Entertainment,79.0,7,7.8,4,Taito Corporation,E,1990s,Other,2.079441541679836,1.6094379124341005
PS3,2008,Shooter,Electronic Arts,84.0,50,8.1,203,EA DICE,T,2000s,Other,3.9318256327243257,5.318119993844216
PS2,2001,Role-Playing,Midway Games,73.0,24,8.8,55,Sacnoth,M,2000s,Other,3.218875824868201,4.02535169073515
PS4,2016,Action,Ubisoft,81.0,52,7.9,110,Nadeo,E,2010s,Other,3.970291913552122,4.709530201312334
PSP,2006,Fighting,Atari,64.0,20,7.8,17,CyberConnect2,T,2000s,Other,3.044522437723423,2.8903717578961645
PS2,2009,Platform,Sony Computer Entertainment,61.0,9,6.7,14,Sanzaru Games,E10+,2000s,Other,2.302585092994046,2.70805020110221
X360,2012,Action,Activision,80.0,35,6.6,38,Toys for Bob,E10+,2010s,Other,3.58351893845611,3.6635616461296463
PSP,2005,Sports,Deep Silver,51.0,11,5.3,4,Blade Interactive,T,2000s,Other,2.4849066497880004,1.6094379124341005
GBA,2002,Action,TDK Core,64.0,9,7.5,27,RFX Interactive,E,2000s,Other,2.302585092994046,3.332204510175204
GBA,2001,Fighting,Ubisoft,84.0,17,7.4,10,Capcom,T,2000s,Other,2.8903717578961645,2.3978952727983707
PS2,2002,Action,Atari,64.0,22,7.2,9,Atari,E,2000s,Other,3.1354942159291497,2.302585092994046
DS,2009,Sports,Take-Two Interactive,71.0,4,7.8,5,Venom Games,T,2000s,Other,1.6094379124341005,1.791759469228055
PC,2012,Adventure,Daedalic Entertainment,82.0,38,8.3,341,Amanita Design,Unknown,2010s,Other,3.6635616461296463,5.834810737062605
PS4,2014,Misc,Ubisoft,72.0,8,5.8,32,Ubisoft,E10+,2010s,Other,2.19722457733622,3.49650756146648
X360,2013,Shooter,Sega,48.0,47,3.8,449,Gearbox Software,M,2010s,Other,3.8712010109078903,6.1092475827643655
DS,2006,Adventure,THQ,62.0,14,7.5,27,Artificial Mind and Movement,E,2000s,Other,2.70805020110221,3.332204510175204
PS,2000,Misc,Vivendi Games,82.0,6,7.5,27,Jellyvision,E,2000s,Other,1.9459101490553128,3.332204510175204
PS3,2011,Racing,Activision,62.0,16,3.7,15,Eutechnyx,E,2010s,Other,2.833213344056216,2.772588722239781
X360,2006,Sports,Electronic Arts,80.0,44,7.9,21,EA Redwood Shores,E,2000s,Other,3.80666248977032,3.091042453358316
X360,2011,Shooter,Valve Software,95.0,66,8.5,997,Valve Software,E10+,2010s,Other,4.204692619390966,6.905753276311464
XB,2005,Action,Vivendi Games,84.0,47,8.0,22,Radical Entertainment,T,2000s,Other,3.8712010109078903,3.1354942159291497
PS4,2016,Role-Playing,Square Enix,84.0,59,7.6,511,Eidos Montreal,M,2010s,Other,4.0943445622221,6.238324625039508
PS2,2004,Fighting,Konami Digital Entertainment,66.0,44,8.5,20,Yuke's,M,2000s,Other,3.80666248977032,3.044522437723423
PS2,2004,Sports,Electronic Arts,88.0,29,8.8,35,EA Tiburon,E,2000s,Other,3.4011973816621555,3.58351893845611
PS3,2010,Fighting,Sony Computer Entertainment,48.0,39,7.5,77,Coldwood Interactive,T,2010s,Other,3.688879454113936,4.356708826689592
PS3,2009,Racing,System 3 Arcade Software,65.0,23,7.8,11,System 3,Unknown,2000s,Other,3.1780538303479458,2.4849066497880004
PC,1997,Adventure,Red Orb,83.0,12,7.5,27,Cyan Worlds,E,1990s,Other,2.5649493574615367,3.332204510175204
DS,2007,Sports,Activision,79.0,21,6.7,6,Vicarious Visions,E10+,2000s,Other,3.091042453358316,1.9459101490553128
X360,2008,Platform,Brash Entertainment,57.0,7,5.3,12,Red Tribe,E10+,2000s,Other,2.079441541679836,2.5649493574615367
GC,2002,Racing,Ubisoft,64.0,11,7.5,27,Ubisoft,E,2000s,Other,2.4849066497880004,3.332204510175204
XOne,2016,Role-Playing,Namco Bandai Games,87.0,14,8.6,514,From Software,Unknown,2010s,Other,2.70805020110221,6.244166900663736
PS3,2011,Action,THQ,70.0,4,7.0,4,THQ,E10+,2010s,Other,1.6094379124341005,1.6094379124341005
PS3,2010,Sports,Take-Two Interactive,74.0,19,5.3,4,Visual Concepts,E,2010s,Other,2.995732273553991,1.6094379124341005
PS2,2004,Sports,Global Star,83.0,24,7.5,36,Visual Concepts,E,2000s,Other,3.218875824868201,3.610917912644224
DS,2008,Misc,Cave,71.0,6,7.4,7,Cave,E,2000s,Other,1.9459101490553128,2.079441541679836
PSP,2006,Racing,THQ,70.0,17,7.0,4,Locomotive Games,E,2000s,Other,2.8903717578961645,1.6094379124341005
XB,2005,Shooter,SCi,62.0,24,7.9,8,Pivotal Games,M,2000s,Other,3.218875824868201,2.19722457733622
GC,2005,Sports,Electronic Arts,88.0,20,8.7,16,EA Sports,E,2000s,Other,3.044522437723423,2.833213344056216
PC,2005,Shooter,Electronic Arts,91.0,55,8.4,837,Digital Illusions,T,2000s,Other,4.02535169073515,6.731018100482083
PS2,2007,Action,Take-Two Interactive,75.0,37,7.9,67,Rockstar Leeds,M,2000s,Grand Theft Auto,3.6375861597263857,4.219507705176107
PS2,2003,Strategy,Activision,78.0,27,8.0,22,LucasArts,T,2000s,Other,3.332204510175204,3.1354942159291497
DS,2010,Adventure,Nintendo,56.0,23,7.5,27,HandMade Game,E,2010s,Other,3.1780538303479458,3.332204510175204
PS2,2005,Sports,Electronic Arts,80.0,32,7.8,47,EA Canada,E,2000s,FIFA,3.49650756146648,3.8712010109078903
PSV,2015,Role-Playing,Nippon Ichi Software,71.0,24,8.0,30,Experience Inc.,T,2010s,Other,3.218875824868201,3.4339872044851463
GC,2004,Fighting,Atari,71.0,5,8.1,7,Black Ship Games,T,2000s,Other,1.791759469228055,2.079441541679836
PC,2009,Platform,Number None,90.0,11,8.6,819,"Number None Inc., Knockout Games",E10+,2000s,Other,2.4849066497880004,6.709304340258299
PS2,2001,Platform,TDK Mediactive,58.0,7,3.5,6,Lucky Chicken,E,2000s,Other,2.079441541679836,1.9459101490553128
XB,2003,Sports,Electronic Arts,92.0,27,8.3,48,EA Tiburon,E,2000s,Madden,3.332204510175204,3.8918202981106265
PS4,2015,Action,Tecmo Koei,67.0,40,7.6,71,Gust,T,2010s,Other,3.713572066704308,4.276666119016055
Wii,2011,Action,Disney Interactive Studios,61.0,11,6.0,5,Eurocom Entertainment Software,E10+,2010s,Other,2.4849066497880004,1.791759469228055
X360,2013,Action,Capcom,86.0,65,5.1,1438,Ninja Theory,M,2010s,Other,4.189654742026425,7.271703706887368
Wii,2010,Sports,Electronic Arts,73.0,17,7.3,8,EA Sports,E,2010s,FIFA,2.8903717578961645,2.19722457733622
3DS,2012,Role-Playing,Nintendo,59.0,46,6.3,134,"Nintendo, Spike Chunsoft",E,2010s,Pokemon,3.8501476017100575,4.90527477843843
PS2,2007,Sports,Ubisoft,60.0,4,7.5,27,Ubisoft Montreal,E10+,2000s,Other,1.6094379124341005,3.332204510175204
GC,2003,Racing,Acclaim Entertainment,69.0,13,7.0,5,Acclaim Studios Cheltenham,T,2000s,Other,2.639057329615259,1.791759469228055
PS4,2016,Racing,Dusenberry Martin Racing,66.0,8,3.8,18,Dusenberry Martin Racing,E,2010s,Other,2.19722457733622,2.9444389791664403
PC,2014,Action,Ubisoft,70.0,10,3.0,1463,"Ubisoft, Ubisoft Montreal",M,2010s,Other,2.3978952727983707,7.288927694521257
X360,2011,Shooter,Activision,72.0,56,6.0,96,Eurocom Entertainment Software,T,2010s,Other,4.04305126783455,4.574710978503383
XOne,2016,Adventure,Microids,66.0,7,7.5,8,Microids,Unknown,2010s,Other,2.079441541679836,2.19722457733622
PS2,2006,Sports,Electronic Arts,76.0,11,4.6,51,EA Sports,E10+,2000s,Other,2.4849066497880004,3.951243718581428
PS2,2002,Sports,Acclaim Entertainment,54.0,14,4.6,17,"Z-Axis, Ltd.",M,2000s,Other,2.70805020110221,2.8903717578961645
3DS,2011,Strategy,Ubisoft,44.0,18,5.3,9,Ubisoft,E10+,2010s,Other,2.9444389791664403,2.302585092994046
GC,2004,Action,THQ,63.0,27,7.1,7,Heavy Iron Studios,T,2000s,Other,3.332204510175204,2.079441541679836
X360,2008,Sports,Midway Games,55.0,42,4.2,15,Midway,E,2000s,Other,3.7612001156935615,2.772588722239781
DS,2010,Adventure,Focus Home Interactive,48.0,11,7.5,27,Frogwares,E10+,2010s,Other,2.4849066497880004,3.332204510175204
PC,2011,Action,Capcom,66.0,10,5.3,54,Capcom Vancouver,M,2010s,Other,2.3978952727983707,4.007333185232471
PSP,2005,Sports,Electronic Arts,80.0,18,7.6,13,EA Canada,E,2000s,Other,2.9444389791664403,2.639057329615259
X360,2008,Shooter,D3Publisher,72.0,71,7.5,147,Digital Extremes,M,2000s,Other,4.276666119016055,4.997212273764115
PS2,2004,Action,Capcom,55.0,30,7.5,27,Capcom,T,2000s,Other,3.4339872044851463,3.332204510175204
DS,2008,Adventure,Game Factory,51.0,11,6.3,4,The Game Factory,E,2000s,Other,2.4849066497880004,1.6094379124341005
GC,2003,Platform,THQ,71.0,16,8.2,9,Avalanche Software,E,2000s,Other,2.833213344056216,2.302585092994046
PC,2008,Action,Ubisoft,52.0,22,6.0,38,Ubisoft Montreal,T,2000s,Other,3.1354942159291497,3.6635616461296463
PS,1999,Action,Electronic Arts,40.0,9,7.5,27,Kodiak Interactive,T,1990s,Other,2.302585092994046,3.332204510175204
XB,2002,Racing,Empire Interactive,60.0,7,7.5,27,Razorworks Studios,E,2000s,Other,2.079441541679836,3.332204510175204
DS,2005,Racing,Electronic Arts,38.0,12,6.0,59,Visual Impact,E,2000s,Other,2.5649493574615367,4.0943445622221
GBA,2002,Role-Playing,Taito,76.0,12,8.3,8,Taito Corporation,E,2000s,Other,2.5649493574615367,2.19722457733622
Wii,2008,Shooter,Zoo Games,50.0,7,8.3,6,Naps Team,E10+,2000s,Other,2.079441541679836,1.9459101490553128
Wii,2009,Action,Codemasters,68.0,30,7.9,15,Climax Group,T,2000s,Other,3.4339872044851463,2.772588722239781
X360,2010,Action,Capcom,59.0,69,6.0,61,Airtight Games,T,2010s,Other,4.248495242049359,4.127134385045092
DS,2009,Role-Playing,Nintendo,87.0,65,8.8,197,Level 5,E10+,2000s,Other,4.189654742026425,5.288267030694535
PS2,2001,Shooter,Vivendi Games,87.0,24,8.6,94,Gearbox Software,M,2000s,Other,3.218875824868201,4.553876891600541
PSV,2013,Role-Playing,Nippon Ichi Software,55.0,31,6.7,37,"Image Epoch, Imageepoch",M,2010s,Other,3.4657359027997265,3.6375861597263857
XB,2005,Action,THQ,66.0,34,7.5,27,Cranky Pants Games,M,2000s,Other,3.555348061489413,3.332204510175204
PC,2008,Shooter,Atari,50.0,23,6.6,104,Spark Unlimited,M,2000s,Other,3.1780538303479458,4.653960350157523
XOne,2016,Action,Take-Two Interactive,67.0,20,4.6,274,Hangar 13,M,2010s,Other,3.044522437723423,5.616771097666572
DS,2007,Simulation,Ubisoft,43.0,7,7.5,27,Black Lantern Studios,E,2000s,Other,2.079441541679836,3.332204510175204
3DS,2015,Role-Playing,Sega,77.0,26,8.2,38,Sega,T,2010s,Other,3.295836866004329,3.6635616461296463
PSV,2011,Fighting,Capcom,80.0,48,7.7,93,Capcom,T,2010s,Other,3.8918202981106265,4.543294782270004
XB,2005,Action,Electronic Arts,65.0,56,7.1,21,Eurocom Entertainment Software,T,2000s,Other,4.04305126783455,3.091042453358316
PS,1999,Role-Playing,Sony Computer Entertainment,57.0,9,8.3,10,Namco,T,1990s,Other,2.302585092994046,2.3978952727983707
PC,2004,Sports,Electronic Arts,91.0,16,4.5,39,Headgate,E,2000s,Other,2.833213344056216,3.688879454113936
PS3,2009,Shooter,Warner Bros. Interactive Entertainment,43.0,41,3.9,70,GRIN,T,2000s,Other,3.737669618283368,4.262679877041316
X360,2012,Adventure,Microsoft Game Studios,68.0,31,5.1,15,Asobo Studio,E,2010s,Other,3.4657359027997265,2.772588722239781
PSP,2008,Sports,Sony Computer Entertainment,83.0,14,8.4,12,SCEA San Diego Studios,E,2000s,Other,2.70805020110221,2.5649493574615367
DS,2005,Racing,Majesco Entertainment,33.0,7,7.5,27,Skyworks Technologies,E,2000s,Other,2.079441541679836,3.332204510175204
GBA,2003,Platform,Electronic Arts,47.0,7,7.5,27,Warthog,E,2000s,Other,2.079441541679836,3.332204510175204
XB,2002,Shooter,Acclaim Entertainment,68.0,25,6.7,9,Acclaim,M,2000s,Other,3.258096538021482,2.302585092994046
XB,2005,Simulation,Ubisoft,61.0,43,4.1,9,Cyberlore Studios,M,2000s,Other,3.784189633918261,2.302585092994046
PSV,2014,Fighting,Sega,75.0,7,8.5,28,Sega,T,2010s,Other,2.079441541679836,3.367295829986474
GBA,2004,Action,Atlus,75.0,21,8.4,7,Million,T,2000s,Other,3.091042453358316,2.079441541679836
XB,2005,Shooter,Electronic Arts,90.0,35,8.6,115,Valve Software,M,2000s,Other,3.58351893845611,4.7535901911063645
XOne,2013,Misc,Majesco Entertainment,73.0,5,6.2,40,Zoe Mode,E,2010s,Other,1.791759469228055,3.713572066704308
X360,2008,Fighting,Ubisoft,85.0,62,7.9,157,Namco,T,2000s,Other,4.143134726391533,5.062595033026967
PS3,2011,Fighting,Rising Star Games,77.0,26,8.2,76,SNK Playmore,T,2010s,Other,3.295836866004329,4.343805421853684
GBA,2004,Misc,Atari,66.0,10,7.5,27,Mistic Software,E,2000s,Other,2.3978952727983707,3.332204510175204
PS3,2012,Fighting,Tecmo Koei,74.0,34,7.7,109,Team Ninja,M,2010s,Other,3.555348061489413,4.700480365792417
PSP,2011,Role-Playing,Unknown,66.0,19,7.2,39,"Image Epoch, Imageepoch",T,2010s,Other,2.995732273553991,3.688879454113936
PS2,2004,Fighting,Eidos Interactive,46.0,23,4.7,10,Paradox Development,M,2000s,Other,3.1780538303479458,2.3978952727983707
PSV,2011,Action,Ubisoft,49.0,33,4.8,28,Ubisoft,E10+,2010s,Other,3.5263605246161616,3.367295829986474
PC,2016,Racing,Namco Bandai Games,72.0,4,6.2,14,"Milestone, Milestone S.r.l",E,2010s,Other,1.6094379124341005,2.70805020110221
PSV,2016,Fighting,Namco Bandai Games,62.0,4,7.8,10,Spike Chunsoft,T,2010s,Other,1.6094379124341005,2.3978952727983707
PC,2012,Strategy,Iceberg Interactive,67.0,23,6.5,55,"Unigine Corp, Russia",Unknown,2010s,Other,3.1780538303479458,4.02535169073515
PS4,2014,Action,Warner Bros. Interactive Entertainment,71.0,31,7.1,98,TT Games,E10+,2010s,Other,3.4657359027997265,4.59511985013459
3DS,2011,Platform,Ubisoft,61.0,39,6.6,48,Ubisoft Casablanca,E,2010s,Other,3.688879454113936,3.8918202981106265
PSV,2012,Action,Warner Bros. Interactive Entertainment,54.0,8,5.6,35,TT Games,E10+,2010s,Other,2.19722457733622,3.58351893845611
PS2,2005,Adventure,Global Star,35.0,21,4.1,28,"High Voltage Software, Backbone Entertainment",E,2000s,Other,3.091042453358316,3.367295829986474
PS4,2015,Sports,Electronic Arts,82.0,42,4.3,896,EA Sports,E,2010s,FIFA,3.7612001156935615,6.799055862058796
DS,2011,Action,Disney Interactive Studios,47.0,5,7.5,27,Altron,E,2010s,Other,1.791759469228055,3.332204510175204
Wii,2006,Action,Midway Games,46.0,11,6.7,16,Artificial Mind and Movement,E,2000s,Other,2.4849066497880004,2.833213344056216
X360,2010,Simulation,Activision,70.0,26,6.4,31,Gaijin Entertainment,T,2010s,Other,3.295836866004329,3.4657359027997265
PS3,2011,Fighting,Capcom,84.0,56,7.3,147,Capcom,T,2010s,Other,4.04305126783455,4.997212273764115
X360,2010,Shooter,Activision,62.0,66,7.1,63,Bizarre Creations,T,2010s,Other,4.204692619390966,4.158883083359672
PS2,2004,Role-Playing,Sega,61.0,14,6.5,11,Nex Entertainment,T,2000s,Other,2.70805020110221,2.4849066497880004
XB,2002,Simulation,Activision,78.0,22,5.2,5,Secret Level,T,2000s,Other,3.1354942159291497,1.791759469228055
GBA,2003,Shooter,Electronic Arts,66.0,6,8.1,9,JV Games Inc.,T,2000s,Other,1.9459101490553128,2.302585092994046
PS2,2005,Action,Konami Digital Entertainment,94.0,53,9.3,439,Aspect,M,2000s,Other,3.9889840465642745,6.0867747269123065
XB,2004,Strategy,Sega,67.0,15,8.0,6,Team 17,T,2000s,Other,2.772588722239781,1.9459101490553128
PS2,2005,Action,Capcom,75.0,52,8.3,62,Capcom,M,2000s,Other,3.970291913552122,4.143134726391533
PS4,2014,Action,Tecmo Koei,76.0,31,8.1,74,Omega Force,T,2010s,Other,3.4657359027997265,4.31748811353631
Wii,2008,Misc,Nintendo,63.0,43,4.6,116,Nintendo,E,2000s,Other,3.784189633918261,4.762173934797756
PS,2000,Sports,Midway Games,70.0,6,7.5,27,Midway,E,2000s,Other,1.9459101490553128,3.332204510175204
XB,2005,Shooter,Ubisoft,74.0,39,6.6,28,"Red Storm Entertainment, Ubisoft Montreal",M,2000s,Other,3.688879454113936,3.367295829986474
DS,2007,Simulation,THQ,67.0,4,6.8,6,Brain Toys,E,2000s,Other,1.6094379124341005,1.9459101490553128
DS,2005,Action,Electronic Arts,68.0,15,6.0,6,Magic Pockets,E,2000s,Other,2.772588722239781,1.9459101490553128
X360,2011,Misc,Ubisoft,47.0,4,5.3,6,Ubisoft,E10+,2010s,Other,1.6094379124341005,1.9459101490553128
GC,2005,Platform,JoWood Productions,57.0,7,7.5,27,Tate Interactive,E,2000s,Other,2.079441541679836,3.332204510175204
GBA,2001,Racing,BAM! Entertainment,68.0,10,7.5,27,Crawfish Interactive,E,2000s,Other,2.3978952727983707,3.332204510175204
XB,2005,Platform,Capcom,80.0,12,9.2,5,Atomic Planet Entertainment,E,2000s,Other,2.5649493574615367,1.791759469228055
XB,2002,Racing,Empire Interactive,35.0,4,8.7,10,Supersonic Software,E,2000s,Other,1.6094379124341005,2.3978952727983707
XB,2002,Action,Tecmo Koei,77.0,17,8.6,16,Tecmo,T,2000s,Other,2.8903717578961645,2.833213344056216
PS2,2001,Sports,Electronic Arts,90.0,18,8.7,24,EA Sports,E,2000s,Other,2.9444389791664403,3.218875824868201
DS,2008,Strategy,SouthPeak Games,80.0,40,8.3,21,"Venan Entertainment, Cashmere Prod.",E,2000s,Other,3.713572066704308,3.091042453358316
PC,2009,Simulation,Paradox Interactive,72.0,31,7.3,129,"1C, Ino-Co, 1C Company",T,2000s,Other,3.4657359027997265,4.867534450455582
DS,2008,Puzzle,Eidos Interactive,78.0,33,8.0,22,Mekensleep,E,2000s,Other,3.5263605246161616,3.1354942159291497
X360,2011,Racing,THQ,63.0,43,7.2,24,THQ Digital Studio Phoenix,E,2010s,Other,3.784189633918261,3.218875824868201
X360,2013,Role-Playing,Square Enix,69.0,21,6.6,222,Square Enix,T,2010s,Final Fantasy,3.091042453358316,5.407171771460119
GBA,2002,Sports,Electronic Arts,66.0,9,7.5,27,Visual Impact,E,2000s,Other,2.302585092994046,3.332204510175204
X360,2013,Action,Ubisoft,82.0,58,7.5,383,Ubisoft Toronto,M,2010s,Other,4.07753744390572,5.950642552587727
Wii,2008,Simulation,Rising Star Games,69.0,14,8.8,17,Marvelous Entertainment,E,2000s,Other,2.70805020110221,2.8903717578961645
PC,2010,Sports,Focus Home Interactive,73.0,13,6.4,75,Cyanide,T,2010s,Other,2.639057329615259,4.330733340286331
PS2,2005,Sports,Electronic Arts,87.0,25,8.6,47,EA Sports,E,2000s,Other,3.258096538021482,3.8712010109078903
PS2,2004,Action,Sega,54.0,29,6.9,7,Sonic Team,E,2000s,Other,3.4011973816621555,2.079441541679836
GBA,2004,Platform,Nintendo,60.0,23,6.6,5,Artoon,E,2000s,Other,3.1780538303479458,1.791759469228055
PS2,2002,Puzzle,Kemco,64.0,8,7.5,27,Kemco,E,2000s,Other,2.19722457733622,3.332204510175204
XOne,2015,Role-Playing,Bethesda Softworks,88.0,39,6.2,1749,Bethesda Game Studios,M,2010s,Other,3.688879454113936,7.467371066917559
GC,2005,Sports,Electronic Arts,88.0,36,8.4,16,EA Canada,E,2000s,Other,3.610917912644224,2.833213344056216
XB,2006,Sports,Electronic Arts,65.0,17,8.5,10,EA Tiburon,E10+,2000s,Other,2.8903717578961645,2.3978952727983707
XB,2005,Action,Electronic Arts,68.0,26,5.8,10,Electronic Arts,E10+,2000s,Other,3.295836866004329,2.3978952727983707
GBA,2001,Shooter,Konami Digital Entertainment,78.0,17,7.5,27,Mobile 21,E,2000s,Other,2.8903717578961645,3.332204510175204
PS3,2008,Shooter,Take-Two Interactive,94.0,51,8.7,881,"Digital Extremes, 2K Marin",M,2000s,Other,3.951243718581428,6.782192056006791
PS,1998,Fighting,Virgin Interactive,93.0,12,8.5,46,Capcom,T,1990s,Other,2.5649493574615367,3.8501476017100575
GC,2005,Action,Capcom,74.0,57,8.5,64,Grasshopper Manufacture,M,2000s,Other,4.060443010546419,4.174387269895637
X360,2010,Racing,Electronic Arts,88.0,73,7.0,206,Criterion Games,E10+,2010s,Other,4.304065093204169,5.332718793265369
PSP,2006,Platform,Capcom,72.0,49,7.7,18,TOSE,E10+,2000s,Other,3.912023005428146,2.9444389791664403
X360,2008,Shooter,Electronic Arts,83.0,70,7.7,263,EA DICE,T,2000s,Other,4.262679877041316,5.575949103146316
PSP,2007,Strategy,LucasArts,72.0,7,0.6,24,Frontier Developments,E10+,2000s,Other,2.079441541679836,3.218875824868201
WiiU,2013,Action,Capcom,80.0,19,7.5,146,Capcom,M,2010s,Other,2.995732273553991,4.990432586778736
PSP,2010,Sports,Electronic Arts,69.0,11,7.4,9,Electronic Arts,E,2010s,FIFA,2.4849066497880004,2.302585092994046
DS,2009,Misc,Game Life,52.0,4,7.5,27,Game Life,E,2000s,Other,1.6094379124341005,3.332204510175204
DS,2008,Puzzle,Ubisoft,71.0,5,7.5,27,Route 1 Games,E,2000s,Other,1.791759469228055,3.332204510175204
PS3,2012,Action,Capcom,74.0,27,8.8,158,"Capcom, Pipeworks Software, Inc.",M,2010s,Other,3.332204510175204,5.068904202220232
GC,2003,Platform,Sega,57.0,27,7.9,139,Sonic Team,E,2000s,Other,3.332204510175204,4.941642422609304
XB,2004,Sports,Sega,86.0,18,8.3,11,Visual Concepts,E,2000s,Other,2.9444389791664403,2.4849066497880004
PS2,2008,Adventure,Atari,47.0,10,5.4,24,Hydravision,M,2000s,Other,2.3978952727983707,3.218875824868201
X360,2011,Action,Sega,60.0,48,6.4,37,Next Level Games,T,2010s,Other,3.8918202981106265,3.6375861597263857
PC,2002,Action,Electronic Arts,77.0,8,8.4,93,KnowWonder,E,2000s,Other,2.19722457733622,4.543294782270004
WiiU,2015,Action,Nintendo,43.0,54,6.5,283,Valhalla Game Studios,M,2010s,Other,4.007333185232471,5.648974238161206
Wii,2008,Action,Electronic Arts,49.0,26,6.0,11,Sanzaru Games,E10+,2000s,Other,3.295836866004329,2.4849066497880004
PSV,2012,Fighting,Capcom,79.0,25,7.5,66,Capcom,T,2010s,Other,3.258096538021482,4.204692619390966
PS3,2012,Action,Capcom,52.0,36,4.9,222,Slant Six,M,2010s,Other,3.610917912644224,5.407171771460119
PS2,2002,Shooter,LucasArts,65.0,32,8.3,33,LucasArts,T,2000s,Other,3.49650756146648,3.5263605246161616
PS3,2008,Action,Touchstone,67.0,38,6.0,39,Propaganda Games,M,2000s,Other,3.6635616461296463,3.688879454113936
PSP,2010,Action,Namco Bandai Games,71.0,30,7.9,35,"Shift, Bandai Namco Games",T,2010s,Other,3.4339872044851463,3.58351893845611
Wii,2011,Sports,Electronic Arts,85.0,14,6.7,7,Electronic Arts,E,2010s,Other,2.70805020110221,2.079441541679836
PS,1999,Platform,Sony Computer Entertainment,90.0,19,8.8,53,SCEI,E,1990s,Other,2.995732273553991,3.9889840465642745
PSP,2008,Role-Playing,Sega,64.0,38,7.8,19,Alfa System,T,2000s,Other,3.6635616461296463,2.995732273553991
PS2,2006,Shooter,Namco Bandai Games,40.0,17,7.0,5,Namco Bandai Games America,T,2000s,Other,2.8903717578961645,1.791759469228055
Wii,2009,Action,Eidos Interactive,79.0,9,8.3,12,Io Interactive,E10+,2000s,Other,2.302585092994046,2.5649493574615367
X360,2009,Sports,Zushi Games,68.0,34,8.6,19,Bongfish,T,2000s,Other,3.555348061489413,2.995732273553991
PS,2000,Role-Playing,Crave Entertainment,92.0,19,8.3,129,SquareSoft,T,2000s,Other,2.995732273553991,4.867534450455582
XOne,2014,Sports,Konami Digital Entertainment,79.0,9,7.3,65,Konami,E,2010s,Other,2.302585092994046,4.189654742026425
DS,2005,Platform,Disney Interactive Studios,61.0,14,7.5,4,Artificial Mind and Movement,E,2000s,Other,2.70805020110221,1.6094379124341005
3DS,2015,Role-Playing,Nintendo,69.0,44,8.8,190,"Spike Chunsoft Co. Ltd., Spike Chunsoft",E,2010s,Pokemon,3.80666248977032,5.25227342804663
X360,2012,Action,THQ,78.0,46,8.0,110,"THQ, Yuke's",T,2010s,Other,3.8501476017100575,4.709530201312334
XB,2003,Shooter,Atari,76.0,28,7.5,27,Lost Toys,T,2000s,Other,3.367295829986474,3.332204510175204
XB,2006,Action,Take-Two Interactive,52.0,34,2.8,5,Double Helix Games,T,2000s,Other,3.555348061489413,1.791759469228055
X360,2008,Shooter,Activision,69.0,54,7.3,26,Nerve Software,T,2000s,Other,4.007333185232471,3.295836866004329
WiiU,2012,Action,Disney Interactive Studios,57.0,14,5.6,46,Junction Point,E,2010s,Other,2.70805020110221,3.8501476017100575
GBA,2004,Role-Playing,Nintendo,76.0,28,9.0,222,Game Freak,E,2000s,Pokémon,3.367295829986474,5.407171771460119
X360,2007,Sports,Take-Two Interactive,71.0,43,7.4,16,Kush Games,E10+,2000s,Other,3.784189633918261,2.833213344056216
GBA,2006,Action,Namco Bandai Games,65.0,5,7.5,27,Torus Games,E,2000s,Other,1.791759469228055,3.332204510175204
DC,2000,Sports,Sega,97.0,22,6.0,47,Visual Concepts,E,2000s,Other,3.1354942159291497,3.8712010109078903
PC,2009,Action,Activision,63.0,8,6.2,5,Beenox,E10+,2000s,Other,2.19722457733622,1.791759469228055
3DS,2011,Misc,THQ,64.0,8,6.0,8,WayForward,E,2010s,Other,2.19722457733622,2.19722457733622
PC,2010,Adventure,Deep Silver,77.0,24,7.9,27,Animation Arts,T,2010s,Other,3.218875824868201,3.332204510175204
PS4,2015,Fighting,Capcom,71.0,28,5.9,94,Other Ocean Interactive,T,2010s,Other,3.367295829986474,4.553876891600541
GC,2004,Shooter,Electronic Arts,84.0,41,8.2,25,EA Redwood Shores,T,2000s,Other,3.737669618283368,3.258096538021482
PS3,2008,Action,Konami Digital Entertainment,94.0,82,8.7,3558,Kojima Productions,M,2000s,Other,4.418840607796598,8.177234885510194
PS4,2015,Simulation,Kalypso Media,76.0,17,7.1,110,Haemimont,T,2010s,Other,2.8903717578961645,4.709530201312334
GBA,2001,Strategy,Nintendo,92.0,28,9.0,95,Intelligent Systems,E,2000s,Other,3.367295829986474,4.564348191467836
PS2,2005,Role-Playing,Ubisoft,58.0,34,5.5,49,Cavia Inc.,M,2000s,Other,3.555348061489413,3.912023005428146
PS3,2013,Fighting,Namco Bandai Games,77.0,32,7.9,187,CyberConnect2,T,2010s,Other,3.49650756146648,5.236441962829949
DS,2008,Strategy,Ubisoft,69.0,11,5.8,4,"Funatics Software, Funatics",T,2000s,Other,2.4849066497880004,1.6094379124341005
XB,2002,Racing,Namco Bandai Games,42.0,9,7.5,27,Namco,T,2000s,Other,2.302585092994046,3.332204510175204
DS,2009,Action,Activision,47.0,8,7.5,27,Griptonite Games,E,2000s,Other,2.19722457733622,3.332204510175204
PS2,2004,Platform,THQ,71.0,31,8.0,10,Avalanche Software,E,2000s,Other,3.4657359027997265,2.3978952727983707
PC,2007,Strategy,THQ,81.0,35,8.9,219,Gas Powered Games,E10+,2000s,Other,3.58351893845611,5.393627546352361
PC,2016,Sports,Take-Two Interactive,90.0,6,6.3,52,Visual Concepts,E,2010s,Other,1.9459101490553128,3.970291913552122
XOne,2015,Racing,Microsoft Game Studios,87.0,85,7.9,863,Turn 10,E,2010s,Other,4.454347296253507,6.761572768804055
Wii,2008,Sports,Sega,71.0,24,7.0,16,Sumo Digital,E10+,2000s,Other,3.218875824868201,2.833213344056216
PC,2013,Platform,Focus Home Interactive,62.0,24,7.7,169,Compulsion Games,T,2010s,Other,3.218875824868201,5.135798437050262
GC,2002,Sports,Sega,90.0,13,8.0,4,Visual Concepts,E,2000s,Other,2.639057329615259,1.6094379124341005
GBA,2003,Role-Playing,Marvelous Interactive,70.0,11,7.5,27,Neverland,E,2000s,Other,2.4849066497880004,3.332204510175204
XB,2003,Racing,TDK Mediactive,53.0,4,8.6,12,Steel Monkeys,E,2000s,Other,1.6094379124341005,2.5649493574615367
XOne,2014,Misc,Ubisoft,58.0,6,8.3,28,Ubisoft Montreal,E,2010s,Other,1.9459101490553128,3.367295829986474
PSV,2011,Action,Tecmo Koei,67.0,35,7.5,73,Koei,T,2010s,Other,3.58351893845611,4.304065093204169
PC,2012,Shooter,Ubisoft,88.0,43,8.2,3183,Ubisoft Montreal,M,2010s,Other,3.784189633918261,8.065893546964274
GBA,2003,Simulation,"Destination Software, Inc",70.0,8,8.3,7,Raylight Studios,T,2000s,Other,2.19722457733622,2.079441541679836
XB,2004,Action,Microids,53.0,11,4.5,8,Microids,T,2000s,Other,2.4849066497880004,2.19722457733622
XB,2005,Action,Vivendi Games,60.0,4,7.5,27,Eurocom Entertainment Software,E,2000s,Other,1.6094379124341005,3.332204510175204
PS2,2003,Sports,Acclaim Entertainment,78.0,19,7.5,11,Acclaim Studios Austin,E,2000s,Other,2.995732273553991,2.4849066497880004
PS3,2011,Shooter,Sony Computer Entertainment,84.0,85,7.9,942,Guerrilla,M,2010s,Other,4.454347296253507,6.849066282633458
PC,2011,Strategy,Unknown,66.0,4,7.8,48,Team 17,E10+,2010s,Other,1.6094379124341005,3.8918202981106265
DS,2007,Action,Activision,58.0,9,7.5,27,Vicarious Visions,E,2000s,Other,2.302585092994046,3.332204510175204
PS2,2003,Role-Playing,Ubisoft,80.0,55,7.7,134,Tri-Ace,T,2000s,Other,4.02535169073515,4.90527477843843
PC,2010,Action,Ubisoft,75.0,16,6.6,218,Ubisoft Montreal,T,2010s,Other,2.833213344056216,5.389071729816501
X360,2005,Racing,Namco Bandai Games,74.0,65,7.1,28,Namco,E,2000s,Other,4.189654742026425,3.367295829986474
PS3,2011,Role-Playing,Square Enix,71.0,52,6.3,86,Obsidian Entertainment,T,2010s,Other,3.970291913552122,4.465908118654584
X360,2006,Shooter,Microsoft Game Studios,64.0,45,8.6,24,"Game Arts, Seta Corporation",T,2000s,Other,3.828641396489095,3.218875824868201
PS3,2014,Action,Tecmo Koei,70.0,19,8.2,27,Koei Tecmo Games,M,2010s,Other,2.995732273553991,3.332204510175204
GC,2006,Sports,Take-Two Interactive,66.0,8,7.5,27,Kush Games,E,2000s,Other,2.19722457733622,3.332204510175204
PS3,2008,Action,Eidos Interactive,75.0,42,7.2,166,Nixxes Software,T,2000s,Other,3.7612001156935615,5.117993812416755
PS2,2001,Action,Take-Two Interactive,97.0,56,8.5,664,DMA Design,M,2000s,Grand Theft Auto,4.04305126783455,6.499787040655854
PS2,2005,Action,Capcom,96.0,38,8.9,1013,Capcom,M,2000s,Other,3.6635616461296463,6.921658184151129
PS2,2007,Platform,Vivendi Games,54.0,18,5.4,28,Krome Studios,E10+,2000s,Other,2.9444389791664403,3.367295829986474
X360,2012,Racing,Codemasters,64.0,33,5.7,22,Codemasters,E,2010s,Other,3.5263605246161616,3.1354942159291497
PS,2000,Sports,Acclaim Entertainment,82.0,14,8.4,5,"Z-Axis, Ltd.",E,2000s,Other,2.70805020110221,1.791759469228055
PS4,2014,Action,Nippon Ichi Software,57.0,40,6.5,72,"Tamsoft, D3Publisher",M,2010s,Other,3.713572066704308,4.290459441148391
GC,2003,Racing,Acclaim Entertainment,59.0,9,7.5,27,Climax Group,E,2000s,Other,2.302585092994046,3.332204510175204
PSP,2005,Adventure,Atari,61.0,23,7.4,14,G-Artists,T,2000s,Other,3.1780538303479458,2.70805020110221
X360,2008,Action,Tecmo Koei,81.0,74,8.0,302,"Team Ninja, Tecmo",M,2000s,Other,4.31748811353631,5.713732805509369
PS3,2011,Shooter,Unknown,39.0,5,3.3,16,Teyon,T,2010s,Other,1.791759469228055,2.833213344056216
GBA,2002,Role-Playing,Banpresto,72.0,13,7.5,27,Banpresto,T,2000s,Other,2.639057329615259,3.332204510175204
PSP,2005,Racing,Sony Computer Entertainment,75.0,59,7.8,26,Bigbig Studios,T,2000s,Other,4.0943445622221,3.295836866004329
PSP,2008,Platform,Sony Computer Entertainment,72.0,56,7.8,35,High Impact Games,E10+,2000s,Other,4.04305126783455,3.58351893845611
PS4,2015,Platform,Yacht Club Games,90.0,18,7.6,312,Yacht Club Games,E,2010s,Other,2.9444389791664403,5.746203190540153
PC,2007,Shooter,Codemasters,63.0,25,7.5,218,"Mercury Steam, Alchemic Productions",M,2000s,Other,3.258096538021482,5.389071729816501
PS3,2009,Shooter,Codemasters,76.0,42,6.5,53,Codemasters,M,2000s,Other,3.7612001156935615,3.9889840465642745
DS,2011,Platform,Nintendo,83.0,46,8.6,55,HAL Labs,E,2010s,Other,3.8501476017100575,4.02535169073515
GBA,2001,Role-Playing,Ubisoft,79.0,17,8.8,9,Capcom,E,2000s,Other,2.8903717578961645,2.302585092994046
PSP,2007,Action,Electronic Arts,59.0,7,6.7,15,"Electronic Arts, Rebellion",T,2000s,Other,2.079441541679836,2.772588722239781
PS4,2014,Action,Square Enix,74.0,40,6.7,128,Nixxes Software,T,2010s,Other,3.713572066704308,4.859812404361672
PC,2009,Strategy,Eidos Interactive,74.0,31,8.4,46,Eidos Interactive,T,2000s,Other,3.4657359027997265,3.8501476017100575
XB,2004,Shooter,Atari,62.0,31,8.1,9,Human Head Studios,T,2000s,Other,3.4657359027997265,2.302585092994046
PS2,2004,Role-Playing,Capcom,62.0,30,7.8,4,DreamFactory,T,2000s,Other,3.4339872044851463,1.6094379124341005
PS2,2006,Platform,Ubisoft,57.0,6,7.5,27,Ubisoft,E10+,2000s,Other,1.9459101490553128,3.332204510175204
DS,2007,Racing,Destineer,51.0,8,7.5,27,Torus Games,E,2000s,Other,2.19722457733622,3.332204510175204
GC,2006,Racing,Namco Bandai Games,57.0,10,7.8,4,Smart Bomb Interactive,E,2000s,Other,2.3978952727983707,1.6094379124341005
GBA,2003,Platform,TDK Mediactive,57.0,11,7.5,27,TOSE,E,2000s,Other,2.4849066497880004,3.332204510175204
PS2,2000,Simulation,Swing! Entertainment,73.0,16,7.5,27,Game Arts,T,2000s,Other,2.833213344056216,3.332204510175204
GBA,2002,Action,BAM! Entertainment,52.0,4,7.5,27,Planet Interactive,E,2000s,Other,1.6094379124341005,3.332204510175204
X360,2009,Action,Sega,90.0,86,8.0,597,PlatinumGames,M,2000s,Other,4.465908118654584,6.393590753950631
Wii,2007,Racing,Nintendo,46.0,34,6.8,26,Paon Corporation,E,2000s,Other,3.555348061489413,3.295836866004329
GC,2004,Platform,Nintendo,80.0,49,8.3,30,Nintendo,E10+,2000s,Other,3.912023005428146,3.4339872044851463
3DS,2014,Role-Playing,Marvelous Entertainment,68.0,16,7.8,36,Marvelous Inc.,T,2010s,Other,2.833213344056216,3.610917912644224
PS2,2004,Role-Playing,Midway Games,85.0,49,9.1,54,Nautilus,T,2000s,Other,3.912023005428146,4.007333185232471
X360,2011,Fighting,THQ,75.0,64,7.2,45,THQ,T,2010s,Other,4.174387269895637,3.828641396489095
PS2,2001,Platform,Sony Computer Entertainment,90.0,35,8.7,312,Naughty Dog,E,2000s,Other,3.58351893845611,5.746203190540153
PS2,2004,Sports,Jaleco,60.0,4,6.7,6,Blade Interactive,E,2000s,Other,1.6094379124341005,1.9459101490553128
DS,2006,Fighting,Majesco Entertainment,60.0,25,5.8,9,Arc System Works,T,2000s,Other,3.258096538021482,2.302585092994046
DS,2006,Sports,Electronic Arts,71.0,7,7.2,6,EA Canada,E,2000s,FIFA,2.079441541679836,1.9459101490553128
PSV,2012,Shooter,Sony Computer Entertainment,71.0,60,7.5,169,Zipper Interactive,T,2010s,Other,4.110873864173311,5.135798437050262
Wii,2008,Action,Playlogic Game Factory,53.0,19,8.1,14,Hydravision,M,2000s,Other,2.995732273553991,2.70805020110221
PC,2010,Simulation,Electronic Arts,74.0,17,5.3,77,The Sims Studio,T,2010s,Other,2.8903717578961645,4.356708826689592
PS3,2012,Sports,Electronic Arts,76.0,36,6.4,66,EA Sports,E,2010s,FIFA,3.610917912644224,4.204692619390966
XB,2005,Racing,Empire Interactive,50.0,31,3.4,5,Eutechnyx,M,2000s,Other,3.4657359027997265,1.791759469228055
PS2,2007,Strategy,LucasArts,70.0,11,1.7,30,Frontier Developments,E10+,2000s,Other,2.4849066497880004,3.4339872044851463
PS3,2011,Action,THQ,82.0,50,7.7,384,Volition Inc.,M,2010s,Other,3.9318256327243257,5.953243334287785
PC,2014,Simulation,Kalypso Media,75.0,51,7.0,351,Haemimont,T,2010s,Other,3.951243718581428,5.863631175598097
DS,2007,Platform,System 3 Arcade Software,61.0,8,4.8,6,System 3,E,2000s,Other,2.19722457733622,1.9459101490553128
DS,2005,Puzzle,D3Publisher,68.0,22,7.5,27,Warashi,E,2000s,Other,3.1354942159291497,3.332204510175204
DS,2007,Misc,Konami Digital Entertainment,76.0,29,7.5,27,M2,E10+,2000s,Other,3.4011973816621555,3.332204510175204
3DS,2011,Action,Warner Bros. Interactive Entertainment,42.0,6,3.9,7,Griptonite Games,E10+,2010s,Other,1.9459101490553128,2.079441541679836
DS,2007,Misc,Gameloft,60.0,8,7.5,27,Ubisoft,E10+,2000s,Other,2.19722457733622,3.332204510175204
PS2,2003,Racing,Midway Games,67.0,25,8.3,17,Deibus Studios,T,2000s,Other,3.258096538021482,2.8903717578961645
PS3,2013,Action,Tecmo Koei,64.0,35,7.5,25,Omega Force,T,2010s,Other,3.58351893845611,3.258096538021482
XOne,2014,Action,Warner Bros. Interactive Entertainment,69.0,18,6.9,49,TT Games,E10+,2010s,Other,2.9444389791664403,3.912023005428146
PS3,2007,Platform,Activision,60.0,33,7.0,40,Treyarch,T,2000s,Other,3.5263605246161616,3.713572066704308
PC,2010,Simulation,Ubisoft,62.0,26,3.5,104,Ubisoft Romania,T,2010s,Other,3.295836866004329,4.653960350157523
PC,2016,Sports,Focus Home Interactive,64.0,6,4.8,5,Cyanide,Unknown,2010s,Other,1.9459101490553128,1.791759469228055
PS2,2000,Racing,Take-Two Interactive,78.0,18,7.8,21,Angel Studios,T,2000s,Other,2.9444389791664403,3.091042453358316
XB,2002,Sports,Microsoft Game Studios,72.0,21,7.8,12,High Voltage Software,E,2000s,Other,3.091042453358316,2.5649493574615367
PSV,2012,Action,Electronic Arts,57.0,9,4.1,89,Electronic Arts,E,2010s,FIFA,2.302585092994046,4.499809670330265
PSP,2010,Action,Ubisoft,65.0,10,7.4,14,Ubisoft Quebec,T,2010s,Other,2.3978952727983707,2.70805020110221
DS,2008,Puzzle,Pinnacle,68.0,14,7.5,27,Tragnarion Studios,Unknown,2000s,Other,2.70805020110221,3.332204510175204
GBA,2005,Action,Electronic Arts,61.0,5,6.9,9,Vicarious Visions,E10+,2000s,Other,1.791759469228055,2.302585092994046
X360,2010,Racing,Activision,82.0,78,8.3,169,Bizarre Creations,E10+,2010s,Other,4.3694478524670215,5.135798437050262
DS,2005,Misc,Nintendo,77.0,58,7.9,50,Nintendo,E,2000s,Other,4.07753744390572,3.9318256327243257
GC,2003,Sports,Electronic Arts,89.0,16,7.8,6,EA Sports,E,2000s,Other,2.833213344056216,1.9459101490553128
DS,2008,Adventure,D3Publisher,58.0,5,7.5,27,Art,E,2000s,Other,1.791759469228055,3.332204510175204
PS2,2002,Simulation,Activision,81.0,22,8.3,8,LucasArts,T,2000s,Other,3.1354942159291497,2.19722457733622
GBA,2004,Role-Playing,THQ,77.0,20,8.8,15,Amusement Vision,T,2000s,Other,3.044522437723423,2.772588722239781
PS3,2010,Action,Sega,41.0,28,5.2,36,Sega Studios San Francisco,T,2010s,Other,3.367295829986474,3.610917912644224
X360,2008,Shooter,Electronic Arts,89.0,67,7.9,1309,Certain Affinity,M,2000s,Other,4.219507705176107,7.177782416195197
PC,2007,Action,Ubisoft,76.0,15,7.4,242,Capcom,M,2000s,Other,2.772588722239781,5.493061443340548
PS2,2008,Action,LucasArts,68.0,7,7.4,33,Krome Studios,T,2000s,Other,2.079441541679836,3.5263605246161616
PC,2016,Action,Ubisoft,79.0,13,6.8,42,Nadeo,E,2010s,Other,2.639057329615259,3.7612001156935615
GC,2002,Platform,Midway Games,63.0,6,7.5,27,Midway,T,2000s,Other,1.9459101490553128,3.332204510175204
PS2,2005,Sports,Electronic Arts,83.0,29,6.2,16,EA Sports,E,2000s,Other,3.4011973816621555,2.833213344056216
XB,2003,Sports,Electronic Arts,88.0,13,8.8,19,EA Sports,E,2000s,Other,2.639057329615259,2.995732273553991
XB,2003,Misc,Microsoft Game Studios,49.0,12,7.5,27,WildTangent,E,2000s,Other,2.5649493574615367,3.332204510175204
DS,2008,Action,Oxygen Interactive,50.0,15,7.5,27,Oxygen Interactive,E,2000s,Other,2.772588722239781,3.332204510175204
GBA,2002,Fighting,Sammy Corporation,67.0,14,5.9,10,Arc System Works,T,2000s,Other,2.70805020110221,2.3978952727983707
PS4,2016,Action,Nippon Ichi Software,72.0,35,5.8,29,"Camouflaj, LLC",M,2010s,Other,3.58351893845611,3.4011973816621555
Wii,2011,Sports,Sega,65.0,15,7.5,4,Sega,E,2010s,Other,2.772588722239781,1.6094379124341005
PS2,2004,Platform,Activision,71.0,32,8.5,24,"Luxoflux, Inc.",E,2000s,Other,3.49650756146648,3.218875824868201
DS,2008,Strategy,THQ,60.0,17,5.4,7,Altron,E,2000s,Other,2.8903717578961645,2.079441541679836
X360,2010,Sports,Ubisoft,61.0,34,5.3,7,Ubisoft Montreal,T,2010s,Other,3.555348061489413,2.079441541679836
X360,2010,Fighting,Namco Bandai Games,74.0,31,8.5,39,CyberConnect2,T,2010s,Other,3.4657359027997265,3.688879454113936
X360,2010,Sports,Ubisoft,38.0,20,7.9,29,Ubisoft Vancouver,E,2010s,Other,3.044522437723423,3.4011973816621555
X360,2006,Action,Ubisoft,85.0,59,8.1,148,Ubisoft Shanghai,M,2000s,Other,4.0943445622221,5.003946305945459
Wii,2006,Platform,THQ,57.0,16,5.6,7,Blitz Games,E,2000s,Other,2.833213344056216,2.079441541679836
PS3,2010,Sports,Electronic Arts,89.0,51,8.0,233,EA Sports,E,2010s,FIFA,3.951243718581428,5.455321115357702
XB,2002,Racing,Atari,71.0,16,8.7,10,Pitbull Syndicate,T,2000s,Other,2.833213344056216,2.3978952727983707
PC,2011,Shooter,Tripwire Interactive,76.0,49,7.3,729,Tripwire Interactive,M,2010s,Other,3.912023005428146,6.593044534142437
X360,2009,Misc,Activision,84.0,62,8.1,79,Neversoft Entertainment,T,2000s,Other,4.143134726391533,4.382026634673881
DS,2010,Shooter,Activision,74.0,13,6.0,54,n-Space,T,2010s,Call of Duty,2.639057329615259,4.007333185232471
WiiU,2012,Action,THQ,85.0,36,8.2,153,Vigil Games,M,2010s,Other,3.610917912644224,5.0369526024136295
PS2,2001,Sports,Electronic Arts,82.0,17,5.8,28,EA Sports,E,2000s,FIFA,2.8903717578961645,3.367295829986474
3DS,2012,Adventure,Nintendo,54.0,35,6.1,28,Tecmo Koei Games,T,2010s,Other,3.58351893845611,3.367295829986474
XB,2003,Racing,Acclaim Entertainment,53.0,17,7.5,27,Acclaim,T,2000s,Other,2.8903717578961645,3.332204510175204
GBA,2001,Platform,Vivendi Games,74.0,16,8.0,13,Digital Eclipse,E,2000s,Other,2.833213344056216,2.639057329615259
PS2,2003,Fighting,Eidos Interactive,51.0,24,7.8,29,Paradox Development,M,2000s,Other,3.218875824868201,3.4011973816621555
X360,2008,Misc,Activision,70.0,59,6.7,48,Neversoft Entertainment,T,2000s,Other,4.0943445622221,3.8918202981106265
3DS,2013,Adventure,Warner Bros. Interactive Entertainment,65.0,5,3.6,7,TT Games,E10+,2010s,Other,1.791759469228055,2.079441541679836
X360,2007,Misc,Activision,92.0,55,8.1,220,Harmonix Music Systems,T,2000s,Other,4.02535169073515,5.3981627015177525
GC,2002,Shooter,LucasArts,67.0,20,7.6,16,LucasArts,T,2000s,Other,3.044522437723423,2.833213344056216
XB,2004,Sports,Midway Games,82.0,35,8.1,8,Midway,E,2000s,Other,3.58351893845611,2.19722457733622
GC,2002,Puzzle,Atari,87.0,34,8.5,51,Amusement Vision,E,2000s,Other,3.555348061489413,3.951243718581428
PSP,2006,Shooter,Sony Computer Entertainment,77.0,56,8.3,80,Guerrilla,T,2000s,Other,4.04305126783455,4.394449154672439
PS3,2007,Sports,Take-Two Interactive,74.0,24,7.5,27,Kush Games,E10+,2000s,Other,3.218875824868201,3.332204510175204
PS2,2004,Shooter,Electronic Arts,84.0,42,9.1,51,EA Redwood Shores,T,2000s,Other,3.7612001156935615,3.951243718581428
XB,2003,Simulation,LucasArts,77.0,31,8.8,4,Totally Games,T,2000s,Other,3.4657359027997265,1.6094379124341005
PS2,2004,Fighting,Vivendi Games,36.0,28,4.4,22,Genuine Games,M,2000s,Other,3.367295829986474,3.1354942159291497
PS2,2001,Misc,Sony Computer Entertainment,83.0,26,9.0,29,Harmonix Music Systems,E,2000s,Other,3.295836866004329,3.4011973816621555
PS3,2011,Role-Playing,Namco Bandai Games,89.0,54,8.7,1397,From Software,M,2010s,Other,4.007333185232471,7.242797922793756
PS2,2000,Sports,Konami Digital Entertainment,62.0,8,7.5,27,Konami,E,2000s,Other,2.19722457733622,3.332204510175204
PS2,2004,Sports,Sega,86.0,14,8.1,10,Visual Concepts,E,2000s,Other,2.70805020110221,2.3978952727983707
PC,2009,Adventure,Ubisoft,36.0,4,3.9,20,Longtail Studios,T,2000s,Other,1.6094379124341005,3.044522437723423
XOne,2016,Action,Warner Bros. Interactive Entertainment,71.0,18,5.1,15,TT Games,E10+,2010s,Other,2.9444389791664403,2.772588722239781
GBA,2004,Shooter,Global Star,51.0,9,7.2,10,Climax Group,M,2000s,Other,2.302585092994046,2.3978952727983707
X360,2008,Sports,Electronic Arts,63.0,48,6.9,18,EA Canada,E,2000s,FIFA,3.8918202981106265,2.9444389791664403
3DS,2015,Fighting,Namco Bandai Games,61.0,32,6.6,32,Arc System Works,T,2010s,Other,3.49650756146648,3.49650756146648
PS3,2009,Action,Playlogic Game Factory,53.0,34,6.0,22,"Playlogic, The Game Factory",M,2000s,Other,3.555348061489413,3.1354942159291497
PSP,2005,Sports,Electronic Arts,73.0,23,7.4,14,EA Tiburon,E,2000s,Other,3.1780538303479458,2.70805020110221
PS3,2010,Platform,Activision,57.0,11,4.5,6,Xpec,E10+,2010s,Other,2.4849066497880004,1.9459101490553128
PS3,2012,Sports,Take-Two Interactive,68.0,8,4.4,5,Visual Concepts,E,2010s,Other,2.19722457733622,1.791759469228055
Wii,2011,Platform,Nintendo,77.0,49,8.5,156,HAL Labs,E10+,2010s,Other,3.912023005428146,5.056245805348308
PSP,2010,Action,Konami Digital Entertainment,73.0,28,7.5,43,"Climax Group, Climax Studios",M,2010s,Other,3.367295829986474,3.784189633918261
DS,2010,Platform,Capcom,78.0,15,8.9,39,"Inti, Inti Creates",E,2010s,Other,2.772588722239781,3.688879454113936
PS3,2006,Shooter,Sony Computer Entertainment,86.0,70,8.1,715,Insomniac Games,M,2000s,Other,4.262679877041316,6.573680166960646
PS,1999,Sports,Ubisoft,64.0,6,7.5,27,ACOT,E,1990s,Other,1.9459101490553128,3.332204510175204
PS3,2009,Sports,Electronic Arts,81.0,32,7.5,25,EA Canada,E,2000s,Other,3.49650756146648,3.258096538021482
GBA,2002,Platform,Unknown,73.0,10,7.5,27,AI,E,2000s,Other,2.3978952727983707,3.332204510175204
DS,2007,Fighting,505 Games,71.0,23,7.5,4,Dimps Corporation,E10+,2000s,Other,3.1780538303479458,1.6094379124341005
PS3,2007,Action,Electronic Arts,67.0,35,6.6,25,EA Games,E10+,2000s,Other,3.58351893845611,3.258096538021482
X360,2009,Platform,Capcom,70.0,65,7.3,87,GRIN,M,2000s,Other,4.189654742026425,4.477336814478207
PS2,2003,Shooter,Ubisoft,73.0,37,8.6,35,Ubisoft Paris,M,2000s,Other,3.6375861597263857,3.58351893845611
PS2,2004,Action,Electronic Arts,70.0,29,8.7,29,EA Games,E,2000s,Other,3.4011973816621555,3.4011973816621555
3DS,2011,Adventure,Funbox Media,62.0,9,7.4,9,Santa Entertainment,E,2010s,Other,2.302585092994046,2.302585092994046
Wii,2006,Simulation,Konami Digital Entertainment,47.0,32,4.9,8,CAProduction,E,2000s,Other,3.49650756146648,2.19722457733622
X360,2011,Action,Konami Digital Entertainment,78.0,36,6.6,55,Konami,E,2010s,Other,3.610917912644224,4.02535169073515
PS2,2007,Sports,Activision,65.0,6,6.6,17,Page 44 Studios,T,2000s,Other,1.9459101490553128,2.8903717578961645
DS,2010,Shooter,SouthPeak Games,75.0,25,8.3,31,Renegade Kid,M,2010s,Other,3.258096538021482,3.4657359027997265
X360,2010,Action,Ubisoft,89.0,81,8.3,693,Ubisoft Montreal,M,2010s,Other,4.406719247264253,6.542471960506805
GC,2003,Fighting,Namco Bandai Games,93.0,45,9.1,135,Namco,T,2000s,Other,3.828641396489095,4.912654885736052
PS3,2010,Shooter,Take-Two Interactive,88.0,62,8.2,492,2K Marin,M,2010s,Other,4.143134726391533,6.20050917404269
PSP,2006,Sports,Sony Computer Entertainment,68.0,24,7.0,5,SCEA,E,2000s,Other,3.218875824868201,1.791759469228055
GBA,2002,Sports,Unknown,62.0,4,7.5,27,Konami,E,2000s,Other,1.6094379124341005,3.332204510175204
GBA,2001,Racing,THQ,82.0,10,7.5,27,MTO,E,2000s,Other,2.3978952727983707,3.332204510175204
PC,2005,Strategy,Take-Two Interactive,94.0,50,8.3,909,Firaxis Games,E10+,2000s,Other,3.9318256327243257,6.813444599510896
PS3,2010,Sports,Sony Computer Entertainment,91.0,33,8.3,107,SCEA,E,2010s,Other,3.5263605246161616,4.68213122712422
XB,2003,Shooter,Vivendi Games,63.0,25,7.5,27,Warthog,T,2000s,Other,3.258096538021482,3.332204510175204
DS,2008,Adventure,Deep Silver,71.0,6,7.6,5,"10tacle Studios, Fusionsphere Systems",T,2000s,Other,1.9459101490553128,1.791759469228055
PS4,2014,Racing,Milestone S.r.l.,73.0,28,6.4,26,Milestone S.r.l,E,2010s,Other,3.367295829986474,3.295836866004329
PC,2014,Action,Warner Bros. Interactive Entertainment,68.0,7,6.8,33,TT Games,E10+,2010s,Other,2.079441541679836,3.5263605246161616
GC,2005,Platform,Ignition Entertainment,65.0,14,7.5,27,Warthog,E,2000s,Other,2.70805020110221,3.332204510175204
PC,2011,Simulation,Paradox Interactive,70.0,20,7.7,105,Colossal Order,E,2010s,Other,3.044522437723423,4.663439094112067
X360,2013,Shooter,Electronic Arts,76.0,45,6.7,344,Crytek,M,2010s,Other,3.828641396489095,5.84354441703136
PS2,2004,Shooter,Gathering of Developers,48.0,11,4.3,6,Coyote Developments,M,2000s,Other,2.4849066497880004,1.9459101490553128
PC,2012,Action,Activision,78.0,13,7.9,121,"High Moon Studios, Mercenary Technologies",T,2010s,Other,2.639057329615259,4.804021044733257
Wii,2009,Misc,Disney Interactive Studios,49.0,15,6.6,13,Papaya Studios,E,2000s,Other,2.772588722239781,2.639057329615259
PS4,2014,Sports,Electronic Arts,81.0,37,6.1,208,EA Sports,E,2010s,Madden,3.6375861597263857,5.342334251964811
PS2,2001,Simulation,Sammy Corporation,59.0,16,7.5,27,Bit Town,E,2000s,Other,2.833213344056216,3.332204510175204
DS,2010,Puzzle,Nintendo,79.0,51,7.7,18,Nintendo,E,2010s,Mario,3.951243718581428,2.9444389791664403
PSV,2013,Role-Playing,Rising Star Games,65.0,17,7.3,44,Zerodiv,T,2010s,Other,2.8903717578961645,3.80666248977032
XB,2002,Action,Tecmo Koei,78.0,19,8.2,10,Koei,T,2000s,Other,2.995732273553991,2.3978952727983707
Wii,2010,Platform,Nintendo,87.0,77,8.6,368,Retro Studios,E,2010s,Other,4.356708826689592,5.910796644040527
PC,2016,Sports,Konami Digital Entertainment,69.0,9,3.7,137,Konami,E,2010s,Other,2.302585092994046,4.927253685157205
PS3,2014,Action,Ubisoft,72.0,53,7.5,292,Ubisoft Sofia,M,2010s,Other,3.9889840465642745,5.680172609017068
XB,2004,Shooter,THQ,71.0,35,8.5,4,Terminal Reality,M,2000s,Other,3.58351893845611,1.6094379124341005
PC,2009,Simulation,Electronic Arts,86.0,75,7.6,886,The Sims Studio,T,2000s,Other,4.330733340286331,6.787844982309579
PS3,2011,Racing,Evolved Games,53.0,5,7.5,27,"Left Field Productions, Zoo Games",E10+,2010s,Other,1.791759469228055,3.332204510175204
Wii,2009,Role-Playing,Rising Star Games,81.0,58,8.7,101,Vanillaware,T,2000s,Other,4.07753744390572,4.624972813284271
PC,2006,Role-Playing,JoWood Productions,63.0,39,7.3,519,Piranha Bytes,T,2000s,Other,3.688879454113936,6.253828811575473
X360,2011,Sports,Take-Two Interactive,84.0,54,8.2,70,2K Czech,E,2010s,Other,4.007333185232471,4.262679877041316
XOne,2014,Platform,Ubisoft,91.0,6,7.9,218,Ubisoft Montpellier,E10+,2010s,Other,1.9459101490553128,5.389071729816501
DS,2008,Simulation,Majesco Entertainment,31.0,7,5.4,11,"Gameinvest, Seed Studios, Lda",E,2000s,Other,2.079441541679836,2.4849066497880004
XB,2006,Sports,Electronic Arts,81.0,21,6.8,6,EA Redwood Shores,E,2000s,Other,3.091042453358316,1.9459101490553128
PSP,2009,Shooter,DHM Interactive,67.0,22,6.1,9,SNK Playmore,T,2000s,Other,3.1354942159291497,2.302585092994046
PS2,2003,Platform,Sony Computer Entertainment,73.0,39,8.3,22,Argonaut Games,T,2000s,Other,3.688879454113936,3.1354942159291497
XB,2004,Sports,Electronic Arts,77.0,27,6.2,11,EA Sports,E,2000s,Other,3.332204510175204,2.4849066497880004
PS3,2013,Fighting,Arc System Works,83.0,16,8.3,64,Arc System Works,T,2010s,Other,2.833213344056216,4.174387269895637
PSP,2008,Adventure,Capcom,62.0,19,8.0,8,High Voltage Software,T,2000s,Other,2.995732273553991,2.19722457733622
GC,2002,Racing,Midway Games,71.0,16,7.5,27,Point of View,T,2000s,Other,2.833213344056216,3.332204510175204
XOne,2016,Action,Sold Out,75.0,24,8.1,7,Team 17,E10+,2010s,Other,3.218875824868201,2.079441541679836
X360,2012,Simulation,Namco Bandai Games,68.0,37,7.2,37,From Software,T,2010s,Other,3.6375861597263857,3.6375861597263857
PSP,2008,Action,Konami Digital Entertainment,42.0,14,7.1,13,Krome Studios,T,2000s,Other,2.70805020110221,2.639057329615259
XB,2003,Action,Konami Digital Entertainment,56.0,22,8.4,9,Konami,E,2000s,Other,3.1354942159291497,2.302585092994046
GC,2005,Adventure,Global Star,39.0,16,3.2,6,"High Voltage Software, Backbone Entertainment",E,2000s,Other,2.833213344056216,1.9459101490553128
DS,2007,Action,Ubisoft,42.0,10,2.2,5,Ubisoft Quebec,E10+,2000s,Other,2.3978952727983707,1.791759469228055
XB,2004,Shooter,Microsoft Game Studios,95.0,91,8.2,1218,Bungie Software,M,2000s,Other,4.5217885770490405,7.105786129481271
PS2,2001,Role-Playing,Ubisoft,43.0,14,6.7,10,Stormfront Studios,T,2000s,Other,2.70805020110221,2.3978952727983707
PS2,2003,Sports,Atari,58.0,10,6.5,4,Bandai,E,2000s,Other,2.3978952727983707,1.6094379124341005
PS,2000,Misc,Sony Computer Entertainment,68.0,12,8.2,99,Eurocom Entertainment Software,E,2000s,Other,2.5649493574615367,4.605170185988092
DS,2008,Shooter,D3Publisher,83.0,38,8.1,27,Treasure,E10+,2000s,Other,3.6635616461296463,3.332204510175204
PS2,2001,Role-Playing,Ubisoft,76.0,16,7.8,22,Genki,T,2000s,Other,2.833213344056216,3.1354942159291497
PS,2001,Action,Capcom,62.0,12,7.5,27,Capcom,E,2000s,Other,2.5649493574615367,3.332204510175204
PS2,2003,Sports,Midway Games,78.0,23,8.3,8,Midway,E,2000s,Other,3.1780538303479458,2.19722457733622
PS2,2006,Racing,Atari,69.0,41,6.9,74,Reflections Interactive,M,2000s,Other,3.737669618283368,4.31748811353631
3DS,2011,Role-Playing,Ghostlight,78.0,27,8.2,97,Atlus,T,2010s,Other,3.332204510175204,4.584967478670572
PS2,2003,Fighting,Konami Digital Entertainment,59.0,25,8.6,43,Eighting,M,2000s,Other,3.258096538021482,3.784189633918261
PS4,2016,Action,Activision,48.0,4,2.0,53,Radical Entertainment,M,2010s,Other,1.6094379124341005,3.9889840465642745
PS4,2016,Adventure,PQube,69.0,13,7.5,11,Kadokawa,Unknown,2010s,Other,2.639057329615259,2.4849066497880004
PC,2011,Shooter,Visco,51.0,8,7.6,47,ValuSoft,M,2010s,Other,2.19722457733622,3.8712010109078903
Wii,2010,Sports,Ubisoft,59.0,6,7.5,27,Ubisoft Montreal,E10+,2010s,Other,1.9459101490553128,3.332204510175204
PS2,2005,Platform,Sony Computer Entertainment,77.0,51,8.5,22,SCE Japan Studio,E10+,2000s,Other,3.951243718581428,3.1354942159291497
PC,2001,Role-Playing,Vivendi Games,87.0,21,9.1,639,Blizzard North,M,2000s,Other,3.091042453358316,6.461468176353717
DS,2008,Shooter,Lexicon Entertainment,64.0,6,7.5,27,Mana Comp. Soft.,E10+,2000s,Other,1.9459101490553128,3.332204510175204
PS4,2014,Shooter,Bethesda Softworks,79.0,73,8.1,1116,MachineGames,M,2010s,Other,4.304065093204169,7.018401799069201
WiiU,2016,Platform,Activision,76.0,4,7.5,27,Toys for Bob,E10+,2010s,Other,1.6094379124341005,3.332204510175204
XB,2005,Action,Vivendi Games,46.0,17,8.0,10,Eurocom Entertainment Software,M,2000s,Other,2.8903717578961645,2.3978952727983707
PS2,2003,Action,Ubisoft,92.0,44,8.8,204,Ubisoft,T,2000s,Other,3.80666248977032,5.3230099791384085
PS3,2007,Shooter,Electronic Arts,89.0,21,8.4,188,EA Games,M,2000s,Other,3.091042453358316,5.241747015059643
X360,2006,Fighting,Majesco Entertainment,38.0,18,4.1,14,Genki,M,2000s,Other,2.9444389791664403,2.70805020110221
PS2,2003,Fighting,505 Games,72.0,28,7.5,14,Taito Corporation,T,2000s,Other,3.367295829986474,2.70805020110221
PS3,2007,Sports,Electronic Arts,81.0,31,5.3,33,EA Tiburon,E,2000s,Madden,3.4657359027997265,3.5263605246161616
X360,2011,Misc,THQ,54.0,5,5.7,6,THQ,E,2010s,Other,1.791759469228055,1.9459101490553128
PC,2006,Simulation,Ubisoft,56.0,25,4.0,35,Mad Doc Software,E10+,2000s,Other,3.258096538021482,3.58351893845611
PS2,2003,Action,Vivendi Games,72.0,27,8.9,47,Eurocom Entertainment Software,T,2000s,Other,3.332204510175204,3.8712010109078903
PC,2013,Simulation,Koch Media,33.0,24,3.3,1340,Egosoft,T,2010s,Other,3.218875824868201,7.201170883281678
Wii,2009,Misc,Ubisoft,43.0,7,7.1,7,7 Studios,E10+,2000s,Other,2.079441541679836,2.079441541679836
WiiU,2012,Action,Ubisoft,77.0,70,7.7,758,Ubisoft Montpellier,M,2010s,Other,4.262679877041316,6.6320017773956295
PSP,2009,Role-Playing,Falcom Corporation,78.0,9,8.3,12,Falcom,T,2000s,Other,2.302585092994046,2.5649493574615367
Wii,2009,Platform,Ubisoft,78.0,50,8.3,32,Ubisoft Montpellier,E10+,2000s,Other,3.9318256327243257,3.49650756146648
PS2,2004,Adventure,Vivendi Games,60.0,44,6.3,18,High Voltage Software,M,2000s,Other,3.80666248977032,2.9444389791664403
PC,2012,Platform,Ubisoft,86.0,11,8.4,337,UBlart Montpellier,E10+,2010s,Other,2.4849066497880004,5.823045895483019
X360,2008,Sports,Electronic Arts,87.0,51,8.0,106,EA Canada,E,2000s,FIFA,3.951243718581428,4.672828834461906
DS,2008,Action,Takara Tomy,64.0,7,7.5,27,Takara Tomy,E10+,2000s,Other,2.079441541679836,3.332204510175204
X360,2009,Shooter,Bethesda Softworks,28.0,33,2.8,64,Rebellion,M,2000s,Other,3.5263605246161616,4.174387269895637
GC,2002,Sports,Konami Digital Entertainment,36.0,7,4.7,6,KCEO,E,2000s,Other,2.079441541679836,1.9459101490553128
Wii,2009,Racing,Electronic Arts,69.0,41,7.4,38,EA Montreal,E10+,2000s,Other,3.737669618283368,3.6635616461296463
XB,2006,Racing,Electronic Arts,72.0,26,7.0,4,EA Tiburon,E,2000s,Other,3.295836866004329,1.6094379124341005
X360,2008,Shooter,Valcon Games,73.0,11,7.5,12,Gulti,E10+,2000s,Other,2.4849066497880004,2.5649493574615367
PS,2000,Sports,Empire Interactive,60.0,5,7.5,27,Bitmap Brothers,E,2000s,Other,1.791759469228055,3.332204510175204
X360,2008,Racing,Take-Two Interactive,81.0,66,8.5,142,Rockstar San Diego,T,2000s,Other,4.204692619390966,4.962844630259907
PS,2000,Action,Sony Computer Entertainment,61.0,11,8.3,7,Argonaut Games,E,2000s,Other,2.4849066497880004,2.079441541679836
DS,2007,Adventure,Nintendo,78.0,57,8.6,102,Cing,T,2000s,Other,4.060443010546419,4.634728988229636
PSP,2007,Action,Eidos Interactive,78.0,32,8.2,28,Crystal Dynamics,T,2000s,Other,3.49650756146648,3.367295829986474
PS2,2001,Action,THQ,78.0,17,9.1,90,Omega Force,T,2000s,Other,2.8903717578961645,4.51085950651685
PS3,2012,Action,Konami Digital Entertainment,64.0,41,6.9,262,Vatra,M,2010s,Other,3.737669618283368,5.572154032177765
X360,2008,Sports,DTP Entertainment,48.0,10,7.5,27,49Games,E,2000s,Other,2.3978952727983707,3.332204510175204
X360,2008,Role-Playing,Bethesda Softworks,93.0,84,8.5,1655,Bethesda Game Studios,M,2000s,Other,4.442651256490317,7.412160334945205
PS,1997,Action,Activision,87.0,14,8.8,45,Acquire,M,1990s,Other,2.70805020110221,3.828641396489095
DS,2010,Puzzle,Nintendo,76.0,11,7.5,27,"Tetris Online, Inc",E,2010s,Other,2.4849066497880004,3.332204510175204
3DS,2015,Simulation,Marvelous Entertainment,72.0,28,6.8,15,Marvelous Inc.,E10+,2010s,Other,3.367295829986474,2.772588722239781
X360,2009,Action,Codemasters,75.0,60,7.2,46,Triumph Studios,T,2000s,Other,4.110873864173311,3.8501476017100575
X360,2010,Racing,Deep Silver,64.0,49,7.1,16,Techland,E10+,2010s,Other,3.912023005428146,2.833213344056216
GBA,2004,Adventure,Disney Interactive Studios,39.0,6,7.6,5,Vicarious Visions,E,2000s,Other,1.9459101490553128,1.791759469228055
Wii,2010,Misc,THQ,71.0,9,7.5,27,THQ,E,2010s,Other,2.302585092994046,3.332204510175204
GBA,2001,Puzzle,Ubisoft,77.0,9,7.5,27,Taito Corporation,E,2000s,Other,2.302585092994046,3.332204510175204
XB,2003,Sports,Midway Games,81.0,23,8.8,12,Next Level Games,E,2000s,Other,3.1780538303479458,2.5649493574615367
PS3,2007,Shooter,Electronic Arts,75.0,16,7.6,39,Electronic Arts,T,2000s,Other,2.833213344056216,3.688879454113936
PS2,2003,Simulation,Sammy Corporation,73.0,26,7.5,27,"Asmik Ace Entertainment, Inc",T,2000s,Other,3.295836866004329,3.332204510175204
XB,2005,Action,Ubisoft,82.0,43,8.5,11,Ubisoft Montpellier,T,2000s,Other,3.784189633918261,2.4849066497880004
Wii,2008,Action,Capcom,90.0,44,8.9,236,Ready at Dawn,T,2000s,Other,3.80666248977032,5.468060141135132
DS,2011,Strategy,Mastertronic,81.0,23,7.4,29,TOSE,E10+,2010s,Other,3.1780538303479458,3.4011973816621555
PSP,2009,Platform,Oxygen Interactive,41.0,6,7.5,27,Twelve Games,E10+,2000s,Other,1.9459101490553128,3.332204510175204
PS2,2005,Simulation,Konami Digital Entertainment,66.0,16,7.8,10,Genki,T,2000s,Other,2.833213344056216,2.3978952727983707
X360,2010,Racing,Codemasters,84.0,43,7.5,65,Codemasters Birmingham,E,2010s,Other,3.784189633918261,4.189654742026425
XB,2004,Shooter,Ubisoft,80.0,53,8.9,58,Red Storm Entertainment,T,2000s,Other,3.9889840465642745,4.07753744390572
X360,2007,Action,Tecmo Koei,60.0,42,7.4,22,Omega Force,T,2000s,Other,3.7612001156935615,3.1354942159291497
DS,2010,Action,Namco Bandai Games,70.0,22,7.5,27,Game Republic,T,2010s,Other,3.1354942159291497,3.332204510175204
PS2,2005,Action,Ubisoft,85.0,46,8.5,111,Ubisoft Montreal,M,2000s,Other,3.8501476017100575,4.718498871295094
WiiU,2013,Platform,Ubisoft,42.0,5,5.6,21,WayForward,E,2010s,Other,1.791759469228055,3.091042453358316
PS3,2010,Misc,Disney Interactive Studios,72.0,4,7.5,27,Disney Interactive Studios,E,2010s,Other,1.6094379124341005,3.332204510175204
X360,2008,Action,Sega,68.0,67,8.0,88,Creative Assembly,M,2000s,Other,4.219507705176107,4.48863636973214
PC,2011,Strategy,Kalypso Media,72.0,6,5.6,16,Kalypso,M,2010s,Other,1.9459101490553128,2.833213344056216
PS,2000,Racing,Sony Computer Entertainment,69.0,9,7.3,14,Studio 33,E,2000s,Other,2.302585092994046,2.70805020110221
PS3,2011,Action,Electronic Arts,77.0,56,8.1,124,Grasshopper Manufacture,M,2010s,Other,4.04305126783455,4.8283137373023015
PS4,2015,Shooter,Electronic Arts,73.0,46,5.0,845,Visceral Games,M,2010s,Other,3.8501476017100575,6.740519359606223
PS,2001,Platform,Infogrames,72.0,12,8.8,25,Infogrames,E,2000s,Other,2.5649493574615367,3.258096538021482
Wii,2011,Role-Playing,Nintendo,73.0,48,8.0,99,Ganbarion,T,2010s,Other,3.8918202981106265,4.605170185988092
PS3,2012,Shooter,Konami Digital Entertainment,50.0,32,4.7,47,Rebellion,M,2010s,Other,3.49650756146648,3.8712010109078903
X360,2013,Shooter,Microsoft Game Studios,79.0,81,5.4,779,Epic Games,M,2010s,Other,4.406719247264253,6.659293919683638
3DS,2011,Role-Playing,FuRyu,65.0,8,7.8,16,FuRyu,T,2010s,Other,2.19722457733622,2.833213344056216
X360,2006,Fighting,Electronic Arts,86.0,67,8.8,264,EA Chicago,T,2000s,Other,4.219507705176107,5.579729825986222
PS3,2014,Sports,Sony Computer Entertainment America,81.0,26,6.8,79,SCEA San Diego Studios,E,2010s,Other,3.295836866004329,4.382026634673881
DS,2007,Role-Playing,Namco Bandai Games,57.0,16,6.2,10,Bec,E,2000s,Other,2.833213344056216,2.3978952727983707
X360,2009,Sports,Spike,64.0,29,5.3,26,2K Sports,E,2000s,Other,3.4011973816621555,3.295836866004329
PC,2007,Role-Playing,Atari,82.0,25,8.8,182,Obsidian Entertainment,T,2000s,Other,3.258096538021482,5.209486152841421
PS,1999,Action,Hasbro Interactive,77.0,4,7.9,8,Blitz Games,E,1990s,Other,1.6094379124341005,2.19722457733622
X360,2013,Misc,Ubisoft,79.0,16,7.8,33,Ubisoft,E10+,2010s,Other,2.833213344056216,3.5263605246161616
XB,2003,Role-Playing,Ubisoft,65.0,30,7.4,27,Akella,T,2000s,Other,3.4339872044851463,3.332204510175204
GBA,2004,Adventure,Nintendo,84.0,16,8.6,58,Nintendo,E,2000s,Zelda,2.833213344056216,4.07753744390572
PS2,2002,Sports,Eidos Interactive,49.0,11,3.5,6,Attention To Detail,E,2000s,Other,2.4849066497880004,1.9459101490553128
PS3,2008,Sports,Electronic Arts,82.0,34,7.2,9,EA Tiburon,E,2000s,Other,3.555348061489413,2.302585092994046
GBA,2005,Platform,Disney Interactive Studios,76.0,6,7.7,6,Artificial Mind and Movement,E,2000s,Other,1.9459101490553128,1.9459101490553128
GC,2005,Action,Konami Digital Entertainment,57.0,10,7.5,27,Konami,E10+,2000s,Other,2.3978952727983707,3.332204510175204
XB,2005,Shooter,Ubisoft,85.0,56,5.7,73,Ubisoft Montreal,M,2000s,Other,4.04305126783455,4.304065093204169
GC,2003,Sports,Midway Games,76.0,14,7.5,27,Midway,E,2000s,Other,2.70805020110221,3.332204510175204
PSP,2006,Role-Playing,Idea Factory,62.0,20,6.5,11,"Neverland, Idea Factory",E10+,2000s,Other,3.044522437723423,2.4849066497880004
Wii,2006,Fighting,Atari,72.0,37,8.5,40,Spike,T,2000s,Other,3.6375861597263857,3.713572066704308
X360,2010,Action,Microsoft Game Studios,83.0,100,8.1,1156,Remedy Entertainment,T,2010s,Other,4.61512051684126,7.053585727193677
PC,2007,Shooter,Take-Two Interactive,96.0,44,8.5,3606,"Irrational Games, 2K Marin",M,2000s,Other,3.80666248977032,8.19063168090354
GC,2002,Sports,Sega,92.0,24,8.3,15,Visual Concepts,E,2000s,Other,3.218875824868201,2.772588722239781
PS2,2003,Racing,THQ,56.0,13,5.3,8,Pacific Coast Power & Light,T,2000s,Other,2.639057329615259,2.19722457733622
GC,2001,Puzzle,Atari,87.0,28,7.9,46,Amusement Vision,E,2000s,Other,3.367295829986474,3.8501476017100575
PC,2007,Sports,Russel,86.0,15,8.0,19,Sports Interactive,E,2000s,Other,2.772588722239781,2.995732273553991
XB,2005,Shooter,Activision,83.0,40,8.9,106,Pandemic Studios,T,2000s,Other,3.713572066704308,4.672828834461906
Wii,2007,Misc,Midway Games,25.0,8,4.3,26,Midway,E,2000s,Other,2.19722457733622,3.295836866004329
PS3,2009,Role-Playing,SouthPeak Games,77.0,66,8.0,96,Silicon Studio,E10+,2000s,Other,4.204692619390966,4.574710978503383
PS,2001,Fighting,Namco Bandai Games,64.0,5,8.8,71,Bandai,E,2000s,Other,1.791759469228055,4.276666119016055
GC,2006,Sports,Electronic Arts,63.0,16,5.7,7,EA Canada,E,2000s,FIFA,2.833213344056216,2.079441541679836
X360,2011,Action,Bethesda Softworks,61.0,59,6.0,116,InXile Entertainment,M,2010s,Other,4.0943445622221,4.762173934797756
PC,2008,Shooter,THQ,73.0,19,6.9,171,Kaos Studios,T,2000s,Other,2.995732273553991,5.147494476813453
XB,2004,Racing,Electronic Arts,77.0,35,8.7,27,EA Canada,E,2000s,Other,3.58351893845611,3.332204510175204
X360,2009,Shooter,THQ,85.0,84,8.1,237,Volition Inc.,M,2000s,Other,4.442651256490317,5.472270673671475
WiiU,2012,Misc,Ubisoft,66.0,14,7.8,37,Ubisoft Paris,E10+,2010s,Other,2.70805020110221,3.6375861597263857
XB,2003,Shooter,Activision,61.0,26,6.5,13,Gratuitous Games,M,2000s,Other,3.295836866004329,2.639057329615259
DS,2006,Racing,THQ,54.0,17,2.1,11,Helixe,E,2000s,Other,2.8903717578961645,2.4849066497880004
X360,2013,Shooter,Activision,32.0,30,4.0,410,Terminal Reality,M,2010s,Other,3.4339872044851463,6.018593214496234
PC,2007,Shooter,Electronic Arts,78.0,38,7.3,204,Electronic Arts,T,2000s,Other,3.6635616461296463,5.3230099791384085
PSP,2006,Sports,Activision,68.0,11,7.6,14,Page 44 Studios,T,2000s,Other,2.4849066497880004,2.70805020110221
X360,2014,Action,Tecmo Koei,50.0,20,5.3,43,"Spark Unlimited, comcept",M,2010s,Other,3.044522437723423,3.784189633918261
PSP,2010,Strategy,Sony Computer Entertainment,69.0,17,7.9,16,SCEI,E10+,2010s,Other,2.8903717578961645,2.833213344056216
PC,2013,Action,Warner Bros. Interactive Entertainment,78.0,7,8.1,124,TT Games,E10+,2010s,Other,2.079441541679836,4.8283137373023015
PC,2006,Adventure,DreamCatcher Interactive,66.0,26,7.4,38,Fusionsphere Systems,T,2000s,Other,3.295836866004329,3.6635616461296463
PC,2012,Action,Nordic Games,83.0,30,8.0,1473,Remedy Entertainment,T,2010s,Other,3.4339872044851463,7.295735072749282
PC,2006,Strategy,Atari,67.0,30,8.3,4,Deep Red,T,2000s,Other,3.4339872044851463,1.6094379124341005
XOne,2016,Sports,Electronic Arts,77.0,23,4.0,38,"EA Canada, EA Vancouver",E10+,2010s,Other,3.1780538303479458,3.6635616461296463
DS,2006,Puzzle,Nintendo,84.0,56,8.7,44,Nintendo,E,2000s,Other,4.04305126783455,3.80666248977032
PSP,2009,Sports,Takara Tomy,77.0,16,7.0,13,Ntreev Soft,E10+,2000s,Other,2.833213344056216,2.639057329615259
PS4,2016,Sports,Electronic Arts,85.0,41,5.0,398,"EA Sports, EA Vancouver",E,2010s,FIFA,3.737669618283368,5.988961416889864
XB,2002,Racing,Microsoft Game Studios,70.0,21,8.1,15,Curly Monsters,T,2000s,Other,3.091042453358316,2.772588722239781
DS,2008,Sports,Take-Two Interactive,70.0,7,7.5,27,Konami,E,2000s,Other,2.079441541679836,3.332204510175204
XB,2002,Shooter,Electronic Arts,78.0,30,7.8,25,Eurocom Entertainment Software,T,2000s,Other,3.4339872044851463,3.258096538021482
XOne,2015,Action,Tecmo Koei,48.0,6,7.1,8,Omega Force,T,2010s,Other,1.9459101490553128,2.19722457733622
XB,2006,Simulation,Ubisoft,69.0,19,6.8,4,Ubisoft Romania,T,2000s,Other,2.995732273553991,1.6094379124341005
XB,2005,Fighting,Konami Digital Entertainment,43.0,13,4.8,5,Konami Computer Entertainment Hawaii,T,2000s,Other,2.639057329615259,1.791759469228055
GC,2005,Platform,Midway Games,55.0,4,7.9,10,Artificial Mind and Movement,E,2000s,Other,1.6094379124341005,2.3978952727983707
XB,2001,Racing,Gathering of Developers,59.0,15,6.2,5,Terminal Reality,E,2000s,Other,2.772588722239781,1.791759469228055
PS3,2008,Racing,Capcom,65.0,21,6.0,9,Milestone S.r.l,E,2000s,Other,3.091042453358316,2.302585092994046
Wii,2009,Simulation,Konami Digital Entertainment,66.0,5,8.2,5,Konami,E10+,2000s,Other,1.791759469228055,1.791759469228055
PS4,2016,Adventure,Square Enix,85.0,23,8.6,672,DONTNOD Entertainment,M,2010s,Other,3.1780538303479458,6.511745329644728
PC,2010,Action,Electronic Arts,54.0,7,6.8,9,EA Bright Light,E,2010s,Other,2.079441541679836,2.302585092994046
X360,2006,Sports,Activision Value,53.0,4,5.0,8,FUN Labs,T,2000s,Other,1.6094379124341005,2.19722457733622
PS2,2006,Action,Codemasters,56.0,22,5.8,8,Broadsword Interactive,E,2000s,Other,3.1354942159291497,2.19722457733622
Wii,2006,Role-Playing,Nintendo,53.0,34,6.7,106,Genius Sonority Inc.,E,2000s,Pokemon,3.555348061489413,4.672828834461906
PS2,2000,Sports,Electronic Arts,93.0,35,8.3,33,EA Sports Big,E,2000s,Other,3.58351893845611,3.5263605246161616
X360,2008,Strategy,505 Games,56.0,24,5.7,19,Hellbent Games,E10+,2000s,Other,3.218875824868201,2.995732273553991
PS2,2007,Action,Electronic Arts,61.0,17,8.0,28,EA Games,E10+,2000s,Other,2.8903717578961645,3.367295829986474
DS,2007,Platform,Disney Interactive Studios,70.0,5,7.5,27,Artificial Mind and Movement,E,2000s,Other,1.791759469228055,3.332204510175204
PS2,2005,Sports,Valcon Games,73.0,11,6.3,4,"Aqua Pacific, In2Games",E,2000s,Other,2.4849066497880004,1.6094379124341005
PS3,2008,Sports,Electronic Arts,45.0,24,7.5,27,EA Tiburon,E,2000s,Other,3.218875824868201,3.332204510175204
PC,2000,Role-Playing,Havas Interactive,88.0,34,8.8,1056,Blizzard North,M,2000s,Other,3.555348061489413,6.963189985870238
XB,2004,Strategy,THQ,84.0,67,8.7,27,Pandemic Studios,M,2000s,Other,4.219507705176107,3.332204510175204
X360,2010,Simulation,Microsoft Game Studios,74.0,50,3.1,69,Frontier Developments,E,2010s,Other,3.9318256327243257,4.248495242049359
DS,2007,Platform,Activision,79.0,21,6.5,17,Vicarious Visions,E10+,2000s,Other,3.091042453358316,2.8903717578961645
Wii,2009,Action,505 Games,38.0,14,3.0,12,"Eighting, Takara Tomy",E10+,2000s,Other,2.70805020110221,2.5649493574615367
PSV,2013,Adventure,Arc System Works,43.0,5,7.4,24,Arc System Works,M,2010s,Other,1.791759469228055,3.218875824868201
PS3,2009,Racing,THQ,61.0,5,7.5,27,Incinerator Games,E,2000s,Other,1.791759469228055,3.332204510175204
PC,2010,Racing,Disney Interactive Studios,79.0,18,8.2,116,Black Rock Studio,E10+,2010s,Other,2.9444389791664403,4.762173934797756
Wii,2008,Platform,Eidos Interactive,71.0,14,8.1,14,Backbone Entertainment,T,2000s,Other,2.70805020110221,2.70805020110221
PS2,2005,Shooter,Electronic Arts,84.0,39,9.1,117,Free Radical Design,M,2000s,Other,3.688879454113936,4.770684624465665
Wii,2008,Adventure,The Adventure Company,46.0,6,7.3,6,AWE Games,T,2000s,Other,1.9459101490553128,1.9459101490553128
PS2,2001,Racing,THQ,76.0,17,8.3,9,Pacific Coast Power & Light,E,2000s,Other,2.8903717578961645,2.302585092994046
PSV,2012,Sports,Electronic Arts,63.0,6,7.3,38,EA Tiburon,E,2010s,Madden,1.9459101490553128,3.6635616461296463
GBA,2002,Shooter,Konami Digital Entertainment,71.0,6,7.5,27,Konami,E,2000s,Other,1.9459101490553128,3.332204510175204
Wii,2010,Misc,Namco Bandai Games,59.0,14,5.9,8,TOSE,E10+,2010s,Other,2.70805020110221,2.19722457733622
XB,2003,Sports,Electronic Arts,92.0,27,8.7,25,EA Canada,E,2000s,Other,3.332204510175204,3.258096538021482
Wii,2007,Simulation,Nintendo,77.0,43,8.0,20,Atlus,T,2000s,Other,3.784189633918261,3.044522437723423
PS2,2009,Action,Atari,64.0,9,8.7,6,War Drum Studios,E10+,2000s,Other,2.302585092994046,1.9459101490553128
PSV,2016,Adventure,Aksys Games,83.0,31,8.3,116,"Spike Chunsoft, Chime",M,2010s,Other,3.4657359027997265,4.762173934797756
GBA,2002,Platform,Atari,51.0,11,7.5,27,3d6 Games,E,2000s,Other,2.4849066497880004,3.332204510175204
3DS,2012,Action,Marvelous Entertainment,74.0,21,8.2,62,Marvelous AQL,E,2010s,Other,3.091042453358316,4.143134726391533
Wii,2012,Misc,Nintendo,73.0,45,6.8,155,Nd Cube,E,2010s,Mario,3.828641396489095,5.049856007249537
PS3,2007,Sports,Electronic Arts,77.0,13,7.9,28,EA Sports,E,2000s,Other,2.639057329615259,3.367295829986474
PSP,2007,Shooter,Electronic Arts,69.0,20,7.3,30,EA LA,T,2000s,Other,3.044522437723423,3.4339872044851463
X360,2008,Sports,Electronic Arts,49.0,35,3.1,45,EA Tiburon,E,2000s,Other,3.58351893845611,3.828641396489095
PS2,2003,Action,Sony Computer Entertainment,69.0,44,8.7,22,SCE Studio Cambridge,T,2000s,Other,3.80666248977032,3.1354942159291497
PS2,2007,Shooter,Electronic Arts,63.0,29,6.1,34,Electronic Arts,T,2000s,Other,3.4011973816621555,3.555348061489413
X360,2011,Sports,Electronic Arts,86.0,56,7.0,72,Electronic Arts,E10+,2010s,Other,4.04305126783455,4.290459441148391
PC,2016,Strategy,Paradox Interactive,83.0,36,6.9,306,Paradox Development Studio,Unknown,2010s,Other,3.610917912644224,5.726847747587197
XB,2002,Shooter,Electronic Arts,73.0,39,8.9,16,Namco,M,2000s,Other,3.688879454113936,2.833213344056216
X360,2008,Action,Take-Two Interactive,78.0,47,7.6,36,Pam Development,E,2000s,Other,3.8712010109078903,3.610917912644224
DC,1999,Adventure,Sega,88.0,9,9.4,201,Sega AM2,T,1990s,Other,2.302585092994046,5.308267697401205
PSV,2012,Action,GungHo,76.0,26,8.0,18,Game Arts,E10+,2010s,Other,3.295836866004329,2.9444389791664403
PS2,2008,Racing,Xplosiv,37.0,5,7.5,27,Razorworks Studios,E,2000s,Other,1.791759469228055,3.332204510175204
DS,2008,Action,LucasArts,61.0,8,5.5,18,n-Space,T,2000s,Other,2.19722457733622,2.9444389791664403
GBA,2001,Platform,THQ,64.0,5,7.5,27,Helixe,E,2000s,Other,1.791759469228055,3.332204510175204
PS2,2003,Shooter,Electronic Arts,62.0,19,8.3,7,Warthog,M,2000s,Other,2.995732273553991,2.079441541679836
PC,2001,Shooter,Take-Two Interactive,89.0,32,9.1,1016,Remedy Entertainment,M,2000s,Other,3.49650756146648,6.92461239604856
X360,2007,Action,Disney Interactive Studios,65.0,21,7.5,27,Buena Vista Games,E10+,2000s,Other,3.091042453358316,3.332204510175204
PS2,2000,Role-Playing,Sony Computer Entertainment,80.0,27,8.2,99,Level 5,T,2000s,Other,3.332204510175204,4.605170185988092
XOne,2016,Shooter,Activision,78.0,17,3.1,290,Infinity Ward,M,2010s,Call of Duty,2.8903717578961645,5.673323267171493
PSP,2007,Action,Activision,57.0,8,7.5,27,Amaze Entertainment,E10+,2000s,Other,2.19722457733622,3.332204510175204
PS2,2005,Action,Midway Games,75.0,37,8.0,23,Surreal Software,M,2000s,Other,3.6375861597263857,3.1780538303479458
PC,2006,Sports,Konami Digital Entertainment,88.0,6,7.5,27,KCET,E,2000s,Other,1.9459101490553128,3.332204510175204
PS2,2007,Action,Activision,56.0,18,6.1,9,Amaze Entertainment,E10+,2000s,Other,2.9444389791664403,2.302585092994046
PS,2001,Racing,Acclaim Entertainment,68.0,11,7.5,27,Clockwork Games,E,2000s,Other,2.4849066497880004,3.332204510175204
DS,2008,Sports,Activision,61.0,5,7.5,27,Black Lantern Studios,E,2000s,Other,1.791759469228055,3.332204510175204
PS4,2016,Shooter,Electronic Arts,88.0,31,8.4,809,EA DICE,M,2010s,Other,3.4657359027997265,6.697034247666484
XB,2003,Racing,Codemasters,80.0,17,7.5,4,Codemasters,T,2000s,Other,2.8903717578961645,1.6094379124341005
DS,2008,Puzzle,Game Factory,56.0,5,7.5,27,Shin'en,E,2000s,Other,1.791759469228055,3.332204510175204
PC,2013,Strategy,Activision,86.0,68,7.9,1346,Blizzard Entertainment,T,2010s,Other,4.23410650459726,7.205635176410364
DS,2006,Adventure,Zoo Digital Publishing,34.0,8,1.7,6,SkyRiver Studios,E,2000s,Other,2.19722457733622,1.9459101490553128
GC,2003,Platform,THQ,71.0,10,8.6,34,Heavy Iron Studios,E,2000s,Other,2.3978952727983707,3.555348061489413
X360,2007,Role-Playing,Atari,79.0,56,7.9,97,Tri-Crescendo,T,2000s,Other,4.04305126783455,4.584967478670572
X360,2011,Shooter,D3Publisher,68.0,40,8.2,45,Vicious Cycle,T,2010s,Other,3.713572066704308,3.828641396489095
PS4,2013,Sports,Electronic Arts,43.0,25,2.7,175,EA Sports,E,2010s,Other,3.258096538021482,5.170483995038151
PS3,2013,Fighting,Warner Bros. Interactive Entertainment,78.0,37,7.9,282,NetherRealm Studios,T,2010s,Other,3.6375861597263857,5.645446897643238
PC,2016,Shooter,Deep Silver,54.0,48,3.5,284,Deep Silver Dambuster Studios,M,2010s,Other,3.8918202981106265,5.652489180268651
PS3,2011,Shooter,THQ,70.0,46,7.4,162,Relic,M,2010s,Other,3.8501476017100575,5.093750200806762
PC,2002,Simulation,Electronic Arts,92.0,6,8.2,77,Maxis,T,2000s,Other,1.9459101490553128,4.356708826689592
X360,2008,Sports,Take-Two Interactive,56.0,45,6.4,29,Venom Games,T,2000s,Other,3.828641396489095,3.4011973816621555
PS3,2008,Role-Playing,Sony Computer Entertainment,64.0,77,7.5,213,Level 5,T,2000s,Other,4.356708826689592,5.365976015021851
Wii,2007,Shooter,Nintendo,90.0,62,8.9,491,Retro Studios,T,2000s,Other,4.143134726391533,6.198478716492308
X360,2009,Sports,Take-Two Interactive,47.0,13,4.6,10,Blue Castle Games,E,2000s,Other,2.639057329615259,2.3978952727983707
PS2,2003,Racing,Eidos Interactive,55.0,18,6.3,4,Climax Group,T,2000s,Other,2.9444389791664403,1.6094379124341005
PS2,2001,Racing,Gathering of Developers,64.0,11,7.5,27,Terminal Reality,E,2000s,Other,2.4849066497880004,3.332204510175204
X360,2011,Racing,Konami Digital Entertainment,65.0,5,8.8,8,Isopod Labs,E10+,2010s,Other,1.791759469228055,2.19722457733622
DS,2009,Misc,Tomy Corporation,60.0,4,7.5,27,Tomy Corporation,E,2000s,Other,1.6094379124341005,3.332204510175204
Wii,2010,Action,Sega,41.0,11,4.6,12,High Voltage Software,T,2010s,Other,2.4849066497880004,2.5649493574615367
XB,2002,Adventure,Ubisoft,55.0,11,7.5,27,Presto Studios,E,2000s,Other,2.4849066497880004,3.332204510175204
DS,2006,Platform,Konami Digital Entertainment,85.0,51,8.3,87,Konami,T,2000s,Other,3.951243718581428,4.477336814478207
PC,2003,Simulation,Electronic Arts,84.0,36,8.7,268,Maxis,E,2000s,Other,3.610917912644224,5.594711379601839
PS2,2001,Simulation,Atari,73.0,15,8.8,32,Capcom,T,2000s,Other,2.772588722239781,3.49650756146648
PS2,2002,Racing,Codemasters,86.0,25,7.7,24,Codemasters,E,2000s,Other,3.258096538021482,3.218875824868201
DS,2011,Action,Disney Interactive Studios,69.0,5,7.5,27,Traveller's Tales,E10+,2010s,Other,1.791759469228055,3.332204510175204
PS2,2005,Role-Playing,Namco Bandai Games,78.0,22,8.4,109,Namco,T,2000s,Other,3.1354942159291497,4.700480365792417
PC,2015,Shooter,Electronic Arts,71.0,31,3.8,773,Visceral Games,M,2010s,Other,3.4657359027997265,6.651571873589727
PS2,2006,Simulation,Konami Digital Entertainment,73.0,25,8.7,6,Konami,E10+,2000s,Other,3.258096538021482,1.9459101490553128
PS2,2002,Platform,Sony Computer Entertainment,82.0,31,8.4,32,SCE Japan Studio,E,2000s,Other,3.4657359027997265,3.49650756146648
GC,2003,Misc,Midway Games,72.0,11,8.2,5,Midway,T,2000s,Other,2.4849066497880004,1.791759469228055
Wii,2008,Sports,Take-Two Interactive,65.0,11,5.4,19,Visual Concepts,E10+,2000s,Other,2.4849066497880004,2.995732273553991
PS2,2004,Racing,Evolved Games,54.0,4,7.5,27,Argonaut Games,T,2000s,Other,1.6094379124341005,3.332204510175204
PS2,2000,Racing,Midas Interactive Entertainment,67.0,10,7.4,7,Barnhouse Effect,E,2000s,Other,2.3978952727983707,2.079441541679836
PSV,2014,Action,Sony Computer Entertainment,73.0,28,7.4,133,"Sanzaru Games, Sanzaru Games, Inc.",M,2010s,Other,3.367295829986474,4.897839799950911
WiiU,2015,Shooter,Nintendo,81.0,88,8.5,1184,Nintendo,E10+,2010s,Other,4.48863636973214,7.077498053569231
PSP,2006,Shooter,Sony Computer Entertainment,81.0,31,9.0,36,Zipper Interactive,T,2000s,Other,3.4657359027997265,3.610917912644224
PS2,2005,Role-Playing,Midway Games,59.0,38,5.7,20,Midway,T,2000s,Other,3.6635616461296463,3.044522437723423
XB,2004,Sports,Electronic Arts,80.0,18,7.8,4,EA Canada,E,2000s,Other,2.9444389791664403,1.6094379124341005
XB,2002,Sports,Konami Digital Entertainment,48.0,4,5.5,4,Konami,E,2000s,Other,1.6094379124341005,1.6094379124341005
GC,2002,Shooter,Universal Interactive,73.0,17,8.5,4,Terminal Reality,M,2000s,Other,2.8903717578961645,1.6094379124341005
XB,2002,Sports,Electronic Arts,88.0,14,8.5,11,EA Sports,E,2000s,Other,2.70805020110221,2.4849066497880004
PC,2009,Strategy,Atari,67.0,28,5.8,8,Stormregion,T,2000s,Other,3.367295829986474,2.19722457733622
X360,2014,Sports,Electronic Arts,74.0,29,4.4,93,EA Canada,E,2010s,FIFA,3.4011973816621555,4.543294782270004
PS2,2001,Misc,Codemasters,77.0,16,8.5,11,Jester Interactive,T,2000s,Other,2.833213344056216,2.4849066497880004
PC,2009,Shooter,505 Games,77.0,38,7.5,589,Bohemia Interactive,M,2000s,Other,3.6635616461296463,6.380122536899765
DS,2005,Racing,Majesco Entertainment,35.0,5,7.5,27,Skyworks Technologies,E,2000s,Other,1.791759469228055,3.332204510175204
X360,2011,Action,Ubisoft,63.0,35,6.1,12,Ubisoft Montpellier,E10+,2010s,Other,3.58351893845611,2.5649493574615367
PS2,2004,Fighting,Atari,62.0,19,8.7,21,"Pipeworks Software, Inc.",T,2000s,Other,2.995732273553991,3.091042453358316
PSP,2009,Misc,PM Studios,77.0,5,6.5,13,Pentavision Entertainment,T,2000s,Other,1.791759469228055,2.639057329615259
PS3,2008,Shooter,Ubisoft,55.0,65,6.5,294,Free Radical Design,M,2000s,Other,4.189654742026425,5.68697535633982
PS,2000,Sports,Sony Computer Entertainment,73.0,10,7.5,27,989 Sports,E,2000s,Other,2.3978952727983707,3.332204510175204
3DS,2011,Action,Electronic Arts,65.0,9,6.0,26,Firebrand Games,E10+,2010s,Other,2.302585092994046,3.295836866004329
DS,2005,Action,THQ,54.0,6,7.5,27,Helixe,E10+,2000s,Other,1.9459101490553128,3.332204510175204
XB,2004,Sports,Zoo Digital Publishing,59.0,7,7.5,27,FUN Labs,E,2000s,Other,2.079441541679836,3.332204510175204
PC,2002,Simulation,Electronic Arts,79.0,21,8.0,29,Maxis,T,2000s,Other,3.091042453358316,3.4011973816621555
GC,2003,Racing,SCi,63.0,8,7.5,27,SCi,E,2000s,Other,2.19722457733622,3.332204510175204
X360,2011,Shooter,Square Enix,43.0,42,1.2,116,FeelPlus,M,2010s,Other,3.7612001156935615,4.762173934797756
DS,2008,Sports,Ubisoft,63.0,4,7.5,27,Ubisoft,E,2000s,Other,1.6094379124341005,3.332204510175204
XB,2003,Fighting,Microsoft Game Studios,68.0,41,8.5,27,Just Add Monsters,T,2000s,Other,3.737669618283368,3.332204510175204
XB,2003,Sports,Capcom,49.0,12,7.5,27,Capcom,E,2000s,Other,2.5649493574615367,3.332204510175204
Wii,2007,Action,Disney Interactive Studios,62.0,11,6.3,4,Buena Vista Games,E10+,2000s,Other,2.4849066497880004,1.6094379124341005
Wii,2008,Puzzle,Capcom,52.0,11,7.5,27,Infinite Interactive,E,2000s,Other,2.4849066497880004,3.332204510175204
XOne,2016,Shooter,Deep Silver,49.0,12,4.1,106,Deep Silver Dambuster Studios,M,2010s,Other,2.5649493574615367,4.672828834461906
DS,2008,Racing,Nobilis,73.0,6,7.5,27,Artefacts Studio,E,2000s,Other,1.9459101490553128,3.332204510175204
X360,2007,Sports,Activision Value,39.0,4,3.0,4,FUN Labs,T,2000s,Other,1.6094379124341005,1.6094379124341005
GBA,2004,Action,THQ,53.0,4,7.5,27,Altron,E,2000s,Other,1.6094379124341005,3.332204510175204
PS2,2000,Shooter,Konami Digital Entertainment,63.0,23,7.5,27,KCET,M,2000s,Other,3.1780538303479458,3.332204510175204
3DS,2012,Action,Nintendo,83.0,75,8.7,487,"Opus, Project Sora",E10+,2010s,Other,4.330733340286331,6.190315405853148
XB,2005,Sports,Electronic Arts,86.0,39,6.7,41,EA Sports,E,2000s,Madden,3.688879454113936,3.737669618283368
X360,2007,Action,Microsoft Game Studios,38.0,45,2.9,44,Artoon,M,2000s,Other,3.828641396489095,3.80666248977032
PC,2011,Sports,Sega,84.0,45,8.0,172,Sports Interactive,E,2010s,Other,3.828641396489095,5.153291594497779
GBA,2002,Sports,Konami Digital Entertainment,68.0,5,7.5,27,Konami,E,2000s,Other,1.791759469228055,3.332204510175204
DS,2008,Fighting,Takara Tomy,55.0,12,5.7,11,Takara Tomy,T,2000s,Other,2.5649493574615367,2.4849066497880004
X360,2006,Role-Playing,Take-Two Interactive,94.0,90,8.7,1109,Bethesda Softworks,M,2000s,Other,4.51085950651685,7.01211529430638
PS2,2004,Action,Activision,69.0,30,6.5,6,Edge of Reality,E,2000s,Other,3.4339872044851463,1.9459101490553128
X360,2008,Shooter,Electronic Arts,72.0,76,7.6,233,EA Montreal,M,2000s,Other,4.343805421853684,5.455321115357702
PS2,2004,Sports,Electronic Arts,84.0,21,8.1,44,EA Canada,E,2000s,Other,3.091042453358316,3.80666248977032
PC,2011,Strategy,1C Company,77.0,21,8.2,93,"THQ, 1C, 1C Company",T,2010s,Other,3.091042453358316,4.543294782270004
X360,2011,Action,Deep Silver,71.0,75,6.9,627,Techland,M,2010s,Other,4.330733340286331,6.442540166468199
X360,2008,Misc,Konami Digital Entertainment,70.0,7,7.0,6,Blitz Games,E,2000s,Other,2.079441541679836,1.9459101490553128
GBA,2002,Fighting,Konami Digital Entertainment,56.0,9,7.5,27,KCEJ,T,2000s,Other,2.302585092994046,3.332204510175204
Wii,2007,Sports,Nintendo,79.0,47,8.0,124,Next Level Games,E10+,2000s,Mario,3.8712010109078903,4.8283137373023015
PS2,2006,Adventure,Sony Computer Entertainment,62.0,53,8.2,40,SCE Studio Cambridge,M,2000s,Other,3.9889840465642745,3.713572066704308
3DS,2012,Platform,Namco Bandai Games,71.0,13,5.4,19,Inti Creates,E10+,2010s,Other,2.639057329615259,2.995732273553991
PS4,2016,Adventure,Nippon Ichi Software,72.0,26,8.3,19,5pb,T,2010s,Other,3.295836866004329,2.995732273553991
XB,2005,Misc,Crave Entertainment,60.0,6,2.7,13,Crave,E,2000s,Other,1.9459101490553128,2.639057329615259
PSV,2012,Action,Sony Computer Entertainment,83.0,73,8.5,625,SCE Japan Studio,T,2010s,Other,4.304065093204169,6.439350371100098
3DS,2011,Adventure,Konami Digital Entertainment,53.0,19,6.1,8,WinkySoft,E10+,2010s,Other,2.995732273553991,2.19722457733622
PS3,2012,Action,Electronic Arts,88.0,37,6.6,348,Electronic Arts,E,2010s,FIFA,3.6375861597263857,5.855071922202427
PS,2000,Adventure,THQ,51.0,8,6.0,7,Heavy Iron Studios,M,2000s,Other,2.19722457733622,2.079441541679836
GBA,2002,Action,Ubisoft,81.0,15,9.0,21,Capcom,E,2000s,Other,2.772588722239781,3.091042453358316
PS2,2003,Role-Playing,Electronic Arts,85.0,45,6.6,400,SquareSoft,T,2000s,Final Fantasy,3.828641396489095,5.993961427306569
XB,2005,Strategy,Codemasters,69.0,27,9.2,6,Team 17,T,2000s,Other,3.332204510175204,1.9459101490553128
XOne,2016,Shooter,Gearbox Software,70.0,4,7.5,27,Gearbox Software,M,2010s,Other,1.6094379124341005,3.332204510175204
GC,2004,Strategy,Nintendo,90.0,54,9.1,137,Nintendo,E,2000s,Other,4.007333185232471,4.927253685157205
PSP,2010,Action,Sony Computer Entertainment,86.0,73,8.4,255,Ready at Dawn,M,2010s,Other,4.304065093204169,5.545177444479562
XB,2005,Shooter,Activision,78.0,54,8.9,89,LucasArts,T,2000s,Other,4.007333185232471,4.499809670330265
PS2,2003,Sports,Sega,87.0,21,8.7,19,Blue Shift,E,2000s,Other,3.091042453358316,2.995732273553991
PS3,2011,Action,Electronic Arts,65.0,23,6.4,7,Behaviour Interactive,E10+,2010s,Other,3.1780538303479458,2.079441541679836
XB,2005,Action,Hip Interactive,70.0,52,7.4,19,Digital Extremes,M,2000s,Other,3.970291913552122,2.995732273553991
DS,2005,Platform,Sega,82.0,43,8.5,101,"Dimps Corporation, Sonic Team",E,2000s,Other,3.784189633918261,4.624972813284271
XB,2004,Strategy,Activision Value,38.0,5,7.5,27,Activision Value,T,2000s,Other,1.791759469228055,3.332204510175204
PS,2000,Action,Atari,62.0,14,7.7,92,Reflections Interactive,T,2000s,Other,2.70805020110221,4.532599493153256
WiiU,2013,Simulation,Disney Interactive Studios,51.0,10,5.3,9,Behaviour Interactive,E,2010s,Other,2.3978952727983707,2.302585092994046
X360,2012,Action,Namco Bandai Games,88.0,82,8.3,818,CD Projekt Red Studio,M,2010s,Other,4.418840607796598,6.70808408385307
PS2,2007,Action,Warner Bros. Interactive Entertainment,38.0,10,3.9,7,Red Tribe,E10+,2000s,Other,2.3978952727983707,2.079441541679836
PS4,2014,Racing,Ubisoft,79.0,51,7.2,244,RedLynx,E10+,2010s,Other,3.951243718581428,5.501258210544727
PS2,2006,Fighting,Atari,73.0,31,8.6,61,Spike,T,2000s,Other,3.4657359027997265,4.127134385045092
PS2,2006,Role-Playing,Namco Bandai Games,81.0,34,9.0,59,Monolith Soft,T,2000s,Other,3.555348061489413,4.0943445622221
PS2,2005,Sports,Take-Two Interactive,82.0,19,7.4,20,Kush Games,E,2000s,Other,2.995732273553991,3.044522437723423
PC,2010,Shooter,Electronic Arts,72.0,26,6.4,516,"Dice, Danger Close",M,2010s,Other,3.295836866004329,6.248042874508429
PSV,2012,Platform,Ubisoft,88.0,54,8.4,298,UBlart Montpellier,E10+,2010s,Other,4.007333185232471,5.700443573390686
PS2,2004,Sports,Sony Computer Entertainment,56.0,20,6.0,7,SCEE London Studio,E,2000s,Other,3.044522437723423,2.079441541679836
PSP,2004,Racing,Sony Computer Entertainment,88.0,58,8.2,65,Namco,E,2000s,Other,4.07753744390572,4.189654742026425
DS,2004,Misc,THQ,28.0,17,3.9,26,WayForward,E,2000s,Other,2.8903717578961645,3.295836866004329
PS2,2005,Misc,Warner Bros. Interactive Entertainment,50.0,6,7.5,27,Artech Studios,T,2000s,Other,1.9459101490553128,3.332204510175204
X360,2007,Simulation,505 Games,65.0,31,7.2,31,From Software,T,2000s,Other,3.4657359027997265,3.4657359027997265
PSP,2007,Racing,THQ,59.0,12,7.5,27,Rainbow Studios,E,2000s,Other,2.5649493574615367,3.332204510175204
PS2,2002,Racing,Electronic Arts,81.0,25,7.3,14,Page 44 Studios,E,2000s,Other,3.258096538021482,2.70805020110221
X360,2014,Shooter,Take-Two Interactive,74.0,16,6.4,161,2K Australia,M,2010s,Other,2.833213344056216,5.087596335232384
PS2,2002,Strategy,Eidos Interactive,67.0,19,6.8,11,Pyro Studios,T,2000s,Other,2.995732273553991,2.4849066497880004
XOne,2014,Racing,Ubisoft,80.0,28,7.1,158,RedLynx,E10+,2010s,Other,3.367295829986474,5.068904202220232
XOne,2015,Racing,Milestone S.r.l.,65.0,9,7.5,27,Milestone S.r.l,Unknown,2010s,Other,2.302585092994046,3.332204510175204
XB,2002,Sports,Sega,89.0,17,7.1,14,Treyarch,E,2000s,Other,2.8903717578961645,2.70805020110221
GBA,2003,Misc,Atari,69.0,19,8.0,5,Mistic Software,E,2000s,Other,2.995732273553991,1.791759469228055
GBA,2002,Platform,Capcom,78.0,19,8.8,4,Capcom,E,2000s,Other,2.995732273553991,1.6094379124341005
X360,2011,Misc,Microsoft Game Studios,86.0,56,8.2,63,Harmonix Music Systems,T,2010s,Other,4.04305126783455,4.158883083359672
PC,2015,Strategy,Sega,80.0,66,7.3,520,Creative Assembly,T,2010s,Other,4.204692619390966,6.255750041753367
PS3,2012,Fighting,Namco Bandai Games,82.0,50,8.2,193,Namco Bandai Games,T,2010s,Other,3.9318256327243257,5.267858159063328
XB,2005,Racing,THQ,68.0,39,9.1,15,Juice Games,T,2000s,Other,3.688879454113936,2.772588722239781
XB,2004,Shooter,Empire Interactive,35.0,20,5.9,9,Blitz Games,M,2000s,Other,3.044522437723423,2.302585092994046
PS3,2007,Sports,Electronic Arts,81.0,31,6.5,16,EA Canada,E,2000s,Other,3.4657359027997265,2.833213344056216
PS3,2013,Action,Square Enix,71.0,20,7.6,46,Io Interactive,M,2010s,Other,3.044522437723423,3.8501476017100575
Wii,2011,Action,Electronic Arts,47.0,6,6.6,5,EA Bright Light,T,2010s,Other,1.9459101490553128,1.791759469228055
X360,2006,Role-Playing,Microsoft Game Studios,79.0,56,7.8,161,"Mistwalker, Artoon",T,2000s,Other,4.04305126783455,5.087596335232384
Wii,2010,Action,LucasArts,71.0,10,7.8,31,"LucasArts, Red Fly Studio",T,2010s,Other,2.3978952727983707,3.4657359027997265
XB,2001,Racing,Infogrames,64.0,21,8.3,9,Rockstar San Diego,E,2000s,Other,3.091042453358316,2.302585092994046
PS3,2010,Misc,Activision,74.0,46,7.1,30,Neversoft Entertainment,T,2010s,Other,3.8501476017100575,3.4339872044851463
PS2,2001,Simulation,Metro 3D,75.0,16,8.8,30,From Software,T,2000s,Other,2.833213344056216,3.4339872044851463
Wii,2008,Simulation,Electronic Arts,67.0,17,6.8,13,Electronic Arts,E,2000s,Other,2.8903717578961645,2.639057329615259
Wii,2010,Action,THQ,46.0,4,7.5,27,THQ,E10+,2010s,Other,1.6094379124341005,3.332204510175204
X360,2014,Sports,Take-Two Interactive,50.0,5,4.0,65,Yuke's,T,2010s,Other,1.791759469228055,4.189654742026425
PC,2012,Sports,Sega,86.0,37,6.7,228,Sports Interactive,Unknown,2010s,Other,3.6375861597263857,5.43372200355424
PS3,2009,Action,Electronic Arts,83.0,61,7.6,162,Double Fine Productions,M,2000s,Other,4.127134385045092,5.093750200806762
Wii,2008,Fighting,Ignition Entertainment,74.0,6,8.2,5,SNK Playmore,T,2000s,Other,1.9459101490553128,1.791759469228055
XB,2002,Sports,Microsoft Game Studios,76.0,26,7.5,27,High Voltage Software,E,2000s,Other,3.295836866004329,3.332204510175204
GBA,2002,Action,Nintendo,95.0,30,9.1,314,Capcom,E,2000s,Zelda,3.4339872044851463,5.752572638825633
PC,2012,Shooter,Take-Two Interactive,89.0,38,8.2,2482,Gearbox Software,M,2010s,Other,3.6635616461296463,7.817222785508166
PS2,2004,Shooter,Take-Two Interactive,73.0,42,7.8,70,Rockstar San Diego,M,2000s,Other,3.7612001156935615,4.262679877041316
Wii,2009,Simulation,Electronic Arts,61.0,23,7.1,36,Maxis,E10+,2000s,Other,3.1780538303479458,3.610917912644224
XB,2002,Role-Playing,Ubisoft,87.0,34,8.7,111,Bethesda Softworks,T,2000s,Other,3.555348061489413,4.718498871295094
Wii,2007,Action,Electronic Arts,64.0,19,6.1,38,"Electronic Arts, Rebellion",T,2000s,Other,2.995732273553991,3.6635616461296463
DS,2009,Role-Playing,Activision,65.0,7,6.7,9,n-Space,E10+,2000s,Other,2.079441541679836,2.302585092994046
3DS,2011,Shooter,Majesco Entertainment,75.0,8,7.7,18,Shin'en,E10+,2010s,Other,2.19722457733622,2.9444389791664403
PC,2009,Shooter,Activision,86.0,40,4.2,6430,Infinity Ward,M,2000s,Call of Duty,3.713572066704308,8.768885326134864
PSV,2014,Misc,Nippon Ichi Software,81.0,50,8.7,140,Spike Chunsoft,M,2010s,Other,3.9318256327243257,4.948759890378168
PS2,2006,Role-Playing,Tecmo Koei,84.0,54,6.4,42,Nippon Ichi Software,T,2000s,Other,4.007333185232471,3.7612001156935615
PS2,2002,Racing,Electronic Arts,57.0,10,7.5,27,Attention To Detail,E,2000s,Other,2.3978952727983707,3.332204510175204
X360,2008,Action,Sega,55.0,42,6.4,24,Edge of Reality,T,2000s,Other,3.7612001156935615,3.218875824868201
PS2,2002,Sports,Konami Digital Entertainment,62.0,13,7.5,27,Konami,E,2000s,Other,2.639057329615259,3.332204510175204
PSV,2015,Misc,Nippon Ichi Software,76.0,51,8.6,83,"Atlus, Dingo Inc.",T,2010s,Other,3.951243718581428,4.430816798843313
PS2,2003,Sports,Electronic Arts,86.0,19,7.7,41,EA Sports,E,2000s,Other,2.995732273553991,3.737669618283368
GC,2004,Platform,Electronic Arts,70.0,20,8.6,11,Krome Studios,E,2000s,Other,3.044522437723423,2.4849066497880004
PC,2009,Strategy,Atari,76.0,50,7.9,183,Gas Powered Games,T,2000s,Other,3.9318256327243257,5.214935757608986
PC,2011,Strategy,Microsoft Game Studios,70.0,44,5.6,186,Gas Powered Games,E10+,2010s,Other,3.80666248977032,5.231108616854587
X360,2011,Sports,Electronic Arts,80.0,50,6.1,25,Electronic Arts,E,2010s,Other,3.9318256327243257,3.258096538021482
X360,2014,Action,Ubisoft,72.0,32,7.3,318,Ubisoft,M,2010s,Other,3.49650756146648,5.765191102784844
PS2,2008,Racing,SouthPeak Games,57.0,12,7.5,27,Playstos Entertainment,E,2000s,Other,2.5649493574615367,3.332204510175204
PSP,2007,Strategy,THQ,80.0,26,8.1,25,"Team 17, Two Tribes",E10+,2000s,Other,3.295836866004329,3.258096538021482
XB,2004,Action,Ubisoft,93.0,74,8.6,68,Ubisoft Shanghai,T,2000s,Other,4.31748811353631,4.23410650459726
PS4,2014,Action,Tecmo Koei,63.0,30,7.5,42,Omega Force,T,2010s,Other,3.4339872044851463,3.7612001156935615
XB,2002,Sports,Electronic Arts,90.0,14,8.2,15,EA Sports,E,2000s,Other,2.70805020110221,2.772588722239781
X360,2006,Sports,Tecmo Koei,53.0,46,6.7,42,Team Ninja,M,2000s,Other,3.8501476017100575,3.7612001156935615
Wii,2010,Platform,Sega,78.0,58,8.5,301,Sonic Team,E,2010s,Other,4.07753744390572,5.71042701737487
PS3,2008,Misc,Sony Computer Entertainment,76.0,36,7.5,27,SCEE London Studio,T,2000s,Other,3.610917912644224,3.332204510175204
PS3,2011,Sports,Sega,69.0,49,6.6,28,Sega,E,2010s,Other,3.912023005428146,3.367295829986474
PSP,2010,Racing,Disney Interactive Studios,63.0,16,6.7,15,Black Rock Studio,E10+,2010s,Other,2.833213344056216,2.772588722239781
PS2,2009,Action,Activision,55.0,4,7.5,13,LucasArts,T,2000s,Other,1.6094379124341005,2.639057329615259
DS,2009,Role-Playing,Graffiti,58.0,24,7.5,20,Studio Archcraft,E,2000s,Other,3.218875824868201,3.044522437723423
Wii,2007,Action,Namco Bandai Games,52.0,35,5.7,24,Namco Bandai Games,T,2000s,Other,3.58351893845611,3.218875824868201
DS,2009,Action,Activision,55.0,8,8.1,8,Griptonite Games,E10+,2000s,Other,2.19722457733622,2.19722457733622
PS2,2002,Platform,Atari,65.0,7,8.7,9,Blitz Games,E,2000s,Other,2.079441541679836,2.302585092994046
PS2,2001,Racing,Atari,69.0,16,6.8,6,Paradigm Entertainment,E,2000s,Other,2.833213344056216,1.9459101490553128
PS3,2013,Action,Activision,61.0,27,7.2,221,High Moon Studios,M,2010s,Other,3.332204510175204,5.402677381872279
PS2,2006,Sports,Electronic Arts,87.0,18,8.6,23,EA Sports,E,2000s,Other,2.9444389791664403,3.1780538303479458
WiiU,2013,Platform,Nintendo,80.0,66,8.2,283,TT Games,E10+,2010s,Other,4.204692619390966,5.648974238161206
PS2,2005,Misc,Take-Two Interactive,60.0,17,8.6,5,Coresoft,T,2000s,Other,2.8903717578961645,1.791759469228055
PS3,2013,Platform,Ubisoft,91.0,23,8.7,310,Ubisoft Montpellier,E10+,2010s,Other,3.1780538303479458,5.739792912179234
Wii,2009,Sports,Electronic Arts,80.0,15,7.5,27,Electronic Arts,E,2000s,Other,2.772588722239781,3.332204510175204
PS2,2001,Simulation,Titus,63.0,17,3.3,9,Titus Software,E,2000s,Other,2.8903717578961645,2.302585092994046
XB,2003,Racing,Xicat Interactive,61.0,9,7.5,27,Kuju Entertainment,E,2000s,Other,2.302585092994046,3.332204510175204
XB,2005,Shooter,Ubisoft,77.0,25,8.5,11,Rebellion,M,2000s,Other,3.258096538021482,2.4849066497880004
WiiU,2013,Action,Disney Interactive Studios,71.0,10,7.6,58,Avalanche Software,E10+,2010s,Other,2.3978952727983707,4.07753744390572
PSP,2010,Sports,Sony Computer Entertainment,80.0,27,8.0,17,Clap Hanz,E,2010s,Other,3.332204510175204,2.8903717578961645
GBA,2003,Shooter,LSP Games,76.0,11,7.5,27,LSP,T,2000s,Other,2.4849066497880004,3.332204510175204
PS3,2010,Fighting,Electronic Arts,77.0,47,6.9,38,EA Tiburon,T,2010s,Other,3.8712010109078903,3.6635616461296463
PS,2000,Sports,Electronic Arts,88.0,10,7.7,7,Page 44 Studios,E,2000s,Other,2.3978952727983707,2.079441541679836
PS2,2001,Sports,Konami Digital Entertainment,65.0,8,7.5,27,Konami,E,2000s,Other,2.19722457733622,3.332204510175204
PS2,2003,Simulation,LucasArts,81.0,26,8.2,19,Totally Games,T,2000s,Other,3.295836866004329,2.995732273553991
PC,2010,Action,Ubisoft,86.0,22,6.9,1611,Ubisoft Montreal,M,2010s,Other,3.1354942159291497,7.385230923066573
X360,2009,Shooter,Activision,60.0,4,7.2,21,Activision,T,2000s,Other,1.6094379124341005,3.091042453358316
XOne,2016,Shooter,Electronic Arts,80.0,64,8.1,79,PopCap,E10+,2010s,Other,4.174387269895637,4.382026634673881
GBA,2003,Platform,Disney Interactive Studios,62.0,4,7.7,6,Digital Eclipse,E,2000s,Other,1.6094379124341005,1.9459101490553128
GC,2005,Fighting,Electronic Arts,54.0,19,5.7,24,"EA Canada, Nihilistic",T,2000s,Other,2.995732273553991,3.218875824868201
PS2,2002,Shooter,THQ,84.0,30,8.3,35,Volition Inc.,M,2000s,Other,3.4339872044851463,3.58351893845611
PS2,2003,Racing,Electronic Arts,88.0,15,8.9,77,EA Tiburon,E,2000s,Other,2.772588722239781,4.356708826689592
PS3,2013,Role-Playing,Nippon Ichi Software,86.0,12,7.7,128,Falcom,T,2010s,Other,2.5649493574615367,4.859812404361672
PS2,2004,Racing,TDK Mediactive,57.0,15,6.5,21,Steel Monkeys,E,2000s,Other,2.772588722239781,3.091042453358316
X360,2010,Role-Playing,Square Enix,82.0,54,6.3,539,Square Enix,T,2010s,Final Fantasy,4.007333185232471,6.29156913955832
XB,2002,Sports,Acclaim Entertainment,79.0,15,8.1,7,Acclaim,E,2000s,Other,2.772588722239781,2.079441541679836
PC,2011,Adventure,Take-Two Interactive,83.0,28,7.9,903,Rockstar Leeds,M,2010s,Other,3.367295829986474,6.806829360392176
XOne,2015,Shooter,Rebellion Developments,62.0,10,7.2,40,Rebellion,Unknown,2010s,Other,2.3978952727983707,3.713572066704308
XB,2003,Fighting,Microsoft Game Studios,65.0,32,6.5,8,Studio Gigante,M,2000s,Other,3.49650756146648,2.19722457733622
PS2,2003,Action,Electronic Arts,51.0,7,3.6,16,Argonaut Games,E,2000s,Other,2.079441541679836,2.833213344056216
X360,2012,Sports,Electronic Arts,81.0,36,5.8,179,EA Tiburon,E,2010s,Madden,3.610917912644224,5.19295685089021
DS,2010,Role-Playing,Activision,56.0,6,6.9,12,Griptonite Games,E10+,2010s,Other,1.9459101490553128,2.5649493574615367
X360,2010,Action,Electronic Arts,60.0,19,5.8,10,EA Bright Light,E,2010s,Other,2.995732273553991,2.3978952727983707
PS3,2012,Racing,Namco Bandai Games,72.0,20,6.0,29,Bugbear,T,2010s,Other,3.044522437723423,3.4011973816621555
GC,2002,Racing,Atari,56.0,12,7.5,27,Paradigm Entertainment,T,2000s,Other,2.5649493574615367,3.332204510175204
X360,2013,Action,Capcom,75.0,30,7.4,170,Capcom,M,2010s,Other,3.4339872044851463,5.14166355650266
Wii,2009,Action,Electronic Arts,60.0,35,6.0,8,EA Bright Light,E10+,2000s,Other,3.58351893845611,2.19722457733622
PS4,2014,Shooter,Ubisoft,85.0,83,7.7,1653,Ubisoft Montreal,M,2010s,Other,4.430816798843313,7.410951875583635
GBA,2001,Platform,Nintendo,88.0,17,8.9,42,Nintendo,E,2000s,Other,2.8903717578961645,3.7612001156935615
PS3,2007,Racing,THQ,76.0,18,6.2,12,Paradigm Entertainment,T,2000s,Other,2.9444389791664403,2.5649493574615367
X360,2007,Racing,THQ,58.0,9,7.8,6,Rainbow Studios,E,2000s,Other,2.302585092994046,1.9459101490553128
PS3,2012,Action,Sony Computer Entertainment,74.0,60,8.4,89,Crispy's,T,2010s,Other,4.110873864173311,4.499809670330265
X360,2006,Action,D3Publisher,69.0,55,7.7,60,Sandlot,T,2000s,Other,4.02535169073515,4.110873864173311
PSP,2006,Sports,Sony Computer Entertainment,83.0,30,8.5,32,SCEA San Diego Studios,E,2000s,Other,3.4339872044851463,3.49650756146648
PSP,2006,Shooter,Ubisoft,65.0,19,9.1,64,Ubisoft Shanghai,M,2000s,Other,2.995732273553991,4.174387269895637
PS2,2001,Fighting,Electronic Arts,81.0,18,7.5,27,Black Ops Entertainment,T,2000s,Other,2.9444389791664403,3.332204510175204
X360,2009,Racing,Electronic Arts,83.0,75,6.5,134,Slightly Mad Studios,E,2000s,Other,4.330733340286331,4.90527477843843
PS3,2013,Shooter,Sega,43.0,25,3.6,295,Gearbox Software,M,2010s,Other,3.258096538021482,5.69035945432406
PS2,2002,Racing,Activision,73.0,19,7.5,27,Climax Group,E,2000s,Other,2.995732273553991,3.332204510175204
X360,2011,Action,Black Bean Games,56.0,18,7.8,20,Virtual Air Guitar Company,T,2010s,Other,2.9444389791664403,3.044522437723423
PS3,2008,Adventure,Disney Interactive Studios,59.0,11,6.8,6,Avalanche Software,E10+,2000s,Other,2.4849066497880004,1.9459101490553128
PS3,2011,Action,Namco Bandai Games,51.0,37,6.0,8,Game Republic,M,2010s,Other,3.6375861597263857,2.19722457733622
PS3,2009,Action,Activision,63.0,10,8.2,5,Now Production,E,2000s,Other,2.3978952727983707,1.791759469228055
PS2,2007,Sports,Sony Computer Entertainment,59.0,16,7.5,27,SCEA San Diego Studios,E,2000s,Other,2.833213344056216,3.332204510175204
PC,1999,Adventure,Empire Interactive,91.0,26,8.9,439,Funcom,M,1990s,Other,3.295836866004329,6.0867747269123065
PS3,2008,Action,Sega,42.0,27,6.2,45,Secret Level,T,2000s,Other,3.332204510175204,3.828641396489095
PS2,2006,Action,Eidos Interactive,82.0,43,7.1,96,Crystal Dynamics,T,2000s,Other,3.784189633918261,4.574710978503383
XB,2001,Sports,THQ,71.0,26,7.5,27,Radical Entertainment,T,2000s,Other,3.295836866004329,3.332204510175204
XB,2004,Racing,Evolved Games,69.0,12,7.0,9,Argonaut Games,T,2000s,Other,2.5649493574615367,2.302585092994046
PS2,2004,Platform,Vivendi Games,64.0,38,8.0,129,Traveller's Tales,E,2000s,Other,3.6635616461296463,4.867534450455582
Wii,2010,Sports,Konami Digital Entertainment,78.0,9,5.4,7,Konami,E,2010s,Other,2.302585092994046,2.079441541679836
X360,2008,Misc,Microsoft Game Studios,55.0,21,5.5,20,Zoe Mode,E,2000s,Other,3.091042453358316,3.044522437723423
GBA,2003,Action,Atari,50.0,15,7.5,27,Taniko,T,2000s,Other,2.772588722239781,3.332204510175204
Wii,2010,Sports,Ubisoft,51.0,8,8.6,15,Asobo Studio,E,2010s,Other,2.19722457733622,2.772588722239781
PC,2011,Role-Playing,Square Enix,72.0,37,4.7,399,Obsidian Entertainment,T,2010s,Other,3.6375861597263857,5.991464547107982
PS2,2003,Shooter,Activision,66.0,21,8.0,23,Raster,M,2000s,Other,3.091042453358316,3.1780538303479458
PS3,2011,Misc,THQ,65.0,8,7.5,27,Eurocom Entertainment Software,E10+,2010s,Other,2.19722457733622,3.332204510175204
Wii,2008,Racing,Nintendo,82.0,73,8.3,709,Nintendo,E,2000s,Mario,4.304065093204169,6.565264970035361
PS3,2013,Sports,Electronic Arts,76.0,19,4.1,91,EA Sports,E,2010s,Madden,2.995732273553991,4.5217885770490405
X360,2009,Role-Playing,DTP Entertainment,62.0,37,6.4,36,Larian Studios,M,2000s,Other,3.6375861597263857,3.610917912644224
PS2,2006,Role-Playing,Square Enix,87.0,4,7.1,13,Square Enix,T,2000s,Final Fantasy,1.6094379124341005,2.639057329615259
Wii,2007,Sports,Take-Two Interactive,68.0,36,5.8,21,Rockstar San Diego,E,2000s,Other,3.610917912644224,3.091042453358316
DS,2005,Racing,Zoo Digital Publishing,49.0,5,7.5,27,Visual Impact,E,2000s,Other,1.791759469228055,3.332204510175204
PS2,2005,Shooter,Eidos Interactive,71.0,36,9.0,25,Deadline Games,M,2000s,Other,3.610917912644224,3.258096538021482
PS3,2011,Misc,Ubisoft,66.0,11,8.4,16,Ubisoft Montreal,E10+,2010s,Other,2.4849066497880004,2.833213344056216
XOne,2016,Action,Activision,56.0,4,3.1,14,Radical Entertainment,M,2010s,Other,1.6094379124341005,2.70805020110221
XB,2005,Sports,Electronic Arts,60.0,21,8.0,9,EA Canada,E,2000s,FIFA,3.091042453358316,2.302585092994046
PC,2011,Shooter,Activision,78.0,26,2.5,5664,"Infinity Ward, Sledgehammer Games",M,2010s,Call of Duty,3.295836866004329,8.642062173462106
PS4,2016,Action,Crytek,65.0,40,6.9,62,Crytek,Unknown,2010s,Other,3.713572066704308,4.143134726391533
PS2,2004,Puzzle,Namco Bandai Games,86.0,55,9.0,86,Namco,E,2000s,Other,4.02535169073515,4.465908118654584
GC,2003,Puzzle,Ubisoft,53.0,4,7.5,27,Taito Corporation,E,2000s,Other,1.6094379124341005,3.332204510175204
XB,2003,Sports,Activision Value,65.0,5,8.4,16,FUN Labs,T,2000s,Other,1.791759469228055,2.833213344056216
Wii,2008,Action,Sega,46.0,21,7.5,27,Edge of Reality,T,2000s,Other,3.091042453358316,3.332204510175204
PS2,2005,Action,JoWood Productions,72.0,30,7.3,18,Neon Studios,E10+,2000s,Other,3.4339872044851463,2.9444389791664403
X360,2010,Shooter,Conspiracy Entertainment,48.0,7,4.8,4,Epicenter Studios,T,2010s,Other,2.079441541679836,1.6094379124341005
PSP,2010,Role-Playing,Idea Factory,60.0,5,7.2,5,Opus Studio,T,2010s,Other,1.791759469228055,1.791759469228055
GC,2001,Sports,Electronic Arts,87.0,20,8.6,18,EA Sports Big,E,2000s,Other,3.044522437723423,2.9444389791664403
PS4,2015,Action,Warner Bros. Interactive Entertainment,87.0,89,7.6,2679,Rocksteady Studios,M,2010s,Other,4.499809670330265,7.893572073504902
Wii,2007,Puzzle,Midas Interactive Entertainment,66.0,9,7.5,27,Compile Heart,E,2000s,Other,2.302585092994046,3.332204510175204
PSP,2005,Action,Ubisoft,56.0,10,6.4,22,Phoenix Games Studio,T,2000s,Other,2.3978952727983707,3.1354942159291497
PS2,2002,Action,Activision,76.0,25,7.9,41,Treyarch,E,2000s,Other,3.258096538021482,3.737669618283368
PS3,2012,Shooter,Take-Two Interactive,91.0,25,8.2,858,Gearbox Software,M,2010s,Other,3.258096538021482,6.755768921984256
X360,2010,Strategy,Square Enix,75.0,28,7.1,23,Gas Powered Games,E10+,2010s,Other,3.367295829986474,3.1780538303479458
GBA,2001,Role-Playing,Victor Interactive,77.0,11,7.5,27,Ancient,E,2000s,Other,2.4849066497880004,3.332204510175204
GC,2005,Action,Electronic Arts,70.0,20,8.5,13,Electronic Arts,T,2000s,Other,3.044522437723423,2.639057329615259
PS3,2006,Racing,Sony Computer Entertainment,84.0,9,7.4,220,Evolution Studios,T,2000s,Other,2.302585092994046,5.3981627015177525
XB,2005,Adventure,Disney Interactive Studios,65.0,19,7.3,6,Capcom,E10+,2000s,Other,2.995732273553991,1.9459101490553128
Wii,2009,Action,Activision,75.0,12,8.3,6,Activision,E10+,2000s,Other,2.5649493574615367,1.9459101490553128
PC,2011,Role-Playing,Sony Online Entertainment,72.0,27,6.8,243,WBIE,T,2010s,Other,3.332204510175204,5.497168225293202
PC,2014,Role-Playing,Namco Bandai Games,91.0,36,7.1,2318,From Software,T,2010s,Other,3.610917912644224,7.7488913372555315
PS2,2001,Role-Playing,Metro 3D,53.0,9,5.6,5,Metro3D,T,2000s,Other,2.302585092994046,1.791759469228055
PS4,2014,Sports,Sony Computer Entertainment America,83.0,17,7.7,205,SCEA San Diego Studios,E,2010s,Other,2.8903717578961645,5.327876168789581
PSP,2010,Role-Playing,Square Enix,87.0,49,8.8,102,Square Enix,T,2010s,Other,3.912023005428146,4.634728988229636
PSP,2006,Puzzle,Xplosiv,72.0,18,7.5,27,Empire Interactive,E,2000s,Other,2.9444389791664403,3.332204510175204
XB,2002,Shooter,Infogrames,73.0,28,7.3,10,Smilebit,T,2000s,Other,3.367295829986474,2.3978952727983707
Wii,2008,Misc,Majesco Entertainment,37.0,9,4.5,4,Coyote Console,E,2000s,Other,2.302585092994046,1.6094379124341005
XB,2002,Action,THQ,56.0,22,7.5,27,Infinite Machine,T,2000s,Other,3.1354942159291497,3.332204510175204
PS2,2003,Action,Tecmo Koei,78.0,24,9.3,201,Omega Force,T,2000s,Other,3.218875824868201,5.308267697401205
PS3,2008,Platform,Electronic Arts,79.0,66,7.8,362,EA DICE,T,2000s,Other,4.204692619390966,5.8944028342648505
PSP,2005,Misc,Activision,37.0,6,6.4,20,Activision,E10+,2000s,Other,1.9459101490553128,3.044522437723423
PC,2011,Adventure,DTP Entertainment,72.0,27,7.7,80,Wizarbox,T,2010s,Other,3.332204510175204,4.394449154672439
PSV,2012,Racing,Sony Computer Entertainment,79.0,63,8.2,191,Studio Liverpool,E10+,2010s,Other,4.158883083359672,5.2574953720277815
PS3,2012,Action,Bethesda Softworks,89.0,35,7.9,781,Arkane Studios,M,2010s,Other,3.58351893845611,6.661854740545311
X360,2010,Role-Playing,Sega,63.0,68,7.2,201,Obsidian Entertainment,M,2010s,Other,4.23410650459726,5.308267697401205
X360,2009,Action,Electronic Arts,55.0,58,7.0,110,Pandemic Studios,T,2000s,Other,4.07753744390572,4.709530201312334
PS3,2012,Strategy,Take-Two Interactive,89.0,20,8.2,296,Firaxis Games,M,2010s,Other,3.044522437723423,5.6937321388027
DS,2007,Fighting,Zoo Digital Publishing,33.0,4,7.5,27,Nikitova Games,E10+,2000s,Other,1.6094379124341005,3.332204510175204
PS2,2003,Racing,Midway Games,66.0,20,7.5,27,Midway Studios - San Diego,T,2000s,Other,3.044522437723423,3.332204510175204
PS4,2015,Fighting,Warner Bros. Interactive Entertainment,83.0,81,7.7,836,"Warner Bros. Interactive Entertainment, NetherRealm Studios",M,2010s,Other,4.406719247264253,6.729824070489475
PS2,2002,Action,Take-Two Interactive,95.0,62,8.7,730,Rockstar North,M,2000s,Grand Theft Auto,4.143134726391533,6.594413459749778
X360,2011,Sports,Home Entertainment Suppliers,73.0,14,6.0,8,Sidhe Interactive,E,2010s,Other,2.70805020110221,2.19722457733622
PS2,2006,Shooter,Electronic Arts,79.0,62,8.4,194,Criterion Games,M,2000s,Other,4.143134726391533,5.272999558563747
X360,2007,Shooter,Ubisoft,71.0,37,6.9,46,Techland,M,2000s,Other,3.6375861597263857,3.8501476017100575
PSP,2006,Misc,Take-Two Interactive,68.0,14,7.5,27,Coresoft,T,2000s,Other,2.70805020110221,3.332204510175204
PSP,2006,Racing,Codemasters,81.0,16,8.5,6,Sumo Digital,T,2000s,Other,2.833213344056216,1.9459101490553128
Wii,2009,Simulation,Ubisoft,81.0,24,8.5,15,Keen Games,E10+,2000s,Other,3.218875824868201,2.772588722239781
PS2,2004,Role-Playing,Activision,79.0,48,8.5,69,Raven Software,T,2000s,Other,3.8918202981106265,4.248495242049359
X360,2007,Fighting,THQ,71.0,41,6.8,48,Yuke's,T,2000s,Other,3.737669618283368,3.8918202981106265
Wii,2009,Adventure,Electronic Arts,78.0,28,8.6,28,Electronic Arts,E,2000s,Other,3.367295829986474,3.367295829986474
Wii,2006,Misc,Sega,74.0,53,5.7,72,Sega,E,2000s,Other,3.9889840465642745,4.290459441148391
X360,2013,Sports,Electronic Arts,80.0,32,5.6,136,EA Sports,E,2010s,Madden,3.49650756146648,4.919980925828125
GC,2005,Misc,Konami Digital Entertainment,80.0,22,7.5,27,Harmonix Music Systems,E10+,2000s,Other,3.1354942159291497,3.332204510175204
PS4,2015,Role-Playing,Namco Bandai Games,69.0,35,8.0,79,Shift,T,2010s,Other,3.58351893845611,4.382026634673881
PSP,2005,Sports,Sony Computer Entertainment,61.0,23,7.4,10,Page 44 Studios,E,2000s,Other,3.1780538303479458,2.3978952727983707
WiiU,2014,Misc,Ubisoft,75.0,6,6.6,26,Ubisoft,E10+,2010s,Other,1.9459101490553128,3.295836866004329
PS2,2005,Sports,Electronic Arts,78.0,27,8.5,29,EA Canada,E10+,2000s,Other,3.332204510175204,3.4011973816621555
X360,2011,Action,Activision,47.0,51,5.0,72,Silicon Knights,T,2010s,Other,3.951243718581428,4.290459441148391
PS2,2005,Role-Playing,Sony Computer Entertainment,83.0,59,8.4,89,Level 5,T,2000s,Other,4.0943445622221,4.499809670330265
PC,2012,Racing,Codemasters,62.0,8,5.4,46,Codemasters,E,2010s,Other,2.19722457733622,3.8501476017100575
DS,2009,Action,Ubisoft,55.0,38,7.5,13,Velez & Dubail,T,2000s,Other,3.6635616461296463,2.639057329615259
GC,2002,Puzzle,THQ,47.0,10,5.6,8,Radical Entertainment,E,2000s,Other,2.3978952727983707,2.19722457733622
X360,2012,Misc,Capcom,38.0,58,2.4,92,From Software,M,2010s,Other,4.07753744390572,4.532599493153256
Wii,2008,Sports,Electronic Arts,50.0,12,4.6,18,EA Canada,E,2000s,Other,2.5649493574615367,2.9444389791664403
PSP,2004,Puzzle,Ignition Entertainment,68.0,9,7.5,27,Sonic Team,Unknown,2000s,Other,2.302585092994046,3.332204510175204
XOne,2014,Action,Bethesda Softworks,79.0,24,7.3,430,Tango Gameworks,M,2010s,Other,3.218875824868201,6.066108090103747
DS,2009,Puzzle,Warner Bros. Interactive Entertainment,68.0,7,7.5,27,Hijinx Studios,E,2000s,Other,2.079441541679836,3.332204510175204
PS,2000,Action,3DO,74.0,8,5.3,4,3DO,T,2000s,Other,2.19722457733622,1.6094379124341005
GC,2002,Shooter,Nintendo,97.0,70,9.3,747,Retro Studios,T,2000s,Other,4.262679877041316,6.617402977974478
PS2,2003,Action,Capcom,65.0,28,6.6,48,Cavia Inc.,M,2000s,Other,3.367295829986474,3.8918202981106265
GC,2003,Shooter,Atari,85.0,52,8.5,42,Treasure,E,2000s,Other,3.970291913552122,3.7612001156935615
XOne,2016,Sports,505 Games,87.0,22,8.3,194,Psyonix,E,2010s,Other,3.1354942159291497,5.272999558563747
XB,2003,Action,Tecmo Koei,75.0,18,8.8,18,Omega Force,T,2000s,Other,2.9444389791664403,2.9444389791664403
GC,2004,Adventure,Codemasters,77.0,34,8.5,13,Free Radical Design,T,2000s,Other,3.555348061489413,2.639057329615259
GC,2001,Platform,Sega,73.0,28,8.3,179,Sonic Team,E,2000s,Other,3.367295829986474,5.19295685089021
X360,2006,Puzzle,Konami Digital Entertainment,34.0,41,2.2,42,Hudson,T,2000s,Other,3.737669618283368,3.7612001156935615
XB,2003,Simulation,Electronic Arts,84.0,17,6.9,20,Edge of Reality,T,2000s,Other,2.8903717578961645,3.044522437723423
PS2,2006,Racing,Game Factory,27.0,4,7.5,27,Creat Studios,E10+,2000s,Other,1.6094379124341005,3.332204510175204
PS2,2001,Racing,Infogrames,75.0,19,7.6,9,Atari,E,2000s,Other,2.995732273553991,2.302585092994046
XB,2002,Action,Capcom,83.0,27,8.6,10,Capcom,M,2000s,Other,3.332204510175204,2.3978952727983707
GC,2003,Fighting,Electronic Arts,81.0,22,8.5,8,Aki Corp.,T,2000s,Other,3.1354942159291497,2.19722457733622
WiiU,2013,Action,Warner Bros. Interactive Entertainment,68.0,5,7.4,127,Human Head Studios,T,2010s,Other,1.791759469228055,4.852030263919617
XB,2004,Shooter,Take-Two Interactive,74.0,61,8.5,26,Rockstar San Diego,M,2000s,Other,4.127134385045092,3.295836866004329
PS2,2000,Racing,Electronic Arts,55.0,18,7.5,27,Escape,E,2000s,Other,2.9444389791664403,3.332204510175204
DS,2008,Role-Playing,GungHo,53.0,19,5.8,17,GungHo,E10+,2000s,Other,2.995732273553991,2.8903717578961645
PS4,2015,Action,Square Enix,73.0,42,6.5,403,Avalanche Studios,M,2010s,Other,3.7612001156935615,6.001414877961151
PS,1996,Action,Eidos Interactive,91.0,13,8.6,147,Core Design Ltd.,T,1990s,Other,2.639057329615259,4.997212273764115
3DS,2014,Platform,Nintendo,64.0,71,6.1,155,Arzest,E,2010s,Other,4.276666119016055,5.049856007249537
PS2,2002,Fighting,Eidos Interactive,57.0,28,7.2,6,Yuke's,T,2000s,Other,3.367295829986474,1.9459101490553128
Wii,2010,Action,Warner Bros. Interactive Entertainment,58.0,21,7.8,5,Headstrong Games,T,2010s,Other,3.091042453358316,1.791759469228055
PS4,2015,Sports,Electronic Arts,59.0,27,6.1,70,EA Sports,E,2010s,Other,3.332204510175204,4.262679877041316
XB,2006,Shooter,Eidos Interactive,41.0,20,7.2,13,"Ritual Entertainment, Avalanche Software",M,2000s,Other,3.044522437723423,2.639057329615259
PS3,2013,Sports,Electronic Arts,77.0,9,6.2,40,EA Tiburon,E,2010s,Other,2.302585092994046,3.713572066704308
PSP,2009,Racing,Sony Computer Entertainment,55.0,13,5.7,10,Codemasters,E10+,2000s,Other,2.639057329615259,2.3978952727983707
DS,2006,Action,DSI Games,47.0,4,7.5,27,Black Lantern Studios,E,2000s,Other,1.6094379124341005,3.332204510175204
XOne,2016,Shooter,Take-Two Interactive,84.0,16,8.3,79,2K Games,M,2010s,Other,2.833213344056216,4.382026634673881
GBA,2002,Role-Playing,Atari,58.0,13,8.5,8,Next Entertainment,E,2000s,Other,2.639057329615259,2.19722457733622
X360,2009,Fighting,Namco Bandai Games,56.0,29,7.5,33,Spike,T,2000s,Other,3.4011973816621555,3.5263605246161616
PS3,2011,Simulation,Deep Silver,41.0,7,3.1,7,Trickstar Games,T,2010s,Other,2.079441541679836,2.079441541679836
PS2,2004,Shooter,Play It,32.0,4,4.8,16,Point of View,T,2000s,Other,1.6094379124341005,2.833213344056216
PS2,2005,Action,Tecmo Koei,69.0,29,8.8,68,Omega Force,T,2000s,Other,3.4011973816621555,4.23410650459726
3DS,2011,Racing,Namco Bandai Games,75.0,59,7.2,56,Namco Bandai Games,E,2010s,Other,4.0943445622221,4.04305126783455
PS2,2005,Action,Capcom,48.0,33,8.1,12,Cavia Inc.,M,2000s,Other,3.5263605246161616,2.5649493574615367
Wii,2010,Shooter,Ubisoft,80.0,73,8.6,178,Ubisoft Paris,T,2010s,Other,4.304065093204169,5.187385805840755
PS2,2002,Action,Take-Two Interactive,71.0,34,5.7,33,VIS Entertainment,M,2000s,Other,3.555348061489413,3.5263605246161616
GBA,2002,Misc,THQ,53.0,14,7.4,5,Art,E,2000s,Other,2.70805020110221,1.791759469228055
DS,2007,Role-Playing,Namco Bandai Games,46.0,13,7.6,17,Art,E10+,2000s,Other,2.639057329615259,2.8903717578961645
PS2,2004,Adventure,THQ,39.0,10,4.3,6,Blue Tongue,E,2000s,Other,2.3978952727983707,1.9459101490553128
Wii,2010,Sports,Nintendo,64.0,54,7.1,34,Square Enix,E,2010s,Mario,4.007333185232471,3.555348061489413
PS2,2006,Shooter,Eidos Interactive,73.0,35,7.8,24,Rocksteady Studios,M,2000s,Other,3.58351893845611,3.218875824868201
PS3,2014,Sports,Take-Two Interactive,55.0,5,3.1,57,Yuke's,T,2010s,Other,1.791759469228055,4.060443010546419
Wii,2007,Action,Activision,57.0,28,6.7,7,Amaze Entertainment,E10+,2000s,Other,3.367295829986474,2.079441541679836
GBA,2004,Action,Activision,65.0,12,7.7,6,Digital Eclipse,E,2000s,Other,2.5649493574615367,1.9459101490553128
PS2,2005,Action,Konami Digital Entertainment,53.0,20,7.0,10,KCE Studios,E10+,2000s,Other,3.044522437723423,2.3978952727983707
WiiU,2013,Misc,Ubisoft,72.0,13,7.6,45,Ubisoft,E10+,2010s,Other,2.639057329615259,3.828641396489095
XB,2004,Action,Electronic Arts,45.0,33,4.6,5,EA Games,T,2000s,Other,3.5263605246161616,1.791759469228055
PSP,2010,Fighting,Namco Bandai Games,63.0,22,8.6,20,Spike,T,2010s,Other,3.1354942159291497,3.044522437723423
PS3,2009,Role-Playing,Activision,74.0,48,7.3,51,Vicarious Visions,T,2000s,Other,3.8918202981106265,3.951243718581428
PSP,2007,Action,Codemasters,49.0,7,7.5,27,IR Gurus,T,2000s,Other,2.079441541679836,3.332204510175204
PS4,2016,Racing,Sony Computer Entertainment,67.0,34,7.4,110,Evolution Studios,E,2010s,Other,3.555348061489413,4.709530201312334
PS2,2001,Sports,Electronic Arts,92.0,33,8.9,71,EA Canada,E,2000s,Other,3.5263605246161616,4.276666119016055
3DS,2014,Sports,Nintendo,78.0,73,8.2,76,Camelot Software Planning,E,2010s,Mario,4.304065093204169,4.343805421853684
GC,2001,Fighting,Nintendo,92.0,38,9.1,568,HAL Labs,T,2000s,Other,3.6635616461296463,6.343880434126331
PSP,2008,Platform,Sony Computer Entertainment,85.0,55,8.4,44,SCE Japan Studio,E,2000s,Other,4.02535169073515,3.80666248977032
DS,2007,Simulation,Conspiracy Entertainment,60.0,13,7.5,27,Zen Studios,E,2000s,Other,2.639057329615259,3.332204510175204
GBA,2001,Platform,Ubisoft,84.0,17,8.4,16,Digital Eclipse,E,2000s,Other,2.8903717578961645,2.833213344056216
PS2,2007,Sports,Konami Digital Entertainment,82.0,10,7.9,38,Konami,E,2000s,Other,2.3978952727983707,3.6635616461296463
Wii,2011,Action,Electronic Arts,52.0,8,7.5,27,Behaviour Interactive,E10+,2010s,Other,2.19722457733622,3.332204510175204
Wii,2010,Sports,Electronic Arts,79.0,43,8.5,20,EA Canada,E,2010s,Other,3.784189633918261,3.044522437723423
PS2,2006,Action,Take-Two Interactive,78.0,49,7.8,112,Rockstar Leeds,M,2000s,Grand Theft Auto,3.912023005428146,4.727387818712341
PS3,2010,Action,THQ,43.0,5,4.2,6,THQ Australia,E10+,2010s,Other,1.791759469228055,1.9459101490553128
PS2,2006,Racing,Electronic Arts,68.0,26,8.9,16,EA Tiburon,E,2000s,Other,3.295836866004329,2.833213344056216
XOne,2015,Action,Activision,76.0,15,5.5,17,Vicarious Visions,E10+,2010s,Other,2.772588722239781,2.8903717578961645
PS4,2015,Racing,Milestone S.r.l.,66.0,15,7.5,27,Milestone S.r.l,Unknown,2010s,Other,2.772588722239781,3.332204510175204
GBA,2004,Action,Namco Bandai Games,75.0,7,8.5,11,Dimps Corporation,E10+,2000s,Other,2.079441541679836,2.4849066497880004
PS3,2012,Simulation,Namco Bandai Games,65.0,26,7.3,47,From Software,T,2010s,Other,3.295836866004329,3.8712010109078903
DS,2008,Action,Mindscape,52.0,10,7.5,27,"Microids, Dreamcatcher",T,2000s,Other,2.3978952727983707,3.332204510175204
GC,2003,Shooter,Ubisoft,59.0,15,5.4,17,Red Storm Entertainment,M,2000s,Other,2.772588722239781,2.8903717578961645
DS,2007,Action,Electronic Arts,69.0,17,7.3,18,Griptonite Games,T,2000s,Other,2.8903717578961645,2.9444389791664403
PSP,2008,Misc,Ubisoft,64.0,4,8.4,18,Ubisoft,E,2000s,Other,1.6094379124341005,2.9444389791664403
Wii,2008,Action,Koch Media,45.0,6,7.8,11,Monkey Bar Games,E10+,2000s,Other,1.9459101490553128,2.4849066497880004
PS2,2005,Fighting,Namco Bandai Games,86.0,57,8.4,96,Namco,T,2000s,Other,4.060443010546419,4.574710978503383
PS2,2002,Action,Wanadoo,83.0,30,8.4,14,Tecmo,T,2000s,Other,3.4339872044851463,2.70805020110221
XB,2002,Action,Activision,53.0,20,4.0,4,Mucky Foot Productions,M,2000s,Other,3.044522437723423,1.6094379124341005
XB,2005,Platform,THQ,88.0,54,9.0,71,Double Fine Productions,T,2000s,Other,4.007333185232471,4.276666119016055
Wii,2007,Action,Take-Two Interactive,39.0,16,5.9,15,7 Studios,T,2000s,Other,2.833213344056216,2.772588722239781
PS4,2015,Action,Ubisoft,62.0,19,7.7,61,Krome Studios,Unknown,2010s,Other,2.995732273553991,4.127134385045092
PC,2016,Role-Playing,Activision,88.0,62,7.5,535,Blizzard Entertainment,T,2010s,Other,4.143134726391533,6.284134161070802
PS2,2002,Role-Playing,Namco Bandai Games,83.0,35,8.7,99,Monolith Soft,T,2000s,Other,3.58351893845611,4.605170185988092
PC,2011,Racing,Ubisoft,80.0,11,7.0,332,Ubisoft Reflections,T,2010s,Other,2.4849066497880004,5.808142489980444
XB,2004,Shooter,Midway Games,84.0,55,7.9,18,Midway,M,2000s,Other,4.02535169073515,2.9444389791664403
PS2,2004,Simulation,Konami Digital Entertainment,77.0,26,9.0,20,KCET,E,2000s,Other,3.295836866004329,3.044522437723423
PSP,2006,Puzzle,Mumbo Jumbo,60.0,16,7.5,27,MumboJumbo,E,2000s,Other,2.833213344056216,3.332204510175204
X360,2011,Sports,Ubisoft,41.0,8,7.4,7,Ubisoft Vancouver,E,2010s,Other,2.19722457733622,2.079441541679836
X360,2007,Action,Ubisoft,58.0,31,6.3,32,Ubisoft Montreal,E10+,2000s,Other,3.4657359027997265,3.49650756146648
DS,2008,Action,Success,56.0,23,7.5,27,Success,T,2000s,Other,3.1780538303479458,3.332204510175204
DS,2007,Platform,Nintendo,60.0,35,7.4,19,Suzak,E10+,2000s,Other,3.58351893845611,2.995732273553991
PC,2008,Simulation,Electronic Arts,70.0,12,6.4,8,EA Redwood Shores,E,2000s,Other,2.5649493574615367,2.19722457733622
XB,2004,Racing,Activision,79.0,39,7.5,27,Left Field Productions,E,2000s,Other,3.688879454113936,3.332204510175204
XOne,2016,Racing,Milestone S.r.l,63.0,8,8.2,22,Milestone S.r.l,E,2010s,Other,2.19722457733622,3.1354942159291497
DS,2008,Simulation,Ubisoft,48.0,6,7.1,7,Gameloft,T,2000s,Other,1.9459101490553128,2.079441541679836
DS,2007,Sports,Zoo Digital Publishing,62.0,7,7.5,27,Black Lantern Studios,E10+,2000s,Other,2.079441541679836,3.332204510175204
DS,2011,Platform,THQ,75.0,11,8.2,6,Halfbrick Studios,E,2010s,Other,2.4849066497880004,1.9459101490553128
X360,2012,Simulation,Mad Catz,49.0,24,5.5,6,Mad Catz,T,2010s,Other,3.218875824868201,1.9459101490553128
PS3,2007,Action,Disney Interactive Studios,55.0,24,6.9,19,Eurocom Entertainment Software,T,2000s,Other,3.218875824868201,2.995732273553991
PS3,2011,Misc,Unknown,54.0,15,7.5,27,Blitz Games Studios,T,2010s,Other,2.772588722239781,3.332204510175204
X360,2009,Action,SouthPeak Games,42.0,17,5.0,4,Collision Studios,E10+,2000s,Other,2.8903717578961645,1.6094379124341005
PS2,2008,Adventure,Capcom,63.0,21,7.5,27,High Voltage Software,T,2000s,Other,3.091042453358316,3.332204510175204
GC,2006,Adventure,THQ,60.0,10,6.5,4,AWE Games,E10+,2000s,Other,2.3978952727983707,1.6094379124341005
X360,2007,Shooter,Midway Games,62.0,48,6.1,65,Midway Studios - Austin,T,2000s,Other,3.8918202981106265,4.189654742026425
PSP,2005,Fighting,THQ,81.0,30,8.5,37,Yuke's,T,2000s,Other,3.4339872044851463,3.6375861597263857
PC,2002,Role-Playing,Interplay,83.0,22,8.3,147,Black Isle Studios,T,2000s,Other,3.1354942159291497,4.997212273764115
X360,2006,Racing,THQ,80.0,50,7.7,13,"Climax Group, Climax Studios",E,2000s,Other,3.9318256327243257,2.639057329615259
Wii,2008,Sports,Nintendo,69.0,31,7.8,58,Namco Bandai Games,E,2000s,Mario,3.4657359027997265,4.07753744390572
PS2,2001,Action,Take-Two Interactive,53.0,16,7.3,11,Human Head Studios,M,2000s,Other,2.833213344056216,2.4849066497880004
PS2,2007,Misc,Brash Entertainment,33.0,5,4.5,6,Sensory Sweep,E,2000s,Other,1.791759469228055,1.9459101490553128
XOne,2014,Shooter,Ubisoft,82.0,15,7.5,383,Ubisoft Montreal,M,2010s,Other,2.772588722239781,5.950642552587727
PS3,2008,Misc,Gamecock,51.0,19,4.5,4,Wideload Games Inc.,T,2000s,Other,2.995732273553991,1.6094379124341005
PC,2013,Shooter,Electronic Arts,81.0,52,6.0,3517,EA DICE,M,2010s,Other,3.970291913552122,8.165647925297504
PS3,2010,Racing,Sony Computer Entertainment,82.0,85,8.4,201,United Front Games,E,2010s,Other,4.454347296253507,5.308267697401205
GC,2003,Racing,Nintendo,89.0,50,8.5,161,Amusement Vision,T,2000s,Other,3.9318256327243257,5.087596335232384
X360,2014,Role-Playing,Ubisoft,82.0,33,8.4,363,Obsidian Entertainment,M,2010s,Other,3.5263605246161616,5.8971538676367405
PC,2009,Adventure,Deep Silver,70.0,41,7.6,77,Daedalic Entertainment,E,2000s,Other,3.737669618283368,4.356708826689592
PS3,2007,Misc,Sony Computer Entertainment,82.0,48,5.9,15,SCEE London Studio,T,2000s,Other,3.8918202981106265,2.772588722239781
PSP,2005,Role-Playing,Midas Interactive Entertainment,60.0,29,7.7,18,Idea Factory,T,2000s,Other,3.4011973816621555,2.9444389791664403
PSV,2013,Role-Playing,Xseed Games,48.0,19,6.8,56,K2,M,2010s,Other,2.995732273553991,4.04305126783455
DS,2009,Action,Disney Interactive Studios,80.0,4,4.5,8,Altron,E,2000s,Other,1.6094379124341005,2.19722457733622
DS,2005,Simulation,Electronic Arts,70.0,13,6.1,24,Griptonite Games,E10+,2000s,Other,2.639057329615259,3.218875824868201
PSP,2008,Fighting,Ignition Entertainment,61.0,16,7.0,9,SNK Playmore,T,2000s,Other,2.833213344056216,2.302585092994046
XB,2003,Simulation,Electronic Arts,81.0,26,8.9,12,Maxis,T,2000s,Other,3.295836866004329,2.5649493574615367
DS,2006,Platform,Capcom,76.0,37,8.3,32,Inti Creates,E,2000s,Other,3.6375861597263857,3.49650756146648
PC,2013,Action,Ubisoft,84.0,10,7.7,1470,Ubisoft,M,2010s,Other,2.3978952727983707,7.293697720601438
DS,2005,Platform,Konami Digital Entertainment,89.0,52,8.5,171,Konami,T,2000s,Other,3.970291913552122,5.147494476813453
DS,2006,Action,Capcom,71.0,41,8.4,36,Capcom,M,2000s,Other,3.737669618283368,3.610917912644224
PSV,2014,Action,Tecmo Koei,76.0,5,8.6,18,Omega Force,T,2010s,Other,1.791759469228055,2.9444389791664403
X360,2010,Role-Playing,Sega,74.0,43,7.7,96,Tri-Ace,T,2010s,Other,3.784189633918261,4.574710978503383
PS4,2016,Fighting,PQube,85.0,21,7.6,39,Arc System Works,T,2010s,Other,3.091042453358316,3.688879454113936
PS2,2005,Platform,Activision,69.0,25,7.4,25,Toys for Bob,E10+,2000s,Other,3.258096538021482,3.258096538021482
XOne,2015,Action,Electronic Arts,60.0,26,4.3,77,EA Tiburon,E,2010s,Other,3.295836866004329,4.356708826689592
PC,2016,Action,Take-Two Interactive,63.0,29,3.2,881,Hangar 13,M,2010s,Other,3.4011973816621555,6.782192056006791
GBA,2003,Racing,Jaleco,81.0,9,9.5,4,"Infinite Dreams, Paragon 5",E,2000s,Other,2.302585092994046,1.6094379124341005
PS4,2015,Sports,Electronic Arts,78.0,28,5.5,157,"EA Sports, EA Canada",E10+,2010s,Other,3.367295829986474,5.062595033026967
PS,2000,Strategy,Empire Interactive,71.0,6,7.5,27,Minds-Eye Productions,E,2000s,Other,1.9459101490553128,3.332204510175204
GC,2005,Sports,Activision,76.0,26,7.7,15,Neversoft Entertainment,T,2000s,Other,3.295836866004329,2.772588722239781
XOne,2016,Simulation,Koch Media,53.0,15,6.3,63,Coffee Stain Studios,T,2010s,Other,2.772588722239781,4.158883083359672
XB,2003,Shooter,Activision,84.0,38,8.8,33,Nerve Software,M,2000s,Other,3.6635616461296463,3.5263605246161616
X360,2012,Action,Ubisoft,62.0,11,7.3,12,Ubisoft Quebec,T,2010s,Other,2.4849066497880004,2.5649493574615367
PS2,2004,Sports,Global Star,86.0,25,8.1,18,Kush Games,E,2000s,Other,3.258096538021482,2.9444389791664403
XB,2002,Sports,Electronic Arts,79.0,17,9.0,4,Software Creations,E,2000s,FIFA,2.8903717578961645,1.6094379124341005
XB,2004,Shooter,Atari,61.0,45,6.1,14,Zombie,T,2000s,Other,3.828641396489095,2.70805020110221
X360,2010,Simulation,Electronic Arts,76.0,42,7.1,71,The Sims Studio,T,2010s,Other,3.7612001156935615,4.276666119016055
X360,2006,Action,Microsoft Game Studios,56.0,51,7.3,58,K2 LLC,M,2000s,Other,3.951243718581428,4.07753744390572
X360,2009,Fighting,PQube,86.0,51,8.5,70,Arc System Works,T,2000s,Other,3.951243718581428,4.262679877041316
WiiU,2015,Action,Activision,87.0,13,5.6,65,Vicarious Visions,E10+,2010s,Other,2.639057329615259,4.189654742026425
Wii,2007,Simulation,Rising Star Games,65.0,18,8.2,28,Marvelous Entertainment,E,2000s,Other,2.9444389791664403,3.367295829986474
PC,2007,Strategy,Microsoft Game Studios,81.0,19,8.5,71,Big Huge Games,T,2000s,Other,2.995732273553991,4.276666119016055
Wii,2007,Misc,Ubisoft,67.0,25,8.3,66,Ubisoft Montpellier,E10+,2000s,Other,3.258096538021482,4.204692619390966
PC,2011,Action,Kalypso Media,57.0,19,5.8,60,Haemimont,T,2010s,Other,2.995732273553991,4.110873864173311
PS4,2014,Sports,Focus Home Interactive,53.0,9,5.1,22,Cyanide,E,2010s,Other,2.302585092994046,3.1354942159291497
GBA,2001,Misc,Namco Bandai Games,79.0,10,7.3,6,Mass Media,E,2000s,Other,2.3978952727983707,1.9459101490553128
GBA,2002,Sports,Atari,83.0,14,7.5,27,Altron,E,2000s,Other,2.70805020110221,3.332204510175204
PC,2010,Action,Take-Two Interactive,82.0,6,8.6,37,Visual Concepts,E,2010s,Other,1.9459101490553128,3.6375861597263857
PS3,2012,Action,Warner Bros. Interactive Entertainment,82.0,16,8.3,85,TT Games,E10+,2010s,Other,2.833213344056216,4.454347296253507
X360,2006,Simulation,Microsoft Game Studios,84.0,65,8.0,131,Rare Ltd.,E,2000s,Other,4.189654742026425,4.882801922586371
XB,2004,Platform,Activision,72.0,31,8.4,5,"Luxoflux, Inc.",E,2000s,Other,3.4657359027997265,1.791759469228055
GC,2005,Simulation,Ubisoft,83.0,14,8.9,44,Marvelous,E,2000s,Other,2.70805020110221,3.80666248977032
PC,2005,Shooter,Activision,81.0,62,7.6,281,Raven Software,M,2000s,Other,4.143134726391533,5.641907070938114
PSV,2016,Role-Playing,Nippon Ichi Software,93.0,5,7.9,83,Vanillaware,T,2010s,Other,1.791759469228055,4.430816798843313
PS3,2012,Action,Electronic Arts,79.0,9,4.1,34,EA Tiburon,E,2010s,Other,2.302585092994046,3.555348061489413
DS,2009,Fighting,THQ,61.0,4,2.8,4,THQ,E10+,2000s,Other,1.6094379124341005,1.6094379124341005
PS3,2008,Shooter,SouthPeak Games,55.0,25,7.5,27,Psyonix,T,2000s,Other,3.258096538021482,3.332204510175204
PSP,2007,Puzzle,D3Publisher,60.0,18,7.5,27,Metia Interactive,E,2000s,Other,2.9444389791664403,3.332204510175204
PC,2013,Adventure,Headup Games,72.0,18,8.1,48,Headup Games,Unknown,2010s,Other,2.9444389791664403,3.8918202981106265
PS2,2003,Action,Take-Two Interactive,76.0,47,8.3,136,Rockstar North,M,2000s,Other,3.8712010109078903,4.919980925828125
GBA,2003,Racing,THQ,55.0,14,6.8,9,Altron,E,2000s,Other,2.70805020110221,2.302585092994046
PSP,2009,Role-Playing,Nippon Ichi Software,83.0,33,7.1,47,Nippon Ichi Software,T,2000s,Other,3.5263605246161616,3.8712010109078903
PS3,2012,Role-Playing,Deep Silver,47.0,13,5.2,37,Piranha Bytes,M,2010s,Other,2.639057329615259,3.6375861597263857
PS3,2011,Fighting,Warner Bros. Interactive Entertainment,84.0,60,8.4,494,NetherRealm Studios,M,2010s,Other,4.110873864173311,6.20455776256869
3DS,2012,Action,Electronic Arts,68.0,4,3.7,16,Electronic Arts,E,2010s,FIFA,1.6094379124341005,2.833213344056216
GBA,2005,Action,Ubisoft,59.0,8,7.5,27,Ubisoft,E10+,2000s,Other,2.19722457733622,3.332204510175204
Wii,2007,Adventure,Namco Bandai Games,67.0,17,8.5,32,Ganbarion,T,2000s,Other,2.8903717578961645,3.49650756146648
GC,2004,Sports,Electronic Arts,89.0,25,8.5,11,EA Sports,E,2000s,Other,3.258096538021482,2.4849066497880004
XOne,2014,Misc,Microsoft Game Studios,73.0,26,7.0,151,Microsoft Game Studios,E10+,2010s,Other,3.295836866004329,5.0238805208462765
DS,2008,Adventure,Oxygen Interactive,68.0,4,7.5,27,Magellan Interactive,E10+,2000s,Other,1.6094379124341005,3.332204510175204
X360,2012,Action,Konami Digital Entertainment,69.0,17,5.6,98,Konami,M,2010s,Other,2.8903717578961645,4.59511985013459
PS3,2011,Fighting,PQube,73.0,10,7.5,27,Examu,T,2010s,Other,2.3978952727983707,3.332204510175204
PS2,2002,Fighting,Atari,67.0,28,7.9,71,Dimps Corporation,T,2000s,Other,3.367295829986474,4.276666119016055
XB,2003,Shooter,Vivendi Games,69.0,22,6.3,7,Argonaut Games,M,2000s,Other,3.1354942159291497,2.079441541679836
PS2,2002,Sports,Electronic Arts,65.0,17,7.5,27,Pandemic Studios,E,2000s,Other,2.8903717578961645,3.332204510175204
PSP,2010,Simulation,Namco Bandai Games,71.0,30,7.2,12,Project Aces,T,2010s,Other,3.4339872044851463,2.5649493574615367
GBA,2004,Role-Playing,Electronic Arts,67.0,7,8.5,12,Griptonite Games,T,2000s,Other,2.079441541679836,2.5649493574615367
PS3,2007,Sports,Sega,80.0,35,7.9,32,Sega AM3,E,2000s,Other,3.58351893845611,3.49650756146648
GC,2003,Fighting,Nintendo,74.0,22,8.9,39,8ing/Raizing,T,2000s,Other,3.1354942159291497,3.688879454113936
XB,2004,Puzzle,505 Games,74.0,12,7.5,27,Taito Corporation,E,2000s,Other,2.5649493574615367,3.332204510175204
X360,2006,Action,D3Publisher,39.0,39,6.4,55,Tamsoft,M,2000s,Other,3.688879454113936,4.02535169073515
XB,2007,Action,Activision,63.0,32,7.6,8,Saffire,T,2000s,Other,3.49650756146648,2.19722457733622
PC,2005,Strategy,Eidos Interactive,69.0,28,8.4,73,Pyro Studios,T,2000s,Other,3.367295829986474,4.304065093204169
Wii,2008,Racing,Activision,26.0,4,3.8,8,Eutechnyx,T,2000s,Other,1.6094379124341005,2.19722457733622
PS4,2016,Action,Deep Silver,63.0,32,6.4,45,Techland,M,2010s,Other,3.49650756146648,3.828641396489095
X360,2007,Shooter,Activision,50.0,35,5.6,20,Cauldron Ltd.,M,2000s,Other,3.58351893845611,3.044522437723423
PSP,2009,Action,Ubisoft Annecy,65.0,28,6.8,10,Omega Force,T,2000s,Other,3.367295829986474,2.3978952727983707
GC,2003,Sports,Activision,89.0,19,8.5,24,Neversoft Entertainment,T,2000s,Other,2.995732273553991,3.218875824868201
Wii,2009,Adventure,Deep Silver,70.0,6,7.5,27,Deep Silver,T,2000s,Other,1.9459101490553128,3.332204510175204
GBA,2003,Action,Unknown,71.0,16,8.8,8,Konami,E,2000s,Other,2.833213344056216,2.19722457733622
PS3,2006,Sports,Sony Computer Entertainment,63.0,24,6.3,10,SCEA,E,2000s,Other,3.218875824868201,2.3978952727983707
PS2,2006,Simulation,Namco Bandai Games,75.0,45,8.4,55,Namco,T,2000s,Other,3.828641396489095,4.02535169073515
PS2,2008,Misc,Activision,71.0,11,6.3,15,BudCat,T,2000s,Other,2.4849066497880004,2.772588722239781
Wii,2008,Simulation,Hudson Soft,65.0,12,7.0,5,Hudson Soft,E10+,2000s,Other,2.5649493574615367,1.791759469228055
DS,2008,Role-Playing,Square Enix,82.0,32,7.5,35,Nippon Ichi Software,T,2000s,Other,3.49650756146648,3.58351893845611
XB,2004,Shooter,Ubisoft,84.0,55,8.6,14,Ubisoft Montreal,M,2000s,Other,4.02535169073515,2.70805020110221
DS,2008,Puzzle,Capcom,70.0,12,7.5,27,Infinite Interactive,E,2000s,Other,2.5649493574615367,3.332204510175204
XB,2006,Sports,Electronic Arts,77.0,22,8.4,9,EA Canada,E,2000s,FIFA,3.1354942159291497,2.302585092994046
PS3,2011,Racing,Sony Computer Entertainment,77.0,74,7.7,155,Evolution Studios,T,2010s,Other,4.31748811353631,5.049856007249537
PSP,2009,Role-Playing,Falcom Corporation,79.0,27,8.5,65,Falcom,T,2000s,Other,3.332204510175204,4.189654742026425
PS3,2013,Sports,Sony Computer Entertainment,87.0,36,7.8,114,SCEA San Diego Studios,E,2010s,Other,3.610917912644224,4.74493212836325
PS2,2002,Adventure,TDK Mediactive,59.0,8,5.2,6,Digital Illusions,T,2000s,Other,2.19722457733622,1.9459101490553128
PS3,2012,Role-Playing,Focus Home Interactive,53.0,14,5.5,81,"Cyanide, Cyanide Studios",M,2010s,Other,2.70805020110221,4.406719247264253
X360,2013,Racing,Codemasters,79.0,29,6.6,33,Codemasters,E,2010s,Other,3.4011973816621555,3.5263605246161616
DS,2008,Action,Activision,80.0,15,7.9,16,TT Fusion,E,2000s,Other,2.772588722239781,2.833213344056216
DS,2007,Action,THQ,64.0,5,7.5,27,THQ,E,2000s,Other,1.791759469228055,3.332204510175204
Wii,2007,Sports,Electronic Arts,74.0,52,8.1,60,EA Montreal,E,2000s,Other,3.970291913552122,4.110873864173311
XB,2004,Misc,Gathering of Developers,47.0,20,5.4,7,Top Heavy Studios,M,2000s,Other,3.044522437723423,2.079441541679836
PS,2001,Racing,Activision,76.0,8,8.7,9,Traveller's Tales,E,2000s,Other,2.19722457733622,2.302585092994046
PS3,2010,Shooter,Conspiracy Entertainment,45.0,7,7.5,27,Epicenter Studios,T,2010s,Other,2.079441541679836,3.332204510175204
PS2,2008,Action,Tecmo Koei,52.0,9,8.5,13,Omega Force,T,2000s,Other,2.302585092994046,2.639057329615259
DS,2007,Sports,UFO Interactive,40.0,7,7.5,27,FrontLine Studios,E,2000s,Other,2.079441541679836,3.332204510175204
PC,2005,Simulation,Graphsim Entertainment,90.0,7,8.6,37,Lead Pursuit,T,2000s,Other,2.079441541679836,3.6375861597263857
PS2,2004,Sports,Sony Computer Entertainment,71.0,38,7.8,5,Harmonix Music Systems,E,2000s,Other,3.6635616461296463,1.791759469228055
PC,2007,Shooter,Activision,92.0,40,8.5,2360,Infinity Ward,M,2000s,Call of Duty,3.713572066704308,7.766840537085513
PS2,2005,Role-Playing,Square Enix,58.0,23,8.0,35,Square Enix,E10+,2000s,Other,3.1780538303479458,3.58351893845611
XB,2003,Shooter,Microsoft Game Studios,77.0,45,7.8,49,Digital Anvil,M,2000s,Other,3.828641396489095,3.912023005428146
PC,2013,Shooter,Sega,45.0,40,3.5,1156,Gearbox Software,M,2010s,Other,3.713572066704308,7.053585727193677
XOne,2014,Action,Square Enix,51.0,17,7.0,130,Airtight Games,M,2010s,Other,2.8903717578961645,4.875197323201151
PSP,2010,Shooter,Sony Computer Entertainment,74.0,51,8.0,20,Slant Six,T,2010s,Other,3.951243718581428,3.044522437723423
3DS,2012,Fighting,Nintendo,64.0,42,5.9,39,Arika,T,2010s,Other,3.7612001156935615,3.688879454113936
X360,2010,Shooter,Electronic Arts,74.0,71,6.7,288,"Dice, Danger Close",M,2010s,Other,4.276666119016055,5.666426688112432
XB,2002,Racing,Microsoft Game Studios,56.0,13,7.5,27,Genki,T,2000s,Other,2.639057329615259,3.332204510175204
XB,2003,Racing,Midway Games,57.0,22,7.5,27,Midway,T,2000s,Other,3.1354942159291497,3.332204510175204
PS4,2015,Action,Warner Bros. Interactive Entertainment,80.0,53,7.1,65,Traveller's Tales,E10+,2010s,Other,3.9889840465642745,4.189654742026425
X360,2007,Sports,Electronic Arts,82.0,43,7.9,57,EA Canada,E,2000s,FIFA,3.784189633918261,4.060443010546419
PC,2011,Action,THQ,84.0,22,8.1,1263,Volition Inc.,M,2010s,Other,3.1354942159291497,7.142036574706803
PC,2013,Action,Capcom,65.0,26,7.4,1007,DONTNOD Entertainment,M,2010s,Other,3.295836866004329,6.915723448631314
PS2,2008,Action,Konami Digital Entertainment,70.0,21,7.4,59,Climax Group,M,2000s,Other,3.091042453358316,4.0943445622221
DS,2008,Platform,Vivendi Games,45.0,12,5.8,8,TOSE,E,2000s,Other,2.5649493574615367,2.19722457733622
GC,2004,Shooter,Electronic Arts,60.0,35,6.7,14,EA LA,T,2000s,Other,3.58351893845611,2.70805020110221
PC,2011,Action,Deep Silver,80.0,24,6.8,1428,Techland,M,2010s,Other,3.218875824868201,7.264730177929867
DS,2006,Role-Playing,Rising Star Games,78.0,26,8.1,52,Neverland,E,2000s,Other,3.295836866004329,3.970291913552122
DS,2007,Racing,THQ,72.0,7,7.5,27,Juice Games,T,2000s,Other,2.079441541679836,3.332204510175204
GC,2004,Shooter,Activision,74.0,31,8.9,13,Exakt,T,2000s,Call of Duty,3.4657359027997265,2.639057329615259
PC,2009,Action,Capcom,86.0,30,7.1,597,Capcom,M,2000s,Other,3.4339872044851463,6.393590753950631
PC,2006,Action,Eidos Interactive,82.0,31,7.9,244,Nixxes Software,T,2000s,Other,3.4657359027997265,5.501258210544727
Wii,2007,Shooter,Vivendi Games,80.0,55,8.2,26,Kuju Entertainment,E,2000s,Other,4.02535169073515,3.295836866004329
GBA,2002,Platform,THQ,62.0,4,8.8,8,Digital Eclipse,E,2000s,Other,1.6094379124341005,2.19722457733622
Wii,2007,Sports,505 Games,52.0,11,5.4,23,Point of View,E,2000s,Other,2.4849066497880004,3.1780538303479458
PC,2010,Strategy,Activision,93.0,82,8.2,3052,Blizzard Entertainment,T,2010s,Other,4.418840607796598,8.023879992734878
DS,2008,Action,Warner Bros. Interactive Entertainment,72.0,16,8.0,16,TT Fusion,E10+,2000s,Other,2.833213344056216,2.833213344056216
XB,2003,Platform,Namco Bandai Games,75.0,18,8.4,8,Argonaut Games,T,2000s,Other,2.9444389791664403,2.19722457733622
PS2,2001,Sports,Acclaim Entertainment,77.0,16,7.6,8,Acclaim Studios Austin,E,2000s,Other,2.833213344056216,2.19722457733622
PSP,2006,Puzzle,Majesco Entertainment,51.0,5,7.5,27,Irem,E,2000s,Other,1.791759469228055,3.332204510175204
GBA,2003,Platform,Vivendi Games,75.0,21,7.8,30,Vicarious Visions,E,2000s,Other,3.091042453358316,3.4339872044851463
XB,2001,Racing,Infogrames,78.0,18,7.5,27,Monster Games Inc.,E,2000s,Other,2.9444389791664403,3.332204510175204
GC,2002,Misc,Infogrames,75.0,26,8.8,41,Sonic Team,E,2000s,Other,3.295836866004329,3.737669618283368
PS2,2008,Platform,THQ,67.0,8,8.4,9,Asobo Studio,E,2000s,Other,2.19722457733622,2.302585092994046
PS2,2008,Sports,Electronic Arts,67.0,4,7.0,24,EA Tiburon,E,2000s,Madden,1.6094379124341005,3.218875824868201
XB,2002,Action,Electronic Arts,77.0,13,7.2,12,Eurocom Entertainment Software,E,2000s,Other,2.639057329615259,2.5649493574615367
PS2,2007,Action,Tecmo Koei,55.0,14,8.2,16,Omega Force,T,2000s,Other,2.70805020110221,2.833213344056216
PS4,2015,Platform,Sony Computer Entertainment,81.0,70,8.1,188,Media Molecule,E,2010s,Other,4.262679877041316,5.241747015059643
X360,2006,Sports,Take-Two Interactive,78.0,51,7.9,166,Kush Games,E10+,2000s,Other,3.951243718581428,5.117993812416755
PS3,2012,Simulation,Konami Digital Entertainment,73.0,27,8.4,18,Gaijin Entertainment,T,2010s,Other,3.332204510175204,2.9444389791664403
GC,2001,Sports,Midway Games,79.0,13,8.7,7,Midway,E,2000s,Other,2.639057329615259,2.079441541679836
X360,2008,Action,Ubisoft,80.0,34,7.8,46,Ubisoft Montreal,T,2000s,Other,3.555348061489413,3.8501476017100575
DS,2010,Action,Electronic Arts,56.0,6,6.0,4,Full Fat,E10+,2010s,Other,1.9459101490553128,1.6094379124341005
PC,2016,Role-Playing,Focus Home Interactive,56.0,34,6.8,149,"Spidersoft, Spiders",M,2010s,Other,3.555348061489413,5.010635294096256
PC,2005,Action,Take-Two Interactive,93.0,47,8.9,1841,Rockstar North,M,2000s,Grand Theft Auto,3.8712010109078903,7.518607216815252
DS,2006,Role-Playing,Rising Star Games,73.0,36,8.2,35,Grasshopper Manufacture,E10+,2000s,Other,3.610917912644224,3.58351893845611
PS4,2016,Action,PQube,57.0,11,7.8,9,Acquire,T,2010s,Other,2.4849066497880004,2.302585092994046
X360,2010,Shooter,Sega,64.0,64,7.3,247,Rebellion,M,2010s,Other,4.174387269895637,5.513428746164983
PC,2009,Shooter,Warner Bros. Interactive Entertainment,79.0,49,7.8,520,Monolith Productions,M,2000s,Other,3.912023005428146,6.255750041753367
PC,1998,Role-Playing,Interplay,91.0,22,9.2,813,Black Isle Studios,T,1990s,Other,3.1354942159291497,6.70196036600254
PS2,2004,Action,Acclaim Entertainment,64.0,31,8.0,10,Acclaim Studios Cheltenham,T,2000s,Other,3.4657359027997265,2.3978952727983707
PS3,2007,Action,Sony Computer Entertainment,79.0,64,8.3,544,Ninja Theory,T,2000s,Other,4.174387269895637,6.300785794663244
X360,2009,Action,Tecmo Koei,59.0,24,7.3,28,Omega Force,T,2000s,Other,3.218875824868201,3.367295829986474
3DS,2014,Action,Unknown,69.0,16,7.6,32,Indies Zero,E,2010s,Other,2.833213344056216,3.49650756146648
GC,2005,Shooter,Activision,76.0,28,7.9,14,Treyarch,T,2000s,Call of Duty,3.367295829986474,2.70805020110221
X360,2013,Role-Playing,Activision,87.0,42,6.6,384,Blizzard Entertainment,M,2010s,Other,3.7612001156935615,5.953243334287785
X360,2007,Shooter,Midway Games,77.0,59,7.6,91,Midway,M,2000s,Other,4.0943445622221,4.5217885770490405
PS2,2001,Misc,THQ,82.0,21,8.7,25,Koei/Inis,E,2000s,Other,3.091042453358316,3.258096538021482
PS3,2008,Sports,Midway Games,54.0,23,6.5,4,Midway,E,2000s,Other,3.1780538303479458,1.6094379124341005
PS3,2009,Misc,Activision,76.0,45,5.7,9,Neversoft Entertainment,E10+,2000s,Other,3.828641396489095,2.302585092994046
PS2,2004,Sports,Electronic Arts,80.0,36,8.9,45,EA Tiburon,E,2000s,Other,3.610917912644224,3.828641396489095
DS,2005,Strategy,THQ,44.0,19,6.6,25,Altron,E,2000s,Other,2.995732273553991,3.258096538021482
PSP,2007,Role-Playing,Square Enix,67.0,34,7.7,47,TOSE,E10+,2000s,Final Fantasy,3.555348061489413,3.8712010109078903
DS,2006,Role-Playing,Nintendo,65.0,34,6.0,21,Nex Entertainment,E10+,2000s,Other,3.555348061489413,3.091042453358316
PS2,2005,Action,Vivendi Games,47.0,21,6.6,129,Genuine Games,M,2000s,Other,3.091042453358316,4.867534450455582
XB,2004,Shooter,Global Star,44.0,26,7.5,27,Tactical Development,T,2000s,Other,3.295836866004329,3.332204510175204
PC,2010,Simulation,Paradox Interactive,49.0,5,6.2,27,VSTEP,E,2010s,Other,1.791759469228055,3.332204510175204
PS2,2002,Sports,Sega,89.0,21,8.0,22,Visual Concepts,E,2000s,Other,3.091042453358316,3.1354942159291497
PC,2007,Role-Playing,Atari,81.0,50,8.8,1116,CD Projekt Red Studio,M,2000s,Other,3.9318256327243257,7.018401799069201
PS3,2007,Action,LucasArts,80.0,18,6.7,87,Traveller's Tales,E10+,2000s,Other,2.9444389791664403,4.477336814478207
PSP,2010,Role-Playing,Square Enix,82.0,62,8.6,208,Square Enix,E10+,2010s,Other,4.143134726391533,5.342334251964811
XB,2004,Sports,Electronic Arts,85.0,28,7.6,14,EA Canada,E,2000s,Other,3.367295829986474,2.70805020110221
PS2,2007,Platform,Activision,50.0,14,6.5,28,Vicarious Visions,T,2000s,Other,2.70805020110221,3.367295829986474
PS,2000,Shooter,Electronic Arts,86.0,16,9.0,44,Dreamworks Interactive,T,2000s,Other,2.833213344056216,3.80666248977032
PS2,2000,Puzzle,Acclaim Entertainment,75.0,11,7.5,27,Taito Corporation,E,2000s,Other,2.4849066497880004,3.332204510175204
PS2,2008,Sports,Sega,70.0,9,8.3,4,Sumo Digital,E10+,2000s,Other,2.302585092994046,1.6094379124341005
Wii,2010,Action,Capcom,65.0,18,8.8,13,Capcom,T,2010s,Other,2.9444389791664403,2.639057329615259
GBA,2003,Platform,Universal Interactive,72.0,13,7.5,15,Digital Eclipse,E,2000s,Other,2.639057329615259,2.772588722239781
PS2,2005,Misc,Namco Bandai Games,61.0,21,7.5,27,Digital Eclipse,E10+,2000s,Other,3.091042453358316,3.332204510175204
X360,2006,Simulation,Ubisoft,66.0,58,7.9,53,Ubisoft,T,2000s,Other,4.07753744390572,3.9889840465642745
X360,2013,Fighting,Warner Bros. Interactive Entertainment,81.0,63,7.9,362,NetherRealm Studios,T,2010s,Other,4.158883083359672,5.8944028342648505
GC,2004,Platform,Vivendi Games,62.0,13,8.3,10,Eurocom Entertainment Software,E,2000s,Other,2.639057329615259,2.3978952727983707
PS2,2002,Racing,Electronic Arts,73.0,22,7.7,6,Electronic Arts,T,2000s,Other,3.1354942159291497,1.9459101490553128
X360,2009,Sports,Activision,46.0,43,3.0,67,Robomodo,E10+,2000s,Other,3.784189633918261,4.219507705176107
PSV,2013,Role-Playing,Sony Computer Entertainment,77.0,71,8.2,298,"SCE Japan Studio, comcept",M,2010s,Other,4.276666119016055,5.700443573390686
PC,2012,Action,Unknown,84.0,30,8.3,1010,"Edmund McMillen, Florian Himsl",Unknown,2010s,Other,3.4339872044851463,6.918695219020472
PS,2000,Shooter,Fox Interactive,61.0,12,7.5,15,Argonaut Games,M,2000s,Other,2.5649493574615367,2.772588722239781
PSP,2005,Sports,Sony Computer Entertainment,72.0,19,5.4,8,SCEA Sports Studio,E,2000s,Other,2.995732273553991,2.19722457733622
DS,2009,Simulation,505 Games,41.0,4,2.4,5,DiP Interactive,E10+,2000s,Other,1.6094379124341005,1.791759469228055
PSP,2005,Fighting,Electronic Arts,58.0,15,8.7,30,EA Canada,T,2000s,Other,2.772588722239781,3.4339872044851463
Wii,2008,Action,Activision,63.0,20,6.9,13,"Treyarch, Shaba Games",T,2000s,Other,3.044522437723423,2.639057329615259
PS3,2008,Fighting,Ubisoft,85.0,65,7.9,129,Namco,T,2000s,Other,4.189654742026425,4.867534450455582
PC,2013,Shooter,Trion Worlds,64.0,40,6.5,661,Trion Worlds,M,2010s,Other,3.713572066704308,6.495265555937008
Wii,2008,Action,Disney Interactive Studios,63.0,5,7.1,12,Traveller's Tales,T,2000s,Other,1.791759469228055,2.5649493574615367
PS2,2002,Strategy,Tecmo Koei,71.0,12,6.6,5,Koei,E,2000s,Other,2.5649493574615367,1.791759469228055
PS2,2002,Racing,Sony Computer Entertainment,83.0,21,8.5,43,Studio Liverpool,E,2000s,Other,3.091042453358316,3.784189633918261
X360,2010,Misc,Activision,86.0,66,7.9,23,FreeStyleGames,T,2010s,Other,4.204692619390966,3.1780538303479458
X360,2008,Shooter,Microsoft Game Studios,93.0,90,7.7,2739,Epic Games,M,2000s,Other,4.51085950651685,7.915713199382116
PS4,2016,Racing,Milestone S.r.l,71.0,28,8.1,73,Milestone S.r.l,E,2010s,Other,3.367295829986474,4.304065093204169
DS,2005,Shooter,Konami Digital Entertainment,33.0,14,7.0,9,Konami Computer Entertainment Hawaii,E,2000s,Other,2.70805020110221,2.302585092994046
PC,2011,Action,Ubisoft,88.0,24,8.2,1102,Ubisoft Montreal,M,2010s,Other,3.218875824868201,7.005789019253503
X360,2009,Misc,Activision,57.0,34,5.8,17,"Neversoft Entertainment, Underground Development",T,2000s,Other,3.555348061489413,2.8903717578961645
X360,2011,Sports,THQ,70.0,36,6.5,15,THQ,E,2010s,Other,3.610917912644224,2.772588722239781
PC,2012,Role-Playing,Activision,88.0,86,4.0,9629,Blizzard Entertainment,M,2010s,Other,4.465908118654584,9.172638504792172
X360,2011,Misc,Ubisoft,70.0,34,7.7,17,Ubisoft,E10+,2010s,Other,3.555348061489413,2.8903717578961645
PS3,2011,Action,Capcom,72.0,31,7.1,35,Capcom Vancouver,M,2010s,Other,3.4657359027997265,3.58351893845611
XB,2004,Action,Disney Interactive Studios,69.0,36,4.3,4,Climax Group,T,2000s,Other,3.610917912644224,1.6094379124341005
PC,2011,Shooter,THQ,70.0,36,5.5,531,Digital Extremes,M,2010s,Other,3.610917912644224,6.2766434893416445
X360,2011,Simulation,Deep Silver,45.0,5,4.5,8,Trickstar Games,T,2010s,Other,1.791759469228055,2.19722457733622
PS4,2014,Strategy,Tecmo Koei,80.0,20,8.1,46,Koei Tecmo Games,T,2010s,Other,3.044522437723423,3.8501476017100575
X360,2010,Shooter,Namco Bandai Games,61.0,64,7.0,34,Volatile Games,M,2010s,Other,4.174387269895637,3.555348061489413
X360,2014,Action,Konami Digital Entertainment,70.0,22,7.8,239,Mercury Steam,M,2010s,Other,3.1354942159291497,5.480638923341991
PS2,2001,Sports,Electronic Arts,94.0,23,7.9,46,EA Sports,E,2000s,Madden,3.1780538303479458,3.8501476017100575
PS2,2004,Platform,Sony Computer Entertainment,88.0,64,9.0,178,Sucker Punch,E,2000s,Other,4.174387269895637,5.187385805840755
XB,2004,Shooter,Activision,74.0,11,9.2,42,WXP,T,2000s,Other,2.4849066497880004,3.7612001156935615
PS2,2003,Misc,Ubisoft,79.0,9,7.3,13,Ubisoft Romania,E,2000s,Other,2.302585092994046,2.639057329615259
PC,2011,Simulation,Ubisoft,60.0,13,7.1,114,1C: Maddox Games,T,2010s,Other,2.639057329615259,4.74493212836325
PS3,2009,Action,Ubisoft Annecy,83.0,52,7.7,115,Team Ninja,M,2000s,Other,3.970291913552122,4.7535901911063645
3DS,2014,Role-Playing,Nintendo,57.0,25,4.8,19,"RED Entertainment, Spike Chunsoft",E10+,2010s,Other,3.258096538021482,2.995732273553991
XB,2005,Action,Zoo Digital Publishing,66.0,13,7.5,27,Krome Studios,E10+,2000s,Other,2.639057329615259,3.332204510175204
DS,2006,Platform,Nintendo,89.0,65,8.5,431,Nintendo,E,2000s,Mario,4.189654742026425,6.068425588244111
XB,2006,Shooter,Eidos Interactive,62.0,27,7.5,27,Pyro Studios,T,2000s,Other,3.332204510175204,3.332204510175204
PS3,2009,Action,Electronic Arts,67.0,53,7.2,50,EA Redwood Shores,M,2000s,Other,3.9889840465642745,3.9318256327243257
PS3,2007,Shooter,Codemasters,60.0,34,7.1,52,"Mercury Steam, Alchemic Productions",M,2000s,Other,3.555348061489413,3.970291913552122
PC,2010,Strategy,Ubisoft,79.0,33,5.2,213,Blue Byte,E10+,2010s,Other,3.5263605246161616,5.365976015021851
PS3,2008,Sports,Electronic Arts,75.0,32,7.8,15,EA Canada,E,2000s,Other,3.49650756146648,2.772588722239781
X360,2012,Role-Playing,Microsoft Game Studios,61.0,70,4.8,80,Lionhead Studios,T,2010s,Other,4.262679877041316,4.394449154672439
PC,2013,Shooter,Take-Two Interactive,66.0,45,6.5,621,2K Marin,M,2010s,Other,3.828641396489095,6.432940092739179
PS2,2005,Action,Sony Computer Entertainment,51.0,45,6.2,24,Namco,M,2000s,Other,3.828641396489095,3.218875824868201
PC,2016,Strategy,Paradox Interactive,78.0,57,8.0,569,Paradox Development Studio,Unknown,2010s,Other,4.060443010546419,6.345636360828596
DS,2009,Action,Activision,54.0,4,7.5,27,Activision,E,2000s,Other,1.6094379124341005,3.332204510175204
PSP,2005,Shooter,Electronic Arts,54.0,26,7.2,22,Rebellion,M,2000s,Other,3.295836866004329,3.1354942159291497
PS2,2005,Role-Playing,Sega,81.0,15,7.3,26,RED Entertainment,T,2000s,Other,2.772588722239781,3.295836866004329
XB,2004,Action,Konami Digital Entertainment,76.0,43,8.3,26,KCET,M,2000s,Other,3.784189633918261,3.295836866004329
PS3,2011,Racing,Konami Digital Entertainment,67.0,5,6.8,4,Isopod Labs,E10+,2010s,Other,1.791759469228055,1.6094379124341005
PS2,2003,Racing,Sega,57.0,21,7.5,27,Sega,T,2000s,Other,3.091042453358316,3.332204510175204
PSV,2011,Racing,Codemasters,66.0,27,6.2,25,Codemasters,E,2010s,Other,3.332204510175204,3.258096538021482
GC,2001,Racing,Nintendo,80.0,21,8.3,29,Nintendo,E,2000s,Other,3.091042453358316,3.4011973816621555
PSP,2006,Misc,Activision,75.0,10,7.5,27,Digital Eclipse,E,2000s,Other,2.3978952727983707,3.332204510175204
XOne,2014,Action,Take-Two Interactive,97.0,14,7.9,764,Rockstar North,M,2010s,Grand Theft Auto,2.70805020110221,6.639875833826536
PS2,2001,Role-Playing,Ubisoft,70.0,14,7.5,6,Racjin,T,2000s,Other,2.70805020110221,1.9459101490553128
PC,2008,Action,Ubisoft,85.0,34,5.8,1345,Ubisoft Montreal,M,2000s,Other,3.555348061489413,7.204892510204673
PS4,2016,Shooter,Deep Silver,48.0,43,3.8,212,Deep Silver Dambuster Studios,M,2010s,Other,3.784189633918261,5.3612921657094255
DS,2008,Platform,Brash Entertainment,59.0,5,7.5,27,"Red Tribe, Brash Entertainment",E,2000s,Other,1.791759469228055,3.332204510175204
PS3,2006,Action,Sony Computer Entertainment,55.0,46,5.8,30,Game Republic,T,2000s,Other,3.8501476017100575,3.4339872044851463
PC,2015,Strategy,Unknown,65.0,14,7.7,90,Subterranean Games,Unknown,2010s,Other,2.70805020110221,4.51085950651685
PS2,2003,Action,Kemco,61.0,26,9.2,6,Bits Studios,M,2000s,Other,3.295836866004329,1.9459101490553128
PS2,2005,Role-Playing,Sega,69.0,12,8.1,20,Neverland,T,2000s,Other,2.5649493574615367,3.044522437723423
GBA,2004,Shooter,Vivendi Games,47.0,11,7.5,27,Saffire,E,2000s,Other,2.4849066497880004,3.332204510175204
X360,2011,Platform,Sega,77.0,49,8.3,340,"Sega, Sonic Team",E,2010s,Other,3.912023005428146,5.831882477283517
PS3,2014,Role-Playing,Namco Bandai Games,91.0,69,8.1,1107,From Software,T,2010s,Other,4.248495242049359,7.010311867307229
DS,2006,Role-Playing,Nintendo,69.0,21,7.6,50,HAL Labs,E,2000s,Pokemon,3.091042453358316,3.9318256327243257
XB,2005,Sports,Take-Two Interactive,44.0,14,7.5,27,Cat Daddy Games,T,2000s,Other,2.70805020110221,3.332204510175204
PS2,2004,Action,Ubisoft,65.0,24,8.6,12,Venom Games,T,2000s,Other,3.218875824868201,2.5649493574615367
Wii,2006,Action,Ubisoft,61.0,12,7.4,16,Ubisoft Shanghai,M,2000s,Other,2.5649493574615367,2.833213344056216
DS,2009,Puzzle,Oxygen Interactive,65.0,6,7.5,27,Oxygen Interactive,E,2000s,Other,1.9459101490553128,3.332204510175204
PS2,2003,Adventure,Sony Computer Entertainment,61.0,31,7.7,9,SCEJ,M,2000s,Other,3.4657359027997265,2.302585092994046
PS3,2011,Sports,Deep Silver,53.0,6,7.5,27,49Games,E,2010s,Other,1.9459101490553128,3.332204510175204
DS,2012,Role-Playing,Nintendo,80.0,40,8.2,89,Koei,E,2010s,Pokemon,3.713572066704308,4.499809670330265
PS3,2010,Adventure,Namco Bandai Games,72.0,49,7.9,35,Game Republic,T,2010s,Other,3.912023005428146,3.58351893845611
PS3,2009,Sports,Spike,61.0,19,4.0,6,2K Sports,E,2000s,Other,2.995732273553991,1.9459101490553128
3DS,2014,Platform,Nintendo,80.0,68,8.8,206,HAL Labs,E,2010s,Other,4.23410650459726,5.332718793265369
PS3,2008,Shooter,Codemasters,42.0,28,5.5,33,Spark Unlimited,T,2000s,Other,3.367295829986474,3.5263605246161616
PS3,2007,Simulation,Sony Computer Entertainment,84.0,50,8.4,183,Incognito Inc.,T,2000s,Other,3.9318256327243257,5.214935757608986
PC,2016,Role-Playing,Square Enix,83.0,55,6.1,684,"Eidos Montreal, Nixxes Software",M,2010s,Other,4.02535169073515,6.529418838262226
PS2,2003,Misc,Midway Games,76.0,22,7.5,27,Midway,T,2000s,Other,3.1354942159291497,3.332204510175204
DS,2008,Simulation,Atlus,79.0,29,8.5,11,Vanguard,T,2000s,Other,3.4011973816621555,2.4849066497880004
GC,2003,Role-Playing,Ubisoft,79.0,28,8.9,148,Marvelous,E,2000s,Other,3.367295829986474,5.003946305945459
PS2,2008,Sports,Electronic Arts,55.0,4,7.5,27,EA Canada,E,2000s,Other,1.6094379124341005,3.332204510175204
DS,2008,Strategy,THQ,80.0,32,8.7,27,5TH Cell,E,2000s,Other,3.49650756146648,3.332204510175204
PS3,2011,Shooter,D3Publisher,63.0,28,7.0,24,Vicious Cycle,T,2010s,Other,3.367295829986474,3.218875824868201
PS2,2002,Racing,Infogrames,62.0,14,7.5,27,Tantalus Interactive,E,2000s,Other,2.70805020110221,3.332204510175204
X360,2010,Action,Take-Two Interactive,74.0,79,7.8,458,2K Czech,M,2010s,Other,4.382026634673881,6.129050210060545
XB,2001,Platform,TDK Mediactive,49.0,19,5.4,9,Digital Illusions,T,2000s,Other,2.995732273553991,2.302585092994046
PS,2000,Racing,Infogrames,71.0,11,7.5,27,Circus Freak,E,2000s,Other,2.4849066497880004,3.332204510175204
Wii,2008,Misc,MTV Games,92.0,10,7.7,45,Harmonix Music Systems,T,2000s,Other,2.3978952727983707,3.828641396489095
DS,2011,Platform,Majesco Entertainment,79.0,15,8.0,15,DreamRift,E,2010s,Other,2.772588722239781,2.772588722239781
PS4,2015,Role-Playing,Namco Bandai Games,63.0,32,6.3,60,"Bandai Namco Games, Artdink",T,2010s,Other,3.49650756146648,4.110873864173311
XB,2002,Simulation,Microsoft Game Studios,83.0,20,8.5,20,Capcom,T,2000s,Other,3.044522437723423,3.044522437723423
X360,2007,Shooter,Ubisoft,86.0,58,8.1,89,"Red Storm Entertainment, Ubisoft Paris",T,2000s,Other,4.07753744390572,4.499809670330265
X360,2010,Shooter,City Interactive,45.0,39,5.8,89,City Interactive,M,2010s,Other,3.688879454113936,4.499809670330265
GC,2005,Action,Activision,61.0,32,4.0,6,7 Studios,T,2000s,Other,3.49650756146648,1.9459101490553128
XB,2006,Action,Activision,53.0,38,8.1,7,"Z-Axis, Ltd.",T,2000s,Other,3.6635616461296463,2.079441541679836
GBA,2002,Racing,Rebellion,41.0,5,4.3,12,Destination Software,E,2000s,Other,1.791759469228055,2.5649493574615367
GBA,2003,Racing,Activision,80.0,12,9.4,5,Mass Media,E,2000s,Other,2.5649493574615367,1.791759469228055
GC,2002,Action,Midway Games,60.0,20,9.1,16,Midway,T,2000s,Other,3.044522437723423,2.833213344056216
XB,2003,Racing,Sega,72.0,32,9.2,5,Wow Entertainment,T,2000s,Other,3.49650756146648,1.791759469228055
PC,2003,Strategy,Eidos Interactive,78.0,23,8.2,38,Pyro Studios,T,2000s,Other,3.1780538303479458,3.6635616461296463
PS2,2005,Action,Capcom,70.0,39,8.1,36,Grasshopper Manufacture,M,2000s,Other,3.688879454113936,3.610917912644224
PS2,2001,Racing,Electronic Arts,58.0,4,7.5,27,Attention Software,E,2000s,Other,1.6094379124341005,3.332204510175204
X360,2010,Sports,Electronic Arts,75.0,30,7.0,24,EA Canada,E,2010s,Other,3.4339872044851463,3.218875824868201
XOne,2016,Sports,Electronic Arts,84.0,50,5.5,201,"EA Sports, EA Vancouver",E,2010s,FIFA,3.9318256327243257,5.308267697401205
PS,1999,Fighting,Acclaim Entertainment,43.0,7,6.3,4,Acclaim,E,1990s,Other,2.079441541679836,1.6094379124341005
DS,2006,Racing,Electronic Arts,70.0,6,7.5,15,Exient Entertainment,E,2000s,Other,1.9459101490553128,2.772588722239781
XB,2006,Fighting,SNK Playmore,62.0,17,7.5,27,SNK Playmore,T,2000s,Other,2.8903717578961645,3.332204510175204
DS,2007,Action,Namco Bandai Games,77.0,30,7.3,15,Indies Zero,E,2000s,Other,3.4339872044851463,2.772588722239781
PS,2001,Racing,Empire Interactive,53.0,4,5.8,4,Toolbox Design,E,2000s,Other,1.6094379124341005,1.6094379124341005
X360,2006,Sports,Electronic Arts,59.0,32,4.9,60,EA Sports,E,2000s,Other,3.49650756146648,4.110873864173311
PS2,2006,Role-Playing,Sega,68.0,18,8.5,23,Sonic Team,T,2000s,Other,2.9444389791664403,3.1780538303479458
XB,2004,Shooter,Crave Entertainment,31.0,5,7.5,27,Point of View,T,2000s,Other,1.791759469228055,3.332204510175204
XB,2002,Shooter,From Software,48.0,18,7.5,4,From Software,T,2000s,Other,2.9444389791664403,1.6094379124341005
X360,2009,Shooter,THQ,71.0,54,6.4,64,Swordfish Studios,M,2000s,Other,4.007333185232471,4.174387269895637
X360,2012,Action,THQ,85.0,60,7.6,88,Yuke's,T,2010s,Other,4.110873864173311,4.48863636973214
GBA,2004,Adventure,Nintendo,89.0,50,9.0,132,Nintendo,E,2000s,Other,3.9318256327243257,4.890349128221754
X360,2010,Role-Playing,Bethesda Softworks,84.0,81,8.1,769,Obsidian Entertainment,M,2010s,Other,4.406719247264253,6.646390514847729
DC,2000,Role-Playing,Sega,89.0,21,9.1,33,Sonic Team,T,2000s,Other,3.091042453358316,3.5263605246161616
Wii,2007,Platform,Vivendi Games,60.0,8,6.4,15,Krome Studios,E10+,2000s,Other,2.19722457733622,2.772588722239781
X360,2010,Sports,Activision,55.0,4,7.5,27,Now Production,E,2010s,Other,1.6094379124341005,3.332204510175204
PS2,2006,Action,Atari,69.0,39,7.2,31,Double Helix Games,M,2000s,Other,3.688879454113936,3.4657359027997265
PS,2000,Sports,Electronic Arts,85.0,10,7.8,5,EA Sports,E,2000s,FIFA,2.3978952727983707,1.791759469228055
DS,2008,Action,D3Publisher,65.0,12,7.5,27,"Pam Development, 2K Sports",E,2000s,Other,2.5649493574615367,3.332204510175204
PC,2004,Racing,Codemasters,83.0,11,7.1,50,Codemasters,E,2000s,Other,2.4849066497880004,3.9318256327243257
PS2,2002,Sports,Electronic Arts,91.0,19,8.6,27,EA Sports,E,2000s,Other,2.995732273553991,3.332204510175204
X360,2013,Sports,Take-Two Interactive,87.0,23,4.9,150,Visual Concepts,E,2010s,Other,3.1780538303479458,5.017279836814924
Wii,2007,Action,D3Publisher,63.0,6,7.7,9,High Voltage Software,E10+,2000s,Other,1.9459101490553128,2.302585092994046
PS3,2010,Action,Capcom,80.0,54,6.7,178,Blue Castle Games,M,2010s,Other,4.007333185232471,5.187385805840755
DS,2007,Fighting,Sega,82.0,28,7.9,14,Treasure,T,2000s,Other,3.367295829986474,2.70805020110221
PC,2007,Simulation,Electronic Arts,78.0,20,7.3,29,Maxis,T,2000s,Other,3.044522437723423,3.4011973816621555
PS4,2015,Shooter,Activision,86.0,81,6.0,1079,Bungie,T,2010s,Other,4.406719247264253,6.984716320118265
XB,2005,Shooter,Ubisoft,70.0,19,7.4,21,Secret Level,T,2000s,Other,2.995732273553991,3.091042453358316
PS2,2003,Platform,Sony Computer Entertainment,87.0,47,8.2,241,Naughty Dog,T,2000s,Other,3.8712010109078903,5.488937726156687
XB,2005,Action,Activision,71.0,20,9.3,4,Shaba Games,E10+,2000s,Other,3.044522437723423,1.6094379124341005
Wii,2007,Platform,Metro 3D,19.0,5,2.7,28,Data Design Interactive,E,2000s,Other,1.791759469228055,3.367295829986474
Wii,2008,Fighting,THQ,79.0,18,8.5,18,Yuke's,T,2000s,Other,2.9444389791664403,2.9444389791664403
PS4,2015,Action,Warner Bros. Interactive Entertainment,74.0,58,7.9,1287,Techland,M,2010s,Other,4.07753744390572,7.160845906664299
PSP,2006,Sports,Midway Games,69.0,17,7.7,7,Backbone Entertainment,E,2000s,Other,2.8903717578961645,2.079441541679836
PS2,2005,Action,Ubisoft,82.0,41,8.2,68,Ubisoft Montpellier,T,2000s,Other,3.737669618283368,4.23410650459726
X360,2008,Platform,Sega,60.0,50,7.8,238,Sonic Team,E10+,2000s,Other,3.9318256327243257,5.476463551931511
PC,2016,Action,Insomniac Games,73.0,12,6.3,15,Insomniac Games,E,2010s,Other,2.5649493574615367,2.772588722239781
XOne,2015,Shooter,Microsoft Game Studios,84.0,101,6.4,2438,343 Industries,T,2010s,Other,4.624972813284271,7.79934339821592
PS3,2010,Role-Playing,DTP Entertainment,47.0,14,6.5,6,Deck 13,T,2010s,Other,2.70805020110221,1.9459101490553128
PS2,2002,Racing,Midas Interactive Entertainment,53.0,17,8.4,8,Blade Interactive,E,2000s,Other,2.8903717578961645,2.19722457733622
Wii,2008,Misc,System 3 Arcade Software,82.0,16,8.8,36,Farsight Studios,E10+,2000s,Other,2.833213344056216,3.610917912644224
Wii,2009,Sports,Nintendo,80.0,33,7.4,52,Nintendo,E,2000s,Other,3.5263605246161616,3.970291913552122
XB,2005,Shooter,DreamCatcher Interactive,60.0,25,8.0,4,Mindware Studios,T,2000s,Other,3.258096538021482,1.6094379124341005
XB,2003,Shooter,LucasArts,79.0,41,7.2,15,Planet Moon Studios,T,2000s,Other,3.737669618283368,2.772588722239781
XB,2003,Shooter,Electronic Arts,64.0,27,8.2,11,Warthog,M,2000s,Other,3.332204510175204,2.4849066497880004
PC,2005,Adventure,Atari,85.0,41,8.3,375,Quantic Dream,M,2000s,Other,3.737669618283368,5.929589143389895
X360,2008,Sports,RTL,41.0,8,7.5,27,49Games,E,2000s,Other,2.19722457733622,3.332204510175204
X360,2008,Shooter,Ubisoft,82.0,66,7.8,176,Ubisoft Montreal,M,2000s,Other,4.204692619390966,5.176149732573829
GBA,2004,Platform,Nintendo,55.0,15,4.8,4,Nintendo,E,2000s,Other,2.772588722239781,1.6094379124341005
Wii,2009,Action,SouthPeak Games,48.0,13,7.5,27,Collision Studios,E10+,2000s,Other,2.639057329615259,3.332204510175204
X360,2011,Racing,Codemasters,84.0,61,7.1,54,Codemasters,E,2010s,Other,4.127134385045092,4.007333185232471
PS2,2003,Misc,TDK Mediactive,61.0,11,8.0,6,Mass Media,E,2000s,Other,2.4849066497880004,1.9459101490553128
XOne,2016,Action,Deep Silver,67.0,10,4.9,18,Techland,M,2010s,Other,2.3978952727983707,2.9444389791664403
PC,2003,Simulation,Microsoft Game Studios,85.0,39,9.0,185,Digital Anvil,T,2000s,Other,3.688879454113936,5.225746673713202
XB,2003,Action,Ubisoft,67.0,17,7.7,6,Ubisoft Montreal,T,2000s,Other,2.8903717578961645,1.9459101490553128
PS2,2001,Role-Playing,Virgin Interactive,87.0,29,8.3,90,Snowblind Studios,T,2000s,Other,3.4011973816621555,4.51085950651685
Wii,2008,Adventure,Scholastic Inc.,37.0,4,3.5,8,SScholastic Media,E10+,2000s,Other,1.6094379124341005,2.19722457733622
PS2,2002,Racing,Empire Interactive,62.0,15,5.3,20,Eutechnyx,T,2000s,Other,2.772588722239781,3.044522437723423
PS2,2004,Strategy,LucasArts,64.0,25,6.0,6,Double Helix Games,T,2000s,Other,3.258096538021482,1.9459101490553128
PS3,2008,Strategy,Take-Two Interactive,85.0,39,7.7,87,Firaxis Games,E10+,2000s,Other,3.688879454113936,4.477336814478207
Wii,2009,Misc,Ubisoft,49.0,21,8.0,110,Ubisoft Paris,E10+,2000s,Other,3.091042453358316,4.709530201312334
PS2,2002,Fighting,Titus,63.0,22,7.5,27,Saffire,T,2000s,Other,3.1354942159291497,3.332204510175204
DS,2007,Action,Warner Bros. Interactive Entertainment,66.0,16,7.5,27,WayForward,E,2000s,Other,2.833213344056216,3.332204510175204
PSP,2007,Fighting,Game Factory,38.0,12,7.5,27,Neko Entertainment,T,2000s,Other,2.5649493574615367,3.332204510175204
PSP,2007,Sports,Electronic Arts,75.0,10,6.8,8,EA Tiburon,E,2000s,Madden,2.3978952727983707,2.19722457733622
X360,2009,Adventure,Focus Home Interactive,62.0,24,6.8,14,Frogwares,T,2000s,Other,3.218875824868201,2.70805020110221
PS2,2002,Fighting,Midway Games,79.0,31,8.8,96,Midway,M,2000s,Other,3.4657359027997265,4.574710978503383
XOne,2014,Action,Ubisoft,72.0,59,4.1,1005,"Ubisoft, Ubisoft Montreal",M,2010s,Other,4.0943445622221,6.913737350659685
DS,2009,Simulation,Electronic Arts,64.0,9,7.5,27,EA Games,E,2000s,Other,2.302585092994046,3.332204510175204
PS2,2005,Misc,Midway Games,67.0,23,7.5,27,Digital Eclipse,E,2000s,Other,3.1780538303479458,3.332204510175204
GBA,2001,Sports,Starfish,69.0,5,7.5,27,Starfish,E,2000s,Other,1.791759469228055,3.332204510175204
PS3,2013,Role-Playing,Nippon Ichi Software,57.0,26,6.4,56,Compile Heart,T,2010s,Other,3.295836866004329,4.04305126783455
PSP,2006,Role-Playing,Ubisoft,65.0,46,8.3,28,Sony Online Entertainment,T,2000s,Other,3.8501476017100575,3.367295829986474
PS3,2008,Shooter,Activision,36.0,7,2.4,15,Activision,T,2000s,Other,2.079441541679836,2.772588722239781
PC,2003,Shooter,Take-Two Interactive,86.0,46,9.0,802,Remedy Entertainment,M,2000s,Other,3.8501476017100575,6.688354713946762
XB,2005,Platform,Global Star,57.0,6,7.5,27,High Voltage Software,E10+,2000s,Other,1.9459101490553128,3.332204510175204
Wii,2008,Action,Activision,54.0,11,7.5,26,Treyarch,T,2000s,Other,2.4849066497880004,3.295836866004329
PSP,2008,Action,Tecmo Koei,62.0,13,6.6,10,"Omega Force, Koei Canada",T,2000s,Other,2.639057329615259,2.3978952727983707
X360,2014,Fighting,Namco Bandai Games,53.0,17,5.1,44,Artdink,T,2010s,Other,2.8903717578961645,3.80666248977032
PC,2000,Simulation,Electronic Arts,92.0,38,7.9,451,Maxis,T,2000s,Other,3.6635616461296463,6.113682179832232
Wii,2010,Misc,MTV Games,76.0,12,8.8,11,Harmonix Music Systems,T,2010s,Other,2.5649493574615367,2.4849066497880004
Wii,2007,Sports,505 Games,36.0,5,7.5,27,Left Field Productions,E,2000s,Other,1.791759469228055,3.332204510175204
DS,2008,Role-Playing,Nobilis,46.0,8,7.0,5,"Neverland, Idea Factory",T,2000s,Other,2.19722457733622,1.791759469228055
PS3,2012,Shooter,Namco Bandai Games,56.0,23,5.4,43,Saber Interactive,M,2010s,Other,3.1780538303479458,3.784189633918261
X360,2006,Platform,Ubisoft,59.0,15,7.3,9,Ubisoft,E10+,2000s,Other,2.772588722239781,2.302585092994046
GC,2002,Shooter,Activision,75.0,17,7.8,19,Vicarious Visions,T,2000s,Other,2.8903717578961645,2.995732273553991
PS2,2003,Racing,Namco Bandai Games,66.0,35,6.2,5,Namco,T,2000s,Other,3.58351893845611,1.791759469228055
XB,2004,Sports,Electronic Arts,91.0,39,7.6,26,EA Tiburon,E,2000s,Madden,3.688879454113936,3.295836866004329
GC,2003,Sports,Infogrames,70.0,4,9.4,5,Humongous Entertainment,E,2000s,Other,1.6094379124341005,1.791759469228055
X360,2011,Misc,Sega,53.0,31,5.2,10,Sega,T,2010s,Other,3.4657359027997265,2.3978952727983707
PS2,2005,Sports,Electronic Arts,71.0,15,8.6,19,HB Studios Multimedia,E,2000s,Other,2.772588722239781,2.995732273553991
GC,2003,Action,Electronic Arts,84.0,23,8.5,21,Hypnos Entertainment,T,2000s,Other,3.1780538303479458,3.091042453358316
DS,2007,Puzzle,Disney Interactive Studios,74.0,36,6.6,5,Q Entertainment,E,2000s,Other,3.610917912644224,1.791759469228055
PC,2007,Strategy,Codemasters,81.0,27,8.1,220,Triumph Studios,T,2000s,Other,3.332204510175204,5.3981627015177525
Wii,2006,Platform,Midway Games,45.0,12,1.4,5,Artificial Mind and Movement,E10+,2000s,Other,2.5649493574615367,1.791759469228055
DS,2011,Misc,THQ,59.0,5,7.5,27,THQ,E,2010s,Other,1.791759469228055,3.332204510175204
X360,2009,Misc,Activision,71.0,56,5.9,18,Beenox,T,2000s,Other,4.04305126783455,2.9444389791664403
XB,2004,Role-Playing,Microsoft Game Studios,72.0,75,8.4,49,Climax Group,M,2000s,Other,4.330733340286331,3.912023005428146
Wii,2008,Action,Take-Two Interactive,83.0,34,8.4,60,Rockstar Toronto,T,2000s,Other,3.555348061489413,4.110873864173311
Wii,2007,Shooter,PQube,67.0,9,7.6,9,Alfa System,T,2000s,Other,2.302585092994046,2.302585092994046
DS,2006,Action,LucasArts,47.0,9,5.0,38,Amaze Entertainment,E,2000s,Other,2.302585092994046,3.6635616461296463
X360,2006,Action,Activision,52.0,57,6.1,20,"Z-Axis, Ltd.",T,2000s,Other,4.060443010546419,3.044522437723423
X360,2007,Racing,Microsoft Game Studios,90.0,66,8.3,381,Turn 10,E,2000s,Other,4.204692619390966,5.945420608606575
XB,2003,Sports,Sega,89.0,22,8.6,14,Blue Shift,E,2000s,Other,3.1354942159291497,2.70805020110221
PS4,2016,Action,Introversion Software,80.0,18,8.0,19,"Introversion, Double Eleven",M,2010s,Other,2.9444389791664403,2.995732273553991
PS2,2007,Sports,Take-Two Interactive,66.0,4,7.5,27,Visual Concepts,E,2000s,Other,1.6094379124341005,3.332204510175204
PS4,2016,Adventure,Sony Computer Entertainment,72.0,49,8.0,68,SuperMassive Games,M,2010s,Other,3.912023005428146,4.23410650459726
GBA,2002,Racing,Liquid Games,49.0,7,7.5,27,Tantalus Interactive,E,2000s,Other,2.079441541679836,3.332204510175204
GC,2001,Simulation,Nintendo,87.0,42,8.9,137,Nintendo,E,2000s,Other,3.7612001156935615,4.927253685157205
PS3,2012,Racing,Activision,76.0,4,4.5,15,Eutechnyx,E,2010s,Other,1.6094379124341005,2.772588722239781
PS3,2009,Action,Ubisoft,74.0,35,8.1,39,Ubisoft Romania,T,2000s,Other,3.58351893845611,3.688879454113936
X360,2014,Racing,Codemasters,64.0,14,4.1,20,Codemasters Birmingham,E,2010s,Other,2.70805020110221,3.044522437723423
Wii,2010,Misc,Activision,77.0,26,7.5,17,"Vicarious Visions, Neversoft Entertainment",T,2010s,Other,3.295836866004329,2.8903717578961645
Wii,2010,Platform,Disney Interactive Studios,73.0,78,7.0,131,Junction Point,E,2010s,Other,4.3694478524670215,4.882801922586371
Wii,2009,Role-Playing,Marvelous Interactive,64.0,26,7.8,43,"Image Epoch, Imageepoch",T,2000s,Other,3.295836866004329,3.784189633918261
PS,1998,Role-Playing,Sony Computer Entertainment,80.0,13,8.5,44,Tri-Ace,E,1990s,Other,2.639057329615259,3.80666248977032
X360,2008,Action,Sega,66.0,44,8.3,57,Petroglyph,T,2000s,Other,3.80666248977032,4.060443010546419
X360,2012,Role-Playing,Electronic Arts,93.0,74,5.8,3725,BioWare,M,2010s,Other,4.31748811353631,8.223090551161533
PS3,2009,Misc,Activision,86.0,44,8.0,48,Neversoft Entertainment,T,2000s,Other,3.80666248977032,3.8918202981106265
3DS,2011,Action,Nintendo,58.0,55,6.3,29,Nintendo,E10+,2010s,Other,4.02535169073515,3.4011973816621555
GC,2003,Action,Vivendi Games,75.0,18,9.0,9,Eurocom Entertainment Software,T,2000s,Other,2.9444389791664403,2.302585092994046
PC,2007,Action,Electronic Arts,63.0,11,7.1,34,EA Games,E10+,2000s,Other,2.4849066497880004,3.555348061489413
PC,2011,Strategy,Kalypso Media,78.0,46,7.7,359,Haemimont,T,2010s,Other,3.8501476017100575,5.886104031450156
XB,2005,Role-Playing,Midway Games,61.0,36,7.8,4,Midway,T,2000s,Other,3.610917912644224,1.6094379124341005
PS2,2002,Racing,Atari,82.0,10,7.4,14,Eden Studios,E,2000s,Other,2.3978952727983707,2.70805020110221
PS2,2004,Racing,Activision,77.0,30,8.1,9,Left Field Productions,E,2000s,Other,3.4339872044851463,2.302585092994046
PC,2012,Simulation,Electronic Arts,73.0,12,7.5,48,The Sims Studio,T,2010s,Other,2.5649493574615367,3.8918202981106265
PS2,2001,Action,Virgin Interactive,86.0,23,8.2,56,Capcom,M,2000s,Other,3.1780538303479458,4.04305126783455
PS4,2015,Sports,Tru Blu Entertainment,76.0,4,7.4,19,Big Ant Studios,E,2010s,Other,1.6094379124341005,2.995732273553991
DS,2008,Puzzle,Square Enix,71.0,20,7.5,27,Taito Corporation,E,2000s,Other,3.044522437723423,3.332204510175204
PSP,2005,Misc,Play It,73.0,27,8.1,13,Farsight Studios,E,2000s,Other,3.332204510175204,2.639057329615259
PS3,2008,Shooter,D3Publisher,72.0,47,7.6,70,Digital Extremes,M,2000s,Other,3.8712010109078903,4.262679877041316
PS3,2010,Shooter,Sega,65.0,57,7.3,168,Rebellion,M,2010s,Other,4.060443010546419,5.1298987149230735
DS,2007,Misc,Atari,67.0,19,5.9,8,M2,E,2000s,Other,2.995732273553991,2.19722457733622
GC,2003,Platform,Vivendi Games,61.0,17,7.3,8,Inevitable Entertainment,E,2000s,Other,2.8903717578961645,2.19722457733622
PC,2013,Shooter,Electronic Arts,76.0,47,6.5,1223,Crytek,M,2010s,Other,3.8712010109078903,7.109879463072272
PS3,2010,Shooter,Namco Bandai Games,60.0,44,5.9,27,Volatile Games,M,2010s,Other,3.80666248977032,3.332204510175204
DS,2005,Sports,Activision,84.0,31,8.7,55,Vicarious Visions,E,2000s,Other,3.4657359027997265,4.02535169073515
Wii,2008,Misc,Activision,86.0,18,7.6,71,Vicarious Visions,T,2000s,Other,2.9444389791664403,4.276666119016055
GC,2003,Shooter,THQ,79.0,12,7.3,4,Cranky Pants Games,M,2000s,Other,2.5649493574615367,1.6094379124341005
PS3,2008,Action,Activision,65.0,42,6.6,47,Treyarch,T,2000s,Other,3.7612001156935615,3.8712010109078903
X360,2007,Shooter,SouthPeak Games,55.0,29,5.2,18,"Artificial Studios, Immersion Software & Graphics",T,2000s,Other,3.4011973816621555,2.9444389791664403
PS,1999,Action,Titus,80.0,11,7.5,11,Polygon Magic,T,1990s,Other,2.4849066497880004,2.4849066497880004
PS2,2001,Action,Take-Two Interactive,69.0,24,7.8,22,Rockstar Toronto,T,2000s,Other,3.218875824868201,3.1354942159291497
GBA,2001,Simulation,Konami Digital Entertainment,65.0,5,8.0,5,Konami,E,2000s,Other,1.791759469228055,1.791759469228055
PS3,2008,Adventure,Atari,69.0,25,5.6,50,Eden Studios,M,2000s,Other,3.258096538021482,3.9318256327243257
DS,2009,Adventure,City Interactive,57.0,7,7.5,27,City Interactive,E,2000s,Other,2.079441541679836,3.332204510175204
PS2,2005,Sports,Tecmo Koei,69.0,15,8.3,8,Tecmo,E,2000s,Other,2.772588722239781,2.19722457733622
XB,2006,Sports,Take-Two Interactive,83.0,8,8.6,5,"Kush Games, Visual Concepts",E,2000s,Other,2.19722457733622,1.791759469228055
X360,2011,Misc,THQ,60.0,16,7.0,7,Eurocom Entertainment Software,E10+,2010s,Other,2.833213344056216,2.079441541679836
DS,2006,Sports,Activision,76.0,34,7.0,7,Vicarious Visions,E,2000s,Other,3.555348061489413,2.079441541679836
GC,2002,Sports,Activision,91.0,19,8.6,21,Neversoft Entertainment,T,2000s,Other,2.995732273553991,3.091042453358316
XOne,2016,Strategy,Take-Two Interactive,87.0,17,8.1,40,Firaxis Games,T,2010s,Other,2.8903717578961645,3.713572066704308
PS,2001,Platform,Sony Computer Entertainment,65.0,10,6.9,8,Artificial Mind and Movement,E,2000s,Other,2.3978952727983707,2.19722457733622
PSP,2006,Role-Playing,Take-Two Interactive,74.0,32,8.1,21,SuperVillain Studios,T,2000s,Other,3.49650756146648,3.091042453358316
PS3,2012,Fighting,Capcom,84.0,51,5.3,191,Capcom,T,2010s,Other,3.951243718581428,5.2574953720277815
Wii,2009,Fighting,THQ,78.0,11,7.7,9,Yuke's,T,2000s,Other,2.4849066497880004,2.302585092994046
DS,2008,Adventure,Empire Interactive,66.0,20,7.5,27,Now Production,T,2000s,Other,3.044522437723423,3.332204510175204
PSV,2012,Action,D3Publisher,68.0,36,7.9,31,Sandlot,T,2010s,Other,3.610917912644224,3.4657359027997265
DS,2007,Platform,Take-Two Interactive,44.0,5,7.5,27,Black Lantern Studios,E,2000s,Other,1.791759469228055,3.332204510175204
XB,2002,Sports,Microsoft Game Studios,72.0,25,8.6,12,Microsoft Game Studios,E,2000s,Other,3.258096538021482,2.5649493574615367
XB,2001,Sports,Electronic Arts,76.0,15,7.5,6,Electronic Arts,E,2000s,Other,2.772588722239781,1.9459101490553128
XB,2005,Shooter,Midway Games,51.0,27,2.8,6,Point of View,M,2000s,Other,3.332204510175204,1.9459101490553128
Wii,2007,Action,Eidos Interactive,73.0,22,7.3,25,Crystal Dynamics,T,2000s,Other,3.1354942159291497,3.258096538021482
XOne,2016,Racing,Namco Bandai Games,74.0,5,8.1,7,Milestone S.r.l,E,2010s,Other,1.791759469228055,2.079441541679836
PC,2009,Adventure,Deep Silver,64.0,14,7.1,17,"Fusionsphere Systems, Animation Arts",T,2000s,Other,2.70805020110221,2.8903717578961645
Wii,2006,Racing,Electronic Arts,67.0,21,7.3,26,EA Canada,E10+,2000s,Other,3.091042453358316,3.295836866004329
Wii,2012,Action,THQ,74.0,4,6.0,9,THQ,T,2010s,Other,1.6094379124341005,2.302585092994046
Wii,2009,Action,Majesco Entertainment,54.0,8,7.5,27,"Pipeworks Software, Inc.",E10+,2000s,Other,2.19722457733622,3.332204510175204
PSP,2009,Racing,Sony Computer Entertainment,79.0,58,8.8,39,Bigbig Studios,T,2000s,Other,4.07753744390572,3.688879454113936
PS2,2003,Sports,Sega,90.0,19,7.0,22,Kush Games,E,2000s,Other,2.995732273553991,3.1354942159291497
PS3,2012,Sports,Electronic Arts,84.0,22,6.8,60,Electronic Arts,E10+,2010s,Other,3.1354942159291497,4.110873864173311
PS2,2005,Platform,Sega,45.0,28,6.0,137,Sonic Team,E10+,2000s,Other,3.367295829986474,4.927253685157205
XB,2002,Sports,Sega,87.0,18,7.5,27,Visual Concepts,E,2000s,Other,2.9444389791664403,3.332204510175204
XB,2003,Action,Atari,65.0,33,7.1,75,Shiny Entertainment,T,2000s,Other,3.5263605246161616,4.330733340286331
PS2,2003,Misc,Vivendi Games,56.0,6,6.5,8,Magenta Software,E,2000s,Other,1.9459101490553128,2.19722457733622
PS,2000,Action,Activision,77.0,14,8.7,32,Acquire,M,2000s,Other,2.70805020110221,3.49650756146648
X360,2012,Fighting,Namco Bandai Games,77.0,56,6.2,124,Project Soul,T,2010s,Other,4.04305126783455,4.8283137373023015
PS2,2005,Role-Playing,Tecmo Koei,77.0,41,7.3,12,Nippon Ichi Software,T,2000s,Other,3.737669618283368,2.5649493574615367
XB,2005,Sports,Global Star,62.0,6,7.5,27,Celeris,E,2000s,Other,1.9459101490553128,3.332204510175204
PS3,2008,Action,Ubisoft,85.0,59,7.3,245,Ubisoft Montreal,T,2000s,Other,4.0943445622221,5.5053315359323625
PS2,2002,Sports,Atari,93.0,20,7.4,25,Visual Concepts,E,2000s,Other,3.044522437723423,3.258096538021482
PS2,2003,Fighting,Sony Computer Entertainment,80.0,41,8.9,68,Incognito Inc.,T,2000s,Other,3.737669618283368,4.23410650459726
PS2,2003,Shooter,LucasArts,49.0,23,5.0,4,LucasArts,T,2000s,Other,3.1780538303479458,1.6094379124341005
XB,2003,Action,Ubisoft,92.0,41,7.8,72,Ubisoft,T,2000s,Other,3.737669618283368,4.290459441148391
DS,2007,Strategy,Success,74.0,12,7.4,7,Success,E10+,2000s,Other,2.5649493574615367,2.079441541679836
Wii,2009,Sports,Activision,47.0,15,4.5,21,Buzz Monkey,E10+,2000s,Other,2.772588722239781,3.091042453358316
PS2,2006,Sports,Mastertronic,30.0,4,4.2,5,"Atomic Planet Entertainment, Mud Duck Productions",E,2000s,Other,1.6094379124341005,1.791759469228055
PS2,2004,Shooter,Konami Digital Entertainment,82.0,46,8.5,13,Treasure,T,2000s,Other,3.8501476017100575,2.639057329615259
GBA,2002,Platform,Sega,83.0,23,8.3,46,Dimps Corporation,E,2000s,Other,3.1780538303479458,3.8501476017100575
DS,2010,Misc,THQ,70.0,7,7.5,27,Universomo,E,2010s,Other,2.079441541679836,3.332204510175204
DS,2007,Misc,Mindscape,20.0,13,1.9,41,Artefacts Studio,E,2000s,Other,2.639057329615259,3.737669618283368
XB,2003,Racing,Atari,63.0,17,7.5,27,Babylon Software,T,2000s,Other,2.8903717578961645,3.332204510175204
XB,2004,Adventure,Vivendi Games,62.0,49,6.4,13,High Voltage Software,M,2000s,Other,3.912023005428146,2.639057329615259
PC,2011,Platform,Focus Home Interactive,84.0,55,8.4,667,"Frozenbyte, Inc.",E10+,2010s,Other,4.02535169073515,6.504288173536645
X360,2009,Fighting,Capcom,93.0,77,7.3,292,Capcom,T,2000s,Other,4.356708826689592,5.680172609017068
DS,2006,Simulation,Majesco Entertainment,66.0,16,4.5,4,Backbone Entertainment,T,2000s,Other,2.833213344056216,1.6094379124341005
PS,1999,Action,GT Interactive,87.0,22,8.1,78,Reflections Interactive,T,1990s,Other,3.1354942159291497,4.3694478524670215
DS,2006,Strategy,Ubisoft,63.0,15,7.0,10,Quicksilver Software,E,2000s,Other,2.772588722239781,2.3978952727983707
Wii,2008,Misc,D3Publisher,42.0,10,1.0,7,Tamsoft,E10+,2000s,Other,2.3978952727983707,2.079441541679836
Wii,2006,Action,Nintendo,95.0,73,9.0,1658,Nintendo,T,2000s,Zelda,4.304065093204169,7.413970290190444
PSP,2006,Racing,Namco Bandai Games,51.0,9,7.5,27,Smart Bomb Interactive,E,2000s,Other,2.302585092994046,3.332204510175204
DS,2008,Role-Playing,Nintendo,68.0,24,8.2,27,"HAL Labs, Creatures Inc.",E,2000s,Pokemon,3.218875824868201,3.332204510175204
PS2,2001,Platform,3DO,53.0,18,6.7,6,3DO,E,2000s,Other,2.9444389791664403,1.9459101490553128
PC,2016,Strategy,Take-Two Interactive,88.0,81,7.3,684,Firaxis Games,E10+,2010s,Other,4.406719247264253,6.529418838262226
X360,2010,Sports,Activision,53.0,10,6.6,10,Robomodo,E,2010s,Other,2.3978952727983707,2.3978952727983707
PS,2000,Sports,Sony Computer Entertainment,56.0,10,7.5,27,Idol Minds,E,2000s,Other,2.3978952727983707,3.332204510175204
PS2,2004,Strategy,Atari,66.0,20,8.3,6,High Voltage Software,E,2000s,Other,3.044522437723423,1.9459101490553128
DS,2007,Adventure,Konami Digital Entertainment,58.0,29,7.5,27,Matrix Software,E10+,2000s,Other,3.4011973816621555,3.332204510175204
Wii,2007,Action,Ignition Entertainment,77.0,41,7.4,16,Ignition Entertainment,E,2000s,Other,3.737669618283368,2.833213344056216
PS2,2001,Action,Capcom,94.0,37,8.5,466,Capcom,M,2000s,Other,3.6375861597263857,6.1463292576688975
PS3,2010,Racing,Activision,47.0,11,7.0,5,Sidhe Interactive,M,2010s,Other,2.4849066497880004,1.791759469228055
GBA,2003,Action,Ubisoft,75.0,25,8.8,5,Ubisoft Montreal,T,2000s,Other,3.258096538021482,1.791759469228055
PSV,2012,Misc,Sega,81.0,10,8.0,90,Sega,T,2010s,Other,2.3978952727983707,4.51085950651685
PSP,2009,Simulation,Rising Star Games,74.0,6,7.9,12,Marvelous Entertainment,E,2000s,Other,1.9459101490553128,2.5649493574615367
DS,2007,Misc,Atari,32.0,7,7.5,27,Atomic Planet Entertainment,E,2000s,Other,2.079441541679836,3.332204510175204
PC,2004,Strategy,Sunflowers,77.0,26,9.1,89,Black Sea Studios,E10+,2000s,Other,3.295836866004329,4.499809670330265
PS2,2008,Misc,Sony Computer Entertainment,75.0,13,7.5,27,SCEE London Studio,T,2000s,Other,2.639057329615259,3.332204510175204
PC,2011,Strategy,Paradox Interactive,63.0,12,6.8,27,BattleGoat Studios,RP,2010s,Other,2.5649493574615367,3.332204510175204
PC,2008,Action,Activision,70.0,18,6.3,55,Treyarch,T,2000s,Other,2.9444389791664403,4.02535169073515
PC,2013,Action,Ubisoft,82.0,13,7.4,754,Ubisoft Toronto,M,2010s,Other,2.639057329615259,6.626717749249025
GBA,2002,Platform,Nintendo,81.0,24,8.9,54,HAL Labs,E,2000s,Other,3.218875824868201,4.007333185232471
PS,2000,Fighting,Acclaim Entertainment,26.0,7,4.0,5,Osiris Studios,E,2000s,Other,2.079441541679836,1.791759469228055
PC,2006,Racing,Codemasters,84.0,16,7.8,53,Codemasters,E10+,2000s,Other,2.833213344056216,3.9889840465642745
PS3,2008,Sports,Electronic Arts,68.0,17,7.5,27,EA Canada,E,2000s,Other,2.8903717578961645,3.332204510175204
PS4,2013,Strategy,Activision,47.0,5,2.0,87,Exient Entertainment,E,2010s,Other,1.791759469228055,4.477336814478207
PS2,2002,Adventure,Sammy Corporation,50.0,22,7.9,11,Polygon Magic,T,2000s,Other,3.1354942159291497,2.4849066497880004
PSP,2010,Action,PQube,59.0,9,8.0,14,Acquire,M,2010s,Other,2.302585092994046,2.70805020110221
PS2,2006,Racing,Empire Interactive,73.0,44,7.5,27,Bugbear,T,2000s,Other,3.80666248977032,3.332204510175204
XB,2006,Fighting,Electronic Arts,83.0,32,9.0,21,EA Chicago,T,2000s,Other,3.49650756146648,3.091042453358316
XB,2002,Sports,Midway Games,72.0,12,7.8,4,Point of View,E,2000s,Other,2.5649493574615367,1.6094379124341005
PS,2000,Action,Eidos Interactive,39.0,10,7.0,47,Capcom,M,2000s,Other,2.3978952727983707,3.8712010109078903
PS2,2002,Shooter,Universal Interactive,75.0,18,8.5,26,Terminal Reality,M,2000s,Other,2.9444389791664403,3.295836866004329
WiiU,2014,Action,Nintendo,91.0,80,8.2,1217,PlatinumGames,M,2010s,Other,4.394449154672439,7.1049654482698426
PS3,2010,Action,Sony Computer Entertainment,36.0,45,3.7,21,SCE Japan Studio,E10+,2010s,Other,3.828641396489095,3.091042453358316
PSV,2011,Fighting,PQube,83.0,28,7.5,97,Arc System Works,T,2010s,Other,3.367295829986474,4.584967478670572
PS2,2004,Racing,Electronic Arts,87.0,19,8.4,15,EA Tiburon,E,2000s,Other,2.995732273553991,2.772588722239781
XB,2006,Action,Eidos Interactive,82.0,40,7.2,13,Crystal Dynamics,T,2000s,Other,3.713572066704308,2.639057329615259
PSP,2010,Racing,Sony Computer Entertainment,73.0,22,7.7,22,SCEA San Diego Studios,E,2010s,Other,3.1354942159291497,3.1354942159291497
PC,2012,Adventure,DTP Entertainment,76.0,9,6.7,15,Cranberry Production,Unknown,2010s,Other,2.302585092994046,2.772588722239781
Wii,2010,Action,Rising Star Games,84.0,68,8.8,184,Grasshopper Manufacture,M,2010s,Other,4.23410650459726,5.220355825078325
GBA,2004,Misc,Nintendo,62.0,35,4.9,11,Fuse Games Limited,E,2000s,Mario,3.58351893845611,2.4849066497880004
PC,2009,Shooter,SouthPeak Games,72.0,31,7.0,78,TimeGate Studios,T,2000s,Other,3.4657359027997265,4.3694478524670215
DS,2009,Role-Playing,Square Enix,75.0,53,7.8,162,h.a.n.d. Inc.,E10+,2000s,Other,3.9889840465642745,5.093750200806762
PS3,2012,Racing,Codemasters,81.0,23,7.5,54,Codemasters,E,2010s,Other,3.1780538303479458,4.007333185232471
PC,2010,Adventure,Ubisoft,47.0,5,5.5,6,Telltale Games,M,2010s,Other,1.791759469228055,1.9459101490553128
X360,2007,Shooter,Codemasters,63.0,46,7.4,70,"Mercury Steam, Alchemic Productions",M,2000s,Other,3.8501476017100575,4.262679877041316
X360,2007,Sports,Electronic Arts,67.0,33,7.1,15,EA Canada,E,2000s,Other,3.5263605246161616,2.772588722239781
XB,2002,Action,Electronic Arts,79.0,30,9.1,31,Double Helix Games,T,2000s,Other,3.4339872044851463,3.4657359027997265
XB,2003,Sports,Electronic Arts,85.0,21,6.5,31,EA Black Box,E,2000s,Other,3.091042453358316,3.4657359027997265
XOne,2014,Misc,Disney Interactive Studios,77.0,48,7.5,67,Harmonix Music Systems,E10+,2010s,Other,3.8918202981106265,4.219507705176107
PS2,2005,Platform,Sony Computer Entertainment,83.0,59,8.8,130,Sucker Punch,E10+,2000s,Other,4.0943445622221,4.875197323201151
WiiU,2013,Action,Ubisoft,86.0,5,7.7,207,Ubisoft,M,2010s,Other,1.791759469228055,5.337538079701318
3DS,2015,Action,Nintendo,89.0,82,9.0,478,GREZZO,E10+,2010s,Zelda,4.418840607796598,6.171700597410915
X360,2008,Misc,Electronic Arts,56.0,9,5.8,17,EA Bright Light,E,2000s,Other,2.302585092994046,2.8903717578961645
XB,2003,Strategy,Jaleco,70.0,22,7.5,27,Jaleco Entertainment,T,2000s,Other,3.1354942159291497,3.332204510175204
PSP,2006,Shooter,Sony Computer Entertainment,87.0,58,9.0,118,Sony Bend,M,2000s,Other,4.07753744390572,4.77912349311153
PS2,2003,Action,Ubisoft,63.0,21,8.3,14,Ubisoft Montreal,T,2000s,Other,3.091042453358316,2.70805020110221
PS2,2001,Shooter,Interplay,79.0,15,6.9,8,Digital Mayhem,T,2000s,Other,2.772588722239781,2.19722457733622
PSV,2014,Shooter,Take-Two Interactive,64.0,31,7.6,358,Iron Galaxy Studios,M,2010s,Other,3.4657359027997265,5.883322388488279
PS2,2002,Sports,Sega,68.0,13,7.5,27,Wow Entertainment,E,2000s,Other,2.639057329615259,3.332204510175204
XB,2002,Shooter,Take-Two Interactive,75.0,22,8.2,16,Croteam,M,2000s,Other,3.1354942159291497,2.833213344056216
XB,2005,Fighting,Sega,58.0,11,6.5,4,InterServ International,T,2000s,Other,2.4849066497880004,1.6094379124341005
PS2,2006,Fighting,Ignition Entertainment,75.0,30,8.5,15,SNK Playmore,T,2000s,Other,3.4339872044851463,2.772588722239781
X360,2007,Sports,Atari,55.0,32,7.5,27,Bandai Namco Games,E,2000s,Other,3.49650756146648,3.332204510175204
Wii,2011,Shooter,Sega,64.0,51,7.6,60,High Voltage Software,T,2010s,Other,3.951243718581428,4.110873864173311
GBA,2003,Platform,Capcom,59.0,17,7.5,27,Disney Interactive,E,2000s,Other,2.8903717578961645,3.332204510175204
PC,2004,Strategy,Atari,81.0,39,5.0,346,Frontier Developments,E,2000s,Other,3.688879454113936,5.849324779946859
PS3,2008,Strategy,Ubisoft,76.0,33,6.6,42,Ubisoft Shanghai,T,2000s,Other,3.5263605246161616,3.7612001156935615
Wii,2009,Sports,Electronic Arts,75.0,21,6.2,17,EA Sports,E,2000s,FIFA,3.091042453358316,2.8903717578961645
PS2,2004,Racing,Eidos Interactive,68.0,23,8.6,8,Acclaim Studios Cheltenham,T,2000s,Other,3.1780538303479458,2.19722457733622
PS2,2004,Strategy,Acclaim Entertainment,63.0,21,8.0,15,Team 17,T,2000s,Other,3.091042453358316,2.772588722239781
GBA,2002,Racing,Infogrames,78.0,4,7.5,27,Crawfish Interactive,E,2000s,Other,1.6094379124341005,3.332204510175204
PS2,2002,Racing,Avalon Interactive,69.0,18,7.5,27,SmartDog,E,2000s,Other,2.9444389791664403,3.332204510175204
PS2,2007,Sports,Electronic Arts,65.0,10,7.5,27,EA Salt Lake,E,2000s,Other,2.3978952727983707,3.332204510175204
X360,2008,Action,Sega,45.0,33,5.8,33,Secret Level,M,2000s,Other,3.5263605246161616,3.5263605246161616
PSP,2006,Racing,Sony Computer Entertainment,69.0,18,7.1,7,Namco Bandai Games,E,2000s,Other,2.9444389791664403,2.079441541679836
XB,2002,Role-Playing,Xicat Interactive,44.0,14,7.2,5,Panther Software,T,2000s,Other,2.70805020110221,1.791759469228055
X360,2009,Role-Playing,Banpresto,69.0,49,7.0,57,"Banpresto, SoftMax",T,2000s,Other,3.912023005428146,4.060443010546419
X360,2012,Action,Disney Interactive Studios,59.0,35,5.5,22,Blitz Games Studios,E,2010s,Other,3.58351893845611,3.1354942159291497
PSP,2007,Action,Konami Digital Entertainment,65.0,19,7.5,27,Kojima Productions,T,2000s,Other,2.995732273553991,3.332204510175204
GBA,2005,Misc,Nintendo,54.0,27,5.4,34,Hudson,E,2000s,Mario,3.332204510175204,3.555348061489413
PC,2010,Shooter,Mastertronic,76.0,36,7.7,326,Raven Software,M,2010s,Other,3.610917912644224,5.7899601708972535
GBA,2003,Platform,Atari,47.0,5,5.7,6,Mistic Software,E,2000s,Other,1.791759469228055,1.9459101490553128
GC,2003,Racing,Electronic Arts,83.0,24,9.0,45,Electronic Arts,E,2000s,Other,3.218875824868201,3.828641396489095
PS3,2010,Fighting,PQube,87.0,29,8.0,65,Arc System Works,T,2010s,Other,3.4011973816621555,4.189654742026425
X360,2007,Shooter,Microsoft Game Studios,94.0,86,7.8,4100,"Bungie Software, Bungie",M,2000s,Other,4.465908118654584,8.31898612539206
PC,2014,Shooter,Electronic Arts,86.0,29,6.2,1727,Respawn Entertainment,M,2010s,Other,3.4011973816621555,7.454719949364001
X360,2011,Misc,Ubisoft,77.0,30,8.2,62,Ubisoft,T,2010s,Other,3.4339872044851463,4.143134726391533
GBA,2002,Platform,THQ,46.0,5,7.5,27,Hyperspace Cowgirls,E,2000s,Other,1.791759469228055,3.332204510175204
PS3,2011,Adventure,Take-Two Interactive,89.0,78,7.7,1010,Team Bondi,M,2010s,Other,4.3694478524670215,6.918695219020472
GC,2003,Racing,Acclaim Entertainment,89.0,24,8.5,18,Criterion Games,E,2000s,Other,3.218875824868201,2.9444389791664403
PS2,2006,Sports,Activision,46.0,5,7.5,27,Blade Interactive,T,2000s,Other,1.791759469228055,3.332204510175204
GC,2002,Adventure,Vivendi Games,81.0,19,8.5,15,Hudson,E,2000s,Other,2.995732273553991,2.772588722239781
GC,2004,Sports,Electronic Arts,78.0,22,8.5,6,EA Canada,E,2000s,FIFA,3.1354942159291497,1.9459101490553128
DS,2008,Adventure,Legacy Interactive,43.0,4,7.5,27,Artefacts Studio,E,2000s,Other,1.6094379124341005,3.332204510175204
WiiU,2013,Sports,Nintendo,72.0,19,7.7,72,Nintendo,E,2010s,Other,2.995732273553991,4.290459441148391
PC,2014,Shooter,Take-Two Interactive,75.0,55,6.2,703,2K Australia,M,2010s,Other,4.02535169073515,6.556778356158042
PSP,2005,Role-Playing,Sony Computer Entertainment,72.0,38,7.5,19,Climax Entertainment,T,2000s,Other,3.6635616461296463,2.995732273553991
PS4,2015,Action,Activision,81.0,51,3.3,29,Vicarious Visions,E10+,2010s,Other,3.951243718581428,3.4011973816621555
PS2,2000,Simulation,Sony Computer Entertainment,79.0,18,8.4,9,CAProduction,E,2000s,Other,2.9444389791664403,2.302585092994046
DS,2009,Role-Playing,Sega,75.0,46,9.0,61,PlatinumGames,T,2000s,Other,3.8501476017100575,4.127134385045092
PS3,2013,Sports,Take-Two Interactive,84.0,26,4.9,142,Visual Concepts,E,2010s,Other,3.295836866004329,4.962844630259907
PS3,2010,Shooter,Electronic Arts,74.0,56,7.0,88,EA Montreal,M,2010s,Other,4.04305126783455,4.48863636973214
GBA,2002,Fighting,Acclaim Entertainment,24.0,11,3.7,10,Powerhead Games,E,2000s,Other,2.4849066497880004,2.3978952727983707
PS2,2000,Racing,Namco Bandai Games,77.0,16,6.0,5,Namco,E,2000s,Other,2.833213344056216,1.791759469228055
PSV,2015,Action,Tecmo Koei,70.0,15,7.4,9,Omega Force,T,2010s,Other,2.772588722239781,2.302585092994046
PC,2006,Simulation,Ubisoft,65.0,16,4.6,17,Ubisoft Romania,T,2000s,Other,2.833213344056216,2.8903717578961645
PS,2000,Action,Virgin Interactive,86.0,13,9.0,91,Capcom,M,2000s,Other,2.639057329615259,4.5217885770490405
DS,2010,Racing,Storm City Games,47.0,4,7.5,27,Beyond Reality,E,2010s,Other,1.6094379124341005,3.332204510175204
XB,2002,Simulation,Microsoft Game Studios,87.0,32,8.0,47,Day 1 Studios,T,2000s,Other,3.49650756146648,3.8712010109078903
DS,2008,Misc,Disney Interactive Studios,69.0,11,7.5,27,Fall Line Studio,E,2000s,Other,2.4849066497880004,3.332204510175204
PS2,2003,Strategy,Square Enix,75.0,39,8.6,22,Square Enix,T,2000s,Other,3.688879454113936,3.1354942159291497
PSP,2005,Role-Playing,Idea Factory,47.0,27,8.2,12,"Neverland, Idea Factory",T,2000s,Other,3.332204510175204,2.5649493574615367
Wii,2008,Strategy,THQ,64.0,26,4.3,13,Team 17,E10+,2000s,Other,3.295836866004329,2.639057329615259
PC,2010,Strategy,Square Enix,77.0,54,6.2,803,Gas Powered Games,E10+,2010s,Other,4.007333185232471,6.689599269178967
DS,2009,Strategy,Black Bean Games,42.0,5,7.5,27,Slitherine,E10+,2000s,Other,1.791759469228055,3.332204510175204
DS,2005,Misc,Nintendo,74.0,45,7.4,27,Nintendo,E,2000s,Other,3.828641396489095,3.332204510175204
Wii,2010,Sports,Nordcurrent,41.0,7,7.5,27,Nordcurrent,E10+,2010s,Other,2.079441541679836,3.332204510175204
PSV,2014,Action,Sony Computer Entertainment,82.0,24,8.4,125,SCE Japan Studio,M,2010s,Other,3.218875824868201,4.836281906951478
XOne,2015,Action,Ubisoft,60.0,14,8.4,50,Krome Studios,Unknown,2010s,Other,2.70805020110221,3.9318256327243257
Wii,2008,Action,Vivendi Games,39.0,7,6.4,5,Eurocom Entertainment Software,T,2000s,Other,2.079441541679836,1.791759469228055
GBA,2003,Platform,Ubisoft,83.0,21,7.8,8,Ubisoft,E,2000s,Other,3.091042453358316,2.19722457733622
PS3,2011,Action,Tecmo Koei,57.0,25,7.4,57,Omega Force,T,2010s,Other,3.258096538021482,4.060443010546419
Wii,2010,Action,Electronic Arts,62.0,7,7.5,27,EA Bright Light,E,2010s,Other,2.079441541679836,3.332204510175204
XB,2005,Racing,Electronic Arts,89.0,65,8.4,66,Criterion Games,E10+,2000s,Other,4.189654742026425,4.204692619390966
PC,2014,Action,Ubisoft,77.0,18,4.7,3288,Ubisoft Montreal,M,2010s,Other,2.9444389791664403,8.098338846189057
PS2,2001,Sports,Tecmo Koei,58.0,13,6.3,7,Cave,E,2000s,Other,2.639057329615259,2.079441541679836
XB,2005,Action,Ubisoft,71.0,41,7.6,20,Darkworks,M,2000s,Other,3.737669618283368,3.044522437723423
PS3,2010,Sports,505 Games,47.0,6,7.5,27,Farsight Studios,E,2010s,Other,1.9459101490553128,3.332204510175204
Wii,2010,Platform,THQ,56.0,4,7.5,27,THQ,E,2010s,Other,1.6094379124341005,3.332204510175204
XB,2002,Fighting,Activision,56.0,12,7.5,27,Paradox Development,T,2000s,Other,2.5649493574615367,3.332204510175204
PS2,2002,Action,Electronic Arts,71.0,16,7.6,49,Electronic Arts,E,2000s,Other,2.833213344056216,3.912023005428146
PS2,2008,Sports,Sony Computer Entertainment,84.0,12,7.3,7,SCEA San Diego Studios,E,2000s,Other,2.5649493574615367,2.079441541679836
DS,2009,Action,Ubisoft,36.0,8,4.8,4,Ubisoft,E10+,2000s,Other,2.19722457733622,1.6094379124341005
DS,2008,Misc,Electronic Arts,62.0,5,7.5,27,Electronic Arts,E,2000s,Other,1.791759469228055,3.332204510175204
PSP,2005,Misc,505 Games,65.0,17,2.8,17,Crave,T,2000s,Other,2.8903717578961645,2.8903717578961645
GBA,2002,Action,THQ,63.0,13,4.8,4,3d6 Games,T,2000s,Other,2.639057329615259,1.6094379124341005
PC,2009,Action,LucasArts,46.0,9,4.7,46,"LucasArts, Krome Studios",T,2000s,Other,2.302585092994046,3.8501476017100575
WiiU,2015,Platform,Yacht Club Games,88.0,24,8.3,280,Yacht Club Games,E,2010s,Other,3.218875824868201,5.638354669333745
3DS,2016,Misc,Nintendo,68.0,37,6.8,16,"Nintendo, Nd Cube",E,2010s,Mario,3.6375861597263857,2.833213344056216
X360,2014,Simulation,Kalypso Media,71.0,4,7.2,9,Haemimont,T,2010s,Other,1.6094379124341005,2.302585092994046
PS3,2011,Action,Warner Bros. Interactive Entertainment,61.0,12,6.7,17,Double Helix Games,T,2010s,Other,2.5649493574615367,2.8903717578961645
X360,2009,Shooter,Take-Two Interactive,84.0,83,8.2,715,Gearbox Software,M,2000s,Other,4.430816798843313,6.573680166960646
X360,2009,Simulation,Ubisoft,62.0,39,8.1,9,Transmission Games,T,2000s,Other,3.688879454113936,2.302585092994046
Wii,2008,Adventure,Atari,39.0,10,4.4,34,Hydravision,M,2000s,Other,2.3978952727983707,3.555348061489413
GC,2001,Racing,Acclaim Entertainment,69.0,20,7.5,21,Acclaim,T,2000s,Other,3.044522437723423,3.091042453358316
PS3,2008,Sports,Ubisoft,63.0,30,6.3,26,Ubisoft Montreal,T,2000s,Other,3.4339872044851463,3.295836866004329
PS2,2003,Sports,3DO,83.0,17,8.1,12,3DO,E,2000s,Other,2.8903717578961645,2.5649493574615367
PS2,2001,Sports,Acclaim Entertainment,81.0,21,8.1,18,"Z-Axis, Ltd.",T,2000s,Other,3.091042453358316,2.9444389791664403
PS3,2008,Racing,Disney Interactive Studios,83.0,43,7.8,30,Black Rock Studio,E,2000s,Other,3.784189633918261,3.4339872044851463
PC,2013,Simulation,Electronic Arts,64.0,75,2.2,4572,Maxis,E10+,2010s,Other,4.330733340286331,8.427924723658055
PSV,2014,Role-Playing,Sony Computer Entertainment,73.0,39,8.3,265,"Dimps Corporation, SCE Japan Studio",T,2010s,Other,3.688879454113936,5.583496308781699
PSP,2010,Strategy,Sony Computer Entertainment,86.0,27,7.9,32,Q-Games,E,2010s,Other,3.332204510175204,3.49650756146648
PC,2010,Strategy,Paradox Interactive,68.0,16,5.2,19,Nitro Games,T,2010s,Other,2.833213344056216,2.995732273553991
DS,2007,Simulation,Game Life,68.0,9,7.5,27,Neko Entertainment,E,2000s,Other,2.302585092994046,3.332204510175204
PSP,2009,Sports,Sony Computer Entertainment,69.0,13,3.0,13,SCEA San Diego Studios,E,2000s,Other,2.639057329615259,2.639057329615259
DS,2007,Fighting,THQ,61.0,12,6.6,13,Amaze Entertainment,T,2000s,Other,2.5649493574615367,2.639057329615259
DS,2007,Misc,Konami Digital Entertainment,61.0,17,4.9,7,1st Playable Productions,T,2000s,Other,2.8903717578961645,2.079441541679836
PS3,2012,Shooter,Take-Two Interactive,87.0,31,7.8,790,Rockstar Studios,M,2010s,Other,3.4657359027997265,6.673297967767654
PS4,2014,Role-Playing,Nippon Ichi Software,53.0,31,6.0,79,Kadokawa,M,2010s,Other,3.4657359027997265,4.382026634673881
PS3,2012,Simulation,Konami Digital Entertainment,73.0,27,8.0,42,High Voltage Software,M,2010s,Other,3.332204510175204,3.7612001156935615
PS3,2010,Action,Capcom,59.0,50,6.0,36,Airtight Games,T,2010s,Other,3.9318256327243257,3.610917912644224
PS2,2004,Platform,Sony Computer Entertainment,84.0,55,8.6,246,Naughty Dog,T,2000s,Other,4.02535169073515,5.5093883366279774
PC,2011,Strategy,Kalypso Media,65.0,35,4.6,106,Realmforge Studios,M,2010s,Other,3.58351893845611,4.672828834461906
XB,2004,Action,Atari,72.0,17,6.5,6,Stormfront Studios,T,2000s,Other,2.8903717578961645,1.9459101490553128
PC,2008,Puzzle,PopCap Games,78.0,12,7.3,11,PopCap,E,2000s,Other,2.5649493574615367,2.4849066497880004
DS,2006,Strategy,THQ,64.0,24,7.0,16,Team 17,E10+,2000s,Other,3.218875824868201,2.833213344056216
PC,2009,Shooter,Vivendi Games,80.0,26,8.0,136,Starbreeze,M,2000s,Other,3.295836866004329,4.919980925828125
PC,2010,Simulation,Just Flight,64.0,7,7.5,18,Gaijin Entertainment,T,2010s,Other,2.079441541679836,2.9444389791664403
XB,2005,Shooter,Activision,77.0,41,7.9,16,"id Software, Nerve Software",M,2000s,Other,3.737669618283368,2.833213344056216
PS3,2009,Sports,Electronic Arts,80.0,20,6.9,14,EA Tiburon,E,2000s,Other,3.044522437723423,2.70805020110221
PS2,2006,Action,Capcom,93.0,69,9.3,327,Clover Studio,T,2000s,Other,4.248495242049359,5.793013608384144
PS,1999,Sports,Ubisoft,65.0,11,7.5,27,Shaba Games,E,1990s,Other,2.4849066497880004,3.332204510175204
X360,2012,Racing,Codemasters,84.0,42,6.9,56,Codemasters,E,2010s,Other,3.7612001156935615,4.04305126783455
PS2,2001,Sports,Acclaim Entertainment,67.0,12,7.8,6,Acclaim,E,2000s,Other,2.5649493574615367,1.9459101490553128
PSP,2006,Puzzle,D3Publisher,74.0,19,7.8,6,Now Production,E,2000s,Other,2.995732273553991,1.9459101490553128
X360,2011,Adventure,Electronic Arts,70.0,67,8.1,157,Spicy Horse,M,2010s,Other,4.219507705176107,5.062595033026967
DS,2008,Role-Playing,Konami Digital Entertainment,76.0,24,7.4,37,Konami,E10+,2000s,Other,3.218875824868201,3.6375861597263857
XB,2005,Adventure,Global Star,39.0,20,0.5,8,"High Voltage Software, Backbone Entertainment",E,2000s,Other,3.044522437723423,2.19722457733622
PS3,2007,Sports,Konami Digital Entertainment,74.0,19,6.1,47,Konami,E,2000s,Other,2.995732273553991,3.8712010109078903
PS3,2008,Fighting,Namco Bandai Games,75.0,32,8.6,95,CyberConnect2,T,2000s,Other,3.49650756146648,4.564348191467836
PS2,2004,Shooter,Namco Bandai Games,45.0,16,7.8,10,Bec,T,2000s,Other,2.833213344056216,2.3978952727983707
XB,2005,Action,THQ,75.0,55,8.1,16,Wideload Games Inc.,M,2000s,Other,4.02535169073515,2.833213344056216
DS,2011,Action,LucasArts,66.0,8,7.5,27,Traveller's Tales,E,2010s,Other,2.19722457733622,3.332204510175204
PS4,2016,Shooter,CCP,73.0,26,6.3,37,CCP,T,2010s,Other,3.295836866004329,3.6375861597263857
PS2,2004,Racing,Zoo Digital Publishing,47.0,4,7.5,13,Creat Studios,T,2000s,Other,1.6094379124341005,2.639057329615259
XB,2001,Misc,Microsoft Game Studios,70.0,28,6.9,16,Blitz Games,E,2000s,Other,3.367295829986474,2.833213344056216
GBA,2004,Action,Activision,33.0,11,6.3,6,Saffire,T,2000s,Other,2.4849066497880004,1.9459101490553128
X360,2010,Shooter,Electronic Arts,73.0,79,7.3,126,EA Montreal,M,2010s,Other,4.382026634673881,4.844187086458591
PS2,2007,Racing,Midway Games,37.0,19,5.9,10,Creat Studios,M,2000s,Other,2.995732273553991,2.3978952727983707
PSV,2012,Action,Activision,33.0,58,4.8,479,Nihilistic,M,2010s,Call of Duty,4.07753744390572,6.173786103901937
PS4,2016,Sports,Alternative Software,64.0,4,6.8,12,Wicked Witch Software,E,2010s,Other,1.6094379124341005,2.5649493574615367
PC,2011,Shooter,Valve Software,95.0,52,8.8,5999,Valve Software,E10+,2010s,Other,3.970291913552122,8.699514748210191
GBA,2004,Racing,Electronic Arts,72.0,8,8.2,13,Pocketeers,E,2000s,Other,2.19722457733622,2.639057329615259
PS2,2007,Fighting,SNK Playmore,70.0,12,7.5,27,SNK Playmore,T,2000s,Other,2.5649493574615367,3.332204510175204
XB,2005,Shooter,Groove Games,32.0,9,5.8,10,Brainbox Games,M,2000s,Other,2.302585092994046,2.3978952727983707
DS,2007,Role-Playing,Rising Star Games,70.0,25,7.0,24,"Image Epoch, Imageepoch",T,2000s,Other,3.258096538021482,3.218875824868201
PSP,2006,Adventure,Disney Interactive Studios,52.0,34,8.0,17,Griptonite Games,T,2000s,Other,3.555348061489413,2.8903717578961645
XB,2003,Shooter,Namco Bandai Games,75.0,26,8.0,7,Namco,T,2000s,Other,3.295836866004329,2.079441541679836
PS3,2008,Action,Capcom,84.0,63,8.2,311,Capcom,M,2000s,Other,4.158883083359672,5.7430031878094825
PS2,2003,Racing,Genki,59.0,13,8.6,15,Genki,E,2000s,Other,2.639057329615259,2.772588722239781
DS,2011,Puzzle,Mastertronic,70.0,5,7.5,27,"Mastertronic, V5 Play Studio",E,2010s,Other,1.791759469228055,3.332204510175204
PS2,2003,Action,Capcom,58.0,30,5.1,38,"Valuewave Co.,Ltd.",E,2000s,Other,3.4339872044851463,3.6635616461296463
PS3,2008,Sports,Electronic Arts,85.0,38,4.4,132,EA Tiburon,E,2000s,Madden,3.6635616461296463,4.890349128221754
X360,2009,Action,Tecmo Koei,59.0,18,5.7,12,Omega Force,T,2000s,Other,2.9444389791664403,2.5649493574615367
Wii,2011,Action,Activision,36.0,10,4.5,15,Silicon Knights,T,2010s,Other,2.3978952727983707,2.772588722239781
GBA,2006,Sports,Electronic Arts,68.0,4,9.3,4,Exient Entertainment,E,2000s,Madden,1.6094379124341005,1.6094379124341005
X360,2013,Action,Take-Two Interactive,97.0,58,8.1,3711,Rockstar North,M,2010s,Grand Theft Auto,4.07753744390572,8.21932609390609
DS,2006,Action,Eidos Interactive,58.0,15,8.0,7,Human Soft,T,2000s,Other,2.772588722239781,2.079441541679836
Wii,2010,Puzzle,THQ,71.0,7,7.5,27,Page 44 Studios,E,2010s,Other,2.079441541679836,3.332204510175204
PS2,2002,Sports,Activision,77.0,19,8.4,15,Treyarch,E,2000s,Other,2.995732273553991,2.772588722239781
Wii,2008,Adventure,The Adventure Company,50.0,23,6.2,12,AWE Games,T,2000s,Other,3.1780538303479458,2.5649493574615367
XB,2005,Sports,Activision,77.0,40,7.7,15,Neversoft Entertainment,T,2000s,Other,3.713572066704308,2.772588722239781
PS2,2006,Role-Playing,Namco Bandai Games,43.0,12,8.0,20,Bec,E10+,2000s,Other,2.5649493574615367,3.044522437723423
PS4,2016,Adventure,Sony Computer Entertainment,62.0,31,6.5,36,The Tangentlemen,M,2010s,Other,3.4657359027997265,3.610917912644224
PC,2016,Shooter,Activision,73.0,16,3.0,440,Infinity Ward,M,2010s,Call of Duty,2.833213344056216,6.089044875446846
PC,2015,Fighting,Warner Bros. Interactive Entertainment,76.0,10,5.1,475,High Voltage Software,M,2010s,Other,2.3978952727983707,6.16541785423142
PC,2004,Adventure,MC2 Entertainment,80.0,23,8.3,150,Microids,T,2000s,Other,3.1780538303479458,5.017279836814924
DS,2007,Action,Nintendo,49.0,10,7.5,27,"Aspect, Takara Tomy",E10+,2000s,Other,2.3978952727983707,3.332204510175204
PC,2006,Strategy,Microsoft Game Studios,84.0,46,8.5,108,Big Huge Games,T,2000s,Other,3.8501476017100575,4.691347882229144
XOne,2014,Sports,Electronic Arts,70.0,23,6.3,152,EA Sports,T,2010s,Other,3.1780538303479458,5.030437921392435
GC,2002,Platform,Konami Digital Entertainment,60.0,6,7.2,5,Konami,E,2000s,Other,1.9459101490553128,1.791759469228055
Wii,2009,Sports,Ubisoft,62.0,5,5.2,54,Ubisoft,E,2000s,Other,1.791759469228055,4.007333185232471
WiiU,2012,Misc,Nintendo,77.0,61,7.9,471,Nintendo,E10+,2010s,Other,4.127134385045092,6.156978985585555
PC,2004,Action,Electronic Arts,67.0,19,7.2,50,KnowWonder,E,2000s,Other,2.995732273553991,3.9318256327243257
XB,2001,Shooter,Microsoft Game Studios,97.0,68,8.6,1283,Bungie Software,M,2000s,Other,4.23410650459726,7.157735484249907
PC,2005,Strategy,Microsoft Game Studios,81.0,52,7.7,519,Ensemble Studios,T,2000s,Other,3.970291913552122,6.253828811575473
PS2,2004,Action,505 Games,58.0,34,7.6,5,Acquire,M,2000s,Other,3.555348061489413,1.791759469228055
PSP,2008,Action,Irem Software Engineering,73.0,19,7.3,8,Irem,E10+,2000s,Other,2.995732273553991,2.19722457733622
Wii,2010,Action,Electronic Arts,41.0,8,5.0,11,Electronic Arts,T,2010s,Other,2.19722457733622,2.4849066497880004
GC,2001,Sports,Electronic Arts,81.0,13,8.0,9,EA Sports,E,2000s,FIFA,2.639057329615259,2.302585092994046
PS3,2011,Misc,Ubisoft,75.0,5,6.0,7,Ubisoft,E10+,2010s,Other,1.791759469228055,2.079441541679836
GBA,2005,Action,Electronic Arts,71.0,9,6.0,8,Magic Pockets,E,2000s,Other,2.302585092994046,2.19722457733622
Wii,2008,Simulation,Majesco Entertainment,61.0,4,7.5,27,Torus Games,E,2000s,Other,1.6094379124341005,3.332204510175204
Wii,2008,Misc,Zoo Games,26.0,6,7.5,27,Humagade,E10+,2000s,Other,1.9459101490553128,3.332204510175204
XOne,2013,Shooter,Activision,78.0,7,4.3,700,Infinity Ward,M,2010s,Call of Duty,2.079441541679836,6.55250788703459
PS3,2009,Misc,Activision,86.0,53,7.8,49,FreeStyleGames,T,2000s,Other,3.9889840465642745,3.912023005428146
PSV,2016,Action,Ubisoft,70.0,6,8.0,24,Climax Studios,T,2010s,Other,1.9459101490553128,3.218875824868201
PS2,2005,Fighting,Atari,72.0,29,8.4,71,Spike,T,2000s,Other,3.4011973816621555,4.276666119016055
PS,1999,Role-Playing,Kadokawa Shoten,86.0,12,8.9,37,Game Arts,T,1990s,Other,2.5649493574615367,3.6375861597263857
XB,2003,Fighting,Namco Bandai Games,92.0,39,8.9,54,Namco,T,2000s,Other,3.688879454113936,4.007333185232471
PS2,2001,Action,Capcom,84.0,21,8.4,189,Capcom,M,2000s,Other,3.091042453358316,5.247024072160486
XB,2004,Role-Playing,Activision,86.0,67,8.6,140,Obsidian Entertainment,T,2000s,Other,4.219507705176107,4.948759890378168
PS2,2001,Racing,Acclaim Entertainment,36.0,6,3.9,15,Broadsword Interactive,E,2000s,Other,1.9459101490553128,2.772588722239781
PC,2010,Shooter,Capcom,63.0,15,6.3,87,Capcom,T,2010s,Other,2.772588722239781,4.477336814478207
PSP,2005,Sports,Sony Computer Entertainment,57.0,25,6.9,14,989 Sports,E,2000s,Other,3.258096538021482,2.70805020110221
3DS,2016,Platform,Capcom,77.0,27,7.1,26,Digital Eclipse,E,2010s,Other,3.332204510175204,3.295836866004329
XOne,2014,Action,Warner Bros. Interactive Entertainment,87.0,12,8.0,585,Monolith Productions,M,2010s,Other,2.5649493574615367,6.373319789577012
PSP,2006,Shooter,Konami Digital Entertainment,76.0,44,8.5,4,M2,E,2000s,Other,3.80666248977032,1.6094379124341005
PS2,2002,Action,Atari,58.0,17,5.7,18,Paradigm Entertainment,T,2000s,Other,2.8903717578961645,2.9444389791664403
PS2,2001,Simulation,Take-Two Interactive,63.0,20,6.2,5,Syscom,E,2000s,Other,3.044522437723423,1.791759469228055
PS3,2012,Action,Sony Computer Entertainment,73.0,69,6.9,159,"Media Molecule, United Front Games",E,2010s,Other,4.248495242049359,5.075173815233827
X360,2007,Shooter,Vivendi Games,70.0,58,7.9,63,Saber Interactive,M,2000s,Other,4.07753744390572,4.158883083359672
PS3,2008,Sports,Activision,31.0,4,4.4,9,FUN Labs,E,2000s,Other,1.6094379124341005,2.302585092994046
PSP,2007,Simulation,Konami Digital Entertainment,51.0,25,7.5,27,Backbone Entertainment,T,2000s,Other,3.258096538021482,3.332204510175204
PS2,2005,Action,LucasArts,60.0,34,7.2,82,Double Helix Games,T,2000s,Other,3.555348061489413,4.418840607796598
PS2,2004,Shooter,Ubisoft,58.0,21,6.0,19,Ubisoft Shanghai/Paris,T,2000s,Other,3.091042453358316,2.995732273553991
XOne,2014,Action,Konami Digital Entertainment,76.0,13,5.4,348,Kojima Productions,M,2010s,Other,2.639057329615259,5.855071922202427
DS,2006,Misc,Nintendo,83.0,30,8.4,28,Agenda,E,2000s,Other,3.4339872044851463,3.367295829986474
PSP,2006,Sports,Electronic Arts,64.0,9,7.5,4,EA Sports,E,2000s,Other,2.302585092994046,1.6094379124341005
PC,2013,Shooter,Capcom,61.0,17,6.2,210,Spark Unlimited,T,2010s,Other,2.8903717578961645,5.351858133476067
XB,2005,Simulation,Codemasters,76.0,33,8.2,5,IR Gurus Interactive Ltd.,T,2000s,Other,3.5263605246161616,1.791759469228055
XB,2004,Action,Tecmo Koei,71.0,20,9.0,5,Omega Force,T,2000s,Other,3.044522437723423,1.791759469228055
XB,2004,Shooter,Electronic Arts,61.0,55,7.2,20,EA LA,T,2000s,Other,4.02535169073515,3.044522437723423
XB,2002,Action,Jaleco,46.0,12,7.0,4,Jaleco Entertainment,T,2000s,Other,2.5649493574615367,1.6094379124341005
X360,2007,Action,THQ,69.0,49,7.3,67,Nihilistic,M,2000s,Other,3.912023005428146,4.219507705176107
PSP,2006,Sports,Electronic Arts,72.0,15,7.3,8,EA Canada,E,2000s,FIFA,2.772588722239781,2.19722457733622
3DS,2014,Role-Playing,Nippon Ichi Software,83.0,56,8.1,169,Atlus,M,2010s,Other,4.04305126783455,5.135798437050262
XOne,2015,Shooter,Electronic Arts,71.0,27,5.1,299,Visceral Games,M,2010s,Other,3.332204510175204,5.703782474656201
XB,2003,Fighting,Hudson Soft,61.0,22,8.6,9,Eighting/Raizing,T,2000s,Other,3.1354942159291497,2.302585092994046
PSP,2010,Shooter,Electronic Arts,49.0,11,6.0,32,"Buzz Monkey, EA Montreal",M,2010s,Other,2.4849066497880004,3.49650756146648
DS,2008,Puzzle,THQ,66.0,4,7.5,27,Mikoishi,E,2000s,Other,1.6094379124341005,3.332204510175204
PS,1997,Role-Playing,Sony Computer Entertainment,92.0,20,9.2,1282,SquareSoft,T,1990s,Final Fantasy,3.044522437723423,7.1569563646156364
GC,2003,Platform,Activision,62.0,21,6.6,8,GenePool,T,2000s,Other,3.091042453358316,2.19722457733622
PS2,2004,Role-Playing,Square Enix,89.0,63,8.8,245,Level 5,T,2000s,Other,4.158883083359672,5.5053315359323625
X360,2008,Role-Playing,Compile Heart,71.0,7,7.0,35,Compile Heart,T,2000s,Other,2.079441541679836,3.58351893845611
GBA,2002,Shooter,Universal Interactive,65.0,9,7.5,27,Digital Eclipse,E,2000s,Other,2.302585092994046,3.332204510175204
X360,2010,Sports,Activision,55.0,7,7.5,27,Activision,T,2010s,Other,2.079441541679836,3.332204510175204
GBA,2001,Action,Activision,61.0,10,7.5,27,Digital Eclipse,E,2000s,Other,2.3978952727983707,3.332204510175204
X360,2010,Action,Warner Bros. Interactive Entertainment,60.0,13,8.0,5,Krome Studios,E10+,2010s,Other,2.639057329615259,1.791759469228055
3DS,2012,Action,Konami Digital Entertainment,78.0,46,7.8,167,Kojima Productions,M,2010s,Other,3.8501476017100575,5.123963979403259
PSP,2006,Misc,Sony Computer Entertainment,50.0,11,7.8,6,FreeStyleGames,T,2000s,Other,2.4849066497880004,1.9459101490553128
X360,2008,Action,Eidos Interactive,76.0,57,6.6,198,Crystal Dynamics,T,2000s,Other,4.060443010546419,5.293304824724492
XB,2004,Shooter,Konami Digital Entertainment,69.0,25,7.4,5,Konami,M,2000s,Other,3.258096538021482,1.791759469228055
PSP,2010,Fighting,PQube,82.0,14,7.8,18,Arc System Works,T,2010s,Other,2.70805020110221,2.9444389791664403
DS,2008,Action,Electronic Arts,54.0,13,7.5,27,Sanzaru Games,E10+,2000s,Other,2.639057329615259,3.332204510175204
PS2,2005,Sports,Sony Computer Entertainment,78.0,32,8.3,11,SCEE London Studio,E,2000s,Other,3.49650756146648,2.4849066497880004
PS3,2013,Fighting,Capcom,80.0,33,7.3,27,Iron Galaxy Studios,T,2010s,Other,3.5263605246161616,3.332204510175204
XB,2005,Adventure,Take-Two Interactive,77.0,51,8.1,37,Headfirst Productions,M,2000s,Other,3.951243718581428,3.6375861597263857
PS3,2009,Sports,Electronic Arts,88.0,35,7.9,40,EA Canada,E10+,2000s,Other,3.58351893845611,3.713572066704308
XB,2004,Action,Konami Digital Entertainment,61.0,15,7.5,27,Krome Studios,T,2000s,Other,2.772588722239781,3.332204510175204
GBA,2003,Action,Capcom,63.0,8,7.5,27,Klein Computer Entertainment,E,2000s,Other,2.19722457733622,3.332204510175204
XOne,2016,Sports,Take-Two Interactive,90.0,17,6.2,91,Visual Concepts,E,2010s,Other,2.8903717578961645,4.5217885770490405
Wii,2007,Action,LucasArts,80.0,17,8.9,62,Traveller's Tales,E10+,2000s,Other,2.8903717578961645,4.143134726391533
DS,2008,Platform,Brash Entertainment,75.0,5,7.5,27,Brash Entertainment,E,2000s,Other,1.791759469228055,3.332204510175204
GC,2003,Sports,Electronic Arts,89.0,16,7.5,6,EA Sports,E,2000s,Other,2.833213344056216,1.9459101490553128
PS2,2007,Misc,Sony Computer Entertainment,73.0,29,7.5,27,SCEE,T,2000s,Other,3.4011973816621555,3.332204510175204
PS3,2006,Simulation,505 Games,65.0,36,6.8,25,From Software,T,2000s,Other,3.610917912644224,3.258096538021482
PS2,2005,Platform,Majesco Entertainment,86.0,33,8.7,61,BudCat,T,2000s,Other,3.5263605246161616,4.127134385045092
PS4,2015,Action,Tecmo Koei,71.0,29,6.5,15,Omega Force,T,2010s,Other,3.4011973816621555,2.772588722239781
PS3,2012,Sports,Konami Digital Entertainment,82.0,37,6.7,146,Konami,E,2010s,Other,3.6375861597263857,4.990432586778736
3DS,2011,Platform,Nintendo,90.0,82,8.4,921,Nintendo,E,2010s,Mario,4.418840607796598,6.826545223556594
WiiU,2013,Platform,Namco Bandai Games,58.0,9,6.5,16,"Namco Bandai Games, Monkey Bar Games",E10+,2010s,Other,2.302585092994046,2.833213344056216
PS3,2011,Racing,Codemasters,82.0,36,7.1,55,Codemasters,E,2010s,Other,3.610917912644224,4.02535169073515
PS2,2000,Sports,Electronic Arts,78.0,15,7.5,27,T&E Soft,E,2000s,Other,2.772588722239781,3.332204510175204
PSP,2009,Misc,MTV Games,79.0,50,8.6,31,"Harmonix Music Systems, Backbone Entertainment",T,2000s,Other,3.9318256327243257,3.4657359027997265
GC,2002,Sports,Electronic Arts,79.0,13,6.3,4,EA Sports,E,2000s,Other,2.639057329615259,1.6094379124341005
PS2,2003,Platform,SCi,59.0,22,6.6,14,UDS,T,2000s,Other,3.1354942159291497,2.70805020110221
DS,2008,Action,Sega,50.0,15,7.5,27,Amaze Entertainment,E10+,2000s,Other,2.772588722239781,3.332204510175204
GBA,2003,Platform,Konami Digital Entertainment,91.0,29,9.1,127,KCET,T,2000s,Other,3.4011973816621555,4.852030263919617
PC,2011,Action,Electronic Arts,69.0,18,5.8,338,Black Box,T,2010s,Other,2.9444389791664403,5.82600010738045
PC,2011,Strategy,Sega,90.0,62,8.3,1180,Creative Assembly,T,2010s,Other,4.143134726391533,7.074116816197362
XOne,2013,Shooter,Electronic Arts,81.0,5,6.6,480,EA DICE,M,2010s,Other,1.791759469228055,6.175867270105761
3DS,2011,Fighting,Capcom,85.0,69,8.1,206,Capcom,T,2010s,Other,4.248495242049359,5.332718793265369
PS3,2010,Racing,Codemasters,84.0,46,7.8,83,Codemasters Birmingham,E,2010s,Other,3.8501476017100575,4.430816798843313
PSP,2009,Action,D3Publisher,60.0,6,7.5,27,High Voltage Software,E10+,2000s,Other,1.9459101490553128,3.332204510175204
DS,2009,Puzzle,Warner Bros. Interactive Entertainment,79.0,72,7.6,110,5TH Cell,E10+,2000s,Other,4.290459441148391,4.709530201312334
PC,2005,Shooter,LucasArts,78.0,34,8.7,279,LucasArts,T,2000s,Other,3.555348061489413,5.634789603169249
GBA,2003,Fighting,Atari,40.0,23,6.1,22,Webfoot Technologies,T,2000s,Other,3.1780538303479458,3.1354942159291497
PC,2006,Racing,Electronic Arts,78.0,17,7.2,249,Black Box,E10+,2000s,Other,2.8903717578961645,5.521460917862246
XB,2004,Shooter,Electronic Arts,83.0,51,7.4,27,EA Redwood Shores,T,2000s,Other,3.951243718581428,3.332204510175204
PC,2011,Shooter,THQ,75.0,29,6.7,273,Volition Inc.,M,2010s,Other,3.4011973816621555,5.613128106388071
PS3,2012,Action,Ubisoft Annecy,63.0,20,8.0,22,Omega Force,T,2010s,Other,3.044522437723423,3.1354942159291497
PC,2014,Action,Warner Bros. Interactive Entertainment,68.0,6,7.5,27,TT Games,E10+,2010s,Other,1.9459101490553128,3.332204510175204
PS2,2004,Role-Playing,505 Games,66.0,34,7.0,22,SoftMax,T,2000s,Other,3.555348061489413,3.1354942159291497
PS2,2006,Shooter,Ubisoft,44.0,8,4.6,41,Ubisoft Shanghai,T,2000s,Other,2.19722457733622,3.737669618283368
GBA,2003,Platform,THQ,44.0,15,2.5,4,Art,E,2000s,Other,2.772588722239781,1.6094379124341005
PS2,2003,Sports,Electronic Arts,89.0,23,8.8,40,EA Sports,E,2000s,Other,3.1780538303479458,3.713572066704308
PS2,2000,Strategy,Electronic Arts,75.0,20,8.4,12,Koei,T,2000s,Other,3.044522437723423,2.5649493574615367
PS4,2015,Puzzle,Devolver Digital,88.0,31,8.4,124,Croteam,E10+,2010s,Other,3.4657359027997265,4.8283137373023015
DS,2007,Role-Playing,Rising Star Games,60.0,10,7.5,27,Amble,E10+,2000s,Other,2.3978952727983707,3.332204510175204
PS2,2004,Fighting,Electronic Arts,85.0,43,9.0,25,EA Sports,T,2000s,Other,3.784189633918261,3.258096538021482
PS3,2009,Shooter,Warner Bros. Interactive Entertainment,79.0,48,7.9,98,Monolith Productions,M,2000s,Other,3.8918202981106265,4.59511985013459
X360,2009,Shooter,Phantom EFX,44.0,25,4.8,76,8Monkey Labs,M,2000s,Other,3.258096538021482,4.343805421853684
PS2,2005,Role-Playing,Tecmo Koei,68.0,34,7.8,14,Gust,E10+,2000s,Other,3.555348061489413,2.70805020110221
PS2,2003,Sports,Electronic Arts,85.0,19,7.6,53,EA Sports,E,2000s,Other,2.995732273553991,3.9889840465642745
X360,2012,Shooter,Konami Digital Entertainment,52.0,46,5.5,65,Rebellion,M,2010s,Other,3.8501476017100575,4.189654742026425
X360,2009,Role-Playing,Deep Silver,71.0,56,7.3,64,"Ascaron Entertainment GmbH, Ascaron Entertainment",M,2000s,Other,4.04305126783455,4.174387269895637
PS2,2006,Puzzle,Xplosiv,75.0,4,7.5,27,Atomic Planet Entertainment,E,2000s,Other,1.6094379124341005,3.332204510175204
X360,2010,Action,Tecmo Koei,65.0,27,7.8,20,Koei Tecmo Games,T,2010s,Other,3.332204510175204,3.044522437723423
PS2,2001,Sports,Electronic Arts,74.0,18,7.5,27,EA Sports,E,2000s,Other,2.9444389791664403,3.332204510175204
Wii,2006,Fighting,Sega,58.0,30,7.5,24,Polygon Magic,T,2000s,Other,3.4339872044851463,3.218875824868201
PSP,2009,Role-Playing,GungHo,80.0,26,7.7,47,Game Arts,T,2000s,Other,3.295836866004329,3.8712010109078903
PS2,2005,Racing,THQ,68.0,36,7.7,24,Juice Games,T,2000s,Other,3.610917912644224,3.218875824868201
XB,2002,Action,Midway Games,54.0,9,8.9,10,Midway,T,2000s,Other,2.302585092994046,2.3978952727983707
PS3,2011,Action,Ubisoft,80.0,39,7.5,613,Ubisoft Montreal,M,2010s,Other,3.688879454113936,6.419994928147142
GC,2002,Sports,Konami Digital Entertainment,75.0,7,7.5,27,KCEO,E,2000s,Other,2.079441541679836,3.332204510175204
X360,2009,Action,Konami Digital Entertainment,59.0,39,7.4,50,Zombie Studios,M,2000s,Other,3.688879454113936,3.9318256327243257
PC,1997,Shooter,Vivendi Games,96.0,24,9.1,3161,Valve Software,M,1990s,Other,3.218875824868201,8.058960017769417
3DS,2016,Action,Warner Bros. Interactive Entertainment,60.0,4,7.1,15,TT Games,E10+,2010s,Other,1.6094379124341005,2.772588722239781
PC,2010,Role-Playing,Sega,72.0,25,7.5,511,Obsidian Entertainment,M,2010s,Other,3.258096538021482,6.238324625039508
PC,2007,Strategy,Eidos Interactive,76.0,20,7.3,46,Eidos Interactive,T,2000s,Other,3.044522437723423,3.8501476017100575
X360,2010,Adventure,Ubisoft,42.0,9,4.8,4,Telltale Games,M,2010s,Other,2.302585092994046,1.6094379124341005
X360,2008,Sports,Activision,41.0,5,7.2,6,FUN Labs,E,2000s,Other,1.791759469228055,1.9459101490553128
PS2,2002,Sports,Midway Games,82.0,19,8.4,11,Midway,E,2000s,Other,2.995732273553991,2.4849066497880004
GBA,2003,Sports,Electronic Arts,63.0,14,7.5,27,Visual Impact,E,2000s,Other,2.70805020110221,3.332204510175204
X360,2007,Shooter,Activision,35.0,11,6.1,21,Cauldron Ltd.,T,2000s,Other,2.4849066497880004,3.091042453358316
PS4,2016,Shooter,Electronic Arts,81.0,29,7.7,111,PopCap,E10+,2010s,Other,3.4011973816621555,4.718498871295094
X360,2010,Platform,D3Publisher,51.0,5,5.3,4,Papaya Studios,E10+,2010s,Other,1.791759469228055,1.6094379124341005
PS3,2010,Action,Electronic Arts,38.0,27,2.8,23,EA Bright Light,T,2010s,Other,3.332204510175204,3.1780538303479458
PS2,2004,Platform,Vivendi Games,60.0,16,8.0,44,Eurocom Entertainment Software,E,2000s,Other,2.833213344056216,3.80666248977032
Wii,2009,Racing,Capcom,44.0,10,5.4,11,Milestone S.r.l,E,2000s,Other,2.3978952727983707,2.4849066497880004
GC,2003,Platform,Gotham Games,70.0,4,8.0,5,Doki Denki,E,2000s,Other,1.6094379124341005,1.791759469228055
GBA,2005,Platform,Capcom,77.0,17,9.1,21,Inti,E,2000s,Other,2.8903717578961645,3.091042453358316
WiiU,2016,Role-Playing,Nintendo,75.0,72,6.8,208,"Nintendo, Intelligent Systems",E,2010s,Mario,4.290459441148391,5.342334251964811
PS2,2004,Sports,Electronic Arts,76.0,21,6.4,18,EA Canada,E,2000s,Other,3.091042453358316,2.9444389791664403
GBA,2001,Sports,Acclaim Entertainment,85.0,7,7.5,27,Full-Fat,E,2000s,Other,2.079441541679836,3.332204510175204
X360,2013,Action,505 Games,81.0,39,7.2,139,Engine Software,T,2010s,Other,3.688879454113936,4.941642422609304
PS2,2004,Adventure,Codemasters,76.0,48,8.0,23,Free Radical Design,T,2000s,Other,3.8918202981106265,3.1780538303479458
GBA,2003,Action,Konami Digital Entertainment,59.0,6,7.5,27,Konami Computer Entertainment Hawaii,E,2000s,Other,1.9459101490553128,3.332204510175204
GC,2003,Shooter,Electronic Arts,83.0,15,7.8,12,Io Interactive,T,2000s,Other,2.772588722239781,2.5649493574615367
Wii,2012,Action,Nintendo,82.0,6,8.8,37,HAL Labs,E10+,2010s,Other,1.9459101490553128,3.6375861597263857
X360,2012,Action,THQ,83.0,63,8.0,456,Vigil Games,M,2010s,Other,4.158883083359672,6.124683390894205
3DS,2012,Sports,Nintendo,69.0,58,6.9,110,Camelot Software Planning,E,2010s,Mario,4.07753744390572,4.709530201312334
DS,2009,Action,Activision,59.0,4,7.5,27,TT Fusion,E,2000s,Other,1.6094379124341005,3.332204510175204
PS,1997,Role-Playing,ASCII Entertainment,66.0,11,8.2,9,Kuusou Kagaku,E,1990s,Other,2.4849066497880004,2.302585092994046
GC,2006,Action,LucasArts,84.0,25,9.1,16,Traveller's Tales,E10+,2000s,Other,3.258096538021482,2.833213344056216
PS3,2012,Misc,Ubisoft,77.0,5,7.1,29,Ubisoft,E10+,2010s,Other,1.791759469228055,3.4011973816621555
XB,2005,Sports,Electronic Arts,86.0,35,7.5,27,EA Sports,Unknown,2000s,Other,3.58351893845611,3.332204510175204
X360,2008,Sports,Sega,67.0,45,6.8,18,Sumo Digital,E10+,2000s,Other,3.828641396489095,2.9444389791664403
PS4,2015,Adventure,Revolution Software,72.0,14,7.2,23,Revolution Software,T,2010s,Other,2.70805020110221,3.1780538303479458
PC,2000,Role-Playing,Eidos Interactive,90.0,28,9.3,1069,Ion Storm,M,2000s,Other,3.367295829986474,6.975413927455952
PS4,2015,Action,Sony Computer Entertainment,80.0,62,8.2,153,Bluepoint Games,T,2010s,Other,4.143134726391533,5.0369526024136295
Wii,2008,Simulation,505 Games,56.0,12,7.3,13,"Machatin, Inc.",E10+,2000s,Other,2.5649493574615367,2.639057329615259
PSP,2008,Sports,Konami Digital Entertainment,80.0,17,6.8,11,Konami,E,2000s,Other,2.8903717578961645,2.4849066497880004
Wii,2006,Puzzle,Nintendo,69.0,39,8.7,21,Hudson,E,2000s,Other,3.688879454113936,3.091042453358316
X360,2009,Shooter,Rising Star Games,76.0,29,8.4,47,Cave,T,2000s,Other,3.4011973816621555,3.8712010109078903
Wii,2009,Sports,Sega,45.0,10,7.5,27,Tabot,E10+,2000s,Other,2.3978952727983707,3.332204510175204
PS2,2004,Action,THQ,62.0,36,7.6,22,Heavy Iron Studios,T,2000s,Other,3.610917912644224,3.1354942159291497
X360,2012,Racing,Namco Bandai Games,71.0,59,7.7,56,Bugbear,T,2010s,Other,4.0943445622221,4.04305126783455
PS4,2015,Action,Sony Computer Entertainment,86.0,78,8.1,1264,Bluepoint Games,T,2010s,Other,4.3694478524670215,7.142827401161621
DS,2005,Puzzle,Nintendo,77.0,37,7.1,19,Nintendo,E,2000s,Other,3.6375861597263857,2.995732273553991
PS2,2002,Action,Konami Digital Entertainment,87.0,17,9.0,126,KCEJ,M,2000s,Other,2.8903717578961645,4.844187086458591
DS,2009,Misc,Activision,65.0,18,7.0,4,Vicarious Visions,E10+,2000s,Other,2.9444389791664403,1.6094379124341005
PS3,2009,Sports,Konami Digital Entertainment,78.0,42,6.7,76,Konami,E,2000s,Other,3.7612001156935615,4.343805421853684
XB,2005,Action,THQ,63.0,12,7.5,27,Heavy Iron Studios,E10+,2000s,Other,2.5649493574615367,3.332204510175204
PS2,2003,Adventure,Atari,69.0,25,8.9,28,Eden Studios,T,2000s,Other,3.258096538021482,3.367295829986474
PS2,2001,Action,Eidos Interactive,71.0,20,7.8,8,Core Design Ltd.,T,2000s,Other,3.044522437723423,2.19722457733622
GC,2004,Fighting,THQ,79.0,47,9.1,81,Yuke's,T,2000s,Other,3.8712010109078903,4.406719247264253
PSP,2008,Fighting,Square Enix,79.0,61,8.0,139,Square Enix,T,2000s,Final Fantasy,4.127134385045092,4.941642422609304
3DS,2014,Misc,Square Enix,83.0,52,8.2,66,Indies Zero,T,2010s,Final Fantasy,3.970291913552122,4.204692619390966
PC,2007,Strategy,Vivendi Games,50.0,40,2.8,53,Mad Doc Software,T,2000s,Other,3.713572066704308,3.9889840465642745
PS,1999,Racing,Sony Computer Entertainment,88.0,20,9.0,233,Naughty Dog,E,1990s,Other,3.044522437723423,5.455321115357702
GC,2005,Role-Playing,Nintendo,64.0,27,8.3,74,Genius Sonority Inc.,E,2000s,Pokemon,3.332204510175204,4.31748811353631
GBA,2001,Action,Majesco Entertainment,64.0,15,7.5,27,Pipe Dream Interactive,E,2000s,Other,2.772588722239781,3.332204510175204
X360,2009,Role-Playing,Deep Silver,60.0,37,6.4,77,Piranha Bytes,M,2000s,Other,3.6375861597263857,4.356708826689592
PC,2002,Action,Microids,82.0,26,8.5,235,Microids,T,2000s,Other,3.295836866004329,5.4638318050256105
Wii,2010,Sports,Namco Bandai Games,60.0,9,7.6,5,Namco Bandai Games,E,2010s,Other,2.302585092994046,1.791759469228055
PS,1999,Role-Playing,Enix Corporation,81.0,8,8.8,37,Tri-Ace,T,1990s,Other,2.19722457733622,3.6375861597263857
PS3,2008,Fighting,Atari,71.0,32,7.2,51,"Dimps Corporation, Namco Bandai Games",T,2000s,Other,3.49650756146648,3.951243718581428
PS2,2003,Shooter,Electronic Arts,81.0,26,8.4,57,Io Interactive,T,2000s,Other,3.295836866004329,4.060443010546419
GBA,2003,Action,Tomy Corporation,60.0,12,7.1,9,Aspect,E10+,2000s,Other,2.5649493574615367,2.302585092994046
PSP,2008,Role-Playing,Nippon Ichi Software,41.0,19,5.3,37,Gust,E10+,2000s,Other,2.995732273553991,3.6375861597263857
Wii,2007,Role-Playing,Sega,48.0,24,7.1,23,Totally Games,T,2000s,Other,3.218875824868201,3.1780538303479458
PS3,2012,Role-Playing,Electronic Arts,81.0,34,7.6,376,Big Huge Games,M,2010s,Other,3.555348061489413,5.932245187448011
GBA,2002,Shooter,Zoo Digital Publishing,46.0,5,1.7,11,Rebellion,T,2000s,Other,1.791759469228055,2.4849066497880004
GBA,2002,Fighting,THQ,73.0,10,7.5,6,Natsume,E,2000s,Other,2.3978952727983707,1.9459101490553128
PSP,2011,Action,LucasArts,63.0,4,7.5,27,Traveller's Tales,E10+,2010s,Other,1.6094379124341005,3.332204510175204
PS3,2007,Action,Tecmo Koei,60.0,29,6.9,16,"Koei, Omega Force",T,2000s,Other,3.4011973816621555,2.833213344056216
PS4,2014,Action,Warner Bros. Interactive Entertainment,73.0,43,7.1,75,TT Games,E10+,2010s,Other,3.784189633918261,4.330733340286331
PC,2015,Strategy,Focus Home Interactive,71.0,37,7.1,93,Eugen Systems,Unknown,2010s,Other,3.6375861597263857,4.543294782270004
WiiU,2012,Action,Warner Bros. Interactive Entertainment,24.0,8,3.5,21,"Phosphor Games Studio, LLC",E,2010s,Other,2.19722457733622,3.091042453358316
GBA,2006,Adventure,Disney Interactive Studios,70.0,8,5.6,5,Amaze Entertainment,E10+,2000s,Other,2.19722457733622,1.791759469228055
XB,2004,Shooter,Atari,64.0,27,5.3,20,Tantalus Interactive,M,2000s,Other,3.332204510175204,3.044522437723423
GC,2005,Action,Ubisoft,81.0,30,8.3,8,Ubisoft Montpellier,T,2000s,Other,3.4339872044851463,2.19722457733622
GC,2007,Sports,Electronic Arts,75.0,4,7.0,7,EA Tiburon,E,2000s,Madden,1.6094379124341005,2.079441541679836
X360,2010,Sports,Electronic Arts,80.0,65,8.0,127,EA Black Box,T,2010s,Other,4.189654742026425,4.852030263919617
PC,2003,Racing,Electronic Arts,82.0,24,8.3,307,Black Box,E,2000s,Other,3.218875824868201,5.730099782973575
X360,2009,Sports,Take-Two Interactive,82.0,46,7.6,34,Visual Concepts,E,2000s,Other,3.8501476017100575,3.555348061489413
X360,2013,Action,Capcom,70.0,42,7.5,267,DONTNOD Entertainment,M,2010s,Other,3.7612001156935615,5.5909869805108565
PS2,2001,Shooter,Namco Bandai Games,81.0,21,7.9,20,Namco,T,2000s,Other,3.091042453358316,3.044522437723423
PS3,2013,Shooter,Electronic Arts,58.0,27,6.7,100,Visceral Games,M,2010s,Other,3.332204510175204,4.61512051684126
PS3,2007,Misc,Activision,75.0,6,7.5,27,Left Field Productions,T,2000s,Other,1.9459101490553128,3.332204510175204
PC,2008,Puzzle,PopCap Games,76.0,15,8.1,24,PopCap,E,2000s,Other,2.772588722239781,3.218875824868201
XOne,2014,Sports,Microsoft Game Studios,60.0,53,5.1,144,Microsoft Game Studios,E10+,2010s,Other,3.9889840465642745,4.976733742420574
Wii,2008,Action,SouthPeak Games,72.0,37,8.7,33,Red Fly Studio,E10+,2000s,Other,3.6375861597263857,3.5263605246161616
DS,2008,Action,Eidos Interactive,70.0,9,8.4,10,Santa Cruz Games,T,2000s,Other,2.302585092994046,2.3978952727983707
XOne,2013,Strategy,Activision,53.0,4,6.9,63,Exient Entertainment,E,2010s,Other,1.6094379124341005,4.158883083359672
PC,2006,Simulation,Ubisoft,71.0,33,7.2,54,Ascaron Entertainment GmbH,T,2000s,Other,3.5263605246161616,4.007333185232471
PS2,2002,Racing,Codemasters,81.0,22,8.5,20,Codemasters,T,2000s,Other,3.1354942159291497,3.044522437723423
DS,2007,Shooter,Ubisoft,72.0,27,8.0,25,Gameloft,T,2000s,Other,3.332204510175204,3.258096538021482
PS4,2015,Fighting,Marvelous Interactive,70.0,33,6.9,28,"Examu, Marvelous Inc.",T,2010s,Other,3.5263605246161616,3.367295829986474
DS,2005,Simulation,Nintendo,86.0,57,8.7,242,Nintendo,E,2000s,Other,4.060443010546419,5.493061443340548
PS2,2001,Sports,Konami Digital Entertainment,44.0,10,7.5,27,Kush Games,E,2000s,Other,2.3978952727983707,3.332204510175204
3DS,2011,Action,Konami Digital Entertainment,54.0,11,5.5,8,Alpha Unit,E,2010s,Other,2.4849066497880004,2.19722457733622
Wii,2010,Misc,Ubisoft,48.0,6,3.3,4,Longtail Studios,E10+,2010s,Other,1.9459101490553128,1.6094379124341005
PSP,2007,Racing,Sega,64.0,25,7.1,18,Sega,E10+,2000s,Other,3.258096538021482,2.9444389791664403
XOne,2015,Sports,Electronic Arts,60.0,17,5.6,62,EA Sports,E,2010s,Other,2.8903717578961645,4.143134726391533
GC,2003,Fighting,Tomy Corporation,72.0,21,8.1,20,Tomy Corporation,T,2000s,Other,3.091042453358316,3.044522437723423
Wii,2007,Misc,Rising Star Games,57.0,23,8.0,10,Racjin,E,2000s,Other,3.1780538303479458,2.3978952727983707
PS2,2007,Fighting,Unknown,77.0,9,8.3,16,Arc System Works,T,2000s,Other,2.302585092994046,2.833213344056216
PS4,2016,Shooter,Tripwire Interactive,76.0,39,8.0,57,Tripwire Interactive,M,2010s,Other,3.688879454113936,4.060443010546419
PS2,2005,Role-Playing,Namco Bandai Games,65.0,27,8.6,15,Bandai,E10+,2000s,Other,3.332204510175204,2.772588722239781
DS,2005,Misc,Nintendo,71.0,49,7.0,37,Indies Zero,E,2000s,Other,3.912023005428146,3.6375861597263857
PSV,2016,Role-Playing,Idea Factory International,73.0,16,8.4,12,Compile Heart,T,2010s,Other,2.833213344056216,2.5649493574615367
PS2,2005,Simulation,Electronic Arts,75.0,31,4.4,166,Maxis,T,2000s,Other,3.4657359027997265,5.117993812416755
PS2,2005,Simulation,505 Games,59.0,16,8.9,14,From Software,T,2000s,Other,2.833213344056216,2.70805020110221
XB,2005,Shooter,Activision,88.0,71,7.4,116,Vicarious Visions,M,2000s,Other,4.276666119016055,4.762173934797756
PSP,2009,Fighting,Namco Bandai Games,28.0,16,0.9,50,Dimps Corporation,T,2000s,Other,2.833213344056216,3.9318256327243257
PS,2001,Sports,Sony Computer Entertainment,53.0,10,7.5,27,989 Sports,E,2000s,Other,2.3978952727983707,3.332204510175204
X360,2011,Shooter,Codemasters,53.0,61,4.7,73,Guildford Studio,M,2010s,Other,4.127134385045092,4.304065093204169
PS2,2001,Action,Konami Digital Entertainment,89.0,34,8.9,557,KCET,M,2000s,Other,3.555348061489413,6.324358962381311
GBA,2003,Action,Electronic Arts,77.0,13,8.2,11,Griptonite Games,T,2000s,Other,2.639057329615259,2.4849066497880004
DS,2006,Action,THQ,66.0,5,7.5,27,Altron,E,2000s,Other,1.791759469228055,3.332204510175204
PS3,2011,Action,Sony Computer Entertainment,92.0,97,8.3,3712,Naughty Dog,T,2010s,Other,4.584967478670572,8.21959545417708
X360,2007,Simulation,Konami Digital Entertainment,74.0,26,8.8,5,Konami,E10+,2000s,Other,3.295836866004329,1.791759469228055
PS3,2013,Action,Konami Digital Entertainment,80.0,61,7.9,746,PlatinumGames,M,2010s,Other,4.127134385045092,6.616065185132817
PSP,2008,Misc,System 3 Arcade Software,78.0,4,7.5,27,Farsight Studios,E10+,2000s,Other,1.6094379124341005,3.332204510175204
X360,2008,Racing,Capcom,68.0,20,5.6,12,Milestone S.r.l,E,2000s,Other,3.044522437723423,2.5649493574615367
XB,2005,Action,Konami Digital Entertainment,74.0,26,7.0,13,Konami,M,2000s,Other,3.295836866004329,2.639057329615259
PS2,2006,Misc,RedOctane,92.0,69,8.5,112,Harmonix Music Systems,T,2000s,Other,4.248495242049359,4.727387818712341
Wii,2007,Fighting,Midway Games,71.0,29,8.4,33,JGI Entertainment,M,2000s,Other,3.4011973816621555,3.5263605246161616
GBA,2003,Action,THQ,39.0,13,5.8,11,Pocket Studios,E,2000s,Other,2.639057329615259,2.4849066497880004
GBA,2001,Action,Activision,54.0,4,7.5,27,Digital Eclipse,E,2000s,Other,1.6094379124341005,3.332204510175204
DS,2008,Role-Playing,Square Enix,84.0,46,8.5,57,ArtePiazza,E10+,2000s,Other,3.8501476017100575,4.060443010546419
PSP,2006,Misc,Konami Digital Entertainment,78.0,22,7.2,21,Kojima Productions,M,2000s,Other,3.1354942159291497,3.091042453358316
DS,2010,Action,Ubisoft,57.0,7,6.3,6,Ubisoft Casablanca,E10+,2010s,Other,2.079441541679836,1.9459101490553128
PC,2006,Simulation,Electronic Arts,78.0,29,8.6,35,Maxis,T,2000s,Other,3.4011973816621555,3.58351893845611
XOne,2015,Adventure,Revolution Software,77.0,12,7.2,11,Revolution Software,T,2010s,Other,2.5649493574615367,2.4849066497880004
PC,2002,Strategy,Vivendi Games,92.0,40,9.1,1023,Blizzard Entertainment,T,2000s,Other,3.713572066704308,6.931471805599453
X360,2008,Sports,Electronic Arts,83.0,50,7.0,125,EA Tiburon,E,2000s,Madden,3.9318256327243257,4.836281906951478
PS3,2009,Fighting,THQ,70.0,43,6.5,19,Yuke's,T,2000s,Other,3.784189633918261,2.995732273553991
PSP,2007,Action,Ubisoft,37.0,7,4.1,12,Ubisoft Montreal,E10+,2000s,Other,2.079441541679836,2.5649493574615367
PC,2009,Role-Playing,DTP Entertainment,61.0,17,6.8,51,Deck 13,T,2000s,Other,2.8903717578961645,3.951243718581428
X360,2012,Adventure,Focus Home Interactive,64.0,24,7.6,30,Frogwares,M,2010s,Other,3.218875824868201,3.4339872044851463
GBA,2001,Shooter,THQ,53.0,15,7.5,27,Shin'en,E,2000s,Other,2.772588722239781,3.332204510175204
PSP,2011,Fighting,Square Enix,78.0,52,8.3,144,Square Enix,T,2010s,Final Fantasy,3.970291913552122,4.976733742420574
PS2,2005,Role-Playing,505 Games,74.0,35,8.2,17,Irem,T,2000s,Other,3.58351893845611,2.8903717578961645
XB,2001,Racing,Electronic Arts,83.0,11,5.5,8,EA Sports,E,2000s,Other,2.4849066497880004,2.19722457733622
DS,2007,Action,Ubisoft,39.0,6,5.6,7,Blue Byte,E,2000s,Other,1.9459101490553128,2.079441541679836
PS2,2005,Action,Midway Games,77.0,41,8.6,74,Midway Studios - Los Angeles,M,2000s,Other,3.737669618283368,4.31748811353631
PS,1998,Role-Playing,Konami Digital Entertainment,82.0,8,8.4,162,Konami,T,1990s,Other,2.19722457733622,5.093750200806762
X360,2012,Action,Electronic Arts,90.0,48,6.1,403,Electronic Arts,E,2010s,FIFA,3.8918202981106265,6.001414877961151
GC,2002,Puzzle,Acclaim Entertainment,67.0,15,6.1,7,PuzzleKings,E,2000s,Other,2.772588722239781,2.079441541679836
PS3,2012,Sports,Electronic Arts,75.0,14,5.7,9,Electronic Arts,E,2010s,Other,2.70805020110221,2.302585092994046
XB,2005,Action,Midway Games,76.0,36,9.1,8,Surreal Software,M,2000s,Other,3.610917912644224,2.19722457733622
PS3,2011,Platform,Sega,76.0,38,8.2,253,Sega,E,2010s,Other,3.6635616461296463,5.537334267018537
PC,2011,Strategy,Unknown,47.0,29,3.0,350,FireFly Studios,T,2010s,Other,3.4011973816621555,5.860786223465865
PC,2012,Role-Playing,Deep Silver,69.0,51,5.6,751,Piranha Bytes,M,2010s,Other,3.951243718581428,6.62273632394984
PSV,2014,Role-Playing,Ubisoft,83.0,14,7.8,108,Ubisoft Montreal,E10+,2010s,Other,2.70805020110221,4.691347882229144
Wii,2010,Action,Majesco Entertainment,60.0,5,7.5,27,Boomzap,E10+,2010s,Other,1.791759469228055,3.332204510175204
PC,2003,Simulation,Ubisoft,86.0,12,8.6,38,"1C, 1C Company",T,2000s,Other,2.5649493574615367,3.6635616461296463
PS,2000,Sports,THQ,70.0,9,7.5,27,Radical Entertainment,Unknown,2000s,Other,2.302585092994046,3.332204510175204
PSP,2009,Role-Playing,Atlus,68.0,13,7.3,21,Sting,T,2000s,Other,2.639057329615259,3.091042453358316
PS2,2003,Racing,Vivendi Games,69.0,24,7.7,59,Vicarious Visions,E,2000s,Other,3.218875824868201,4.0943445622221
PSP,2007,Racing,Atari,80.0,18,7.3,29,Melbourne House,E10+,2000s,Other,2.9444389791664403,3.4011973816621555
PSV,2011,Platform,Sony Computer Entertainment,57.0,62,5.5,53,Bigbig Studios,E10+,2010s,Other,4.143134726391533,3.9889840465642745
Wii,2010,Adventure,Hudson Soft,60.0,8,7.5,27,Hudson Entertainment,E,2010s,Other,2.19722457733622,3.332204510175204
PS3,2010,Action,Take-Two Interactive,89.0,46,7.6,105,Visual Concepts,E,2010s,Other,3.8501476017100575,4.663439094112067
X360,2009,Action,Activision,78.0,83,7.8,356,Radical Entertainment,M,2000s,Other,4.430816798843313,5.877735781779639
X360,2012,Fighting,Ubisoft Annecy,76.0,39,7.9,95,Team Ninja,M,2010s,Other,3.688879454113936,4.564348191467836
PSP,2008,Role-Playing,Sega,78.0,20,7.5,30,"IronNos Co.,Ltd.",T,2000s,Other,3.044522437723423,3.4339872044851463
PS2,2001,Sports,Sony Computer Entertainment,57.0,11,4.0,4,989 Sports,E,2000s,Other,2.4849066497880004,1.6094379124341005
PS2,2007,Action,Empire Interactive,58.0,24,6.6,14,Sidhe Interactive,M,2000s,Other,3.218875824868201,2.70805020110221
PS2,2005,Action,Electronic Arts,68.0,29,6.7,48,Electronic Arts,E10+,2000s,Other,3.4011973816621555,3.8918202981106265
XOne,2014,Shooter,Electronic Arts,86.0,68,6.4,2658,Respawn Entertainment,M,2010s,Other,4.23410650459726,7.88570539124302
DS,2006,Strategy,Namco Bandai Games,59.0,8,7.1,11,Big Blue Bubble Inc.,E10+,2000s,Other,2.19722457733622,2.4849066497880004
GBA,2001,Sports,Activision,71.0,11,7.5,27,HotGen,E,2000s,Other,2.4849066497880004,3.332204510175204
XB,2003,Sports,Jaleco,67.0,11,7.5,27,Blade Interactive,E,2000s,Other,2.4849066497880004,3.332204510175204
PSP,2006,Racing,Sega,64.0,25,7.8,38,Backbone Entertainment,E,2000s,Other,3.258096538021482,3.6635616461296463
GBA,2002,Action,Nintendo,92.0,44,9.1,200,Nintendo,E,2000s,Other,3.80666248977032,5.303304908059076
PS2,2004,Misc,Sony Computer Entertainment,78.0,30,7.0,9,SCEE,E10+,2000s,Other,3.4339872044851463,2.302585092994046
PS2,2003,Action,Konami Digital Entertainment,59.0,29,8.7,31,KCE Studios,E,2000s,Other,3.4011973816621555,3.4657359027997265
PS3,2009,Action,Atari,65.0,52,6.1,27,"Namco Bandai Games America, Namco Bandai Games",M,2000s,Other,3.970291913552122,3.332204510175204
PS3,2010,Sports,Crave Entertainment,48.0,8,7.5,27,Crave,E10+,2010s,Other,2.19722457733622,3.332204510175204
GC,2002,Sports,Midway Games,82.0,12,8.4,5,Midway,E,2000s,Other,2.5649493574615367,1.791759469228055
PS2,2003,Strategy,Sega,70.0,31,7.8,22,Team 17,T,2000s,Other,3.4657359027997265,3.1354942159291497
X360,2011,Action,Sega,38.0,40,5.7,22,Liquid Entertainment,T,2010s,Other,3.713572066704308,3.1354942159291497
XB,2003,Action,Electronic Arts,84.0,31,9.1,31,EA Games,T,2000s,Other,3.4657359027997265,3.4657359027997265
3DS,2016,Action,Nintendo,64.0,56,5.1,219,"Next Level Games, Nintendo",T,2010s,Other,4.04305126783455,5.393627546352361
PS3,2009,Action,Sony Computer Entertainment,96.0,105,8.8,5187,Naughty Dog,T,2000s,Other,4.663439094112067,8.554103545436334
PS4,2016,Racing,Namco Bandai Games,75.0,19,8.0,50,"Milestone, Milestone S.r.l",E,2010s,Other,2.995732273553991,3.9318256327243257
PSP,2006,Sports,Electronic Arts,68.0,13,7.5,27,EA Tiburon,E,2000s,Other,2.639057329615259,3.332204510175204
PS,1998,Platform,Sony Computer Entertainment,91.0,12,8.9,432,Naughty Dog,E,1990s,Other,2.5649493574615367,6.07073772800249
Wii,2008,Simulation,Destineer,42.0,4,7.5,27,Black Lantern Studios,E10+,2000s,Other,1.6094379124341005,3.332204510175204
X360,2010,Action,Capcom,79.0,76,6.9,216,Blue Castle Games,M,2010s,Other,4.343805421853684,5.37989735354046
PSV,2016,Misc,Sega,83.0,5,8.0,22,Sega,T,2010s,Other,1.791759469228055,3.1354942159291497
XB,2005,Action,Atari,73.0,39,7.3,20,Shiny Entertainment,T,2000s,Other,3.688879454113936,3.044522437723423
WiiU,2016,Action,Nintendo,81.0,46,8.5,151,Shin'en,E,2010s,Other,3.8501476017100575,5.0238805208462765
GC,2005,Platform,Disney Interactive Studios,67.0,12,7.5,27,Avalanche Software,E10+,2000s,Other,2.5649493574615367,3.332204510175204
Wii,2008,Adventure,Disney Interactive Studios,50.0,4,5.8,5,Avalanche Software,E10+,2000s,Other,1.6094379124341005,1.791759469228055
DS,2006,Platform,Activision,71.0,17,6.4,9,Vicarious Visions,E,2000s,Other,2.8903717578961645,2.302585092994046
3DS,2015,Strategy,Nintendo,69.0,69,7.7,125,Intelligent Systems,T,2010s,Other,4.248495242049359,4.836281906951478
X360,2005,Action,Sega,81.0,72,8.2,146,Monolith Productions,M,2000s,Other,4.290459441148391,4.990432586778736
PS3,2010,Shooter,Electronic Arts,75.0,56,7.5,286,"EA DICE, Danger Close",M,2010s,Other,4.04305126783455,5.659482215759621
XB,2005,Misc,Crave Entertainment,71.0,9,7.5,27,Crave,T,2000s,Other,2.302585092994046,3.332204510175204
PSV,2015,Action,Namco Bandai Games,57.0,25,7.3,15,Bandai Namco Games,E10+,2010s,Other,3.258096538021482,2.772588722239781
GC,2003,Sports,Electronic Arts,85.0,18,8.4,7,EA Sports,E,2000s,Other,2.9444389791664403,2.079441541679836
PSP,2005,Simulation,Electronic Arts,65.0,17,6.9,32,Maxis,T,2000s,Other,2.8903717578961645,3.49650756146648
PS2,2003,Fighting,Atari,66.0,28,8.2,92,Dimps Corporation,T,2000s,Other,3.367295829986474,4.532599493153256
PSP,2010,Sports,Electronic Arts,68.0,6,5.4,9,EA Sports,E,2010s,FIFA,1.9459101490553128,2.302585092994046
X360,2012,Sports,Take-Two Interactive,88.0,41,7.2,131,Visual Concepts,E,2010s,Other,3.737669618283368,4.882801922586371
PS2,2006,Sports,Electronic Arts,84.0,29,8.2,39,EA Sports,E,2000s,Madden,3.4011973816621555,3.688879454113936
WiiU,2013,Action,Nintendo,78.0,75,8.5,495,PlatinumGames,T,2010s,Other,4.330733340286331,6.206575926724928
X360,2007,Role-Playing,Success,46.0,22,7.0,21,Success,M,2000s,Other,3.1354942159291497,3.091042453358316
PS4,2015,Sports,Take-Two Interactive,73.0,47,7.4,237,Yuke's,T,2010s,Other,3.8712010109078903,5.472270673671475
XB,2004,Racing,Codemasters,84.0,33,8.1,19,Codemasters,E,2000s,Other,3.5263605246161616,2.995732273553991
PC,2012,Shooter,Ubisoft,71.0,13,4.9,368,Ubisoft Paris,M,2010s,Other,2.639057329615259,5.910796644040527
XB,2005,Shooter,Take-Two Interactive,69.0,46,7.8,10,Destineer,T,2000s,Other,3.8501476017100575,2.3978952727983707
PS2,2003,Strategy,Tecmo Koei,74.0,17,8.9,10,Koei,E,2000s,Other,2.8903717578961645,2.3978952727983707
GC,2003,Action,THQ,62.0,11,5.5,8,Traveller's Tales,E,2000s,Other,2.4849066497880004,2.19722457733622
PS4,2016,Shooter,Take-Two Interactive,68.0,55,6.8,402,Gearbox Software,T,2010s,Other,4.02535169073515,5.998936561946683
DS,2010,Platform,Sega,79.0,26,7.9,66,Dimps Corporation,E,2010s,Other,3.295836866004329,4.204692619390966
GBA,2002,Sports,Ubisoft,44.0,8,7.5,27,Virtucraft,E,2000s,Other,2.19722457733622,3.332204510175204
DS,2005,Puzzle,Ubisoft,75.0,30,7.0,12,Racjin,E,2000s,Other,3.4339872044851463,2.5649493574615367
X360,2006,Simulation,Ubisoft,49.0,36,6.0,49,Taito Corporation,T,2000s,Other,3.610917912644224,3.912023005428146
XB,2003,Puzzle,THQ,62.0,13,7.5,27,Radical Entertainment,E,2000s,Other,2.639057329615259,3.332204510175204
PS2,2003,Platform,Warner Bros. Interactive Entertainment,51.0,9,7.5,6,Warthog,E,2000s,Other,2.302585092994046,1.9459101490553128
PS3,2008,Role-Playing,Bethesda Softworks,90.0,57,8.0,910,Bethesda Game Studios,M,2000s,Other,4.060443010546419,6.814542897259958
PS4,2014,Sports,Electronic Arts,82.0,47,5.7,988,EA Sports,E,2010s,FIFA,3.8712010109078903,6.8966943316227125
PC,2009,Sports,Konami Digital Entertainment,78.0,8,6.9,49,Konami,E,2000s,Other,2.19722457733622,3.912023005428146
DS,2007,Simulation,Eidos Interactive,67.0,8,6.6,12,Tantalus Interactive,E,2000s,Other,2.19722457733622,2.5649493574615367
PS3,2009,Sports,Take-Two Interactive,66.0,23,7.1,8,Take-Two Interactive,E10+,2000s,Other,3.1780538303479458,2.19722457733622
PC,2011,Shooter,Bethesda Softworks,70.0,38,6.0,547,Splash Damage,T,2010s,Other,3.6635616461296463,6.306275286948016
Wii,2011,Action,Nintendo,60.0,18,7.0,27,Creatures Inc.,E,2010s,Other,2.9444389791664403,3.332204510175204
PS2,2004,Racing,Empire Interactive,70.0,30,8.5,16,Bugbear,T,2000s,Other,3.4339872044851463,2.833213344056216
PS2,2004,Sports,Midway Games,77.0,30,9.5,4,Point of View,T,2000s,Other,3.4339872044851463,1.6094379124341005
Wii,2007,Action,D3Publisher,51.0,19,7.5,17,D3Publisher,T,2000s,Other,2.995732273553991,2.8903717578961645
GC,2002,Racing,Vivendi Games,56.0,7,7.5,27,Terminal Reality,E,2000s,Other,2.079441541679836,3.332204510175204
PS3,2009,Action,LucasArts,43.0,22,5.3,16,"LucasArts, Krome Studios",T,2000s,Other,3.1354942159291497,2.833213344056216
PS2,2001,Fighting,Sammy Corporation,79.0,15,7.8,16,Arc System Works,T,2000s,Other,2.772588722239781,2.833213344056216
Wii,2007,Adventure,Ubisoft,70.0,4,8.1,12,Yuke's,E,2000s,Other,1.6094379124341005,2.5649493574615367
X360,2009,Racing,Atari,72.0,54,7.0,60,SimBin,E,2000s,Other,4.007333185232471,4.110873864173311
XB,2004,Action,Microsoft Game Studios,81.0,37,8.5,35,Microsoft Game Studios Japan,T,2000s,Other,3.6375861597263857,3.58351893845611
DS,2007,Simulation,505 Games,70.0,39,8.0,9,Office Create,E,2000s,Other,3.688879454113936,2.302585092994046
X360,2006,Action,Tecmo Koei,52.0,30,8.7,18,Omega Force,T,2000s,Other,3.4339872044851463,2.9444389791664403
PC,2012,Action,Square Enix ,81.0,23,8.2,1209,United Front Games,M,2010s,Other,3.1780538303479458,7.098375638590786
Wii,2009,Sports,Sega,73.0,33,7.7,21,Sumo Digital,E,2000s,Other,3.5263605246161616,3.091042453358316
PC,2008,Role-Playing,Codemasters Online,85.0,24,8.2,99,Turbine Inc.,T,2000s,Other,3.218875824868201,4.605170185988092
PSP,2010,Action,Konami Digital Entertainment,89.0,66,8.9,443,Kojima Productions,T,2010s,Other,4.204692619390966,6.095824562432225
DS,2007,Role-Playing,D3Publisher,57.0,18,7.2,9,TOSE,E10+,2000s,Other,2.9444389791664403,2.302585092994046
PC,2005,Simulation,Activision,84.0,62,8.3,131,Lionhead Studios,T,2000s,Other,4.143134726391533,4.882801922586371
DS,2007,Puzzle,Nintendo,83.0,33,8.7,36,Jupiter Corporation,E,2000s,Other,3.5263605246161616,3.610917912644224
PC,2010,Strategy,Sega,81.0,56,7.9,515,Creative Assembly,T,2010s,Other,4.04305126783455,6.246106765481563
3DS,2013,Action,Warner Bros. Interactive Entertainment,68.0,7,6.8,38,Armature Studio,T,2010s,Other,2.079441541679836,3.6635616461296463
PS2,2005,Shooter,Ubisoft,82.0,30,7.6,30,Gearbox Software,M,2000s,Other,3.4339872044851463,3.4339872044851463
